seed,finish_time_s,mass_kg,cda_m2,crr,thrust0_n,success
2026,0.5640000000000004,0.05290050729381801,0.001519960538883792,0.012660702856094353,17.78807622025944,1
2039,0.5950000000000004,0.053511084423060996,0.0014121524037112839,0.011758401350511335,17.233424833771462,1
2052,0.5440000000000004,0.05288083641915068,0.0014245411051529663,0.015266054255455876,19.027794521020034,1
2065,0.5390000000000004,0.051442577501530036,0.0014027164039471115,0.01845073765751182,18.885783499060413,1
2078,0.5410000000000004,0.052657875934006115,0.0014392538749357139,0.014015373089011737,18.292640475666992,1
2091,0.5440000000000004,0.05187868747309879,0.001485664850546411,0.020211577146733203,18.723597303049736,1
2104,0.5810000000000004,0.052286320353466975,0.0015037784893068727,0.017954804627277828,15.930174590094627,1
2117,0.5830000000000004,0.052406066795970194,0.0015382768135509294,0.020542132994882303,17.974275140202572,1
2130,0.5710000000000004,0.05213041392959254,0.0015220739316574084,0.020853595820821948,18.081819260868944,1
2143,0.6080000000000004,0.05191861125662814,0.001449282492941551,0.016415167967044526,16.260590142277543,1
2156,0.5020000000000003,0.051282534871965046,0.0013786765045895241,0.019126335936138453,20.270924619544346,1
2169,0.6090000000000004,0.05120394361295496,0.0015693116743983498,0.018210789294510546,18.20739329409627,1
2182,0.5460000000000004,0.05172873996599027,0.0015885069178061025,0.017167745040161747,18.149572817995512,1
2195,0.5360000000000004,0.05175775538320067,0.0014124105149108009,0.018866127514540594,18.656379810794,1
2208,0.5650000000000004,0.0537146783002154,0.0015863305902562971,0.020957613913608175,18.16300392499649,1
2221,0.6170000000000004,0.051980670729254025,0.0013482099483537787,0.019843357376175066,15.32025537005559,1
2234,0.5660000000000004,0.052501396231665186,0.0012745424571847207,0.02061860939829357,18.985499355219687,1
2247,0.6200000000000004,0.05189051716699898,0.0014426304372580044,0.01644025335708383,15.648980279384261,1
2260,0.5950000000000004,0.05184666841646914,0.001647907062619232,0.015446931054121657,15.223511385672273,1
2273,0.5990000000000004,0.05366907660961449,0.001444559586443295,0.017009728710294873,16.48226652977239,1
2286,0.5610000000000004,0.05157461263825815,0.001482353924611189,0.020401227621485614,17.87644826692145,1
2299,0.4840000000000004,0.05237269815960204,0.001493449241773473,0.018218006064806915,23.007134786211363,1
2312,0.5920000000000004,0.05158748935185405,0.0011998207463149806,0.019173769439229795,16.501145478937612,1
2325,0.5530000000000004,0.05095832680126655,0.0014393787259618523,0.021314410273922134,17.5884557644729,1
2338,0.5990000000000004,0.050683193348156665,0.0014375958910502209,0.020064708677078776,15.899861005196353,1
2351,0.5310000000000004,0.05085669028050884,0.001465893066598407,0.01676548702132487,18.43180432519725,1
2364,0.5500000000000004,0.051834553108545754,0.00151687666476977,0.022366317770657708,18.1889409775542,1
2377,0.5710000000000004,0.05108148308962394,0.001467819375470459,0.020815413930547866,18.90418769706695,1
2390,0.5870000000000004,0.05160566835571681,0.0014529858971654634,0.015354205014776245,16.697999524435595,1
2403,0.5740000000000004,0.05305522482298676,0.0015008352972631274,0.019409447116257025,17.700257400601423,1
2416,0.5020000000000003,0.052458484518286316,0.0013844855979262326,0.01969713061099549,21.68840921479438,1
2429,0.5850000000000004,0.05175653506827781,0.001477437809604405,0.01840840629483342,16.586888446614484,1
2442,0.5730000000000004,0.05172784916730834,0.001485845983898759,0.017723540006274855,17.222614146873738,1
2455,0.5680000000000004,0.05057177829505055,0.0014648046813526933,0.017241907401922156,17.421566979376433,1
2468,0.5490000000000004,0.0517933519758667,0.001547317483435647,0.017583520857589335,18.79407473289203,1
2481,0.6110000000000004,0.05282640059777706,0.0013533795680208643,0.01923848672529098,15.151820235535993,1
2494,0.6230000000000004,0.051799436852932174,0.0013963876038701158,0.01673731901202724,15.461661049351774,1
2507,0.5540000000000004,0.05106122407723994,0.0014096642808166544,0.016018683660333394,19.626740952083622,1
2520,0.5920000000000004,0.05092854526267432,0.0014258288516425458,0.017931326349908887,16.192064883104287,1
2533,0.5920000000000004,0.05133352158217946,0.0013230772308645607,0.015895984771278578,15.806542402149814,1
2546,0.6220000000000004,0.05148982820940228,0.001525247682495128,0.015569725227075887,17.22275207908188,1
2559,0.6240000000000004,0.052893972988215916,0.0014414486217433384,0.016733855645626468,14.807451021490378,1
2572,0.5630000000000004,0.05323455430656711,0.0014821411013768483,0.01660748946807464,17.640302027782074,1
2585,0.5270000000000004,0.053796606915101325,0.0015679947393490942,0.016204382635091167,20.201253820625524,1
2598,0.5230000000000004,0.0517955958611348,0.0013237010932950618,0.017934471544799574,19.662158076502106,1
2611,0.6100000000000004,0.05126684874329037,0.0014855288614302278,0.015615518650974027,16.5567976233591,1
2624,0.5320000000000004,0.052015853625217795,0.0014153536613542217,0.017068178826769385,18.495884304917993,1
2637,0.5520000000000004,0.0519016874950604,0.0016254932353959204,0.016324857687211775,18.351566252091658,1
2650,0.5220000000000004,0.051696942573877185,0.0013883852859818769,0.018528478391165705,18.929091866202995,1
2663,0.5150000000000003,0.051522777726521786,0.001423789488437611,0.018564677241403465,19.32183975550996,1
2676,0.5550000000000004,0.05198703011923028,0.0015485612141096726,0.01455370082409111,18.158250947647034,1
2689,0.5690000000000004,0.052482004985075395,0.0014594838377642943,0.018784756232081486,18.269557780596053,1
2702,0.5600000000000004,0.052549669383507414,0.0015342592283096783,0.01107925039653171,18.176638054463112,1
2715,0.5570000000000004,0.051779585123074394,0.0013951744623018278,0.020365942275251927,15.981460092362319,1
2728,0.6260000000000004,0.05287206031955088,0.0014693576151339706,0.01547370600546873,15.387656897985261,1
2741,0.5820000000000004,0.052314874636635506,0.0014242008421926386,0.01886570755190902,18.223065259734202,1
2754,0.5490000000000004,0.05056605249691604,0.0013793488005106938,0.019294071878374182,17.360686442525587,1
2767,0.5410000000000004,0.051449152330826683,0.0014543826680938144,0.018723432648027536,18.48255787736213,1
2780,0.5100000000000003,0.051212472162884375,0.0014150611349895276,0.016920882936694446,19.82384929327555,1
2793,0.5450000000000004,0.05328991253592891,0.001492506358307346,0.015794086503504456,18.602815595794123,1
2806,0.5340000000000004,0.05175174011062865,0.0014343016585203169,0.01646923267662728,19.734935687040952,1
2819,0.5770000000000004,0.0520271779974099,0.0015255471094431767,0.019272796442551195,17.44817441557674,1
2832,0.5770000000000004,0.05215846444841523,0.001424619691724257,0.023391149057417068,17.402662651898595,1
2845,0.5550000000000004,0.05236289431846286,0.0015238812329357132,0.01056492671059075,18.20028260070112,1
2858,0.5570000000000004,0.050297330675888714,0.0013449715104232342,0.015189835144796599,16.56856978756044,1
2871,0.5560000000000004,0.05121450316614553,0.0013297872639830958,0.0192346715027526,18.248382033174295,1
2884,0.5750000000000004,0.05333166789302492,0.0015816307786108113,0.0177587264791355,19.16961299542031,1
2897,0.5540000000000004,0.05207114635865992,0.001502680048712747,0.01914556905176009,17.629726193733013,1
2910,0.6090000000000004,0.054387599803784256,0.001472939874928522,0.017953125129744316,17.85009490116535,1
2923,0.5950000000000004,0.05251421151446288,0.0013215865203953954,0.018124231558046638,16.573132710503707,1
2936,0.5930000000000004,0.05112061249853255,0.0013987494886219755,0.015578465608975791,15.860388723453948,1
2949,0.6000000000000004,0.0521145925170759,0.001367861315031772,0.02076759167599553,17.285209569301415,1
2962,0.6010000000000004,0.052371565781592314,0.001493569055636824,0.01994136173323978,16.712940459671792,1
2975,0.5850000000000004,0.05132000734508101,0.001353636455987194,0.01852473384055324,18.308959166724566,1
2988,0.5580000000000004,0.05181644784025177,0.0014198026276609956,0.016886087366786755,17.740301042217737,1
3001,0.5560000000000004,0.05171030234433454,0.0015411141941751919,0.016797975815671128,18.861715020187756,1
3014,0.5660000000000004,0.053023388746242836,0.0015215141940717392,0.017810885707985332,17.26856903041227,1
3027,0.5700000000000004,0.05275238469913539,0.0015951201412726687,0.018535144700397167,17.678750394313482,1
3040,0.5760000000000004,0.054394245043450175,0.001398765046423661,0.018123036455580065,18.384771999244638,1
3053,0.5740000000000004,0.050828798243225184,0.001469817211960673,0.018481083605628352,17.80226626547106,1
3066,0.5590000000000004,0.05205395801499108,0.0014797882901214608,0.015232495678807759,18.066664656791037,1
3079,0.5520000000000004,0.051181292403590685,0.001446089877935821,0.01886350429245062,18.008947142739736,1
3092,0.5890000000000004,0.05257890307522324,0.0014653463387677443,0.019814353669393894,16.66715076025856,1
3105,0.5410000000000004,0.0513837406317649,0.0014571827138619982,0.01854626293392483,17.63858349394831,1
3118,0.5490000000000004,0.05439334563156385,0.001446529275981177,0.018004474149776104,18.803209674681398,1
3131,0.5720000000000004,0.049910439537368234,0.001304039658360179,0.01736778105979419,18.125919168180157,1
3144,0.5480000000000004,0.050513068503313205,0.001471972691926566,0.021777885731485615,18.080674118872146,1
3157,0.5780000000000004,0.05070526221280301,0.0013960616209349123,0.017915728085945996,17.064656218721122,1
3170,0.5140000000000003,0.051241333988843646,0.0014897546516814569,0.013730631393440813,20.716989474944697,1
3183,0.5640000000000004,0.0516660393497307,0.0013921192843401404,0.021194801157853625,18.13025641048809,1
3196,0.5410000000000004,0.054271850786928734,0.0014231162670385103,0.016473105331948505,19.704130315659107,1
3209,0.5470000000000004,0.0525251367134311,0.001513117845086908,0.015386306913322354,18.76013594396346,1
3222,0.5010000000000003,0.05129779161003259,0.0015015756045695893,0.016604665543376595,20.06243730434503,1
3235,0.5060000000000003,0.05185346593343576,0.0013122679712059293,0.01815515945321049,19.353795035510885,1
3248,0.5740000000000004,0.050171279166803764,0.0015309032724055468,0.018531267278522806,18.20619248109624,1
3261,0.6020000000000004,0.05011241736038784,0.0015003635780510096,0.02032642082449577,16.327992642506057,1
3274,0.5680000000000004,0.05183943838552994,0.0016140048432917852,0.019138704421018005,19.488151186061803,1
3287,0.5500000000000004,0.05071886712513622,0.001244115434205279,0.01642865587283375,17.45283994745738,1
3300,0.5530000000000004,0.05033814372906275,0.0014735148033526346,0.019720594845005712,17.953388201405303,1
3313,0.5610000000000004,0.04993075421846715,0.0014157978439815137,0.016426688213754953,17.655027688166143,1
3326,0.5400000000000004,0.05198085524588557,0.0014800056111970562,0.015458531664649427,19.60761674194784,1
3339,0.5520000000000004,0.05143648587027158,0.0014675296452143236,0.02136994746210758,18.51028303429777,1
3352,0.5510000000000004,0.05104210608223373,0.0013952520407900938,0.010985655775107047,17.716434282521575,1
3365,0.5450000000000004,0.05130842543420867,0.0015520437701431668,0.019747754659888768,19.094184763189702,1
3378,0.5780000000000004,0.05208993658303968,0.0012752806138379934,0.017572848364861438,17.138449106324654,1
3391,0.5570000000000004,0.050381145925803776,0.0015093139509439369,0.011670272813718796,18.2964493434496,1
3404,0.6170000000000004,0.052456362853215664,0.0014459213269915232,0.018010046403711313,14.849523554900031,1
3417,0.5800000000000004,0.05435207794557045,0.0014017857452427213,0.016984637779923283,17.572075131332383,1
3430,0.5680000000000004,0.05309695260951259,0.0015131211828099472,0.019943722152752915,19.04144080342605,1
3443,0.5620000000000004,0.050170234101697846,0.0013533565102075617,0.019887346858841227,17.560895956831114,1
3456,0.5410000000000004,0.05250798494105248,0.0013019503001571592,0.01400077052480394,19.94290878822462,1
3469,0.5180000000000003,0.05243573296678475,0.001343161090400772,0.01846707999708398,20.870314505348226,1
3482,0.6200000000000004,0.051339075057718016,0.0015728249407240278,0.01792013695318676,15.936956857594636,1
3495,0.5520000000000004,0.05143899433504288,0.0014898863876368518,0.017664887247615287,19.07838962078468,1
3508,0.5480000000000004,0.05415540426200623,0.001352545315760175,0.01609942593022385,18.845248881714866,1
3521,0.5250000000000004,0.0485546600837851,0.0015116752392132066,0.017149127982873148,17.88769299793461,1
3534,0.5540000000000004,0.051174348581209374,0.0015081135552750496,0.016870265679241086,16.957915706740888,1
3547,0.5550000000000004,0.052640039831718284,0.0015970634733383276,0.018930560545874078,19.555675547970637,1
3560,0.5160000000000003,0.05084964331596035,0.0014881300689595384,0.014461618813668519,19.189312899707325,1
3573,0.5770000000000004,0.05074882318247142,0.0014786483811371103,0.01892405510233053,15.946060783053616,1
3586,0.6060000000000004,0.05430712007080241,0.0014033991911970686,0.013549334961432898,16.519577079226327,1
3599,0.6060000000000004,0.05230027702264997,0.0013852141916810927,0.017107183644227506,18.07443750339511,1
3612,0.5770000000000004,0.05281127187770445,0.00133941689713004,0.022286241582546933,18.37759375402748,1
3625,0.5700000000000004,0.05282923523843019,0.0016162435620052787,0.020655193820726923,18.00579847373096,1
3638,0.5760000000000004,0.05138324863889034,0.0013429293241247204,0.01695409781536145,15.591945259302255,1
3651,0.5570000000000004,0.05146493177743113,0.0014173338984439941,0.016334224069171198,18.881541132201452,1
3664,0.5650000000000004,0.051600059803255764,0.001386076154282292,0.017110173817145097,17.842478383257625,1
3677,0.5450000000000004,0.051677482595297114,0.0014543182786889207,0.017329623491951655,18.207708976189853,1
3690,0.5480000000000004,0.051030977372129215,0.0014661468403717297,0.016361289069586043,19.036024979946923,1
3703,0.5700000000000004,0.05281907735520233,0.001489340911415246,0.01779473933958352,18.038475711169326,1
3716,0.5850000000000004,0.051087806429321925,0.0015001967180006568,0.014182171465092307,16.192492098824598,1
3729,0.5880000000000004,0.052261891467996736,0.001393720174069307,0.019179355558567313,20.434969002538985,1
3742,0.5450000000000004,0.050599560446489555,0.001390738262330028,0.01782958212823381,18.887551287980234,1
3755,0.5630000000000004,0.051073639744219426,0.0014896624180261654,0.018957726237151893,17.206901351047648,1
3768,0.5970000000000004,0.05127950568983857,0.0013804185115365733,0.013462481092161194,15.902850764101661,1
3781,0.5210000000000004,0.051679957618140177,0.0014877453110387602,0.016918819595187314,20.22258531661933,1
3794,0.5510000000000004,0.053159670846339005,0.001523088627507316,0.017339127642952135,18.232728968138677,1
3807,0.5990000000000004,0.05375082107588055,0.0013646789055867415,0.018387130166091815,18.673035651267146,1
3820,0.5400000000000004,0.05222511151483314,0.0014534420561714213,0.019253503468006635,18.34426311420071,1
3833,0.5430000000000004,0.0522035075706839,0.0013288396245312833,0.01432159436416685,18.602652469541297,1
3846,0.5780000000000004,0.05170286822866019,0.0013847616966300505,0.021298819234455,16.489635214926842,1
3859,0.5570000000000004,0.05175343517968626,0.0014796763013971244,0.016293404540562207,16.834617767909613,1
3872,0.5640000000000004,0.05348702883841324,0.0013605247488789158,0.020799011238816056,19.37358903171984,1
3885,0.5520000000000004,0.05251810757186929,0.001522354431101812,0.018043831183574197,18.551438629022925,1
3898,0.5540000000000004,0.049605781978390134,0.0014240864590668331,0.013567581065715578,17.675251077407985,1
3911,0.5740000000000004,0.05248622501183305,0.001504691534394427,0.016177888559548725,18.18818531210604,1
3924,0.5790000000000004,0.05212025718485494,0.0014977975984633324,0.020983178645843006,17.018926799775755,1
3937,0.5240000000000004,0.05043739152067659,0.0014166593515579022,0.022414525287477508,19.033674993591376,1
3950,0.5660000000000004,0.05191847250688155,0.001550346754728724,0.01821382867748837,19.09139020217325,1
3963,0.5690000000000004,0.05076058695346483,0.0014518640408659287,0.017067554273824774,16.871442157503964,1
3976,0.5390000000000004,0.05175981386384085,0.0013718279370755592,0.020991103683293284,19.83571390686493,1
3989,0.5370000000000004,0.051691825462714884,0.0014792893617476394,0.013987349416435174,18.351077682481858,1
4002,0.5720000000000004,0.053351331816524544,0.0013784923198508386,0.0215975773790845,16.222458633994663,1
4015,0.5570000000000004,0.051068375138658986,0.001393269928858905,0.019684831758126665,18.092443900725186,1
4028,0.5610000000000004,0.051740328840092845,0.0013542454370852094,0.015138719334720978,19.231682344073704,1
4041,0.5150000000000003,0.05124272508499814,0.0013625483079724198,0.02252708365803764,21.288323517901983,1
4054,0.6060000000000004,0.05250669034533487,0.001425442707534245,0.01735021797792599,16.72085612943186,1
4067,0.5610000000000004,0.05337691982865235,0.0013016501136330094,0.013883914734324253,18.551278320479977,1
4080,0.5640000000000004,0.05261859117772891,0.0013792380781867154,0.011953724461523268,16.456729483495433,1
4093,0.5860000000000004,0.05295870147290821,0.001423493908794425,0.01956231181714942,17.36601794364231,1
4106,0.5360000000000004,0.05100682795718709,0.0015612638189643122,0.01310979623335154,18.854769372287862,1
4119,0.5730000000000004,0.05271510558020052,0.0014951475851770633,0.015536222857379819,18.276245504741418,1
4132,0.5480000000000004,0.05177299359092129,0.001506423302483566,0.01678312448390062,17.755625305114965,1
4145,0.5550000000000004,0.05234628042236095,0.0014455548514873727,0.018352602710508325,20.02662002605646,1
4158,0.5960000000000004,0.053078165075533715,0.0015256299124413576,0.018069882941715753,17.329219351776757,1
4171,0.5830000000000004,0.05286322969559143,0.0013264233478834072,0.019519876510197907,17.26959782521343,1
4184,0.5660000000000004,0.051733132952523256,0.0014250080227550183,0.015136695132572616,18.69479163041137,1
4197,0.6340000000000005,0.05168771559761329,0.0015736706746645346,0.016301243877280765,16.884112963815213,1
4210,0.5640000000000004,0.05241264230484992,0.0015162953800781289,0.015935649534738798,18.86249351129611,1
4223,0.5170000000000003,0.05082797212877715,0.0013912574872205102,0.0155366573729497,18.605510160329107,1
4236,0.5710000000000004,0.05124978658090571,0.0013802307767710746,0.02537409498089173,18.48581321721647,1
4249,0.6180000000000004,0.052396415449616485,0.0015192936396923084,0.01927803913955906,16.97385598141258,1
4262,0.5480000000000004,0.05249552893620787,0.0014680674782574412,0.019580599134723767,18.058730427208587,1
4275,0.5670000000000004,0.0526247942791518,0.0016306855850881468,0.017978067286732822,18.894671921888524,1
4288,0.5620000000000004,0.05262084202687135,0.0015526958535957516,0.01807329251156924,18.632574700399797,1
4301,0.5340000000000004,0.05187938716848495,0.0014268221086269795,0.016054186429689254,20.872606470420877,1
4314,0.5370000000000004,0.05377777503419221,0.0015408091576986714,0.01678296772264406,18.17126755091857,1
4327,0.6260000000000004,0.05325669328296244,0.0014549894931959835,0.012924012508929703,15.082623460623191,1
4340,0.5670000000000004,0.05066397697619967,0.001492271595892409,0.018016557218075303,17.94787391429809,1
4353,0.6070000000000004,0.052042604341145174,0.0015186112041725602,0.017508776449897116,17.077600051016383,1
4366,0.5880000000000004,0.052762270833570594,0.001412077798616709,0.019058702783751238,18.712052606131504,1
4379,0.5200000000000004,0.05094792319850847,0.0014184121446575162,0.01688415282029617,18.533868283473915,1
4392,0.6120000000000004,0.0521876860426505,0.0015092312147853514,0.019825291235530534,16.44573435436004,1
4405,0.5820000000000004,0.0532655589006098,0.0014593340112790528,0.014484954397905264,16.69359185985365,1
4418,0.5920000000000004,0.051869641591464656,0.0014227715193746472,0.015707529238952304,18.043354973576218,1
4431,0.5140000000000003,0.05212867412724881,0.0015273165779622134,0.015865215603469193,19.619818828745224,1
4444,0.5430000000000004,0.04993737743954226,0.0014262305907942893,0.01906248599014272,17.354628355641882,1
4457,0.5490000000000004,0.0523968191834397,0.001483648031593811,0.01853606487861935,18.69564157555663,1
4470,0.5760000000000004,0.051907132086647496,0.0015953630212642257,0.016497043990058382,15.062767302227098,1
4483,0.5260000000000004,0.051897118417631165,0.0014351879248475565,0.019771072028731122,20.014399964166195,1
4496,0.5370000000000004,0.05032044931012272,0.0014132168630512688,0.01808466812320308,16.921664781236803,1
4509,0.5510000000000004,0.05422694349313481,0.001443300612570498,0.018894678220179113,19.051693176928488,1
4522,0.6010000000000004,0.05106948071959761,0.0014004820717717597,0.015123160741852618,16.0601577917979,1
4535,0.5600000000000004,0.05198917231273381,0.0014023552315945457,0.022137708117099725,18.475715520535445,1
4548,0.5670000000000004,0.051670415523666385,0.0014534662827879652,0.017461566600445847,16.625157512663442,1
4561,0.5690000000000004,0.051296344732952005,0.0013686069018627421,0.0140694329960708,17.699878853550835,1
4574,0.5600000000000004,0.052173006288639905,0.0015072906041131838,0.018288158928034356,18.675619077573753,1
4587,0.5450000000000004,0.051433633885437834,0.001345074864358613,0.020180080363876352,20.51393323257907,1
4600,0.5800000000000004,0.05174720998865567,0.0012892584030414886,0.022453217843535038,17.677465768643565,1
4613,0.5910000000000004,0.05292272383449034,0.0014683215400105828,0.01796452701669013,16.34102900408382,1
4626,0.5010000000000003,0.05243947826828142,0.0013704343340156025,0.015057201513064337,21.63495380770544,1
4639,0.5500000000000004,0.050964053742688746,0.0013894262076686707,0.01831935437753664,19.42908857391228,1
4652,0.5410000000000004,0.05202377722604641,0.0015008352249663247,0.016745362359371442,18.30952420651508,1
4665,0.5870000000000004,0.05185180162521349,0.0016584761247371998,0.01894268378233613,16.462250600538937,1
4678,0.6180000000000004,0.05323098264612137,0.00132093906864316,0.018087239672411794,16.78091539229422,1
4691,0.5090000000000003,0.05043085877164658,0.0014761324294352823,0.015887914772388812,20.158681197419725,1
4704,0.5200000000000004,0.05174484258473017,0.0014204374956734663,0.017113800249956342,18.615854152140592,1
4717,0.4970000000000004,0.04955386136432445,0.0014547893080435299,0.016474314826885612,19.620011985412575,1
4730,0.5170000000000003,0.051851472854923565,0.0013684532469550896,0.01800826464843427,19.326238142054603,1
4743,0.6080000000000004,0.05214649293067488,0.001365771886229335,0.01669688470369132,15.286907095307864,1
4756,0.5400000000000004,0.0521214022144544,0.0013537885644242392,0.021052186043148593,16.84267850377216,1
4769,0.5450000000000004,0.052539356537783674,0.0014800766529157552,0.0180479616613097,18.547536428056876,1
4782,0.5660000000000004,0.05189638765246708,0.0015382211161290638,0.021248091694634846,18.43200997938517,1
4795,0.5200000000000004,0.05254948417328733,0.0015319437948553517,0.01856895113565122,19.341371349066872,1
4808,0.5420000000000004,0.05244575426308495,0.0013634148851765367,0.015988891505511648,19.696219929947507,1
4821,0.6130000000000004,0.05116560970802596,0.0014783190379224263,0.017676804514744463,14.139134474592582,1
4834,0.4880000000000004,0.051445743851455936,0.0013790879721411432,0.0171812818971944,21.025605491697476,1
4847,0.5660000000000004,0.05021818506685832,0.001740834738025785,0.018822644316039326,17.527809823464157,1
4860,0.5890000000000004,0.05107915002600571,0.0014954201569818684,0.013486395573507665,18.57412732678941,1
4873,0.5360000000000004,0.05144813357363488,0.0013499543420911486,0.019294167209261873,18.499067799192808,1
4886,0.5270000000000004,0.05027857547738102,0.0013449011568398928,0.017513922305067455,18.724796791482728,1
4899,0.5330000000000004,0.050567301515786346,0.001501857616192108,0.018531138845749258,18.89773324251867,1
4912,0.5920000000000004,0.0525882056584485,0.0014737450522215657,0.019143264210242664,18.37096940815499,1
4925,0.5880000000000004,0.0536063669043311,0.0014197789840195594,0.02253256106050721,16.531484919838316,1
4938,0.5740000000000004,0.05153146553246771,0.0015677749735269265,0.015194140270255289,17.305794370827062,1
4951,0.5560000000000004,0.051562581243509445,0.0014660729153045224,0.013918681403683922,17.337019853694457,1
4964,0.5820000000000004,0.052893455111651166,0.001502698335901927,0.01669042749271693,16.650468056831215,1
4977,0.5750000000000004,0.05146612559930676,0.001565949010160502,0.017331296174705666,17.028945055367142,1
4990,0.5590000000000004,0.05043518053316284,0.0014100109089972771,0.01605429897509884,18.116720681964086,1
5003,0.5540000000000004,0.052932609866305956,0.0015720528580347778,0.01742660298766664,19.367873706177082,1
5016,0.5230000000000004,0.05259962421150031,0.0013388610827424637,0.019268232595043754,18.880365927831,1
5029,0.5370000000000004,0.052532605962418,0.0015378762836867855,0.016194280227919276,18.325131625262856,1
5042,0.5780000000000004,0.05255856084448701,0.0016565578275257184,0.016548326185100885,17.854365854774027,1
5055,0.5690000000000004,0.051785108819959555,0.001489751908206565,0.013573461378101725,17.55838401843075,1
5068,0.5810000000000004,0.051173769624898044,0.0014879078366492877,0.01736825994850705,18.37361726488515,1
5081,0.5640000000000004,0.05288296496098397,0.001353377495276994,0.015487276686922432,16.224179547052003,1
5094,0.5570000000000004,0.05202368688712816,0.0015527817537766993,0.019141886660188914,18.517722667410716,1
5107,0.5820000000000004,0.051042244741727444,0.0015140335221951236,0.018552633616819466,15.949998597367554,1
5120,0.6020000000000004,0.05135950702840699,0.0015099216105248195,0.014280323472900994,17.369372032740426,1
5133,0.5450000000000004,0.051027946610847384,0.0015044438032807373,0.01840949851737937,18.575493871358063,1
5146,0.5400000000000004,0.0522227690443801,0.0014906751340938817,0.01809743384099842,18.88325538661193,1
5159,0.5420000000000004,0.05229535786947596,0.001503314994574367,0.01806012456080269,18.49548665908541,1
5172,0.5870000000000004,0.05129375807822831,0.001340423905928466,0.017489450818557083,16.578796973480838,1
5185,0.6170000000000004,0.05341291784743266,0.0014193176360917119,0.019835833537378396,16.92503238298557,1
5198,0.5160000000000003,0.05021316756091433,0.0013591039343519662,0.015691964639237124,19.22397517568357,1
5211,0.5690000000000004,0.05371712577633293,0.001466510729115491,0.01849474787048391,17.682157057831517,1
5224,0.5430000000000004,0.05115935433843178,0.0014792033470475336,0.020546741455453668,17.212191140323963,1
5237,0.5870000000000004,0.05225452048998162,0.0015589303611598594,0.019910469819013846,17.24166418866543,1
5250,0.5240000000000004,0.05197795937070214,0.0014047147648747712,0.023213667784577955,21.56990385819093,1
5263,0.5840000000000004,0.05194073894233551,0.0013983460039022233,0.019309831577277236,16.77497518007778,1
5276,0.5610000000000004,0.053003778625325924,0.0014389876553329633,0.019914661659972698,18.33517109282486,1
5289,0.5500000000000004,0.05172359853201699,0.0014484607577249192,0.01331164735117022,18.94794667635898,1
5302,0.5830000000000004,0.05092460218969302,0.001419494262700322,0.014775659672353515,16.763167094276465,1
5315,0.5280000000000004,0.052107238183401496,0.0012664148008408452,0.020515003197903777,18.12462549479363,1
5328,0.6000000000000004,0.05147762157853245,0.0012463319678977308,0.01698382360331624,16.31385235266261,1
5341,0.5710000000000004,0.05429264181509617,0.0015625280659074725,0.02180610732552328,16.67060427757504,1
5354,0.6020000000000004,0.050264403413869556,0.0013515262983372642,0.020582289756411725,18.465204122712063,1
5367,0.5870000000000004,0.05272799238129867,0.0014336781317814292,0.019976559651909455,17.867531160299016,1
5380,0.5660000000000004,0.0541437183183662,0.001380346391578469,0.013371998231506017,19.531349213462118,1
5393,0.5690000000000004,0.051440961937366615,0.001544312038348186,0.01515779973882233,16.78673735547091,1
5406,0.5440000000000004,0.05275894085724034,0.0017378598781110845,0.021262640706338973,18.27689831200275,1
5419,0.5710000000000004,0.05324800928947096,0.0014703494951865583,0.018150048452375257,16.524473726811447,1
5432,0.5870000000000004,0.05275087493733266,0.001578562183929787,0.019646513738961428,16.65300001264947,1
5445,0.6200000000000004,0.05048810149243491,0.0015536800538603307,0.01727296515743169,16.31419429024091,1
5458,0.5600000000000004,0.0515858803944539,0.0012969247773697524,0.017151066885323443,17.303098464327405,1
5471,0.5820000000000004,0.052289435203398314,0.0015669579989383096,0.01596067786942264,16.18987499547729,1
5484,0.6160000000000004,0.0534346710144219,0.0017116946831991883,0.017207303457980723,18.09452062892559,1
5497,0.4860000000000004,0.04857210524646884,0.001235253220830178,0.017566909441887553,19.888205457351994,1
5510,0.5750000000000004,0.051653215420666684,0.0015738893266668886,0.015115292065170358,18.13625898233529,1
5523,0.6300000000000004,0.05184555325754236,0.0014991997642574413,0.017410068356196778,16.34782148474656,1
5536,0.5700000000000004,0.05456284157082649,0.0014471737953737377,0.017829038564796663,17.42721791294541,1
5549,0.5660000000000004,0.0514381892287992,0.0013728375350150273,0.01696589657694763,16.805335584043075,1
5562,0.5410000000000004,0.053744757148832145,0.0013970129354037878,0.014360689322147242,18.975213602155144,1
5575,0.5720000000000004,0.05127302320769302,0.00141760907134436,0.0173517749292921,18.112805746184836,1
5588,0.6290000000000004,0.05156269969748278,0.0014158111257886507,0.014323028329600805,15.892098765746201,1
5601,0.5710000000000004,0.052033319606132424,0.0015383515088555,0.01815199347329396,17.309721405610535,1
5614,0.5510000000000004,0.05294047088389634,0.0015103266727427872,0.02123045826088327,19.597411481978188,1
5627,0.5450000000000004,0.05030705598765139,0.0013419283916097202,0.021931655582014643,17.43255234629336,1
5640,0.5970000000000004,0.050995856250038996,0.0014434787887770493,0.02034281191349917,17.19573863729698,1
5653,0.5960000000000004,0.05242131624122461,0.001553024741837449,0.01600923972743818,16.317120967967274,1
5666,0.5440000000000004,0.053926612196092384,0.0014228900733262396,0.022558665515825884,17.768347259947912,1
5679,0.5590000000000004,0.05155023592229944,0.001567526060069896,0.013823693530205038,18.59526028858814,1
5692,0.5370000000000004,0.05185149180663539,0.0013677635746659478,0.01698948713158618,18.94994346119661,1
5705,0.5910000000000004,0.05355699194811189,0.0016143887971406849,0.021560318566874355,16.95064606123817,1
5718,0.5490000000000004,0.05330941718924438,0.0013647623024824025,0.017214692598170284,19.35866727416298,1
5731,0.5990000000000004,0.052282054511994046,0.0014744996070532466,0.019727809821196724,18.534365468080477,1
5744,0.5730000000000004,0.051979632545504084,0.0014335551177304521,0.014111460139221725,17.822093865187927,1
5757,0.5480000000000004,0.05244723394674534,0.0013708468315691902,0.016248628596769028,18.91712969284844,1
5770,0.5390000000000004,0.05195603410515211,0.0013497227817787514,0.019691730667912116,18.699423113059392,1
5783,0.6280000000000004,0.05269213308837041,0.0014652306685159367,0.017783931001885522,14.833600480737445,1
5796,0.5650000000000004,0.05218126085081611,0.0014483658849267927,0.01795504357251188,17.928952602478233,1
5809,0.6030000000000004,0.053427347872155674,0.0013584534775557342,0.021066497641390347,16.507326914063256,1
5822,0.5740000000000004,0.051496868817836716,0.0013114006147228938,0.01733271984462278,17.95844702920625,1
5835,0.5860000000000004,0.0507876499869415,0.0015499324100385244,0.01761431582921335,16.529415461016207,1
5848,0.5900000000000004,0.05257947933074412,0.0013728425749982198,0.02090822366528241,16.985190399469943,1
5861,0.5530000000000004,0.05202748757398185,0.00152685505260502,0.019185371395679385,17.71400105628773,1
5874,0.5780000000000004,0.05112976989720112,0.0013770434123061572,0.019104879737850012,17.44119446708152,1
5887,0.5610000000000004,0.052316310871109044,0.0015088911556493984,0.019685079375192135,18.622983272921147,1
5900,0.5720000000000004,0.050987776760022634,0.0014807692352990314,0.01932742026846149,16.972744574196767,1
5913,0.5460000000000004,0.051190845426901936,0.0015019300284049187,0.015128950017091459,19.105078371033972,1
5926,0.4990000000000004,0.0525055800917005,0.001374413045861047,0.014217426476056765,20.01858663333234,1
5939,0.5730000000000004,0.05390555765596026,0.0015669921713905742,0.014999020059167974,18.195753152825024,1
5952,0.5200000000000004,0.05190215812588213,0.0015484117638843635,0.02247844303497146,19.101088684468788,1
5965,0.6030000000000004,0.05224890648784994,0.001576300414939455,0.018316527551765004,17.888379333554955,1
5978,0.5680000000000004,0.05137504270491386,0.0014083693005271074,0.01273454281947541,16.707549378864943,1
5991,0.5800000000000004,0.0539463489832316,0.0015066469327223108,0.018440530302493898,17.15584174380739,1
6004,0.5750000000000004,0.05118322168422551,0.0014481238185395844,0.01890889654919812,16.454017106714858,1
6017,0.5820000000000004,0.050092632987437574,0.0014989717695062738,0.01399207744375774,16.95776001479054,1
6030,0.5620000000000004,0.05302988222853003,0.0015035816599840086,0.017712394510459493,18.33177709289696,1
6043,0.5620000000000004,0.05222217686897003,0.001450767061565178,0.018534580223212076,17.492962993052707,1
6056,0.5460000000000004,0.05036465776808039,0.001515383603959089,0.017387650363485115,17.77868477372218,1
6069,0.6050000000000004,0.0525412814593552,0.0014523806933417272,0.017233135713638523,16.22089996053137,1
6082,0.5310000000000004,0.05245251165867718,0.0012805965840523763,0.02337792375099479,17.401386390368714,1
6095,0.6050000000000004,0.05337045666691764,0.001366204555185562,0.02260302647866876,17.888948023593688,1
6108,0.5640000000000004,0.05128761072502029,0.0013456551654976228,0.017456154882507943,16.177409455990723,1
6121,0.6200000000000004,0.049996251763036154,0.001377113255977309,0.014401880306212011,14.749657512477476,1
6134,0.5540000000000004,0.051925597471144634,0.0013598291030029821,0.017540803080093786,17.729233210204352,1
6147,0.5690000000000004,0.0517839442221957,0.0014851549319501542,0.018967309259593425,16.295264690045713,1
6160,0.5680000000000004,0.05265046816130116,0.0016058516900501298,0.016895991401059077,18.193514034277886,1
6173,0.5320000000000004,0.05344871047927933,0.0014689166333005292,0.018650157654492586,19.24941820329481,1
6186,0.5840000000000004,0.05082148586649021,0.0015608073075312288,0.016722292138376043,16.96027219880034,1
6199,0.5120000000000003,0.05327314313261956,0.0013222992425260438,0.018262742718330487,19.01571352743753,1
6212,0.5720000000000004,0.053099542723223384,0.0015124743985150207,0.017422677283216583,18.179700361458362,1
6225,0.5820000000000004,0.05267689337828599,0.001446022659224198,0.015700091937827634,18.08731573941153,1
6238,0.5230000000000004,0.051086265335142454,0.0014934395979395029,0.014274867519202535,18.84694817932789,1
6251,0.6420000000000005,0.05217587711109699,0.0012623566481465521,0.01921500319549752,13.890256125574702,1
6264,0.5880000000000004,0.051128102260597476,0.0014227385851090402,0.022818796549996304,17.715277292584506,1
6277,0.6130000000000004,0.05272782614579703,0.0014890894900872146,0.017792001874527993,16.354112487151294,1
6290,0.5450000000000004,0.052048705347373,0.0015090470612207692,0.019316726581594845,17.375343234628833,1
6303,0.5160000000000003,0.050994149224849926,0.0014872085102897717,0.017112253008045784,19.964798515375094,1
6316,0.6060000000000004,0.05330720708322706,0.0014799955206226878,0.02402839898520375,17.24019614479898,1
6329,0.5730000000000004,0.050351799190740135,0.0013533606118551645,0.021919456999709496,16.684097591408214,1
6342,0.5400000000000004,0.05066244916424221,0.001472612406345076,0.021792776588335026,17.523344678911215,1
6355,0.5470000000000004,0.05135165205446851,0.0015412936695822247,0.019138891640097536,18.029103965980177,1
6368,0.5420000000000004,0.05277370688437905,0.0014240337398194948,0.017309831564015526,18.76161435191316,1
6381,0.5400000000000004,0.051540163617046754,0.0014193058286127733,0.01707764923474403,18.500427862535766,1
6394,0.5580000000000004,0.053526570334969374,0.0015031958250812073,0.018255751058007464,17.91966492338555,1
6407,0.5560000000000004,0.051977061025776886,0.0013916039760578757,0.014371205545424884,18.012186992600295,1
6420,0.5100000000000003,0.051824889483911646,0.0014751031920962224,0.02190724184719662,20.363790876878745,1
6433,0.5690000000000004,0.052117952077933224,0.001460413038768774,0.020942152424570433,18.023775567114544,1
6446,0.5530000000000004,0.05114240521604935,0.001524230652647325,0.015589040596899549,17.953551528824768,1
6459,0.6100000000000004,0.05307279854118099,0.0014376442110569977,0.01585207367801329,16.88323944922424,1
6472,0.5620000000000004,0.05099767551381843,0.001505274256904205,0.019145040301527125,18.930638374809885,1
6485,0.5990000000000004,0.05131177054814169,0.0015822109152897753,0.015837889589362355,17.65505107618928,1
6498,0.5720000000000004,0.05049485396543893,0.0014542591910661647,0.013075868680864265,16.21499991409685,1
6511,0.5860000000000004,0.05208516717351741,0.0014666788852683297,0.018159372353727797,18.34052464359205,1
6524,0.5250000000000004,0.052600678063518216,0.0013895251692775219,0.01722293236081294,20.615132462939137,1
6537,0.5820000000000004,0.05065593318679595,0.001605713392599995,0.018541350004818238,16.246119251038895,1
6550,0.5360000000000004,0.051454425708061156,0.001385340848489114,0.016460656822550636,18.708822540170924,1
6563,0.5300000000000004,0.05287511838710499,0.001558324273959704,0.01597649272051607,19.582194256629382,1
6576,0.5850000000000004,0.05302809561239627,0.0014349764351391662,0.016235810182160696,17.39636630783371,1
6589,0.5590000000000004,0.05091745050443025,0.0014365926651371418,0.017572548132829914,18.630742368509463,1
6602,0.5500000000000004,0.050111587304349385,0.001514061529015128,0.018432054700966264,16.778936438864314,1
6615,0.5680000000000004,0.05144238183878835,0.0016111478889312678,0.020181051930238107,16.959573650095297,1
6628,0.5890000000000004,0.0510589828682576,0.001412879733270373,0.014310479754621455,16.416496904114716,1
6641,0.5400000000000004,0.05343811495447845,0.0015063467794600401,0.020404352237826256,19.27058310136217,1
6654,0.5800000000000004,0.051966319389120136,0.00142620079036457,0.01681802806514704,18.574954896023726,1
6667,0.4990000000000004,0.05223953750077453,0.0014417724520588103,0.018211665085907824,19.43057614634482,1
6680,0.6630000000000005,0.05122315304416938,0.001522769651335589,0.018203426216366825,14.126882222365992,1
6693,0.5760000000000004,0.05131828774997204,0.0015231358082139642,0.022916840663341556,17.76664909898709,1
6706,0.5050000000000003,0.052717243665786236,0.0015536972482488834,0.020549370603712685,21.962701480618474,1
6719,0.5680000000000004,0.05333966272956911,0.001469674328615352,0.024390505538595956,17.962345208843114,1
6732,0.6260000000000004,0.05188590345231752,0.001614102674123976,0.017916893210156593,16.487824290629252,1
6745,0.5700000000000004,0.05198738753063732,0.0014571042728456316,0.017731588433571976,19.141051312201306,1
6758,0.5310000000000004,0.05335433994767493,0.0015050164695397882,0.012949608122105152,19.13264335915462,1
6771,0.5750000000000004,0.05078542690770819,0.0014720983183975692,0.016455514135876776,18.261729714577037,1
6784,0.5700000000000004,0.051210605176401414,0.0013619903949022897,0.015806432849309836,16.68393750530839,1
6797,0.5420000000000004,0.05087455829652047,0.001401242419203422,0.02018410193652997,18.14943235210893,1
6810,0.5290000000000004,0.05420503412041467,0.001541855617851232,0.017206426983627413,20.502578139850513,1
6823,0.5990000000000004,0.05330803211016294,0.0013823548539837003,0.025155165595585307,17.026783695503617,1
6836,0.5720000000000004,0.052627284586676176,0.0013977403649575253,0.01667437221704776,17.31890878275681,1
6849,0.5510000000000004,0.052022807611772456,0.0016406526654980278,0.01723574880622898,18.99166679287852,1
6862,0.5150000000000003,0.05126953737672336,0.0014383880172183844,0.021164592757514256,19.477503930296397,1
6875,0.5650000000000004,0.05267294530341414,0.0016297617462710757,0.0171753923027023,17.902729147281963,1
6888,0.5230000000000004,0.05029920182107645,0.001452050630035481,0.018702622168247914,18.221791835619715,1
6901,0.5810000000000004,0.0524354288573591,0.0016365965228806356,0.016816005550004624,17.789007383300927,1
6914,0.5830000000000004,0.050851280681228336,0.0014507392888900748,0.01723941620044746,16.280678218745077,1
6927,0.4980000000000004,0.0500098474844221,0.0013948570269606277,0.018676895324770893,20.776587912946688,1
6940,0.5830000000000004,0.05106241160781139,0.0015804945578702524,0.016041051053525632,17.17172717031535,1
6953,0.5510000000000004,0.05114025025986351,0.001544457463265292,0.018682619709051905,18.481610648754426,1
6966,0.6330000000000005,0.051880351164894485,0.0015374668388419093,0.01576614196483256,17.010019106672654,1
6979,0.5500000000000004,0.051087944837127267,0.0014949212832096642,0.019507311235566913,17.94640423546758,1
6992,0.5700000000000004,0.05163037822871788,0.001428655222505102,0.018159180011938822,17.553082865630135,1
7005,0.5330000000000004,0.05130290795394539,0.001488448932171607,0.022051527789949506,18.814062734682363,1
7018,0.5450000000000004,0.051218394366609576,0.0015548396044914982,0.016740769723476684,17.52874280584114,1
7031,0.5620000000000004,0.05192749896477972,0.0014639553654354012,0.023488302289360025,18.2207009506778,1
7044,0.5090000000000003,0.051101190642235304,0.001219537260041083,0.01357809223958627,19.565149344072477,1
7057,0.5120000000000003,0.05090311053821252,0.0014356058422457542,0.01371432203921901,19.248619817730138,1
7070,0.5240000000000004,0.050664467772592474,0.0013293429243409764,0.019271557363510047,17.7728922719132,1
7083,0.5830000000000004,0.05207066247775045,0.001536749708243685,0.02133260969872187,17.374891818927477,1
7096,0.5880000000000004,0.05105278277014543,0.0015763852776249645,0.018946732257314858,18.55285390563397,1
7109,0.5980000000000004,0.0533776819437104,0.0014749427283634428,0.01731641577803808,18.417561493509204,1
7122,0.47600000000000037,0.0503938336083853,0.0013444814917544636,0.018868114351556713,22.359853239210114,1
7135,0.5480000000000004,0.05195449855753601,0.0013949229337567122,0.015571565855482729,18.877663785575113,1
7148,0.6090000000000004,0.05274997035975205,0.0014032478182289464,0.017394864121363412,16.80734650530953,1
7161,0.4830000000000004,0.04976514861887969,0.0014682501328092423,0.017079392309230758,21.081588403659055,1
7174,0.5730000000000004,0.051794481061587405,0.0013473256405340183,0.021207366698958622,16.499210747585433,1
7187,0.5310000000000004,0.05010023513397246,0.0013225688973053963,0.02168611561483141,17.492032928868568,1
7200,0.6080000000000004,0.05140031655455736,0.001609346298329105,0.02121469081241717,16.849503444670347,1
7213,0.5870000000000004,0.05212747841670205,0.0013969645118384923,0.01785481523931787,18.14031105183232,1
7226,0.5850000000000004,0.05278940406097442,0.001467608455436512,0.019347153984202375,17.527218292850648,1
7239,0.5590000000000004,0.052270266686134055,0.0014898002476291016,0.01830371912299945,19.134611153389223,1
7252,0.6180000000000004,0.05282831174500416,0.0014359241468099673,0.01992334270039738,17.50995403611829,1
7265,0.5300000000000004,0.05249150823883003,0.001367534546080067,0.017627784120445734,18.69586505789632,1
7278,0.5340000000000004,0.05104427560259293,0.0013462078354969402,0.01556307196837772,18.0223374771327,1
7291,0.5730000000000004,0.05179742148639869,0.0015012252838725421,0.015105629783401693,18.729051494990756,1
7304,0.5750000000000004,0.051184646238205976,0.0013129395628502915,0.01784286706430583,16.239057893296472,1
7317,0.6480000000000005,0.05295557466706124,0.0013200323492861064,0.01815406761179139,16.879143921843472,1
7330,0.5440000000000004,0.05132385533091162,0.0015374607411955837,0.023809282052718206,18.218909184201507,1
7343,0.6150000000000004,0.05177944645874688,0.0013649908908579542,0.017685615145307147,17.189421413464792,1
7356,0.5730000000000004,0.05058968144750981,0.0012755253902812114,0.01696648041389482,18.61319363380301,1
7369,0.5610000000000004,0.052086539766926475,0.0012602211333203864,0.02126638480269209,18.525746237607407,1
7382,0.5400000000000004,0.05333061482553483,0.0014808992015012184,0.013021817333374892,18.696663096743233,1
7395,0.6040000000000004,0.051181912244508444,0.001409026401204112,0.0171115734266088,17.87103655067802,1
7408,0.5970000000000004,0.052695082613110254,0.0014593438523350815,0.018823422153118385,17.615093349416128,1
7421,0.6030000000000004,0.05261236012031911,0.001560183671283182,0.016208104727154348,15.47270356394615,1
7434,0.6120000000000004,0.051435523638970394,0.0013402335073155241,0.016156602854231775,15.918068864455398,1
7447,0.5470000000000004,0.051832302063381,0.0013636287880032006,0.01883939860697105,17.892667431626766,1
7460,0.5450000000000004,0.05302764269878871,0.0014008030996630243,0.020082487086205282,19.0035023846728,1
7473,0.5770000000000004,0.05147008804237013,0.0014439951180943984,0.023306720286446047,17.992715058207754,1
7486,0.6170000000000004,0.052643638832971844,0.0013627020630114087,0.015111749448654873,15.957990214451284,1
7499,0.5590000000000004,0.05262463480834834,0.0012943369899114355,0.017918982403007277,16.6107260014957,1
7512,0.5730000000000004,0.054216210229317094,0.001332293404315115,0.016823795441787394,16.218638584832394,1
7525,0.5400000000000004,0.05208818689494482,0.001369861496028888,0.01931846110390713,18.307791139465973,1
7538,0.5510000000000004,0.0512322617279335,0.0013337148940133785,0.013283854935950438,18.72816854265022,1
7551,0.5520000000000004,0.05259386986598096,0.001387398668687642,0.01643427364500642,18.37811437998352,1
7564,0.5780000000000004,0.05384012849919315,0.0014387282215215058,0.01851521213100272,19.163701295999253,1
7577,0.6510000000000005,0.05284066201983107,0.0014040508135644226,0.01816302358935194,15.283736970315012,1
7590,0.5560000000000004,0.05202049638659032,0.0012963291019658968,0.01593742664924667,18.212090190415463,1
7603,0.5230000000000004,0.05183780229396475,0.001583432663646079,0.017259323399566904,19.006449292012448,1
7616,0.5110000000000003,0.05263142638088411,0.0012695939690658986,0.014279127467324772,19.38723771424719,1
7629,0.5840000000000004,0.05143995733619285,0.0015291497195692532,0.01690133945349805,17.551926380944703,1
7642,0.6070000000000004,0.05208493351814555,0.0013657681565041435,0.018839691051043567,15.964892033013223,1
7655,0.5370000000000004,0.05297282271090168,0.0015826579604683439,0.015954383962022988,21.203214164012444,1
7668,0.5830000000000004,0.052831621289731186,0.0014326262112515857,0.01658210359494203,17.039357505826057,1
7681,0.5310000000000004,0.05112260509441479,0.0012599766650618805,0.02209634262194636,19.469736159930843,1
7694,0.5790000000000004,0.05215315883186447,0.001508972379957267,0.02278485651598929,17.028600904033993,1
7707,0.6190000000000004,0.052220118232843234,0.0015027472735696331,0.02158602343372972,15.766321464709725,1
7720,0.5920000000000004,0.05159407421747983,0.001508050036576755,0.020025425117311504,17.380228714924417,1
7733,0.5270000000000004,0.05159310050436071,0.001401303351501475,0.015084116337896832,18.57351894813935,1
7746,0.5830000000000004,0.053067711501197525,0.0014817688815245437,0.017085328474655343,17.7248035595778,1
7759,0.5790000000000004,0.05216809023329278,0.0014871032391010823,0.023545377789279304,17.56248178085626,1
7772,0.5760000000000004,0.049700407061728014,0.0013678722582312383,0.016421196484887008,15.98965622165529,1
7785,0.5910000000000004,0.052726624947715205,0.0013398346785354026,0.01714989543516194,18.6859296085502,1
7798,0.5150000000000003,0.052239945065529585,0.0013704119870580505,0.01618322489333932,19.554598955861326,1
7811,0.5650000000000004,0.05237987292329487,0.0013243195133828835,0.018949706490830515,17.821230415756173,1
7824,0.5710000000000004,0.053850886254560255,0.0015188497457538116,0.01809391103706225,18.953785814449308,1
7837,0.5630000000000004,0.05175839009749603,0.0012564773289758637,0.016854114055715665,18.32001404635426,1
7850,0.5150000000000003,0.05089419504970594,0.001393443131044023,0.01826451719753589,19.96922469405233,1
7863,0.5860000000000004,0.05298037758190398,0.0014916364081777982,0.018021668066802343,17.511005426823797,1
7876,0.6130000000000004,0.051904431076907606,0.0014867730856428516,0.01829127957648528,17.50954455611712,1
7889,0.5360000000000004,0.05244630855982023,0.0014889849937389816,0.017640744838797403,20.393992163884175,1
7902,0.5490000000000004,0.052243633592646124,0.0013106479074155271,0.01588048074717363,17.89730980323539,1
7915,0.5740000000000004,0.053509254866573,0.0013358330013398963,0.016165757725910484,18.84244641246341,1
7928,0.5720000000000004,0.05147880906842476,0.0014010371777088523,0.019416430688858715,17.66342735642533,1
7941,0.5280000000000004,0.053655757352834926,0.0014954425558429993,0.01905665725243092,20.64103998274813,1
7954,0.5560000000000004,0.051575044108544674,0.0015984556678789777,0.015572620703209005,17.22210333553688,1
7967,0.5420000000000004,0.050896798781008716,0.0014446565465601273,0.020121619241497198,19.713265781911172,1
7980,0.5530000000000004,0.05190323862108063,0.0015735510122119644,0.019440381282633784,19.09629311700029,1
7993,0.5320000000000004,0.05337776931551114,0.0013955666183330907,0.020044694244602007,18.232164490537325,1
8006,0.5570000000000004,0.05192229802482582,0.0014222889296610691,0.014845655214690886,18.957241910455885,1
8019,0.5660000000000004,0.049946581569619286,0.001599431160888731,0.01723893894183553,17.266700086681283,1
8032,0.5780000000000004,0.05264638924319757,0.0015408272169297552,0.014993828304597024,19.0782084482582,1
8045,0.5070000000000003,0.05036415006515948,0.0014337580949457676,0.018855584122477544,20.2044345356377,1
8058,0.5730000000000004,0.05158609384963546,0.0014736661412707898,0.012483367479586177,16.958018230936833,1
8071,0.5370000000000004,0.05375853345763734,0.0013074406152448871,0.015057316709830931,19.29371672912131,1
8084,0.5910000000000004,0.05362955693463817,0.0015012930076884878,0.020098325494271513,17.259612991763102,1
8097,0.5630000000000004,0.05308113121637769,0.0014764930500287105,0.013248939323759404,20.070676792737686,1
8110,0.5770000000000004,0.05277473891936541,0.0012829613413363208,0.02092735896915956,18.309788233209343,1
8123,0.5680000000000004,0.05241782566535327,0.0013558523265388858,0.02315473241990463,17.180442805612138,1
8136,0.5980000000000004,0.05128981641176591,0.001450059192327414,0.0187345821175,17.118540694283144,1
8149,0.6060000000000004,0.05344715739706492,0.0014916563352209836,0.022872695714409523,16.65987258543344,1
8162,0.5930000000000004,0.0500447351578386,0.0012959057617924494,0.018870135591717022,17.34624387738801,1
8175,0.5450000000000004,0.052899294024172504,0.0014524217983133774,0.01807095885513309,19.86379062785084,1
8188,0.5590000000000004,0.052824571082505045,0.0015554973329486976,0.018965991862236173,18.897171784529323,1
8201,0.5400000000000004,0.05226567159317134,0.0014210178436210813,0.015469230477531546,20.48435627852367,1
8214,0.5480000000000004,0.05245437731263095,0.0014275025349158618,0.021747057512959803,18.475735652198367,1
8227,0.6030000000000004,0.052491009122552924,0.0014005581662685296,0.017322704410596104,15.391283287829742,1
8240,0.5820000000000004,0.05078951204231405,0.0014226649981447595,0.016773757903251897,16.754747766171295,1
8253,0.5360000000000004,0.05204377650764818,0.0014709836517287423,0.020163646400561484,20.256963815312698,1
8266,0.5990000000000004,0.053003053658963295,0.0014768921522097945,0.020525014093147057,16.269085201035843,1
8279,0.5810000000000004,0.05280938289646348,0.0016200349813903189,0.021270707822757563,16.937214524958133,1
8292,0.6000000000000004,0.05416390007476849,0.0014649559858078392,0.018540490832919036,16.047678769592533,1
8305,0.5670000000000004,0.052195643090215384,0.0014829349443345615,0.019087188167266168,19.470873508471684,1
8318,0.5760000000000004,0.05369921751871045,0.0015154956940493806,0.01762644743377951,18.744711884495903,1
8331,0.5500000000000004,0.051899075409221576,0.0013722311565531819,0.017097877814886964,17.846983998363992,1
8344,0.5720000000000004,0.05221738627132312,0.001377120817615942,0.01908144757006103,17.048779550415826,1
8357,0.5580000000000004,0.051738216694993906,0.0014777814363300787,0.02068736836547486,17.619562866483,1
8370,0.5660000000000004,0.05239479291323043,0.001385324623397305,0.01656502313740131,17.577713384401868,1
8383,0.5140000000000003,0.05260377225200065,0.001389407752543447,0.013786603031472059,19.66583406011102,1
8396,0.5960000000000004,0.0520860321414922,0.0014044100797323319,0.016684998046260197,16.379069948540373,1
8409,0.5430000000000004,0.05217387975014891,0.0015069980422320573,0.017935579587975085,19.49601664737929,1
8422,0.5690000000000004,0.05147296466325503,0.0014274577986827163,0.016410716165921695,16.403206815883905,1
8435,0.5430000000000004,0.05194358883689597,0.0015875774137803318,0.016164300237108287,18.937472863224475,1
8448,0.5490000000000004,0.051606561993868996,0.0014930530781956687,0.01752966873672577,17.72389011831331,1
8461,0.6280000000000004,0.05260191460268233,0.0015452440514633335,0.01877806419180371,15.94579326424515,1
8474,0.6140000000000004,0.053162714591367684,0.0016034818012926424,0.019196526264962856,17.090553877946327,1
8487,0.5520000000000004,0.05242424452962183,0.0013921962843787049,0.020924534500094603,18.564103969779985,1
8500,0.5530000000000004,0.051673997249286945,0.0014430208172915991,0.02088027669686603,19.408674329460723,1
8513,0.6200000000000004,0.05114405350311511,0.001549759896987283,0.012623370157044091,14.172652656043729,1
8526,0.5990000000000004,0.0520082106117372,0.0014727264429321171,0.01950830302147046,16.022658933747106,1
8539,0.5270000000000004,0.053266250112821996,0.0013205049170575958,0.018971158256892186,19.36935023053795,1
8552,0.5860000000000004,0.05247178873654906,0.0014862492293180884,0.017358715971396675,18.097740719290947,1
8565,0.5450000000000004,0.051643808625195485,0.0014144201328805859,0.0179346367359476,17.584425918932318,1
8578,0.5530000000000004,0.05319429349346714,0.001312705159133985,0.0199865654757687,17.336470106794756,1
8591,0.5300000000000004,0.05179031126705689,0.0014734889569882092,0.01872508110044039,18.845610070764216,1
8604,0.5910000000000004,0.052966257345825905,0.0015420039928167872,0.017696906825187944,16.471789324820097,1
8617,0.5600000000000004,0.051379951920868756,0.0013789940615942728,0.023825123944362356,17.815188450379573,1
8630,0.5540000000000004,0.05039307422150161,0.0014474045565891038,0.015953774971480636,18.71602591049674,1
8643,0.5520000000000004,0.05246413027749371,0.0014924444927648486,0.016442257975489316,17.48589337814375,1
8656,0.5600000000000004,0.052494300914837956,0.0016098089387797726,0.016771407750348757,18.20286388866826,1
8669,0.5280000000000004,0.051155588228350285,0.0015585810866467042,0.017115308647942834,19.074891469668604,1
8682,0.5640000000000004,0.05307012218016396,0.001368527263423394,0.02157306326182106,19.520543450824924,1
8695,0.5700000000000004,0.05042411583087679,0.0013402997500848398,0.018976217084246776,16.705319005338353,1
8708,0.5690000000000004,0.051144279454387306,0.0014671798678247822,0.017310975659398035,17.720737760579745,1
8721,0.5810000000000004,0.05329839057751135,0.001439412107010373,0.017938904538846098,16.96693449126618,1
8734,0.5320000000000004,0.05168718473683348,0.0013803226678848121,0.020345275981452117,19.391181452494305,1
8747,0.5620000000000004,0.050394605424042616,0.0015293895735881047,0.018004456275773944,17.947936992974398,1
8760,0.5960000000000004,0.05227202392500462,0.001495673380342331,0.014380155480785823,16.811772369260797,1
8773,0.5790000000000004,0.052408317814123764,0.00147239205586576,0.012422481450337955,16.78350560379708,1
8786,0.6070000000000004,0.0514264597136104,0.0014115571807027066,0.01575170553689396,16.358469602858058,1
8799,0.6570000000000005,0.052673829918765444,0.0015248551403354781,0.020842259068362387,15.547238221099594,1
8812,0.5280000000000004,0.05053599804241937,0.001385586838787357,0.018305687669451294,20.4763885551862,1
8825,0.6140000000000004,0.05192585862863912,0.001551800176833957,0.015196274167091557,16.411752275814347,1
8838,0.5530000000000004,0.05153232030176037,0.0015418519272147656,0.01857302637608527,19.02931401281943,1
8851,0.5520000000000004,0.05277555122560789,0.0014632320737730479,0.015313120434795258,20.00824589558177,1
8864,0.6060000000000004,0.05346690109588745,0.001403583342127011,0.02671754342108226,16.21506290220561,1
8877,0.5300000000000004,0.05182798561336262,0.0015065477943331635,0.020221584145664072,20.158575719545407,1
8890,0.5700000000000004,0.05238533428321888,0.0013330420478548139,0.0176580093958261,16.826899931930743,1
8903,0.5500000000000004,0.05439777863971079,0.0012695598490979436,0.01595759402414253,20.087039894907676,1
8916,0.5680000000000004,0.05210466498550748,0.0014507724344450944,0.023391078782485204,18.483272419776156,1
8929,0.5760000000000004,0.0509677906150757,0.0012631884692211456,0.01806936473366437,17.898499099723555,1
8942,0.5690000000000004,0.05188806951226556,0.0014291200849758077,0.018293764670638476,18.201972355155387,1
8955,0.6260000000000004,0.05239679326625739,0.0014374100890870314,0.01691856489864998,16.200690860091626,1
8968,0.5770000000000004,0.05380432753766121,0.001303284859684166,0.02100778282275334,17.790089810677937,1
8981,0.5670000000000004,0.05240147258210866,0.0015029902957460603,0.019221844255437544,17.686656571666227,1
8994,0.6020000000000004,0.05121092898322918,0.0015087252634310509,0.01810456064038205,15.359615256093704,1
9007,0.5280000000000004,0.05095153901144182,0.001599701172686632,0.01931557647864316,20.26239397285007,1
9020,0.6040000000000004,0.05283844101733635,0.0014044493844122318,0.016341579927995974,16.05066854534539,1
9033,0.5500000000000004,0.05259399387426186,0.0014439988845471078,0.017536742968719713,20.076675959345568,1
9046,0.5400000000000004,0.05140215802233786,0.0014374513416791324,0.015263218278566634,18.79179530936817,1
9059,0.5070000000000003,0.05152314098497649,0.0014043420994207367,0.017530396964309754,20.08878258485863,1
9072,0.5880000000000004,0.05320478223254458,0.0016112757396136458,0.019304358486795226,18.109898121560665,1
9085,0.5680000000000004,0.050980887328249486,0.0014764517541346876,0.02158831115398281,17.982166872023498,1
9098,0.5970000000000004,0.052136487012607174,0.0014724091575809993,0.018455482172990922,16.34896893376233,1
9111,0.5180000000000003,0.051109651356462234,0.0011484882102372146,0.01674734550840512,21.295195969868892,1
9124,0.5770000000000004,0.05367102206833234,0.0015209762895829323,0.013752098041337656,18.74733221739603,1
9137,0.5550000000000004,0.05145385640612673,0.0014506994952412447,0.020103147353061433,17.928106777991292,1
9150,0.6150000000000004,0.052248089785658716,0.0014031397328866451,0.01916041421196046,17.3803434370587,1
9163,0.6320000000000005,0.053073845539228504,0.0015823856742921028,0.017969268684004967,15.376575593424201,1
9176,0.5780000000000004,0.05248673667114803,0.0013379820889449481,0.02115843153052274,17.00248417330417,1
9189,0.5930000000000004,0.054353961350329855,0.001512401138685815,0.016257507309155452,16.470250877855026,1
9202,0.5850000000000004,0.052906424504228326,0.001655140646303032,0.018750067854204508,16.1304497901923,1
9215,0.5440000000000004,0.05030086569381634,0.0014101294469678488,0.018867516722183893,18.187272259375874,1
9228,0.5730000000000004,0.05124715112450958,0.0015989143540922665,0.01757966064895316,19.109959949879684,1
9241,0.5640000000000004,0.0507866217321022,0.0015615893046703106,0.01769694910170127,18.27959914931729,1
9254,0.5210000000000004,0.050944440867524525,0.0015002260343535332,0.018159734103237835,18.49592684469809,1
9267,0.5250000000000004,0.051598685560718914,0.0013550473296307475,0.02064728013837115,18.097383761106187,1
9280,0.5530000000000004,0.053224006237558075,0.0012532004426596196,0.01495091849662166,17.66318017047942,1
9293,0.6390000000000005,0.052847896397681254,0.001548656881799707,0.016600587718788615,16.094993377284002,1
9306,0.5310000000000004,0.052447627079733654,0.0014006105621318069,0.01459775998034995,18.834106298076353,1
9319,0.5540000000000004,0.05079397002686968,0.001308256472745749,0.014680327099571558,18.812606956175053,1
9332,0.5780000000000004,0.051649029769595345,0.0014539074420533932,0.011864836360130221,17.18778334102053,1
9345,0.5630000000000004,0.05127838950967589,0.0014935115721504046,0.01964058967608387,18.219057110284282,1
9358,0.5410000000000004,0.051911585048711684,0.0013398759335657164,0.015105973645971695,17.856267026997173,1
9371,0.5620000000000004,0.05279289264410394,0.001417828898245086,0.01863149526435331,17.489094017191476,1
9384,0.5860000000000004,0.05323689607231313,0.0013712445525953952,0.021814217470889758,18.183651831118972,1
9397,0.5350000000000004,0.0521328148389726,0.0013435119449737173,0.015379359841998952,18.55886971648611,1
9410,0.5810000000000004,0.053893151258113794,0.001586374554492379,0.019069563190422776,16.70208179499639,1
9423,0.5740000000000004,0.05176054024009396,0.0014991694430603437,0.018092088031557884,17.039956448008688,1
9436,0.5360000000000004,0.0526455836991111,0.001488516953114493,0.012258371993672332,19.107287794867908,1
9449,0.6240000000000004,0.052483824235406436,0.0016166673166970477,0.018288899480547027,16.497204366570635,1
9462,0.5980000000000004,0.051329077679341265,0.0013162897025667188,0.019512106879614178,16.912864847931246,1
9475,0.5530000000000004,0.05298086768814015,0.001392991095727437,0.01918714415893659,19.848708634754594,1
9488,0.6040000000000004,0.053773196170219625,0.0014641791688269179,0.014902055974409805,16.930282406711125,1
9501,0.5490000000000004,0.05282762127485287,0.0013840094464848197,0.020655761826202688,19.132004422806908,1
9514,0.5650000000000004,0.0532145888697141,0.0016767170930016275,0.016096186057958043,18.00441772901227,1
9527,0.6270000000000004,0.053286605576290905,0.00143289962290018,0.013073047527688803,15.813716346430246,1
9540,0.5600000000000004,0.051886037358041495,0.0014750929517987437,0.014948886518403353,18.49637158032259,1
9553,0.5580000000000004,0.05144799225957317,0.0014270813855155537,0.01895503722214296,17.266835799731513,1
9566,0.5940000000000004,0.0507764854240995,0.0014119446314946383,0.016018204256881767,16.63079964706808,1
9579,0.6370000000000005,0.0524522793904762,0.0016281480220067047,0.018606328607647233,15.645448219961079,1
9592,0.5210000000000004,0.05204354307603044,0.0014767163304478636,0.02030520294170975,19.033399280277703,1
9605,0.5630000000000004,0.052886638671926806,0.0016066898759556625,0.02361852860129633,19.0600366822904,1
9618,0.5890000000000004,0.05248732772564581,0.0013916687211454023,0.0160269823787924,17.71471709620288,1
9631,0.4940000000000004,0.0512457869882588,0.001340954097448396,0.023093552221935928,19.154714806752327,1
9644,0.5530000000000004,0.05129183192776853,0.00143474076115292,0.017550161368498674,18.38981337518447,1
9657,0.6160000000000004,0.05181079466018089,0.0013882524321539426,0.021262590103000824,18.042291684550165,1
9670,0.5810000000000004,0.0507394642738431,0.0016670734896801446,0.022078163111078256,17.522640753171373,1
9683,0.5520000000000004,0.050375700031687835,0.0015951258469034924,0.017650661880060932,18.75932353693183,1
9696,0.5740000000000004,0.05423344124207344,0.0013871957950428527,0.020132870468681435,17.246267929920183,1
9709,0.5680000000000004,0.05351838841935605,0.001387286050881995,0.01851342527591025,18.63670581132365,1
9722,0.5490000000000004,0.05303605309551685,0.001562246649782013,0.017602278327487085,18.70846037138379,1
9735,0.5650000000000004,0.05023505536937173,0.001508270174375616,0.021259220104491584,16.209289490818005,1
9748,0.5880000000000004,0.04980564803164648,0.0014699531097019701,0.016305185927948114,16.988570163492483,1
9761,0.5600000000000004,0.052109344418920504,0.0014284089799491732,0.01802698607960576,17.73217400319212,1
9774,0.5360000000000004,0.053313227044538655,0.001578415078431348,0.020477420734679137,19.930106429260974,1
9787,0.6260000000000004,0.05251865210629747,0.0015052163090828773,0.017618341676068325,16.80606455913547,1
9800,0.5640000000000004,0.05237494364840102,0.001453065038008027,0.017649150315399126,18.24504252782989,1
9813,0.5530000000000004,0.051890732269198284,0.0014816122618114724,0.017275815794760153,17.602111323885076,1
9826,0.5380000000000004,0.05245630169790979,0.0013924004146417496,0.021376956439105872,17.913337408373444,1
9839,0.5270000000000004,0.0519683594896778,0.0014205517340603175,0.015846798974266618,19.78151841011548,1
9852,0.5670000000000004,0.05276182277814655,0.0012436615310941338,0.015748054146839018,18.215731001523306,1
9865,0.5840000000000004,0.05020444440807549,0.0014805977003078871,0.019202346541025348,15.565405299486029,1
9878,0.5570000000000004,0.05255439677618884,0.0015677336495707997,0.02429808633840636,18.26267824580982,1
9891,0.5740000000000004,0.051981742909369064,0.0014297500493639483,0.01209570192825456,18.838493042649368,1
9904,0.5230000000000004,0.05088782510315907,0.0015249532420127424,0.01815914256583539,19.930734499220755,1
9917,0.5870000000000004,0.052018385609101214,0.0014487939893419576,0.013140562586360297,15.674087345376691,1
9930,0.5020000000000003,0.05258079723002824,0.0014924818109610504,0.014640526861803097,20.815595676775736,1
9943,0.5420000000000004,0.05374305690039426,0.0015298406807707106,0.018961612225263623,20.515262787602968,1
9956,0.5640000000000004,0.050723572535480384,0.0014167702616510566,0.017425971299320695,17.93120654067577,1
9969,0.5330000000000004,0.05275274648743283,0.0013608156652120923,0.016742460797884127,19.03039571890137,1
9982,0.5810000000000004,0.051022812652062516,0.001410618460631446,0.01993991179991055,16.77655041151514,1
9995,0.5810000000000004,0.05378952889367817,0.0014777250162314305,0.01604820707121233,16.987004598425017,1
10008,0.5600000000000004,0.05271157946956905,0.0015265466400072487,0.015665121657673135,18.198592684970478,1
10021,0.5430000000000004,0.05041674835148903,0.0013812872943442527,0.02116972327298106,20.042987995020876,1
10034,0.6440000000000005,0.05029958430347055,0.0014447124706826416,0.01958305476914801,15.68052913954817,1
10047,0.5790000000000004,0.05120267331450028,0.0014589911911968626,0.020138900256002696,15.789728680828627,1
10060,0.5680000000000004,0.05074196497310666,0.001470696385770662,0.020995501299669508,18.393017584152762,1
10073,0.5650000000000004,0.05349758699978866,0.0014115399333029291,0.022620295355599843,16.73608013694838,1
10086,0.5560000000000004,0.05379490255256301,0.0014921561848909638,0.01938080668395178,20.53359071460602,1
10099,0.5650000000000004,0.051614912200801756,0.0015322296405490177,0.018587606670535797,18.47130938405852,1
10112,0.5530000000000004,0.052793765775322285,0.0014995551161501122,0.025440454675031293,19.3382504886801,1
10125,0.5930000000000004,0.05144136030002183,0.0015522213053497144,0.017867013422491956,16.239208835905455,1
10138,0.5440000000000004,0.049496480610386716,0.001575924477835979,0.01847292366109725,20.370459450326457,1
10151,0.5370000000000004,0.0520033144682817,0.0015642695325997016,0.01976846727541895,19.461049908728544,1
10164,0.5370000000000004,0.05354621843914353,0.0014983452928646185,0.01910274891757803,20.577420878626988,1
10177,0.5960000000000004,0.0515700319724017,0.0014435037812210209,0.014438661670095367,16.77068095318715,1
10190,0.5350000000000004,0.052334828057045354,0.0012978133692279382,0.011523535479874256,18.228313192043487,1
10203,0.5440000000000004,0.05238262443444248,0.0014557171745207553,0.016149086051530724,18.521784321808127,1
10216,0.5790000000000004,0.05107408755155675,0.001317790612355058,0.02061611689057675,17.23012784572865,1
10229,0.6170000000000004,0.05101536632194767,0.0015961293259554644,0.01973351023474261,16.984361337085982,1
10242,0.5660000000000004,0.051854508512720346,0.001492075484113041,0.01569664418146449,16.05584080018826,1
10255,0.6020000000000004,0.05263799943254025,0.001731836328280693,0.01919458121571237,17.40914548161885,1
10268,0.5990000000000004,0.05234955938536546,0.001386094680249234,0.01615730230735091,17.805565723096176,1
10281,0.5580000000000004,0.053629526254338596,0.0014571682721703201,0.019828032337656096,18.78575186038549,1
10294,0.6110000000000004,0.05304328889673023,0.0014446333374543397,0.012284367360004319,16.67852414463406,1
10307,0.5480000000000004,0.05241702131136948,0.001438347720133772,0.016846311663494054,18.549649042886983,1
10320,0.5340000000000004,0.049684511014054494,0.0014305697680184572,0.019650337328465182,19.84599292208137,1
10333,0.5730000000000004,0.05185184689040922,0.0013830494381837203,0.01748851414493416,18.897607419696715,1
10346,0.5420000000000004,0.052342556158049364,0.00127875406473347,0.020659039324776356,19.259996164973717,1
10359,0.5740000000000004,0.05169270814734273,0.0013499935278344615,0.018200792997986166,17.450290434461767,1
10372,0.5550000000000004,0.051255744148038386,0.0014026880417535841,0.015228353012316632,18.489146896807142,1
10385,0.5310000000000004,0.05305282661464864,0.0012105995839341108,0.017980019252658005,21.320266239674,1
10398,0.5590000000000004,0.05050548927433547,0.0014794575909742177,0.02074873564555849,17.395081413110027,1
10411,0.5540000000000004,0.05311442672486987,0.0014817853646882664,0.017204807429241405,19.001230540165864,1
10424,0.5520000000000004,0.05159086617786216,0.001340639646788081,0.01798241824030786,17.142346142740728,1
10437,0.5510000000000004,0.05214808811599397,0.0015177532655837158,0.01711216948754826,17.147902610298793,1
10450,0.5280000000000004,0.05040660964902717,0.0015451824983413302,0.021192429773006536,19.524423627554096,1
10463,0.5400000000000004,0.05135264091042373,0.001404899334294294,0.018354798731111878,18.61285821663605,1
10476,0.5830000000000004,0.051271149595375265,0.0015392663139444198,0.019368856260872133,16.217238280373675,1
10489,0.5440000000000004,0.05309412084319953,0.0014583865187870627,0.021553820693819958,18.649301599640822,1
10502,0.5770000000000004,0.053415640671600186,0.0014007000646686404,0.020201351771897955,18.160391251082615,1
10515,0.5870000000000004,0.05241918032490605,0.0014357680812847977,0.019610310540079313,17.032623595457807,1
10528,0.5090000000000003,0.04942865981924997,0.0014923940752606078,0.021528390112145163,18.200845707020594,1
10541,0.5200000000000004,0.051688305553339926,0.0015892143907291214,0.017626051372646948,20.957795002890492,1
10554,0.5920000000000004,0.05280664614205388,0.0014339769052648425,0.015272647552174314,15.286138072264635,1
10567,0.5580000000000004,0.05213367692905681,0.0014722405476448996,0.01895807583683145,17.59777465289827,1
10580,0.5510000000000004,0.053831997261987376,0.0013312975263200277,0.021374680325005294,18.89612865937668,1
10593,0.5920000000000004,0.05149712556909761,0.0015351990678685637,0.019553216986310018,15.851771227828346,1
10606,0.5800000000000004,0.05319019752247168,0.001424531603146426,0.016110908196454353,18.324319529571863,1
10619,0.5220000000000004,0.05133791129247928,0.0014588939891753065,0.020289782764376613,19.506157904941166,1
10632,0.5740000000000004,0.05208974235231873,0.0013435838917355098,0.01999943340746823,16.589263082174227,1
10645,0.5380000000000004,0.05236561355316123,0.001416772217914231,0.02150679714899233,17.74103964948466,1
10658,0.5760000000000004,0.05112277676983065,0.0014278609909904297,0.016277342210396655,16.478140868755315,1
10671,0.5150000000000003,0.0511726466197503,0.0014091157918162474,0.014987250687016196,20.940301303516847,1
10684,0.5700000000000004,0.05142746748396181,0.0013762687128598878,0.016952126420317386,17.763663266280197,1
10697,0.5050000000000003,0.05125030888597049,0.0015272483353132263,0.01836662679410033,19.509986541848804,1
10710,0.5790000000000004,0.052069424352677425,0.0014125672775478085,0.023180264394473786,16.068311567361494,1
10723,0.5360000000000004,0.052204084738089705,0.0013699782633584524,0.01821061378232391,18.485191285834098,1
10736,0.6060000000000004,0.051753072292030265,0.0014938683942181874,0.015824935953322117,16.038252347474497,1
10749,0.5900000000000004,0.05232670178192112,0.0014649335512543107,0.014978516067447496,17.798410085893842,1
10762,0.5900000000000004,0.0526076149097253,0.0013887770151531746,0.01938025311087023,17.84118594421719,1
10775,0.5530000000000004,0.04989936684781923,0.0014669249036507242,0.015028697829258109,17.498751633591795,1
10788,0.6170000000000004,0.054158362068739974,0.0014393918334779528,0.01883160634877264,18.12560638346045,1
10801,0.5830000000000004,0.05216781640631801,0.001421402257543,0.01809808963764329,17.426042534369074,1
10814,0.6230000000000004,0.051981197542793456,0.0014656545028341656,0.018770316330165362,14.473035298350188,1
10827,0.6080000000000004,0.051401287501994186,0.0014920164036316603,0.014163525326864863,17.56351789469799,1
10840,0.6120000000000004,0.050718931321671476,0.0013651040579870904,0.019794312058585478,18.040163612300432,1
10853,0.5100000000000003,0.05081232438471679,0.0014451780380460057,0.021474800415602093,18.830041884103235,1
10866,0.5610000000000004,0.053120042245334335,0.0015072571115465304,0.018740308594497615,18.860426001549616,1
10879,0.6170000000000004,0.05193855505241852,0.001473580158112583,0.01663575310951326,17.143307073245055,1
10892,0.5470000000000004,0.050393987925256865,0.0012989401064608162,0.016015571631250874,18.51908726543561,1
10905,0.5700000000000004,0.050924608826853325,0.0014630864792769215,0.02540573535167351,15.660390246063981,1
10918,0.5470000000000004,0.051884123571697964,0.0015058013537740437,0.01814662639957131,18.173832052647416,1
10931,0.5940000000000004,0.05268212710647459,0.0016048970865827357,0.017383666928109963,16.92540728648307,1
10944,0.5950000000000004,0.052658375075164986,0.001384768188120985,0.01580299198287059,16.9536924324334,1
10957,0.5570000000000004,0.05270988307721337,0.0015257385824210012,0.019317346352013702,18.582395457190533,1
10970,0.5810000000000004,0.05233841572125267,0.0012756216116921809,0.02058272137663277,17.734175265519067,1
10983,0.5280000000000004,0.052743151635984094,0.0013248939581669953,0.01987009793728717,20.839814900581487,1
10996,0.6090000000000004,0.05268886685894801,0.0015922095922115572,0.01819043127155878,17.731423068424995,1
11009,0.5140000000000003,0.052733996028558966,0.0015068000529435564,0.01642280521255143,20.65633302384775,1
11022,0.5380000000000004,0.052726447513094306,0.0016215407782375919,0.022566450935024063,19.030164020966442,1
11035,0.5630000000000004,0.052763095745154455,0.0014034152620045735,0.020642348590072995,18.23219873625511,1
11048,0.5360000000000004,0.051793520645646275,0.001463376029741404,0.017486202517096015,18.208387785510403,1
11061,0.5030000000000003,0.051979674768987,0.0014716590756844931,0.01587957100389942,20.980604407363497,1
11074,0.5490000000000004,0.052799621346720796,0.0015408865083892437,0.01804373770721458,18.525137463229825,1
11087,0.6070000000000004,0.052061494733099095,0.0014790299208589255,0.010037254210023525,15.918444107115608,1
11100,0.5530000000000004,0.05017533535363886,0.0013732902454663555,0.01945448876143993,16.774537138929418,1
11113,0.5180000000000003,0.05076036231359272,0.0013393803964777127,0.01593371651370522,20.43681070964702,1
11126,0.5740000000000004,0.050795239736564635,0.00139417717552903,0.016952592867464644,18.03927971089939,1
11139,0.5660000000000004,0.05227235900544818,0.0014133788404258197,0.013380914679832455,18.812809572747735,1
11152,0.5740000000000004,0.051062931900712476,0.0015234450956895377,0.022886667608627693,17.035940149864462,1
11165,0.5650000000000004,0.05273706888093067,0.0014084329556787753,0.021431011579035857,19.048530156744214,1
11178,0.5120000000000003,0.05081789999762535,0.001391346422828196,0.016216865501635154,19.742415760120632,1
11191,0.5650000000000004,0.052099325244553026,0.0014908776153969155,0.02004612911222475,19.220208779591562,1
11204,0.5380000000000004,0.053727957013638465,0.0015125106986388173,0.01883926813536328,19.713768627831836,1
11217,0.5650000000000004,0.05356399768276819,0.001335293741589324,0.022053445095723222,16.483721391734974,1
11230,0.5490000000000004,0.05333678666205033,0.001450479731761982,0.01786182480980419,19.112593791985176,1
11243,0.5930000000000004,0.05284992281347033,0.0012005484651211734,0.015418554570965175,17.253721145047702,1
11256,0.5610000000000004,0.053740405800622164,0.0015529105619161718,0.017411589604941276,19.178287276807982,1
11269,0.6130000000000004,0.05104011484580824,0.0013746734100064661,0.014144306150981376,15.982678671033408,1
11282,0.5460000000000004,0.05299066254108653,0.0015147919268355561,0.020355877156424628,18.255094854397772,1
11295,0.5480000000000004,0.05099960329076287,0.0013532159750791611,0.009483687870141932,18.637506139907305,1
11308,0.5230000000000004,0.05171475686060018,0.00151969900512736,0.018353702505698427,20.45380078291312,1
11321,0.5420000000000004,0.05233839571865071,0.0013459071905658122,0.018579991932002014,18.97813173488062,1
11334,0.5600000000000004,0.05311191193668607,0.0016021609780834966,0.015852468080549176,19.37527748791878,1
11347,0.6080000000000004,0.05280098746849393,0.0012114236817494948,0.019047943574363044,16.801956890547963,1
11360,0.5470000000000004,0.053183486059389676,0.0013187629140759655,0.012891760435524703,17.98941727430132,1
11373,0.5780000000000004,0.05082717169547603,0.001461739143879994,0.020137623722320794,16.150811005414514,1
11386,0.5220000000000004,0.051551585461504464,0.0013459917291903764,0.018278219898434825,19.387429140224942,1
11399,0.5220000000000004,0.05190673665542988,0.0014503355584456461,0.020156750807933638,19.317722084451933,1
11412,0.5480000000000004,0.050811042525882415,0.0014041925691117318,0.019859195641120393,20.37696675740171,1
11425,0.5880000000000004,0.05130851720770194,0.0014901111234067908,0.018777703821226274,15.443886122523951,1
11438,0.5630000000000004,0.05082539141408048,0.001272833614923042,0.014994608040983879,17.313619073894742,1
11451,0.5900000000000004,0.0526167927282135,0.0014996501053509445,0.014846436252625595,17.599420235694943,1
11464,0.6290000000000004,0.052502454648007006,0.001611342445283445,0.01735701559941815,14.546889756929481,1
11477,0.5580000000000004,0.05342082144707862,0.0015704398646506868,0.017276774396326033,19.447946586358317,1
11490,0.5740000000000004,0.052469329061421974,0.0014990839195598885,0.016059539133885924,16.384150229100253,1
11503,0.5420000000000004,0.049611885051094755,0.0014959678472516677,0.017197628097903657,18.4782309526258,1
11516,0.5350000000000004,0.05235185431184386,0.0013999569446383022,0.0179035808096066,19.411206656059093,1
11529,0.5910000000000004,0.050735883185095074,0.0013812300356177947,0.014782132715541093,16.068446819453495,1
11542,0.5750000000000004,0.0524057893465156,0.0015089780680021144,0.01940540653006854,17.072706479157656,1
11555,0.5510000000000004,0.051344610585288455,0.0014240391337847064,0.021127589201483634,17.652377722390085,1
11568,0.5690000000000004,0.05091975543594059,0.0013758529525660958,0.018026935943141167,16.51092752973258,1
11581,0.5930000000000004,0.05188245624864907,0.0015981444834921466,0.021415675228639085,19.323793107742688,1
11594,0.5470000000000004,0.05251989552209991,0.0014181872299997254,0.015146816300394023,21.210108643817975,1
11607,0.5660000000000004,0.05299625346253702,0.0014157439754417236,0.011966703422100546,19.758137339365447,1
11620,0.5190000000000003,0.0508898283823868,0.001398668534061772,0.01598670715677955,19.132545679683357,1
11633,0.6200000000000004,0.05234382251049534,0.0016092839276476987,0.01915319817023758,15.377022273512258,1
11646,0.5570000000000004,0.05140223380982301,0.0016322589440816405,0.016620617429389913,17.416213346013947,1
11659,0.5510000000000004,0.05164335092900753,0.0014289571926251897,0.016726190099542702,16.53005077595476,1
11672,0.5870000000000004,0.0523347715020438,0.0013959699360016117,0.016675656071148025,16.712444882903963,1
11685,0.5790000000000004,0.05200452680577687,0.0015324804702593218,0.01974661365533509,18.717223691877233,1
11698,0.5420000000000004,0.05167106497225444,0.0014335813863929408,0.023149928271113066,17.564908441827267,1
11711,0.6000000000000004,0.05126698197735104,0.0013204304704427664,0.019235918970191175,15.830153120736993,1
11724,0.5350000000000004,0.05306001750549019,0.001316998772729962,0.015163823645281646,18.55346547130751,1
11737,0.5770000000000004,0.0519971249031534,0.0014054377996787837,0.01732362897688243,16.54905265613882,1
11750,0.5280000000000004,0.05160322673825113,0.0014772832338331167,0.020207445147901817,19.27960602698907,1
11763,0.5730000000000004,0.0503452441186355,0.0014160518034987107,0.017121149279844577,17.242172818317517,1
11776,0.5710000000000004,0.05288081123235672,0.0014304371530797966,0.016131134857067367,17.325780536134285,1
11789,0.5640000000000004,0.0521569695135906,0.0013877298381317744,0.014557475765507859,18.922124906927493,1
11802,0.5390000000000004,0.0515253641915708,0.0014121678864605744,0.02057738481966232,17.964992660819206,1
11815,0.5480000000000004,0.052674928640534836,0.0015872251442939802,0.015820612883361465,20.702905939916644,1
11828,0.5330000000000004,0.051025824909484846,0.001477433161720502,0.015157446785828645,19.53126830419195,1
11841,0.5640000000000004,0.052106607181084334,0.0014074619333818534,0.020058817682608,17.02317634120577,1
11854,0.5680000000000004,0.052529358455320786,0.0015778204572979276,0.015389873326650073,17.621386581897877,1
11867,0.5880000000000004,0.05073293916475796,0.001512118374518358,0.017251954389551346,17.637243056047755,1
11880,0.5660000000000004,0.05243373264566497,0.001468487647498101,0.014848493250497504,19.4449861775643,1
11893,0.5340000000000004,0.05300393518886754,0.0015235635012851446,0.016284343732877286,19.484899882106983,1
11906,0.5650000000000004,0.05208932559484623,0.0016629508270594015,0.019411285655304412,17.30169037848559,1
11919,0.5780000000000004,0.051391341938177744,0.0015644013315908268,0.020884857286821126,17.701706311268207,1
11932,0.5660000000000004,0.05324615935213914,0.0013319458229216984,0.022506915790350957,16.96209783482853,1
11945,0.5310000000000004,0.05162255046293531,0.0013636870663145436,0.014777367497271038,19.2729034377431,1
11958,0.5820000000000004,0.05119220279781703,0.0013359016190057284,0.014712249678360198,17.499962230818554,1
11971,0.5720000000000004,0.05280311556808028,0.0013751389141410338,0.0184298980300404,18.64584162662272,1
11984,0.5370000000000004,0.0526847313240642,0.0014204873756116423,0.01692508720297364,18.67838587031093,1
11997,0.5650000000000004,0.05261445336822535,0.0014719011621700494,0.01580912102652811,18.506438651886587,1
12010,0.5570000000000004,0.051458171321354704,0.001509376485989494,0.016585138406503785,17.371921388026806,1
12023,0.5580000000000004,0.050549137794914566,0.0012890347788231712,0.018163441406188596,16.186620070263118,1
12036,0.5600000000000004,0.05280711499488785,0.0015407160019599321,0.020270624474532116,17.567146921213503,1
12049,0.5930000000000004,0.05162923782368147,0.0012295709440334228,0.02039388635361472,15.970717086516908,1
12062,0.5850000000000004,0.052594252251731276,0.001602186575409498,0.01958223779338597,18.1283673129114,1
12075,0.5250000000000004,0.05261411505299981,0.0013615071578481808,0.0207080692464339,19.11858481230728,1
12088,0.5440000000000004,0.05182156989018,0.0015320981587501304,0.016866496781529378,17.355761339858788,1
12101,0.6110000000000004,0.05205029372187569,0.0016072784298427312,0.01812360216149099,15.817119284044875,1
12114,0.5860000000000004,0.0514853575269883,0.001602067050015004,0.01938191944961649,16.516972334858586,1
12127,0.5380000000000004,0.05080525409618284,0.0014552495556046728,0.022333820616102118,18.844069661993522,1
12140,0.5860000000000004,0.051780914728765004,0.0015674993301064458,0.019429575954980245,17.484697561743673,1
12153,0.5830000000000004,0.05160149342746123,0.0013913864176768732,0.01628528497627581,17.012801200721313,1
12166,0.5280000000000004,0.05156906200959505,0.0014496724356268963,0.017897034550598188,18.959297122382225,1
12179,0.5100000000000003,0.05312577389415725,0.0015577881952191345,0.01650237382685222,20.559368815729833,1
12192,0.5250000000000004,0.05230151175762364,0.0015536032026167788,0.015487276104979469,20.528945731929948,1
12205,0.5740000000000004,0.052444620036697476,0.0014763728315079726,0.014378147183204277,17.351270620126368,1
12218,0.5470000000000004,0.052400294000091184,0.0014520234036614944,0.017581927644824902,19.175324436407568,1
12231,0.5550000000000004,0.05176392684346127,0.0016498317076086508,0.016822342849411708,18.44038307313361,1
12244,0.5760000000000004,0.05219591804704125,0.0014348288717872264,0.012118626249395064,16.357482318050756,1
12257,0.5620000000000004,0.05215074657408792,0.0013849105541077513,0.02155502516009768,18.497606131161305,1
12270,0.5890000000000004,0.05060113901549664,0.001527818385427621,0.014030303540020713,16.820460828891285,1
12283,0.5730000000000004,0.05373108634429592,0.0014595313802922736,0.015260932481237683,18.883726109483522,1
12296,0.5930000000000004,0.05151589709092517,0.00151055102807648,0.013853607706268584,15.891749130691597,1
12309,0.5690000000000004,0.050537760037240434,0.0015797501113210559,0.017416173900120843,18.109075915374135,1
12322,0.5970000000000004,0.05226741487416355,0.0013482814569789367,0.020464541653236967,15.34877700897244,1
12335,0.5660000000000004,0.051108524183614785,0.0014891100205441134,0.019825879621025912,18.16030828287131,1
12348,0.5770000000000004,0.05368692081377419,0.0014946701409267044,0.015143650001507445,18.17788575891667,1
12361,0.5480000000000004,0.05136109158639328,0.0015034601688755692,0.019855825584924682,18.34773390265745,1
12374,0.5590000000000004,0.05329120867233749,0.0013660505807528002,0.017864981502871843,17.739732840489705,1
12387,0.5170000000000003,0.05119209456815602,0.0014165304119380714,0.012830251103574655,18.63525952045477,1
12400,0.5910000000000004,0.05176371921136361,0.001535522535449348,0.017739400743986455,18.713541811445985,1
12413,0.5860000000000004,0.05237029090807119,0.0015522720706946265,0.014608830661080806,15.955258118856625,1
12426,0.5300000000000004,0.050613736831685414,0.0015031940092348488,0.018048325885094023,19.82716947156549,1
12439,0.6020000000000004,0.05152844554874816,0.001440689329191748,0.01869530263281669,16.906405631744207,1
12452,0.5640000000000004,0.05188807332139586,0.0014592996292100788,0.016698411473023436,19.79309755045405,1
12465,0.5870000000000004,0.05095347810935193,0.0015049753562074225,0.018471057235382633,17.01542073997335,1
12478,0.6340000000000005,0.052216348726716856,0.00130699478017314,0.01649627465026624,14.836525471338991,1
12491,0.6110000000000004,0.052135328551672584,0.0013152521485671079,0.01660380704263287,16.54273227114431,1
12504,0.5700000000000004,0.05310170550477064,0.001379705824924498,0.015996279926204046,18.255579922823905,1
12517,0.5770000000000004,0.052100631570450605,0.0014601546919058965,0.016976657641816165,17.15440271573755,1
12530,0.6240000000000004,0.05203900927056866,0.001487739377351623,0.01691617472802802,15.090806007365572,1
12543,0.5620000000000004,0.05215049811667608,0.0016068897445873293,0.022776504697613033,18.702837922227417,1
12556,0.5830000000000004,0.05259663211718225,0.001412914224267244,0.016578210028524477,17.45935415504601,1
12569,0.5190000000000003,0.0522846186914051,0.001356005464263851,0.018147863246642446,17.677023664797836,1
12582,0.6080000000000004,0.053495811995091014,0.0014152047985297033,0.016515311540717125,16.835019084484554,1
12595,0.5430000000000004,0.05235100338015245,0.0013849884504480781,0.0191680274066686,18.01301330250534,1
12608,0.5020000000000003,0.05057093910289665,0.0014198521629260948,0.016062861406857646,21.20121049635735,1
12621,0.5480000000000004,0.05213251496951124,0.00142698027637492,0.019025165062143544,21.715144992000454,1
12634,0.5940000000000004,0.051168035958985676,0.0013556418579266252,0.017110319555664943,16.41063144232426,1
12647,0.5780000000000004,0.051223905780554496,0.00145031753964783,0.015663135940802746,15.992586706109622,1
12660,0.5830000000000004,0.05076827874401467,0.0015347815490394199,0.014940836204340138,16.94621373645674,1
12673,0.5350000000000004,0.05245482638012944,0.0013939808891634286,0.011913494757934,17.815818615794537,1
12686,0.5790000000000004,0.049976871950323326,0.0015314955392040385,0.011930557993926526,18.219805882813393,1
12699,0.5700000000000004,0.05086932008006694,0.001485619498519098,0.016764102504462707,17.35562840055039,1
12712,0.5660000000000004,0.052931702163693035,0.0015358281144255122,0.018355972785634417,18.243265791649765,1
12725,0.5650000000000004,0.051898297394429374,0.0014654281366381,0.020709946385330358,17.312973979053137,1
12738,0.5400000000000004,0.051407525586338466,0.0013503179155255035,0.022888210424905055,17.987023915528766,1
12751,0.5360000000000004,0.05130843688219943,0.0013428329080672258,0.014623514228942097,18.306897346771983,1
12764,0.5820000000000004,0.05160880610231725,0.0014943542148894223,0.016052824535709196,17.137844314148637,1
12777,0.5770000000000004,0.0536462804999405,0.0014664117791546776,0.01795359400459,18.63050070891781,1
12790,0.5810000000000004,0.05104894522695609,0.0014133648224545533,0.015415315090563122,16.066162700356355,1
12803,0.5680000000000004,0.05093981012671305,0.0015202076121559067,0.014005531466986472,18.03837893473199,1
12816,0.5430000000000004,0.05174403189862435,0.0014052190202942375,0.018972118186852353,18.20294448458516,1
12829,0.6390000000000005,0.051469771712333225,0.001398658054116324,0.016074503861389398,15.6171312725168,1
12842,0.5400000000000004,0.05184185271311807,0.0014664336677171481,0.021799778521928926,18.189404936350712,1
12855,0.6460000000000005,0.053639322380363785,0.0013969513903135072,0.017539871954141053,16.26990766498835,1
12868,0.5740000000000004,0.052827302661155415,0.0012360429935498523,0.021229805530499562,15.871750549101202,1
12881,0.5490000000000004,0.05289368864721244,0.0015101318215074832,0.018440256120730903,18.24682228296716,1
12894,0.5620000000000004,0.05274682250145827,0.0014383433745362576,0.020020984731445254,18.394583835890415,1
12907,0.5300000000000004,0.051014522394670844,0.0015646897203206442,0.016752922318844968,17.883614990521167,1
12920,0.5550000000000004,0.0530369616543802,0.0013910563992426692,0.017379885763042457,18.94051877612209,1
12933,0.5440000000000004,0.05228981110604357,0.0014450106485996833,0.01635262707356551,18.592807017090642,1
12946,0.5520000000000004,0.05193134642513012,0.0015000102157237114,0.019808607469785078,18.263061360090283,1
12959,0.5580000000000004,0.051883769989696224,0.0014118404551388191,0.01575192723680092,17.465698662157997,1
12972,0.5500000000000004,0.05262750324310589,0.0015210740324455886,0.017091551585261433,18.552781503112847,1
12985,0.5160000000000003,0.05246986135531777,0.0015158746250848298,0.016141221188483972,20.468901799590093,1
12998,0.6670000000000005,0.052288317431714366,0.0015133154469716423,0.015390108379575931,16.099915112661233,1
13011,0.5530000000000004,0.05254475055231023,0.0013060106246250917,0.018531988760708922,19.74254916972916,1
13024,0.5330000000000004,0.05195513964375584,0.001509495306471957,0.016103893697889473,21.16945682647045,1
13037,0.5590000000000004,0.05031455070050111,0.0014993683451132523,0.019263347859273427,16.75648923918368,1
13050,0.5270000000000004,0.052556852112867564,0.0013567672498563093,0.020865932683647368,18.48985387851851,1
13063,0.5990000000000004,0.05462499232164002,0.0013881284446737058,0.014980449904875185,17.043181291175475,1
13076,0.5690000000000004,0.05229724475360971,0.0015169002492549273,0.019247700544244,18.22665488209506,1
13089,0.5740000000000004,0.05507517808901498,0.0014170180365200749,0.0213272836215606,21.051522282256187,1
13102,0.5350000000000004,0.05184987446132966,0.0016004137980082465,0.019925872759495037,19.85688580413884,1
13115,0.5640000000000004,0.052502903396857176,0.0013771927147692424,0.015107654593167624,18.002870097989327,1
13128,0.6210000000000004,0.05217604694649297,0.0014840687751001716,0.015838051813074086,16.09240591373053,1
13141,0.5780000000000004,0.051130519374643205,0.0015697894113706908,0.026217849035665385,18.697893250584453,1
13154,0.5770000000000004,0.050674815123534264,0.0014695852064797229,0.017925678771881646,18.739448695514632,1
13167,0.5990000000000004,0.053100800417314915,0.0015279073905804788,0.0173777679331912,17.55965921829265,1
13180,0.5690000000000004,0.051641617119153126,0.0015226303293388718,0.017907135872208466,17.619277585650458,1
13193,0.5810000000000004,0.05215126909977649,0.001380663716666961,0.018919677902913736,17.017826214847315,1
13206,0.5600000000000004,0.05166030609993155,0.0014607027519932796,0.014720788954539595,17.486278760651427,1
13219,0.5540000000000004,0.05152980235696746,0.0015082394863372922,0.018203183059319363,18.778433834653296,1
13232,0.6530000000000005,0.05264085650361808,0.0014281611037697353,0.017052983515007968,14.342819798982475,1
13245,0.6120000000000004,0.05233373912746219,0.0015232721245152497,0.019789010637798,16.85110394565805,1
13258,0.5860000000000004,0.05345729132702268,0.0013482062351994428,0.015989112416582504,16.098287838392363,1
13271,0.5340000000000004,0.05105860480741009,0.0014859947607370597,0.021198586437705738,17.901108072127748,1
13284,0.5620000000000004,0.05219985364870814,0.0013734000346840025,0.011380217690699142,18.180595017199828,1
13297,0.5260000000000004,0.049850092173464325,0.0013396036999978626,0.016405437908209117,19.7422736650105,1
13310,0.5840000000000004,0.0504156453540961,0.001497535766180825,0.01987389696020984,18.251293982024286,1
13323,0.5920000000000004,0.05397159180298166,0.0014006282640106852,0.02085615791639595,18.23481467935168,1
13336,0.5530000000000004,0.051107581494876445,0.00141809500305874,0.0143934578205198,19.301671702027853,1
13349,0.5050000000000003,0.05174944102075509,0.001510736434681361,0.023279904624177516,21.442329278526085,1
13362,0.5880000000000004,0.052419034868645235,0.0014297245919912792,0.017148940206056642,17.786378707851586,1
13375,0.5510000000000004,0.051071496074208696,0.0014966954178391816,0.015119616108045263,18.979001853635395,1
13388,0.5310000000000004,0.05281984405054026,0.001449092241110128,0.017559765575268386,20.967654785644676,1
13401,0.5590000000000004,0.05093996165046566,0.0014144349498362097,0.02161536109297643,17.067399392117952,1
13414,0.5500000000000004,0.05324265579106253,0.0014595479752067635,0.021209695904877632,19.603644601542005,1
13427,0.5950000000000004,0.05098386406137214,0.0016328204536246293,0.014402502046760876,15.84613147408327,1
13440,0.5930000000000004,0.05129253120687003,0.0015738834739163247,0.019819003560358223,17.017389945514637,1
13453,0.6180000000000004,0.053738415883707896,0.001522188364354329,0.02035695188183051,16.65543595445651,1
13466,0.5310000000000004,0.053787484447829,0.0014915700109691074,0.01651078581550978,19.078733545227898,1
13479,0.5000000000000003,0.050072245649627714,0.0012871850054693723,0.01958501385944663,19.075452418962968,1
13492,0.5580000000000004,0.05218900137910327,0.0014007705366840572,0.01338281292127415,18.303321238673664,1
13505,0.5570000000000004,0.05229827907780115,0.0014866892333332445,0.02032267468176959,18.600352389924886,1
13518,0.5120000000000003,0.050828934111463844,0.001378287434991915,0.016095741561347646,20.025757236835116,1
13531,0.6000000000000004,0.05307748855730125,0.001527582858178453,0.010742473628259685,17.58728876328494,1
13544,0.5650000000000004,0.05399379543351255,0.0013911975143560283,0.020016414184044727,18.311875411950986,1
13557,0.5710000000000004,0.05130044269523857,0.0015045816905587695,0.023506142596130788,18.434021344709944,1
13570,0.5450000000000004,0.05283835963755203,0.001494973537375635,0.02195167590305026,18.863088765769017,1
13583,0.5330000000000004,0.053582180944938836,0.0014184602805222056,0.02021654650574814,20.01877074677186,1
13596,0.5620000000000004,0.051536284557077816,0.0014382230000394537,0.016742409314587,18.829570386293952,1
13609,0.5920000000000004,0.053361754879174765,0.0015783646329863405,0.020585197035724128,16.87599501916465,1
13622,0.5510000000000004,0.053300218194802323,0.0013583152000761938,0.021510713675289044,19.05346285436157,1
13635,0.6120000000000004,0.054265823441349934,0.0014382909196897053,0.022182508115029136,16.85037151547825,1
13648,0.5800000000000004,0.05212470330505036,0.001484387338910293,0.014999483435322212,18.012162566785324,1
13661,0.5750000000000004,0.0512764000691195,0.001427416867766142,0.013552258953619415,16.15980895001005,1
13674,0.5750000000000004,0.05189669058814745,0.0013967818835282388,0.019636199079339584,16.661396066737197,1
13687,0.5380000000000004,0.05262540470965203,0.0014501240163352692,0.01915553904012657,18.735057052991998,1
13700,0.5520000000000004,0.05076233657062977,0.0015945960381416539,0.01595549971025353,18.21821744698288,1
13713,0.5510000000000004,0.051503390341812706,0.0015363600540698689,0.022356878853693238,17.8307407828705,1
13726,0.6000000000000004,0.05364572920323139,0.001541896525996278,0.01810557191803944,15.566560052301046,1
13739,0.5960000000000004,0.051803702652947106,0.0014142830571645631,0.020082468727280277,17.19152657467479,1
13752,0.5890000000000004,0.05166962491815158,0.001463720973816255,0.01614712447991396,16.3097181231729,1
13765,0.5210000000000004,0.053135377200115866,0.0014644137701926615,0.016672239770229472,20.227714736846977,1
13778,0.5100000000000003,0.05271676728137043,0.0012857010681116593,0.021485602408040632,22.70502356846386,1
13791,0.5350000000000004,0.05157660120766775,0.0013710154130617592,0.01511142565924987,19.50584891395344,1
13804,0.5300000000000004,0.050482434190779135,0.0013830202341108353,0.021776167269872887,19.250648294984032,1
13817,0.5890000000000004,0.050602567124162424,0.0014530143551002984,0.017265770661162312,18.1886430593231,1
13830,0.5560000000000004,0.05323000562684233,0.001503945286573142,0.02164117428969574,20.365356035262565,1
13843,0.5810000000000004,0.05076054148304207,0.0014066695102561357,0.018374510309930203,16.264525136796536,1
13856,0.5500000000000004,0.052496108854619014,0.0014633399357521532,0.01528061032887304,17.540509399454187,1
13869,0.5730000000000004,0.05157518464614783,0.001429910613299183,0.01646785200939716,18.129157384242184,1
13882,0.5770000000000004,0.05202598139862744,0.0013508544833113762,0.018805606964371172,17.010268594043733,1
13895,0.5540000000000004,0.05010704984416885,0.001493774491565624,0.021624024815289147,17.902311694542203,1
13908,0.6270000000000004,0.052040557492031445,0.0016147473469174487,0.02147678636436243,16.16397752616651,1
13921,0.5830000000000004,0.05159116255054519,0.001336692560593745,0.012916298701163637,17.60628925411415,1
13934,0.5920000000000004,0.05303023727679191,0.001473666033711744,0.01579998420354114,17.626997800942014,1
13947,0.5910000000000004,0.05149910822619617,0.0014364795129353416,0.018832977265758825,16.72596948796326,1
13960,0.5630000000000004,0.05120283862925315,0.0014957906731535569,0.018557459703674457,18.306404263397496,1
13973,0.5370000000000004,0.05261847513513076,0.0014094714766042682,0.017454278700237195,18.266299640468954,1
13986,0.5200000000000004,0.05276080669437234,0.0014076237493563775,0.018048603357436455,21.920659377205094,1
13999,0.6290000000000004,0.05307346529066902,0.0014662417116947807,0.018740861408378526,16.46549753290898,1
14012,0.5530000000000004,0.050935685105951325,0.0014360623501236546,0.01255866354813553,18.715648859725917,1
14025,0.6190000000000004,0.051407470957672875,0.0015864770471206574,0.016750611811456637,18.172498696958176,1
14038,0.5570000000000004,0.05109239713274134,0.0015809946413866053,0.017526601696346497,18.65098082175343,1
14051,0.5600000000000004,0.05264430298973667,0.001394233994576832,0.016739587323772332,17.94866696055706,1
14064,0.5960000000000004,0.053476984044869766,0.0015254664307359168,0.020868872405052568,17.587505471219917,1
14077,0.5210000000000004,0.05075112990692108,0.0013434318218452695,0.0170881560970091,19.339411885216077,1
14090,0.5220000000000004,0.050478426782495034,0.0014583873234545405,0.019096041364258777,19.731978178341457,1
14103,0.5850000000000004,0.05142984788244721,0.0014677497883017752,0.01717230327435908,16.36325970796284,1
14116,0.5840000000000004,0.05331218179970717,0.0016094772644808047,0.014705829123537916,18.037802303896243,1
14129,0.5830000000000004,0.05358820928183502,0.001442352364385505,0.01420664916022431,17.34179941019824,1
14142,0.5700000000000004,0.052122117089972324,0.0014169922039908426,0.016950301821461553,18.57358411320533,1
14155,0.5550000000000004,0.05265717128351586,0.0014859999910382467,0.02215594131819275,19.143348811503554,1
14168,0.6290000000000004,0.051385158521495014,0.0013965230982119297,0.017504940414649162,16.237110121824387,1
14181,0.5730000000000004,0.05394867129150542,0.001380121664486567,0.01941379971017274,19.263174948140772,1
14194,0.5740000000000004,0.05207079610586221,0.001614797415512811,0.020972139371764772,16.622804750215714,1
14207,0.5450000000000004,0.052416693960270336,0.0016489671420721079,0.0202837673684353,19.452959463742115,1
14220,0.5930000000000004,0.05072763005841437,0.0014185673192175007,0.01988707685300653,16.77721913337665,1
14233,0.5590000000000004,0.052084004763128085,0.001297185068077564,0.014462313667222417,20.001800674982842,1
14246,0.5430000000000004,0.05354805277944201,0.0015555550207874132,0.018338058110492918,18.34162934553713,1
14259,0.5650000000000004,0.05425361497343261,0.0013444033458409892,0.01348968472329111,18.10454116388468,1
14272,0.5920000000000004,0.05316022646234462,0.0015259016386187465,0.015892297162812995,16.00310578338075,1
14285,0.5770000000000004,0.05147249933263882,0.001553133225897149,0.020252627838083303,17.631690420873927,1
14298,0.5480000000000004,0.05102348403780627,0.001426279400223484,0.019313889623472157,18.289616774198816,1
14311,0.5630000000000004,0.0529386224725433,0.0014184618324813646,0.012047235502028979,17.89155857041645,1
14324,0.5790000000000004,0.05330382149567109,0.0015458239068503958,0.01776370059991898,17.22759415277338,1
14337,0.5510000000000004,0.05341671852133536,0.00160172434601379,0.018525222664205535,17.63609075276126,1
14350,0.5330000000000004,0.053067039403714676,0.0013943329012198532,0.016240688281747167,19.039961727567956,1
14363,0.5390000000000004,0.05145750696530026,0.0014438302983536683,0.019120760093581938,18.932409046852893,1
14376,0.5500000000000004,0.05310243864969425,0.001383373366575281,0.017668386033754768,19.54422866572088,1
14389,0.5530000000000004,0.05203921170619394,0.0013971408835585291,0.016445034477009745,17.6991268800426,1
14402,0.5470000000000004,0.05172030917825689,0.0013527763360329159,0.018421755344614255,18.856270977764893,1
14415,0.5630000000000004,0.05176121107062219,0.0016051145954704919,0.01475193055318386,16.79238667179777,1
14428,0.5620000000000004,0.05017517948952186,0.00144883751898325,0.015270384542321805,17.992317440049966,1
14441,0.5540000000000004,0.052599398769990424,0.0014758201827562158,0.016181580791071667,18.16908355101712,1
14454,0.6000000000000004,0.050805797836386474,0.0014898026653425284,0.016630463507956144,16.45318663276202,1
14467,0.5920000000000004,0.05170291363308195,0.0014426185852715661,0.016997918165846122,16.278644105015758,1
14480,0.5760000000000004,0.05213697601343043,0.0014722739294810187,0.02100936545731208,16.982089589146156,1
14493,0.6220000000000004,0.05177329468128421,0.0014178238357719726,0.019535603433446933,16.2816303226212,1
14506,0.5660000000000004,0.051785326619751486,0.0015412196929294809,0.021503320248547123,19.044128637177142,1
14519,0.5910000000000004,0.052145214125547165,0.0014338999079534821,0.016466279335138487,16.19642260881819,1
14532,0.5580000000000004,0.051472696528747,0.0014813183775990336,0.017779988197363164,18.12084678940885,1
14545,0.5510000000000004,0.05285561483891174,0.0015657674308575504,0.019812319050316215,18.463517659375448,1
14558,0.5790000000000004,0.05154215898805748,0.0015257811506845828,0.018177473699058314,19.20129682293721,1
14571,0.5880000000000004,0.051067524926192744,0.001388924822531483,0.01915126109712159,16.81214791192026,1
14584,0.5840000000000004,0.0523612871823891,0.0014774960151131842,0.01769883384692817,19.1690988407414,1
14597,0.4920000000000004,0.053198786596974454,0.001474371454822925,0.018486880270682647,20.386222914917777,1
14610,0.5400000000000004,0.051272337514635544,0.0014939261341262342,0.01975568342939707,18.2924363854897,1
14623,0.5720000000000004,0.050996917172925524,0.0014945867945649314,0.01584352453775793,18.836583408277225,1
14636,0.5700000000000004,0.050625197598034265,0.0015121065887356965,0.01873721022572931,17.078007401791364,1
14649,0.5770000000000004,0.0517414151717255,0.0014228769938697391,0.016756094889544933,17.29944936670882,1
14662,0.5320000000000004,0.051463186218063076,0.0014456542260737287,0.018508805450970087,19.826306645894633,1
14675,0.5440000000000004,0.049957667154891944,0.0013905351667060082,0.018690787213955416,18.360122207612445,1
14688,0.5580000000000004,0.05203075188163369,0.0014614272093568127,0.02064528859343692,18.320721615387146,1
14701,0.4840000000000004,0.050222462918392254,0.001287708559481494,0.01980433138280702,21.521108091937215,1
14714,0.5880000000000004,0.0511527247460789,0.0015027528609906408,0.01701151151697425,16.393182226127365,1
14727,0.6060000000000004,0.05202011427852727,0.0014545863645161411,0.017765718965548943,16.753672328801276,1
14740,0.5790000000000004,0.05025701445081458,0.0015353645408293472,0.01612304937598211,15.89479704791376,1
14753,0.5750000000000004,0.052870616240382425,0.0015564951357976411,0.018849758971727117,18.096504776815998,1
14766,0.5980000000000004,0.052824632370756845,0.0013922027308507726,0.019410706933288547,16.715505295106887,1
14779,0.5790000000000004,0.05167525884527814,0.0012782575737183641,0.01943104895385825,17.582356547061135,1
14792,0.6150000000000004,0.052765488097823526,0.0014696734445301396,0.01626371058169571,18.30983506580563,1
14805,0.5080000000000003,0.05136313483744784,0.0014520609008920554,0.016972401334890936,20.26515121719413,1
14818,0.5430000000000004,0.051509937526203496,0.001616811273475403,0.022255969305340944,19.68407567782029,1
14831,0.5960000000000004,0.05058677873888607,0.0014910665391234374,0.017278982616347575,15.61004879477035,1
14844,0.6140000000000004,0.05297235421721459,0.0017341666348777132,0.018800779393291285,17.23168274852879,1
14857,0.5930000000000004,0.05219186389987734,0.0013660900064823632,0.01679996234447386,15.562692561234853,1
14870,0.4980000000000004,0.05182987006372501,0.001541285585195305,0.014887173526073431,21.699133788281742,1
14883,0.4890000000000004,0.050370259656739254,0.001364014037310963,0.017577586205638117,21.159629369520626,1
14896,0.5280000000000004,0.05217033914670997,0.0016079366011635052,0.01759566319725714,19.36146342351902,1
14909,0.5890000000000004,0.05159617937179282,0.0014453540008005708,0.020188863483750572,16.236482662499146,1
14922,0.5380000000000004,0.05307217377146421,0.001385768036100312,0.02010934695334109,18.043859174385922,1
14935,0.5980000000000004,0.051153475725659536,0.0015154604158518574,0.012348420675875516,14.758115491561794,1
14948,0.5470000000000004,0.05135972121460485,0.0015124170484237744,0.01628876364279101,19.578223378623104,1
14961,0.6150000000000004,0.05369648785515828,0.0014485411283062268,0.017855980582582233,15.809580508392731,1
14974,0.5600000000000004,0.05160911211963732,0.0014964100313025613,0.01730123775819449,17.453040299644087,1
14987,0.6220000000000004,0.05250852100670265,0.0014028957050666942,0.018225233422207294,15.706925335996306,1
15000,0.5850000000000004,0.05323761219457754,0.0012332282897610197,0.020670886103690663,17.58762010113881,1
15013,0.5660000000000004,0.052860950553555774,0.0013718767064819233,0.020023600568569992,17.827450751696315,1
15026,0.5270000000000004,0.050074227769949436,0.0014516780803700787,0.025022408475337043,19.125303459084087,1
15039,0.5990000000000004,0.0523937768384785,0.0014328743767143522,0.018504577513663127,14.362647765293719,1
15052,0.5950000000000004,0.052443525323336994,0.0015441407022371376,0.016906839883197116,16.32499860996926,1
15065,0.5330000000000004,0.05195387084173755,0.0012272049420123925,0.01622960516992641,19.285421030613374,1
15078,0.4880000000000004,0.05242937030766496,0.0014303020366440281,0.015640550998592087,20.318998126369234,1
15091,0.5030000000000003,0.051184467268195345,0.001343560531818204,0.017892382157098118,19.822097044503458,1
15104,0.5640000000000004,0.05168787989915425,0.0015590720341920757,0.016032340407335317,17.469753934569557,1
15117,0.5660000000000004,0.051203641919813844,0.0014050016005769201,0.02125964255943988,18.121099744213957,1
15130,0.5660000000000004,0.050846162595719564,0.0014507096031480746,0.020488560765362995,17.60877365702641,1
15143,0.5760000000000004,0.05138125628330337,0.0013602679427132957,0.018660223800606657,16.88174788359662,1
15156,0.5920000000000004,0.0538967868349971,0.0014827201016210968,0.020397386853098918,17.855023071626704,1
15169,0.5830000000000004,0.052367354273408266,0.0015589741442217702,0.01938512264824425,16.219156443367364,1
15182,0.5660000000000004,0.052286645351261984,0.001471935434025497,0.019431288502665543,18.68099006480036,1
15195,0.5670000000000004,0.05272220768557654,0.0013935727490727284,0.014112041628358826,19.642905677325242,1
15208,0.5440000000000004,0.05160321726946559,0.001406111287379884,0.023950859473832454,17.330366090949646,1
15221,0.5480000000000004,0.05159526181297135,0.0016095676266074783,0.02256652963992732,19.34981181629589,1
15234,0.5240000000000004,0.051329947539642776,0.0014451837313556237,0.018416570205920104,18.3341216465517,1
15247,0.5780000000000004,0.05140477219756359,0.0015024990141160636,0.02001617712130329,17.190764895816294,1
15260,0.5140000000000003,0.05129709385626468,0.001321379388170199,0.01885621685949034,20.9975020548534,1
15273,0.5520000000000004,0.05069636762454831,0.0014172876360206432,0.018768815281569626,19.196619455600384,1
15286,0.5520000000000004,0.05152957130366783,0.001307641285572622,0.022385861829463685,17.683826385174598,1
15299,0.5370000000000004,0.05083659437368317,0.0015895478461228796,0.017658035271173832,18.504649101913888,1
15312,0.5410000000000004,0.05268773902941788,0.0014772599474755603,0.016168279941002797,18.302281954533512,1
15325,0.5340000000000004,0.050971711368100095,0.0013884116792032314,0.019075987688560753,19.425566382148336,1
15338,0.4980000000000004,0.05159585788051937,0.001329831203574044,0.0178620854253623,20.56390221356605,1
15351,0.5650000000000004,0.05208660685844899,0.0015060440234298525,0.019758382235715116,19.531445632163603,1
15364,0.5460000000000004,0.05056106166210169,0.0014434746594025932,0.017557821331560947,18.6622037102548,1
15377,0.5000000000000003,0.05144268198136549,0.0013745498949648495,0.015182812346171692,19.723129421669324,1
15390,0.5840000000000004,0.05107736373667323,0.0014904660851463762,0.015793858410961908,16.36094863553528,1
15403,0.5450000000000004,0.05199087084459774,0.001449800094715308,0.02055703190201746,19.668525562572906,1
15416,0.5740000000000004,0.05238383458426043,0.0012536617915530838,0.022571505128688076,16.731243199307485,1
15429,0.5360000000000004,0.05169616463017476,0.0013638374117979854,0.014715801956167063,18.945677039431622,1
15442,0.6000000000000004,0.05249161329760424,0.0015144840096675387,0.015879654073454354,17.830014917162092,1
15455,0.6070000000000004,0.05157950221776569,0.0015115505852938214,0.01933609034398698,14.93682487885022,1
15468,0.5600000000000004,0.051217228594680496,0.0014866626531127212,0.02108812837866876,17.616818061305178,1
15481,0.5320000000000004,0.05174271297152961,0.001441784760092533,0.022642714366248696,19.649058174343946,1
15494,0.6270000000000004,0.05356015959663959,0.0014625658269834176,0.019279587444504715,15.911180655472066,1
15507,0.6020000000000004,0.05426512414446042,0.0014761321951711442,0.016360561636254333,18.134828487748955,1
15520,0.5520000000000004,0.05040900438169311,0.001457302824523992,0.019726450691742253,16.55609830129144,1
15533,0.5620000000000004,0.05362026202616885,0.0014080916226082655,0.021771466217598318,20.14307642703926,1
15546,0.6070000000000004,0.05090556753645212,0.0013702832848335824,0.02346456391515509,16.656089280437598,1
15559,0.5120000000000003,0.05047662348542696,0.0014286682624880236,0.018690115635465153,19.690055490704722,1
15572,0.5760000000000004,0.05230431896025203,0.0013605070044736363,0.015148282009694588,18.329002286839984,1
15585,0.5710000000000004,0.05212134032347671,0.0015541258224388928,0.017849421686301884,17.81140692888292,1
15598,0.6070000000000004,0.0530141906951088,0.0015844523729544296,0.018775202907119787,19.718919699328517,1
15611,0.6080000000000004,0.05116438419445847,0.001619306920480809,0.010518286860796209,18.88238442964726,1
15624,0.5830000000000004,0.051363989265417825,0.0015897257208120537,0.01650085879271205,16.915658558228362,1
15637,0.5230000000000004,0.05225545712335082,0.0012971635494386585,0.018480844803114328,20.619203286548014,1
15650,0.5340000000000004,0.05117142864686885,0.001546891010930243,0.018700014881486048,18.125620595787495,1
15663,0.5910000000000004,0.05434326467324689,0.00133414761534635,0.013277784731631008,15.920359645815056,1
15676,0.5730000000000004,0.05194697966454969,0.0014217329670500299,0.020802576003891196,16.371030115511804,1
15689,0.5450000000000004,0.051423719434453556,0.0014354472505259273,0.01630422656364201,18.55244779466326,1
15702,0.5710000000000004,0.05145860959516464,0.001453842921069846,0.019518907192327406,17.59013341232698,1
15715,0.5860000000000004,0.05169546638142444,0.0013414198660151636,0.01802104498963545,16.907383127365392,1
15728,0.5410000000000004,0.05255791322976725,0.0015181979342728795,0.01730518893954491,18.24213641058698,1
15741,0.5380000000000004,0.05118197343398737,0.0014865267954375298,0.01844702608163174,18.152705194860935,1
15754,0.5540000000000004,0.05277920101029191,0.0013158391043614325,0.01824967312759223,18.467119080729926,1
15767,0.5430000000000004,0.05229738665774553,0.001423532387092181,0.01755735164737548,17.62527466239791,1
15780,0.5910000000000004,0.05243354108114177,0.001398665440264752,0.018674566743498176,17.264476346244674,1
15793,0.5520000000000004,0.050026825701007645,0.0015261727045470567,0.02096066809597518,17.39570953695602,1
15806,0.6210000000000004,0.05261918685953891,0.001460357617187751,0.01776825887268494,16.0466521891319,1
15819,0.5850000000000004,0.05192301782060271,0.0013565324967062073,0.01776766998778195,17.57245960872676,1
15832,0.5260000000000004,0.05112544496509847,0.0015535707098945574,0.019737284737212927,20.248132435222885,1
15845,0.5290000000000004,0.052089101447447585,0.0015177715115535463,0.01665337887686318,17.655866939422264,1
15858,0.5600000000000004,0.05294983354267683,0.0014139535762821447,0.014765973107933606,18.048478194565313,1
15871,0.5480000000000004,0.05176832920662548,0.0014255791837683458,0.022275006657552877,18.243044986619463,1
15884,0.6110000000000004,0.05168690899835997,0.0014990375383240676,0.017578895602268888,19.23387314383499,1
15897,0.5480000000000004,0.05141965015908729,0.0014363214970092987,0.018019654185919685,18.471509376107548,1
15910,0.5930000000000004,0.0525447528592476,0.0014221203750254038,0.016234630039955022,17.54094000229663,1
15923,0.5800000000000004,0.05168652533634476,0.0014924537380980917,0.019266327759867988,16.96532584048081,1
15936,0.5750000000000004,0.050657408533981936,0.0015726976288145626,0.020318896946459466,17.834229941470085,1
15949,0.5940000000000004,0.053735938731784776,0.001499851260695302,0.019277448567359603,16.91129745731637,1
15962,0.5710000000000004,0.05076663108368255,0.0013253153193193354,0.015173770059076238,18.669357946483302,1
15975,0.5650000000000004,0.05215814484069989,0.0015478008477801336,0.01968678127670512,16.810587868514432,1
15988,0.5610000000000004,0.05167549203249266,0.001260536703743734,0.020684917782316396,17.864669920785612,1
16001,0.5920000000000004,0.05175088393568124,0.001418254224445428,0.01945750115168849,18.42093227428283,1
16014,0.6350000000000005,0.05262207350979735,0.0013820094598489174,0.022259613398737832,16.297764941580944,1
16027,0.5010000000000003,0.0512028120840383,0.0013661680772843383,0.01854334994511744,20.657497326430082,1
16040,0.5370000000000004,0.05137255633140445,0.0015592083456857995,0.019932274616931082,18.777044176241336,1
16053,0.5830000000000004,0.052963220249872704,0.0016952606234916343,0.018422854659667247,18.192420010283435,1
16066,0.6030000000000004,0.05391175902954868,0.0014952713576177287,0.015032908022557728,17.898949853841394,1
16079,0.5490000000000004,0.05138218306836055,0.0014463659154435415,0.01615954361708394,19.977767043465178,1
16092,0.5420000000000004,0.050550265956103305,0.001433945091890826,0.016896907169034442,19.561908725502388,1
16105,0.5640000000000004,0.05128064755250117,0.0014294361309547896,0.01810712509548338,18.852628239667474,1
16118,0.5490000000000004,0.05248903654030083,0.001391684286392042,0.01804397460879547,18.97158221869341,1
16131,0.5660000000000004,0.05236876033015152,0.0013969642737676144,0.017539587839855535,18.994183306621554,1
16144,0.5550000000000004,0.05199355233227527,0.0014098952573473825,0.021539961734814105,17.943300422866937,1
16157,0.5620000000000004,0.05043233715555754,0.0014565653438544325,0.017659209443142608,17.835991169696136,1
16170,0.6100000000000004,0.05244220755849074,0.0013329438333922598,0.018235489737759666,17.282925687374185,1
16183,0.6240000000000004,0.05210118553689075,0.0013797174460967675,0.017321094448864004,16.585164467434243,1
16196,0.6100000000000004,0.053807908187545,0.001557200977122669,0.021859660867321603,17.558852811617985,1
16209,0.5300000000000004,0.05124572641507727,0.0014375897151796292,0.02001852511920902,19.464808030387687,1
16222,0.5770000000000004,0.051519941753899505,0.001406017609119163,0.01899325072002055,16.59801487955884,1
16235,0.5590000000000004,0.05250736122556411,0.0015855373254023094,0.015202435057778506,18.471893615268257,1
16248,0.5520000000000004,0.05173135105501189,0.0013075206271643005,0.020655991918893214,18.64222478971237,1
16261,0.5440000000000004,0.050711553001997374,0.00150105529986218,0.019406964220841184,18.57950380477465,1
16274,0.5520000000000004,0.050753855143569324,0.0014565319779319208,0.015544602256794498,19.02544151858948,1
16287,0.5320000000000004,0.05192831832446825,0.001516328268285032,0.018246201555987242,20.28067182151545,1
16300,0.5160000000000003,0.05366067323316972,0.001373323899793103,0.021070342358456097,20.66262713102121,1
16313,0.6140000000000004,0.05297207637318601,0.0014394530105042872,0.020662440127729557,18.00138849514115,1
16326,0.5050000000000003,0.05059946564159897,0.0015173458133625434,0.01921977326179988,20.44267697173464,1
16339,0.5650000000000004,0.05069771030895861,0.0015553897355091715,0.015256939048115647,18.012676830544983,1
16352,0.5590000000000004,0.05095793326275941,0.001423793212468385,0.0204946928266981,17.90035499633165,1
16365,0.5320000000000004,0.053380636094749905,0.0013755628046940836,0.017204813705402822,18.320097237780523,1
16378,0.5640000000000004,0.05142880072833897,0.0013417652636890896,0.019190371890635036,18.030231776584746,1
16391,0.5550000000000004,0.050522628609102574,0.001503697267673039,0.014005816126335016,18.280288587892198,1
16404,0.5490000000000004,0.05279874397354614,0.0014443911848332457,0.0205956416029943,18.12899781739706,1
16417,0.5190000000000003,0.050869274320798165,0.0013167435724742937,0.01953930804998672,18.949507732305182,1
16430,0.5510000000000004,0.0513010215984701,0.001404909846709756,0.0123610407130494,18.297983253084944,1
16443,0.5770000000000004,0.05252390371042865,0.0014260795809414076,0.02004764112140764,17.707252402421275,1
16456,0.5780000000000004,0.050859996116656245,0.0013156650406122262,0.017904011475263503,18.69450135488456,1
16469,0.5740000000000004,0.05315424858860912,0.0016943037109440732,0.015744987340077267,17.72629678197058,1
16482,0.5470000000000004,0.051349013557163495,0.001426369199172575,0.021762788647053437,18.224348111904778,1
16495,0.5440000000000004,0.05034051090279221,0.0015912493684592272,0.01891507336315431,18.77186336386456,1
16508,0.5040000000000003,0.05210359560081564,0.001418335050849411,0.019763309090496464,20.457469210003115,1
16521,0.5740000000000004,0.0518636094212262,0.0014476279207838174,0.015996855617695874,20.37500543026275,1
16534,0.5450000000000004,0.05213939813888776,0.0014285595480231766,0.01286111690306361,18.415407889572315,1
16547,0.5230000000000004,0.050600692725004524,0.001498065607940608,0.01762096298692103,18.93316644245733,1
16560,0.5790000000000004,0.04980887287747115,0.0014256931522762626,0.01783077583228331,16.364618852899984,1
16573,0.5190000000000003,0.05237430723995251,0.0013375059065565773,0.018834455552351914,19.069186213564222,1
16586,0.5630000000000004,0.05249755813407198,0.00144250850346519,0.018230129162778403,16.170599172715118,1
16599,0.5350000000000004,0.0504016461689113,0.0013843432812776961,0.017496313620067438,17.991394040721907,1
16612,0.6230000000000004,0.054691977830385874,0.0014650329211690983,0.01632180855969058,17.744989145102572,1
16625,0.5900000000000004,0.05209592970325867,0.0014965596121412391,0.019599198775685195,19.314426466219388,1
16638,0.6010000000000004,0.05238624646041802,0.0014031641478650541,0.015739717983465722,15.774163546154439,1
16651,0.5650000000000004,0.05396010356532053,0.0014648393351176202,0.022433274523115235,17.36198854087685,1
16664,0.5350000000000004,0.052554098195540834,0.0014395203215500846,0.01773676565848287,18.82582106101596,1
16677,0.5360000000000004,0.05237699215107592,0.0014472529912078328,0.019845252296598805,20.110141018554884,1
16690,0.5460000000000004,0.053289695294277246,0.0012637047456481698,0.016585769296587585,19.459915884217764,1
16703,0.5640000000000004,0.05258789969237571,0.001505742201501557,0.02230300386822595,18.596396621611458,1
16716,0.5670000000000004,0.0519961403859173,0.001507180453170349,0.016684523709480693,17.583415388072872,1
16729,0.5410000000000004,0.05264868991690935,0.0014584997342502498,0.01773139278644474,17.833505689954155,1
16742,0.5620000000000004,0.05293655822913374,0.0014481160685760443,0.018524395402102798,16.85914002455547,1
16755,0.5270000000000004,0.04943642714810886,0.001578664149078789,0.020683958475599014,19.136876664382534,1
16768,0.5520000000000004,0.05120556014334031,0.0015304546280038701,0.01624616691077728,17.678078660587122,1
16781,0.5520000000000004,0.05132918887290608,0.0014868703125231178,0.012275841208689114,18.585167694042298,1
16794,0.5360000000000004,0.0527701940891146,0.001422354702055394,0.013082124328773917,19.56721103465223,1
16807,0.5910000000000004,0.0515209526648828,0.0015156531244408446,0.014971428353627702,16.74392483016933,1
16820,0.5250000000000004,0.05233934181449337,0.0014803557472281314,0.020378543816077684,18.444070509249794,1
16833,0.5220000000000004,0.05092431698407497,0.0013994727542240985,0.018680333027781344,19.13348662852458,1
16846,0.5560000000000004,0.051914539036093686,0.0015472902126329677,0.017532305659418677,16.93213136935798,1
16859,0.5510000000000004,0.05330875827438118,0.0014427941902071086,0.01684752260827826,18.42825131645554,1
16872,0.5370000000000004,0.0525244839641344,0.0016034263953633382,0.016791109865784613,21.086669258056,1
16885,0.5570000000000004,0.052142994522817496,0.0013825893063222066,0.018375250948074386,18.032172158942725,1
16898,0.5740000000000004,0.050151757811388586,0.0013120282213333512,0.018394192919949228,17.039254135019796,1
16911,0.6140000000000004,0.05189417099487301,0.0012763043926564198,0.017300265127369485,16.097506982335968,1
16924,0.5610000000000004,0.051795874452067577,0.0014093470782666634,0.01580454105030823,17.09759391933386,1
16937,0.5440000000000004,0.05212398259083512,0.001562795633062561,0.017906075096646865,19.42513232364218,1
16950,0.5800000000000004,0.05098729151712026,0.0013534043849860017,0.021662990250550962,16.38450167551515,1
16963,0.5420000000000004,0.05088482060393472,0.0013689512635852873,0.020428790665895282,18.142679824472815,1
16976,0.6280000000000004,0.05322135627479069,0.0014401588827434144,0.018180832223923544,14.885210383277924,1
16989,0.5790000000000004,0.05291381767754568,0.0014890292002993836,0.021287354824744573,18.795025236871304,1
17002,0.5510000000000004,0.05110044209339692,0.0014794163096805283,0.016895499342822917,18.25710090641964,1
17015,0.5390000000000004,0.05284050510700875,0.0015827004864521794,0.01591154788856064,19.766641823017764,1
17028,0.5680000000000004,0.052313906924473616,0.0012987501047592915,0.020713547990035736,18.19267403737381,1
17041,0.6490000000000005,0.052380739149274186,0.0014388682593018988,0.020877920013131147,14.595232254198924,1
17054,0.5440000000000004,0.05160547617821121,0.0015298238538527659,0.019152029086774307,19.082989747137685,1
17067,0.5090000000000003,0.052769870724852896,0.0014337151174948386,0.020817718000438776,19.25126063504857,1
17080,0.5680000000000004,0.0509561049299029,0.0015008242144039672,0.02086548174908894,16.84588621678549,1
17093,0.5830000000000004,0.050430992150033715,0.0014400619912087903,0.01204715343220112,17.808692129107488,1
17106,0.5470000000000004,0.05074495107970378,0.0015809563937778284,0.019420956245478748,18.378834286610996,1
17119,0.5680000000000004,0.052868709913136296,0.001363259918989588,0.016262722230532774,16.888130394375334,1
17132,0.5550000000000004,0.05309875945951475,0.0015310292959913908,0.021281178066944285,19.98923615671109,1
17145,0.5310000000000004,0.05137532591996305,0.0015511517645820285,0.02117483757959261,18.19178872265136,1
17158,0.5780000000000004,0.051498087773170824,0.0015319352144757756,0.0188013484200118,16.57126340098712,1
17171,0.5400000000000004,0.05073581582651395,0.0013883114636460922,0.01643567372117445,18.883341804849334,1
17184,0.5280000000000004,0.051917089994593546,0.0013745340394842932,0.01812315430209168,19.901061337516225,1
17197,0.5420000000000004,0.05356392548325457,0.0012355415261869366,0.019125936373241576,19.294856320448442,1
17210,0.5780000000000004,0.05269095389576433,0.0015807242744816936,0.02266118687646318,18.133553466387745,1
17223,0.5620000000000004,0.051049515809297195,0.0013347727671197262,0.017175237784300686,17.679602541321014,1
17236,0.5300000000000004,0.05127012161220959,0.0014886751368610159,0.016286032151652762,19.636892147609018,1
17249,0.5940000000000004,0.05256856443697572,0.0014346781058236396,0.015739035613861002,17.855981378708407,1
17262,0.5120000000000003,0.04988620741842644,0.001386771376578675,0.01801718853410022,19.669904914617707,1
17275,0.5600000000000004,0.05126044542603686,0.0013696176998500254,0.01613356802498855,17.81835213614355,1
17288,0.6510000000000005,0.051880323192655294,0.0014464430951916967,0.015372266421330893,13.81964419715542,1
17301,0.5620000000000004,0.05129065685914742,0.0016347431387818293,0.01918552963846393,16.920856621356297,1
17314,0.5460000000000004,0.050743486936378195,0.0014436150028847628,0.022447466180922,18.26416542465744,1
17327,0.6230000000000004,0.05369155329022953,0.0015996542289655313,0.020989591191428972,15.987847271217408,1
17340,0.5420000000000004,0.05144845293194546,0.0014865527195461773,0.01325403003437162,18.25182698213123,1
17353,0.6180000000000004,0.05227341451645175,0.0015636291023369544,0.022397142986084136,16.957135742218778,1
17366,0.5880000000000004,0.05181776584656832,0.0015382872898551333,0.01548606223727566,17.18205202812813,1
17379,0.6290000000000004,0.054096083186873686,0.0014707611853460245,0.016880948078074175,16.65861115839386,1
17392,0.5470000000000004,0.051463187175748694,0.0014932333082676428,0.015674626711860536,19.45815442479619,1
17405,0.6110000000000004,0.05062944934818786,0.0014976467257007706,0.01733733739828495,17.907043428131658,1
17418,0.5890000000000004,0.05199320679555714,0.0014799927435359408,0.021914583503175347,15.733647825341803,1
17431,0.5020000000000003,0.05247459298513386,0.001487090167642804,0.01999843473955072,20.44842852772755,1
17444,0.5440000000000004,0.052386185205696024,0.0013355117389390611,0.020196640277816987,19.23613671077192,1
17457,0.5440000000000004,0.05234134670400779,0.001534921815140691,0.021594165333323145,18.54048039925289,1
17470,0.6150000000000004,0.05301848275491417,0.0014578984624805816,0.014997878906536883,16.7130255642532,1
17483,0.5630000000000004,0.05297591789816025,0.0015635415117568599,0.01968849921669355,17.792391210371203,1
17496,0.5560000000000004,0.05282017363876982,0.0014898097746627592,0.01663581625999329,19.115810452866207,1
17509,0.5490000000000004,0.05068329066627412,0.0015177441880214998,0.0161877484032703,18.935063752509716,1
17522,0.5800000000000004,0.052235518617820526,0.0015330472355870029,0.01549806122347194,16.237820401940454,1
17535,0.5830000000000004,0.05361670099429451,0.0012607631959690013,0.016162436085028677,16.200475129704234,1
17548,0.4910000000000004,0.050724932084594526,0.0014371562262754873,0.022855925643582582,21.544032304106842,1
17561,0.5630000000000004,0.0506168966631592,0.001513724972253387,0.01873019924604666,18.913158184837823,1
17574,0.5650000000000004,0.04985082353118437,0.001438387595204634,0.019382345726049244,16.168660535522502,1
17587,0.5280000000000004,0.05145649069200668,0.0014047452562235658,0.02108195128263165,18.014213739872112,1
17600,0.5090000000000003,0.051748655529526705,0.0014074850278187237,0.018125283975249203,19.021987858337923,1
17613,0.5900000000000004,0.05218620936038904,0.0015735986528856735,0.02011873479902278,16.011688437161702,1
17626,0.6310000000000004,0.05196183380210585,0.0014911082767527482,0.01763311056642194,17.216339694302246,1
17639,0.5850000000000004,0.05318182446692467,0.0014960253027932464,0.012993770325387928,18.615334049698447,1
17652,0.5670000000000004,0.05234745469190663,0.001460031031965443,0.016912945927495815,17.546481641722615,1
17665,0.5000000000000003,0.0513831957629251,0.001452436838306522,0.016827894912763007,20.869248798902362,1
17678,0.5540000000000004,0.05112767610953567,0.0015559681910432368,0.016969813662824067,20.53300236881396,1
17691,0.5400000000000004,0.05161596397422276,0.001208586693733498,0.0198328092350587,17.28288787323051,1
17704,0.5220000000000004,0.050700705771978,0.0014964945474339082,0.02103555639954901,19.6547858484329,1
17717,0.5910000000000004,0.05276845939231306,0.0015976505704668378,0.017981503105156837,18.60928423001541,1
17730,0.5840000000000004,0.05327749457785717,0.0015291067818411718,0.020533436065834916,19.72095740902781,1
17743,0.5270000000000004,0.05107001365618603,0.0013812579655862352,0.01543831442151644,17.560110665924032,1
17756,0.5460000000000004,0.05085245105844067,0.0014891394844690833,0.020754892313819752,18.03476320300984,1
17769,0.5640000000000004,0.053452412851069026,0.00153728215881434,0.017634061934963783,18.870623121086293,1
17782,0.5710000000000004,0.05028782253649726,0.001489956915457086,0.02345034616204682,16.339012718920564,1
17795,0.5600000000000004,0.049869304228073154,0.0013924171222015232,0.0190135990018678,16.183100085231466,1
17808,0.5650000000000004,0.05068187679452722,0.0013516930601885876,0.017423114475998078,17.182425140841154,1
17821,0.5460000000000004,0.049908469011972816,0.0015167391140447563,0.018735329667203003,16.980006997754064,1
17834,0.5190000000000003,0.05004749657859722,0.0013925020990907845,0.02234121248445965,17.553651657179056,1
17847,0.6030000000000004,0.051641788243884386,0.0013827606481463556,0.013351520765017581,16.56128380790201,1
17860,0.5700000000000004,0.05140505773774625,0.0013862844396465845,0.020550648984525504,17.941357556009613,1
17873,0.5600000000000004,0.051896306729736906,0.0014307816230562111,0.016002601667245046,17.85157861337212,1
17886,0.5780000000000004,0.05164589755756864,0.0013081525933629143,0.01487836267244989,16.669927724597528,1
17899,0.5430000000000004,0.052600133901709055,0.0014050678351747949,0.015359997372124033,18.969692026029538,1
17912,0.5350000000000004,0.0518816502223663,0.0012961658014300492,0.014840795796727318,18.394439596616028,1
17925,0.5920000000000004,0.053859906603741646,0.0013614839777675808,0.016623974193621775,15.066862689583914,1
17938,0.5950000000000004,0.05055640719638861,0.0015494353941360058,0.014178227501661238,17.025501797549563,1
17951,0.5970000000000004,0.0517742695110442,0.001434458956506629,0.01711039177165339,16.9809246300748,1
17964,0.5610000000000004,0.05165180575690998,0.001340810726902906,0.016740692494726005,17.616618826441933,1
17977,0.5890000000000004,0.050706391827384206,0.0014999990324693368,0.01941154072103635,17.77890709937353,1
17990,0.4920000000000004,0.04979103090253289,0.0016008292617061444,0.01673179550696316,21.558081310051605,1
18003,0.5560000000000004,0.05095631388218408,0.0015519136602653888,0.014137955057758975,19.380939218086123,1
18016,0.5820000000000004,0.04969681955275094,0.0012943916553705911,0.019146429239109076,16.664658879644637,1
18029,0.5760000000000004,0.05044245779366308,0.0015237135351219649,0.014531582653402502,16.7057494391026,1
18042,0.5420000000000004,0.05135567839066088,0.0014551344213786673,0.020153337622085196,18.81193420284687,1
18055,0.5290000000000004,0.05048943985267964,0.0013777786193106367,0.022493384329688206,17.712918481293578,1
18068,0.5740000000000004,0.05179341181630585,0.0014757267470956535,0.01932782838216384,17.856644757904313,1
18081,0.6490000000000005,0.052437291558186744,0.0015512042244754099,0.020468759150445437,15.842786204503483,1
18094,0.6220000000000004,0.052052866990423566,0.0013749065696928632,0.015353537544825602,15.120557984772804,1
18107,0.5580000000000004,0.050845337503008986,0.0014480211389799609,0.015236558891531846,17.21830480089037,1
18120,0.5820000000000004,0.051739372405200594,0.0014964384140030514,0.017637632949981115,16.473274691456652,1
18133,0.5620000000000004,0.052439423284293074,0.00142848142485565,0.014055559402369747,17.77185674720613,1
18146,0.5760000000000004,0.051296743560396096,0.0015126267955580589,0.019018541328288237,16.99681312385497,1
18159,0.5750000000000004,0.052048697303920435,0.0014093437301833215,0.013200225734682765,17.7962752322557,1
18172,0.5730000000000004,0.0522451547529455,0.0015144960744013487,0.020794145905199624,18.2303856296827,1
18185,0.5720000000000004,0.05315098828315437,0.0015191642653130542,0.013782168051051105,18.232858866208915,1
18198,0.6070000000000004,0.05386392602025495,0.0015799383757732007,0.017804730670055925,17.144076662387103,1
18211,0.5170000000000003,0.05146802945497883,0.0014516538170241068,0.019618104722472284,19.322403223825056,1
18224,0.6010000000000004,0.052620094132942066,0.0015083860564467661,0.018629213481226828,17.296034492862102,1
18237,0.5680000000000004,0.051746476332570894,0.0015030968125773517,0.021210997256581113,17.295694630098808,1
18250,0.5630000000000004,0.05070698926342117,0.0014383300730931511,0.017638950053551813,17.61571928786861,1
18263,0.5230000000000004,0.05115350197877231,0.001307883510756655,0.01531134781121701,20.594213440245923,1
18276,0.6160000000000004,0.05396644956132366,0.0014546319233644676,0.016654476822364317,16.44602210537215,1
18289,0.5580000000000004,0.05055427081277618,0.0015371822146987544,0.02168625001216123,18.567389846377466,1
18302,0.5580000000000004,0.05174194133397478,0.0014554869668587905,0.01899589167199244,18.498477992064355,1
18315,0.5640000000000004,0.05201344532832086,0.0016087108516967083,0.014598608019404288,19.548067730723428,1
18328,0.5740000000000004,0.05141242417991101,0.0015242845126100671,0.020250867299767134,17.508355281266304,1
18341,0.5910000000000004,0.052534266142432506,0.0013997214092215807,0.01764546239336799,17.450548272807893,1
18354,0.5590000000000004,0.05177625741911235,0.0014272021691703134,0.01617692088290395,16.629182712486987,1
18367,0.5930000000000004,0.05152920405570708,0.0013654543180487825,0.016704874017177514,15.893806458613359,1
18380,0.5860000000000004,0.0510517319186175,0.0014684908283768708,0.01825667488674948,17.11510015961448,1
18393,0.5600000000000004,0.052311575315479475,0.0015147072041132243,0.022007765457243124,17.830550357985047,1
18406,0.5180000000000003,0.052258135081803034,0.001424707681755704,0.021496302669770477,20.335000540298005,1
18419,0.5940000000000004,0.052960564771477946,0.0012872962175603008,0.01805187576546905,15.108372146760114,1
18432,0.5410000000000004,0.050547019711909336,0.001548915667186899,0.018231395499292508,19.193341513518494,1
18445,0.6100000000000004,0.05112369802354077,0.0012868404361212956,0.021116504700002838,15.025698824823507,1
18458,0.5190000000000003,0.054355030508868675,0.0014163474221839212,0.019167103999387123,20.977082890450085,1
18471,0.5600000000000004,0.05058139814452467,0.0014573317937414646,0.02198425504301881,18.620836924572625,1
18484,0.5480000000000004,0.05137765510898639,0.0015115879281177148,0.014284609070036198,18.884839759606237,1
18497,0.5450000000000004,0.05178656530830758,0.0013798966589472184,0.014434951245014269,18.344051322525893,1
18510,0.5970000000000004,0.05516132682181778,0.0015029434274597252,0.017582209282057164,20.383350778161283,1
18523,0.5370000000000004,0.05077002488032112,0.001410516796361735,0.018738645573425444,18.826208776865222,1
18536,0.6100000000000004,0.052682056659608414,0.0013485147060703887,0.015166015431483151,18.927293766127484,1
18549,0.5970000000000004,0.05259367875320453,0.001459603134433649,0.023763289599757324,16.33972742728499,1
18562,0.5540000000000004,0.05186095023665403,0.0015135040426798427,0.017455828023536506,18.068943233006646,1
18575,0.5650000000000004,0.05070768067028569,0.001430499386316658,0.015728161947758047,17.9074222667686,1
18588,0.5630000000000004,0.0520562007951172,0.001405533152458365,0.015406048067502478,16.979568725510443,1
18601,0.5540000000000004,0.052611329436150274,0.0014541580094085305,0.018194515387029465,19.2751457044724,1
18614,0.5420000000000004,0.05103411248760992,0.0014975141659903913,0.01889455397218287,17.754611632958014,1
18627,0.5470000000000004,0.053290629251398214,0.0014550043534148195,0.020291797554281038,18.60935012674488,1
18640,0.5450000000000004,0.050281410077490124,0.001378119686083754,0.015402320364897543,17.476608626790878,1
18653,0.5580000000000004,0.04948015266404493,0.0013503087795877354,0.021001474129031045,17.94250649524162,1
18666,0.5610000000000004,0.05274581284122773,0.001332042296087481,0.018791531377118077,19.092693501125517,1
18679,0.5700000000000004,0.05044214916225739,0.0015095564548112308,0.01773764421209392,17.051642548946383,1
18692,0.5740000000000004,0.052072665178719856,0.001456882023627845,0.01626672072528845,17.62663461436773,1
18705,0.5580000000000004,0.05248360539432138,0.0015678777983556419,0.019595992362111053,18.592770589112465,1
18718,0.6200000000000004,0.052686588146323314,0.0014966156184030004,0.014331353816910896,16.27734324032434,1
18731,0.5740000000000004,0.05353755118466578,0.001419119687320601,0.01971378477399265,17.009128544455557,1
18744,0.5770000000000004,0.05385513490453629,0.001415375930043834,0.016337389225741843,17.250988515759893,1
18757,0.5760000000000004,0.05204492052636783,0.0015636776179507976,0.021962883947674816,17.51514521345054,1
18770,0.5350000000000004,0.05234712325907732,0.0014016600332443553,0.017139962547719833,19.02072805940242,1
18783,0.6130000000000004,0.05285552706339493,0.0014336931664557068,0.015552219545993277,16.883019656245004,1
18796,0.5520000000000004,0.051868163832862274,0.0014347429655317146,0.016007540481724623,18.980280702570216,1
18809,0.6030000000000004,0.053678725681393535,0.0014182581106321913,0.01977853777525447,17.637597933218053,1
18822,0.5570000000000004,0.05112353913007714,0.0014863450442698036,0.01481371597821051,18.817036308161804,1
18835,0.6080000000000004,0.050910506631372344,0.001481879267194954,0.018677921860875895,15.492179179793519,1
18848,0.5630000000000004,0.051653305034787135,0.0014100028151208172,0.01882718832771001,17.18488893340045,1
18861,0.6030000000000004,0.05282915770232489,0.0014547965233082944,0.01812458549806612,15.99251707633323,1
18874,0.6050000000000004,0.05098105268201809,0.0013946814798937478,0.01763478570198904,17.170139827148937,1
18887,0.5780000000000004,0.0528612881595464,0.001386681072692469,0.01883388269752754,18.90414207569358,1
18900,0.5390000000000004,0.052608073697899445,0.0014798823204489418,0.01660659709193605,19.05311748348607,1
18913,0.5510000000000004,0.054288848955274034,0.0014881989960832931,0.020299275351693895,17.45512579399859,1
18926,0.5490000000000004,0.05344305132724258,0.0015010472910746075,0.020446739327430068,18.739556746700266,1
18939,0.6140000000000004,0.051537676110423834,0.001296457406818559,0.015674635859023733,16.566909867483595,1
18952,0.5770000000000004,0.05261185525156015,0.0013272347977534044,0.013906287718755881,17.412179806584586,1
18965,0.5590000000000004,0.05226020879361682,0.0013303003733367757,0.017716051207005097,16.194437185100252,1
18978,0.5280000000000004,0.053062549645783066,0.001539315049717197,0.01821532626160125,19.308573699137042,1
18991,0.5760000000000004,0.05154277568680768,0.0014040183624884383,0.019470408207491453,17.19993038572344,1
19004,0.5650000000000004,0.05194002933983974,0.0015881958493091219,0.018015331344515863,16.412296953138604,1
19017,0.5590000000000004,0.05164030702918571,0.0012606269905723693,0.016712888454098736,18.47269350126287,1
19030,0.5540000000000004,0.052271497502142834,0.0014432671396666448,0.01766913565149717,19.381899881880265,1
19043,0.5520000000000004,0.05136270253668299,0.0014164803736464759,0.016532537920613464,19.169958054956957,1
19056,0.5820000000000004,0.05161403535606424,0.001156256499309798,0.018377880572137652,15.473144403494373,1
19069,0.5850000000000004,0.051321388749418294,0.0012495408330785275,0.024335950192934035,17.32966589967217,1
19082,0.5600000000000004,0.053077664707250484,0.0013646786377618982,0.01803007861590642,17.653101255736438,1
19095,0.5560000000000004,0.04996196155594828,0.0015144327349934474,0.021024808788450925,16.608609613067365,1
19108,0.6040000000000004,0.051529930836468674,0.0014542263125063195,0.020395409242897764,16.112162031357038,1
19121,0.5670000000000004,0.053649023408355055,0.0015669431506751873,0.017252072437526286,18.631377808733475,1
19134,0.5610000000000004,0.0508580195199172,0.0014861315870073615,0.018969782775503343,17.543234009833093,1
19147,0.5190000000000003,0.051467448345206064,0.0012541596392171873,0.016419597831406677,18.65192552625653,1
19160,0.5240000000000004,0.05015132848241711,0.0014347566460014723,0.018649976217970807,19.829533284611138,1
19173,0.5820000000000004,0.053395564324622086,0.0015266847047383351,0.0194611663951717,20.378827043991222,1
19186,0.5350000000000004,0.05135032008742533,0.0015334803191810352,0.01305380642758859,19.339862500409062,1
19199,0.5110000000000003,0.05213956983884988,0.001435217554555008,0.01831778064760744,20.58439239191067,1
19212,0.5590000000000004,0.0509352606587434,0.0014646810199384452,0.01813983487710156,19.15509404765119,1
19225,0.5770000000000004,0.05205796669121482,0.0012709421852199238,0.01873536130053891,17.92649450529722,1
19238,0.5320000000000004,0.05285076442292889,0.0014419045070427777,0.019426721726366915,19.577463977048797,1
19251,0.5560000000000004,0.05397694621416012,0.001315944457667386,0.015525565345899233,19.207751549780234,1
19264,0.5260000000000004,0.05193296223653728,0.001540053062518298,0.01673924702207664,19.249766898029865,1
19277,0.5830000000000004,0.05153286893670777,0.0013711865566413779,0.012737488864120305,15.77558114862557,1
19290,0.5500000000000004,0.05036518425348975,0.0016252738759361207,0.022963884526096018,20.19134636709826,1
19303,0.5710000000000004,0.051686124298159934,0.0014838491190385056,0.017580719757534627,17.072361060300924,1
19316,0.5690000000000004,0.05338816910107781,0.0015789754865415681,0.016632625344482312,18.756892213817757,1
19329,0.5540000000000004,0.05146787285542248,0.001427116018825342,0.01892891176764485,17.785740303191925,1
19342,0.5860000000000004,0.055475237824817294,0.0014690459851515133,0.020354885863783093,15.652749366640695,1
19355,0.5740000000000004,0.05253596661287688,0.001422470059134567,0.020794135155565337,17.823008041462185,1
19368,0.5220000000000004,0.052664845461870564,0.0015701466165311331,0.018582017536718575,20.79776430861406,1
19381,0.5950000000000004,0.05116549575102345,0.00151757865721834,0.019636013698176007,16.899647036892457,1
19394,0.5090000000000003,0.05279407729769987,0.0012407833711657302,0.015478168625736413,20.76932149820115,1
19407,0.5700000000000004,0.05193087782285684,0.0013686084611058036,0.016025973003678685,17.781242994384858,1
19420,0.6070000000000004,0.053943764337097404,0.00144270879697226,0.01941019404139233,17.07458352458137,1
19433,0.5340000000000004,0.05202175690909234,0.0016124519103307743,0.01924367144998214,19.534832785583482,1
19446,0.6010000000000004,0.05152039508769836,0.0015153681339856936,0.02040358892017951,17.121913194059545,1
19459,0.6030000000000004,0.05094653123385472,0.001446714786799103,0.018137646710025414,16.95160330931824,1
19472,0.5480000000000004,0.05039538165093209,0.001516422908534315,0.01633364309571133,17.591664697834723,1
19485,0.6430000000000005,0.05388466437073842,0.0013822061367291803,0.021990373893336856,15.41959706375771,1
19498,0.4850000000000004,0.0520705233625616,0.0014529486008724465,0.018194129342969757,21.242512510011615,1
19511,0.5710000000000004,0.05280779492260079,0.001310401556182798,0.020702016452702584,18.21290187662342,1
19524,0.5830000000000004,0.05168185546459383,0.0013951859091225227,0.017091293332317493,17.06827497932916,1
19537,0.5250000000000004,0.05195673770282518,0.0013661746395136362,0.01587928828828615,19.58692066066467,1
19550,0.5500000000000004,0.05221191138677251,0.0014307107889376218,0.020301193498249215,18.879207041479965,1
19563,0.5840000000000004,0.05148974127761698,0.0014227265628020454,0.01613044756240043,16.684664159106003,1
19576,0.5730000000000004,0.05235191643053731,0.0016043890032550901,0.01532034121760634,17.185246654813557,1
19589,0.5380000000000004,0.05185000257654748,0.001424699386620514,0.02001508615270583,19.75214503030601,1
19602,0.5540000000000004,0.05079327963794056,0.0015268975570162432,0.016630406644866952,17.415240831399732,1
19615,0.6060000000000004,0.0515782864238031,0.0013793256171371739,0.02399165299789285,16.766729403404224,1
19628,0.5860000000000004,0.05121943793641196,0.0014113700172390926,0.012429418700722294,16.644964115908202,1
19641,0.6020000000000004,0.0515810406931677,0.0013851102995450925,0.01778317103560895,16.697609387751346,1
19654,0.5760000000000004,0.055362781328038464,0.0015745861371844112,0.0189565590764979,17.3419095069928,1
19667,0.5940000000000004,0.05175033311599427,0.0014688669658343924,0.016209039558510708,16.076025805984557,1
19680,0.5370000000000004,0.052947231095069575,0.0014011014259380401,0.013998853579807222,19.271049647873912,1
19693,0.5460000000000004,0.05240776550615683,0.001350831354480748,0.01842163718781868,17.682271568615278,1
19706,0.5490000000000004,0.052287630936033586,0.0015208095099084322,0.01818999664560165,19.498347000147998,1
19719,0.5960000000000004,0.0508181265693717,0.0015230974260730216,0.020197223877906394,18.040255348497794,1
19732,0.5990000000000004,0.05122679455675061,0.0014925038357389649,0.022206654344170598,17.5167275798291,1
19745,0.5990000000000004,0.05106244868116926,0.0015146135911956815,0.018351812892948318,16.079137733036426,1
19758,0.5290000000000004,0.050942790600207045,0.0013715080748642815,0.02445813446106266,18.214298039255297,1
19771,0.5760000000000004,0.05040750791967999,0.0014513490968547647,0.020433825149152967,16.557964756809756,1
19784,0.5230000000000004,0.05272286691989919,0.0015881067197206654,0.01896115298102815,20.085719863126236,1
19797,0.5620000000000004,0.05092806902468259,0.0014296714991234658,0.017357605128840582,16.833602380564695,1
19810,0.5630000000000004,0.05213294247183881,0.0013832813386845922,0.014326145793389457,17.190590573077223,1
19823,0.5760000000000004,0.050622188931104935,0.0014892520916557506,0.01610254268424071,17.399136736856097,1
19836,0.5210000000000004,0.05210721643568848,0.0013114247203230636,0.02101843737662111,19.491115281524262,1
19849,0.6040000000000004,0.05108294380138616,0.001278931552320425,0.020845066328459737,14.447667600470478,1
19862,0.5590000000000004,0.05123931421117713,0.0013098424695349856,0.014180427173791851,18.894875036732394,1
19875,0.5650000000000004,0.05204939119630861,0.001441866752939847,0.018651629305282826,17.394806725221894,1
19888,0.5860000000000004,0.05163743428010193,0.0014408403244628915,0.015573160924236776,17.30862431783015,1
19901,0.6350000000000005,0.05273482601717011,0.0014269411065098278,0.016819972523577177,15.022535066691276,1
19914,0.46900000000000036,0.05109202690728777,0.0014751557411981477,0.020719679421487894,22.38224291072408,1
19927,0.5560000000000004,0.05203846737134331,0.0014775796652518442,0.016575234265276826,17.24230517702387,1
19940,0.5490000000000004,0.05208759594180431,0.0013447774993408153,0.019907918137314202,17.77418194745141,1
19953,0.5420000000000004,0.05140188232903219,0.001521783475491512,0.021175582220422803,18.678789462966783,1
19966,0.5390000000000004,0.052210966880898345,0.0014193836023085377,0.02153194182078962,18.586525664279264,1
19979,0.5660000000000004,0.0531465917594374,0.0012858526089136312,0.020838585560225158,15.872886721703646,1
19992,0.5550000000000004,0.052738743427035994,0.001350399485267811,0.017774672523399822,18.22598750612253,1
20005,0.5380000000000004,0.05194702167652668,0.0013446363915005381,0.0139309810654263,18.8259741999226,1
20018,0.5660000000000004,0.05279698987446287,0.001323857249708529,0.021834308188357226,17.6399793009789,1
20031,0.4920000000000004,0.05075775711444065,0.0014412509407333671,0.013206159059986825,21.60123862449691,1
20044,0.5360000000000004,0.05106280877104141,0.0012382482735308347,0.019241807730869923,19.26890717508774,1
20057,0.5590000000000004,0.05276210249980199,0.001482144229751306,0.017964949630614405,19.352171283981836,1
20070,0.5600000000000004,0.0518193360289401,0.001409543575760391,0.018432218196694005,17.641900612731458,1
20083,0.5960000000000004,0.052565219158124045,0.0015439558309239413,0.01995517230784037,17.880052702966506,1
20096,0.5380000000000004,0.051505506464763366,0.0015189262355659499,0.019083914706914836,19.673826354369293,1
20109,0.5020000000000003,0.05137830694361544,0.0014144603121589055,0.01628250255232597,19.64692376913282,1
20122,0.5730000000000004,0.05153975836796488,0.0014374003204910026,0.02186954023638938,17.883683449129336,1
20135,0.6300000000000004,0.052301385626224085,0.0015386581707311495,0.019446723180738815,14.61034292300628,1
20148,0.6190000000000004,0.05358398598813648,0.0014988993969888595,0.014759025496344459,18.014235777403346,1
20161,0.5620000000000004,0.052422049337626946,0.001618582384647643,0.02010371679788795,18.154667358690762,1
20174,0.6320000000000005,0.053847859631480484,0.0015551973341371866,0.020238075629559628,15.407497510799644,1
20187,0.5430000000000004,0.052667164920915326,0.0015329052926353643,0.020559454746787578,19.667396056529775,1
20200,0.5410000000000004,0.05000587350796956,0.0013814538810921946,0.0181194281436582,21.11873209180133,1
20213,0.6140000000000004,0.05149767005918152,0.0015394718352368104,0.020407794929882348,15.593961730819,1
20226,0.5490000000000004,0.052992724849202165,0.0015975739475585437,0.02208848033346711,18.673376935871033,1
20239,0.5710000000000004,0.050272410538542665,0.0015209771139946921,0.017492963218617034,17.599782001589332,1
20252,0.5340000000000004,0.0522622698129544,0.0014272681674187117,0.016232482517089235,19.63710497475244,1
20265,0.5420000000000004,0.05103298956051078,0.00154744774626063,0.016986671766136465,19.518811587821677,1
20278,0.5750000000000004,0.05303539007622113,0.0013604418151353722,0.023016615715749027,17.092581408005657,1
20291,0.6090000000000004,0.05070358525880153,0.001479692932242689,0.01827932540032356,15.392716920359385,1
20304,0.6110000000000004,0.05290979427202557,0.0014616822947462057,0.02033645020727751,16.04532045071064,1
20317,0.5990000000000004,0.05203214253792723,0.0015041948086076573,0.019999317277967225,17.407487637862403,1
20330,0.4990000000000004,0.051297064312207624,0.001436630370906639,0.02137289978783586,20.420047468543473,1
20343,0.5380000000000004,0.05118235722426656,0.0014035339612340576,0.015315403125778126,19.004183936205255,1
20356,0.5830000000000004,0.05363867560118667,0.00133575395238135,0.014299322941581063,17.924887113987015,1
20369,0.5790000000000004,0.05288376209544129,0.001499002236797327,0.016136533262681375,17.492552581756932,1
20382,0.5620000000000004,0.05124572907082136,0.0014796074495318317,0.011768579394069043,16.888307090180515,1
20395,0.6070000000000004,0.0511404433243114,0.0016079067931132197,0.019740625038790604,16.560997077425274,1
20408,0.5800000000000004,0.05334859137115929,0.0016145966129226517,0.020488703620058037,17.4384671388474,1
20421,0.4940000000000004,0.05223761799154483,0.0014482023729045714,0.02098454620407882,22.05554597822532,1
20434,0.5600000000000004,0.050878844059912894,0.0014422596808699568,0.01714384285986729,18.89155311997618,1
20447,0.6050000000000004,0.05231049720410463,0.0014328031479936706,0.022981059074867617,15.946432080968227,1
20460,0.5450000000000004,0.05125948969132482,0.0012097004187486778,0.02234488121264062,18.715288881276024,1
20473,0.6810000000000005,0.050817916727657085,0.0014923560929154993,0.016257409959473276,12.570468374242658,1
20486,0.5850000000000004,0.05212419838683433,0.0013869976164328423,0.014906506607068317,16.969652719875633,1
20499,0.5010000000000003,0.050726217993250854,0.0015086372458702592,0.014720164091297932,20.32403520939291,1
20512,0.5650000000000004,0.05155042578611589,0.0015052223636919252,0.019974857298752598,17.81885216462487,1
20525,0.5170000000000003,0.05118595707546299,0.0014920617951272408,0.01991585226490065,19.76508598008545,1
20538,0.5330000000000004,0.051453472091887026,0.0015902242331477664,0.015009411123711614,19.22843836996834,1
20551,0.5580000000000004,0.05127039773778758,0.0013703102229790842,0.01835538286109416,17.225843565056856,1
20564,0.5480000000000004,0.05069311252617244,0.0014947557071892622,0.015708108796671613,17.30636754087729,1
20577,0.6510000000000005,0.050475388966877595,0.0015296095132830724,0.019000730297169064,15.699326729716022,1
20590,0.5560000000000004,0.05279734444166898,0.0015322036224586708,0.02151834078030743,17.772994436608414,1
20603,0.5160000000000003,0.04954953995072953,0.0014082059471317424,0.013790362323026082,18.488970004956453,1
20616,0.5320000000000004,0.05212855620324836,0.0013523702119049553,0.016111205735745822,18.676984234905486,1
20629,0.6200000000000004,0.05088279428976819,0.0013314565999968401,0.018857441679211613,17.442428166010057,1
20642,0.5910000000000004,0.05147881026696645,0.0013309647293038834,0.02021358162672747,15.918839571174543,1
20655,0.5660000000000004,0.052626374792347816,0.0015197448203287606,0.01564280456622644,17.237451571469204,1
20668,0.5700000000000004,0.05403314335760088,0.001449907427403535,0.016395322021377192,19.444705102123887,1
20681,0.5580000000000004,0.0530476035975592,0.0015730125753602366,0.016508140414630855,18.58042477655247,1
20694,0.5350000000000004,0.05275302962067716,0.0013729735111467159,0.018060334532119707,20.606749634020456,1
20707,0.5740000000000004,0.050717467194776066,0.0016952845252042284,0.018098535844911088,18.69591693766732,1
20720,0.5810000000000004,0.0522212639880531,0.001607260841687381,0.019910767677848065,19.58986104054968,1
20733,0.5440000000000004,0.05170168231358709,0.001298196599642872,0.017848308865141663,18.43329343370653,1
20746,0.5240000000000004,0.0499342482081769,0.0014466431853948772,0.016051533982642283,17.855847285674294,1
20759,0.5210000000000004,0.05114453043401581,0.0014226028589880686,0.01937217783303465,19.37369435767366,1
20772,0.5320000000000004,0.051586366772890836,0.0013899999589631487,0.015012291756105503,19.479607030316103,1
20785,0.4860000000000004,0.052273912338568214,0.0013215800464077309,0.02049780433815144,22.350819439831287,1
20798,0.5590000000000004,0.051211172890850795,0.001471388670616395,0.015240280732232037,19.298456331703292,1
20811,0.5420000000000004,0.05246357607420199,0.0013322754826575718,0.015827335112951386,17.071779718883402,1
20824,0.4950000000000004,0.051461945641423264,0.0015018253517537382,0.023330623312014635,22.53891904466363,1
20837,0.5840000000000004,0.05355684526874178,0.0014440911068620906,0.012362962952027318,16.457202092290025,1
20850,0.5240000000000004,0.050005691668251834,0.0014290885787165068,0.01738851554137986,18.551749200736502,1
20863,0.5900000000000004,0.050997100439435235,0.0013942348686679425,0.021232369838096656,17.04589638055651,1
20876,0.5200000000000004,0.051237026616829766,0.0013467184994979376,0.019689443758072807,20.377488922446695,1
20889,0.5500000000000004,0.052686351380889965,0.0014972361196149532,0.019234051574624947,18.62240154641825,1
20902,0.5650000000000004,0.05264956327270936,0.0015232298197046985,0.01411437164307008,16.902448078664086,1
20915,0.5710000000000004,0.05201412080304634,0.0015138473805588084,0.018573614765198396,19.488933892972614,1
20928,0.5960000000000004,0.05357299410866724,0.001353622037618318,0.013626935271167293,16.266182068659337,1
20941,0.5390000000000004,0.05216910545117263,0.0013869695029476163,0.01893952205580908,16.956422059242986,1
20954,0.5660000000000004,0.052247230775004504,0.0013621656868143745,0.016060567907691475,18.29387929440031,1
20967,0.6150000000000004,0.052982469666383106,0.0014177572524927187,0.011791346031969444,16.32547772828193,1
20980,0.5770000000000004,0.05280166057390734,0.0014138309916813154,0.021085840533620347,17.843233264328497,1
20993,0.5890000000000004,0.05158480585867543,0.001565239299835193,0.01898698518108151,17.15634246590381,1
21006,0.5690000000000004,0.05235763101437288,0.0014795756592793283,0.020316207999242702,17.002714539400035,1
21019,0.5860000000000004,0.052849146446250245,0.0015050498208203694,0.019283649842016456,17.49610083276474,1
21032,0.6560000000000005,0.05388092567992618,0.001466250499050636,0.014933545753468247,14.49685164761504,1
21045,0.5430000000000004,0.053690125362422944,0.0014123888177539838,0.019147039166881104,20.23778691621598,1
21058,0.5260000000000004,0.05048046807189094,0.0015649718517725406,0.014261923302128388,18.171784654216303,1
21071,0.5540000000000004,0.051630182869314846,0.0012965224011266632,0.015811392454986858,16.553838943230552,1
21084,0.5700000000000004,0.05201750358604054,0.001394825166859341,0.015489117151218815,16.66148841005699,1
21097,0.5660000000000004,0.05014223132757522,0.0013857529626423268,0.011355447849555089,16.583009219450794,1
21110,0.5390000000000004,0.05231783672560491,0.001320203481370197,0.017778716596842502,17.729619323865997,1
21123,0.5810000000000004,0.05016126103646301,0.0014159425307824654,0.018583852502153386,17.46086212901259,1
21136,0.5830000000000004,0.051881529148166974,0.001583172842941981,0.01919897524827135,17.257219286169224,1
21149,0.5610000000000004,0.051769124769053744,0.0014219568432449752,0.022630822874190305,18.531574173370334,1
21162,0.6220000000000004,0.05212453936586334,0.0014999947271899228,0.017908391676221016,16.140030323685217,1
21175,0.5750000000000004,0.05357538708608973,0.0015385306826302605,0.0170375019283508,16.75138190262044,1
21188,0.6210000000000004,0.054073404942071884,0.0015662349785808176,0.019074847908616657,15.5561294766503,1
21201,0.5510000000000004,0.05268697134626139,0.0014554039657483813,0.021859032647299548,18.166036884331106,1
21214,0.5830000000000004,0.05352302510374727,0.0014062381761590353,0.019343251067770514,15.71959528414196,1
21227,0.5320000000000004,0.05277320530503967,0.0015733012271484817,0.0186873420055899,20.401229307123888,1
21240,0.5500000000000004,0.052510981660902484,0.0014872694735219908,0.022129770003475737,18.114131241925268,1
21253,0.5930000000000004,0.0526516708464027,0.0014951966212234556,0.015985804159973388,15.859446046953147,1
21266,0.5680000000000004,0.049137940480543825,0.0014021304248735867,0.01872616952078382,17.317503787405215,1
21279,0.5640000000000004,0.053968078499852495,0.001621983692517033,0.01822550407449081,20.040395967659514,1
21292,0.5950000000000004,0.052326276271885276,0.0015047792751559665,0.021018087833225334,16.086113905288176,1
21305,0.5860000000000004,0.054077299202294815,0.0012983325880969994,0.018410511644296187,18.516241358242652,1
21318,0.5910000000000004,0.05294682436730469,0.0015244303805315399,0.01809325474643624,17.51110092659166,1
21331,0.5710000000000004,0.052615806864431514,0.0014563158304237004,0.023994494581145834,18.14057645429981,1
21344,0.5930000000000004,0.053673489089954715,0.001422721768121856,0.02335857842462773,16.37653018563343,1
21357,0.5610000000000004,0.05385454775965101,0.001459440779473329,0.018382424692510453,18.319825751382055,1
21370,0.5950000000000004,0.052309791479224224,0.0013648872787186744,0.021067522326719088,17.091588348943695,1
21383,0.5740000000000004,0.05359427591724991,0.0014496946726294826,0.01653573876652576,18.83729932210263,1
21396,0.5450000000000004,0.05307741804451598,0.0012525781682255577,0.017660344871602295,17.245577276354197,1
21409,0.6000000000000004,0.051396459169478645,0.0013942426357973197,0.0165057108151636,15.428184419233185,1
21422,0.6080000000000004,0.05135935986345306,0.0014399403714444633,0.019226598291861387,17.668933516968284,1
21435,0.5730000000000004,0.05233557650345485,0.0016129872478741014,0.013545133588942502,17.73048579383568,1
21448,0.5510000000000004,0.05125860544221101,0.0012315595094179374,0.018015760382322065,17.314275444271388,1
21461,0.5540000000000004,0.05048334912573669,0.0013921735330286542,0.015767674591529997,18.297181591394775,1
21474,0.4890000000000004,0.05078774343543329,0.0012749052280678801,0.0219552791221776,19.98438170600119,1
21487,0.5150000000000003,0.05119032258787548,0.0014090168542190962,0.023731662385652167,21.297864600879578,1
21500,0.5690000000000004,0.05223875208150644,0.0013059294172000021,0.019399670611861257,17.378399515160126,1
21513,0.5840000000000004,0.050635474309801434,0.001478451828405386,0.013110965580982077,16.843728855111692,1
21526,0.5470000000000004,0.05015499116641459,0.0013697133209136425,0.018761707323834982,19.945848758963926,1
21539,0.6400000000000005,0.05393109210024231,0.0013542122473894184,0.021773567123171217,16.8633014567104,1
21552,0.5450000000000004,0.05206726869152173,0.0015070013625616608,0.021218368557768073,18.003632639212,1
21565,0.5740000000000004,0.05235244021061104,0.0014210351609156265,0.018909874153825352,16.021942827762107,1
21578,0.5830000000000004,0.05208385493702066,0.0014456248100051471,0.017146257079409453,16.949315713411554,1
21591,0.5610000000000004,0.051101491691872336,0.0013248793402318697,0.016798799168972506,16.664259205784344,1
21604,0.5310000000000004,0.05009548487296149,0.0015468702768107103,0.019041138049504715,19.089518539081357,1
21617,0.5670000000000004,0.05192896610947475,0.0015208723325290693,0.01819216725467417,19.367212467447242,1
21630,0.5780000000000004,0.05245876967570396,0.0014950403599484846,0.0196185075614647,20.406165983105062,1
21643,0.5780000000000004,0.05260565562372242,0.0014845442721334136,0.01705980184026038,17.33324822094423,1
21656,0.5280000000000004,0.05170607124505569,0.00138343864402623,0.013358972580525671,18.77450511748937,1
21669,0.5630000000000004,0.05370099385078203,0.001351002432086853,0.020205021189370762,18.499886695995357,1
21682,0.5420000000000004,0.05355062363388428,0.001440017507950499,0.017998093529857522,19.998945033337602,1
21695,0.5320000000000004,0.053511697030733225,0.001405483502747192,0.01313390698779019,19.893657176843284,1
21708,0.5380000000000004,0.05332301742191902,0.0014895841692526075,0.021064364114243964,19.23443204794333,1
21721,0.5680000000000004,0.05060466418985602,0.0014091068623515103,0.01857109417523215,17.96132364725788,1
21734,0.5270000000000004,0.05287294919781947,0.0013760912933409213,0.014048470804567672,19.469660315301834,1
21747,0.5930000000000004,0.05173203538404524,0.0016220927707135415,0.018926297924826953,18.948991111355106,1
21760,0.5520000000000004,0.05253284207412125,0.0013841766750109974,0.018743593722849235,17.471253071245343,1
21773,0.5490000000000004,0.05170691424047525,0.0014975797892336077,0.018498765871253275,18.17972684330043,1
21786,0.5680000000000004,0.05331756953020383,0.001505840588131113,0.01450379468044317,20.011350136397823,1
21799,0.5870000000000004,0.05417586316789671,0.0014341658615064825,0.018624943897058533,17.585151438314945,1
21812,0.5300000000000004,0.05252448218886348,0.0014500921371601424,0.01901904169569798,20.990948573617395,1
21825,0.5200000000000004,0.05202389745185438,0.001431997036333246,0.011287809162180367,20.66102012114197,1
21838,0.5260000000000004,0.05416576760301164,0.001637639722169097,0.01581941636232293,20.944209794763623,1
21851,0.5830000000000004,0.05094841966815649,0.0016069355356391484,0.01895318173120403,16.369933347720085,1
21864,0.5690000000000004,0.051515841556869925,0.0014679776648444135,0.01392569086262002,17.633080654393066,1
21877,0.5830000000000004,0.04990161841006647,0.0015507802846563333,0.020047417063355572,16.077678587763923,1
21890,0.5640000000000004,0.05250048519941251,0.0015225535402559743,0.01928881596077769,17.982204227957837,1
21903,0.6580000000000005,0.05252519093978646,0.0015397381080783162,0.01533438884904383,14.644605624194647,1
21916,0.5190000000000003,0.05182439475994898,0.001254789275691985,0.02155449795503772,19.31372567812612,1
21929,0.5790000000000004,0.052300430882123945,0.001436401521955519,0.015388585704583353,18.713577954322986,1
21942,0.5510000000000004,0.051652020630792064,0.0015951082316241249,0.01529169988568385,17.31523785878118,1
21955,0.5220000000000004,0.05330894802859931,0.0015325379336994967,0.02232504630457358,21.174800371882387,1
21968,0.5520000000000004,0.053133853703234916,0.0013729490742205007,0.01982324007005572,19.828733531442225,1
21981,0.5190000000000003,0.05126751112777848,0.0013611721095568477,0.02122452447465464,17.98498076729136,1
21994,0.5770000000000004,0.05425551975365181,0.001455951977112742,0.014528266026205132,14.062394865098765,1
22007,0.5610000000000004,0.05306290593735174,0.0015141754645992822,0.020878395364770565,17.298114867010113,1
22020,0.6530000000000005,0.051346280565017756,0.0014376060619671503,0.016614072611330404,14.16876777756132,1
22033,0.6010000000000004,0.05121088891970294,0.0014399384489803767,0.01559123072961592,15.606518226736874,1
22046,0.5620000000000004,0.05277460952564495,0.0012794818519303228,0.019733053186247896,17.74514039595303,1
22059,0.5660000000000004,0.05141056962732117,0.0013961123620616113,0.017369395614489667,16.242048001384987,1
22072,0.5160000000000003,0.05278124924908616,0.0016290775869887628,0.01940305841645416,19.45294315693887,1
22085,0.5180000000000003,0.0503470928574437,0.0013334737243473308,0.017434901747084907,20.246123018688614,1
22098,0.5470000000000004,0.05213556917984764,0.0012842715273668189,0.013443034684264834,17.740051226833206,1
22111,0.5820000000000004,0.05063406849829488,0.0015342336754965908,0.01654501763543833,16.792275100738937,1
22124,0.5930000000000004,0.051181392380570394,0.0014350490450932738,0.014645915385950333,16.777989972735792,1
22137,0.5770000000000004,0.05250710483320015,0.001358331799170837,0.01609429273125853,18.280024929711306,1
22150,0.6010000000000004,0.050477329973491435,0.0014344505676593714,0.016820641642751894,15.858484735092548,1
22163,0.6090000000000004,0.05411817695262958,0.0015901477994509183,0.023152744196684446,18.711588574819594,1
22176,0.5530000000000004,0.05225491380527182,0.0014388429089729933,0.019149809503891838,20.175069546676625,1
22189,0.5930000000000004,0.05313939712999155,0.0014753221366920089,0.015991076887687212,16.876145490906563,1
22202,0.5450000000000004,0.050972306071859735,0.0013271891481256154,0.020389081923848206,17.87680970983402,1
22215,0.5670000000000004,0.05194260096224487,0.0014211255965467836,0.020987571736643822,17.531403390680797,1
22228,0.5080000000000003,0.05059961152119288,0.0013368450241339493,0.019442838464624235,19.170940077490286,1
22241,0.5770000000000004,0.050041407586958075,0.0013336067724254218,0.024835211225466038,17.37190134967425,1
22254,0.5620000000000004,0.051238376544550594,0.001384626111011528,0.0148978460389468,17.18026202767497,1
22267,0.5550000000000004,0.05230115751994189,0.0015746987911178973,0.014675905601048962,17.942471163287944,1
22280,0.5190000000000003,0.050913089368790576,0.001514634313105163,0.01764567838665829,20.50946243447723,1
22293,0.5780000000000004,0.05257123320612302,0.001404510539612789,0.01687077633996932,18.90982446361759,1
22306,0.5700000000000004,0.05230503259536374,0.0015755126595967841,0.017528079329743908,18.002759323731485,1
22319,0.5950000000000004,0.052314084559294344,0.0013697836630781443,0.020070753024297328,16.869094269924112,1
22332,0.5380000000000004,0.051504093662120526,0.0014668517803154816,0.013909573001403882,18.669638110124062,1
22345,0.5070000000000003,0.052235480371805455,0.0015814870027196619,0.01898938931915714,21.048245786831764,1
22358,0.5530000000000004,0.050042777618071535,0.0014255584468317462,0.016638744972911623,16.90743363212363,1
22371,0.5990000000000004,0.050905226979250214,0.0014046968685933173,0.017252912208499102,15.639058267700577,1
22384,0.5300000000000004,0.05156520966217129,0.0015279951987038352,0.021640415570170397,19.478354604945707,1
22397,0.5640000000000004,0.05300366918915668,0.0013760542790052202,0.016904237039386004,18.284333165327343,1
22410,0.6000000000000004,0.05114270270561632,0.0012819026048932918,0.01239539213231353,16.156352866498963,1
22423,0.5660000000000004,0.05125374357374774,0.0014427168040428292,0.021409864492600416,18.09267270404035,1
22436,0.5950000000000004,0.051050738208609406,0.0015153721835804435,0.019598734428813908,16.70630922372709,1
22449,0.5800000000000004,0.04953538539441728,0.0014455297724762877,0.01935961349905842,16.547221068438148,1
22462,0.5850000000000004,0.05047611677428489,0.0016078329734353141,0.015300402401674622,16.64258595928803,1
22475,0.5610000000000004,0.050314422319903754,0.0012422878131777637,0.018540100031788995,16.753902361358055,1
22488,0.5780000000000004,0.0521396000292063,0.001385204800931033,0.013642091727449741,15.833538374967425,1
22501,0.6400000000000005,0.05306645922343189,0.0013799024854682527,0.017192580009899008,15.577457454832693,1
22514,0.5670000000000004,0.05187790310151887,0.001516979551354916,0.015174132782976048,19.35050808911964,1
22527,0.5100000000000003,0.05254559604248005,0.0014955823080443132,0.017096524913545755,22.006360186579045,1
22540,0.5520000000000004,0.05253515076149917,0.0014718597103469684,0.019222971823771202,17.847585128384313,1
22553,0.5800000000000004,0.05239509749052978,0.0013617552924412913,0.017129369761354343,16.655015087465678,1
22566,0.6270000000000004,0.05316441435174597,0.0014962611064060552,0.0175418208900523,16.875193991223732,1
22579,0.5630000000000004,0.05210727594352735,0.0013712179187418637,0.01953820479740667,16.726524317020452,1
22592,0.5460000000000004,0.050269812232007244,0.0015336107705603427,0.02280879794402433,17.716449227952285,1
22605,0.5490000000000004,0.05266121753657549,0.0014321816945554908,0.019362104775478565,19.174974572203688,1
22618,0.5760000000000004,0.051329734674898084,0.0013538597320340855,0.0144840618230904,15.743781102502796,1
22631,0.5730000000000004,0.05204383644520128,0.001381276151014225,0.019911226437795426,18.325147019885655,1
22644,0.5090000000000003,0.05192368885673348,0.001419221823567923,0.020551574056240075,20.37357073159101,1
22657,0.5710000000000004,0.05145073564714449,0.0013933544759586298,0.017566060971429823,16.778029932768252,1
22670,0.5800000000000004,0.051182968169169334,0.001484018394532076,0.017588991433284514,16.372266393397393,1
22683,0.5550000000000004,0.052211847836113344,0.0014674760096274838,0.022475984479379416,18.684596400220745,1
22696,0.5820000000000004,0.05206884553414263,0.0015547399794144706,0.021599140934474327,16.20146683433822,1
22709,0.6220000000000004,0.05233607905892404,0.0015303685808340877,0.01772802543446676,16.910804220908858,1
22722,0.5480000000000004,0.053411273778045394,0.0014792583356480276,0.011833908440831214,18.83486027910708,1
22735,0.5530000000000004,0.05190145108725905,0.0014682459259125437,0.018067648132942756,19.192241600817688,1
22748,0.5840000000000004,0.05213757077746515,0.0015093274563502547,0.023232327868502208,17.75186767953349,1
22761,0.5290000000000004,0.052506507121873845,0.0013746049301111333,0.020888831356338476,18.73886464972187,1
22774,0.5800000000000004,0.05136453035066317,0.0015465527608401874,0.02004066264508803,17.53877736710242,1
22787,0.5910000000000004,0.05048123448762248,0.0016195469107349713,0.021548556699151587,16.47128886040986,1
22800,0.5300000000000004,0.05112236849627756,0.0014794461002446237,0.017667250797360878,18.176680958517416,1
22813,0.6400000000000005,0.05193482527385414,0.0014744695272502653,0.02004145620163547,15.749953160968204,1
22826,0.5430000000000004,0.05129357584076122,0.001462228521185604,0.01886069830995669,18.494165103606115,1
22839,0.6060000000000004,0.052302643345484234,0.0013997513833081286,0.02039843273292299,16.459802430201226,1
22852,0.5430000000000004,0.052226095988096445,0.0013940755647092458,0.02369428765582295,18.265396196008194,1
22865,0.5480000000000004,0.05270517665754281,0.001343938660055547,0.016418237431501535,18.87409796226905,1
22878,0.6460000000000005,0.05303788760142027,0.0015850157630407265,0.01586300402229818,16.13883510649439,1
22891,0.5920000000000004,0.05436301706054764,0.0014058155689627499,0.01716560656400676,17.373316814965737,1
22904,0.5260000000000004,0.053160643492699,0.0015524375132519768,0.015625400066306527,19.92862258123251,1
22917,0.5810000000000004,0.05302674815394342,0.001499430889632397,0.018622215441111586,17.148107009735963,1
22930,0.5580000000000004,0.052093253902067004,0.0014070060648073046,0.017370927964442676,17.560849043146252,1
22943,0.5900000000000004,0.051373675431596044,0.0013461770171221113,0.021792841731003678,16.315325054911465,1
22956,0.5640000000000004,0.05121651980073228,0.0015100718777890582,0.014036914950177047,17.17208288428553,1
22969,0.5450000000000004,0.05169373222344153,0.0014576833112408026,0.02156342764668233,19.895823969241505,1
22982,0.6100000000000004,0.05176229654979271,0.001631664898405258,0.0182386776151475,16.586039765770373,1
22995,0.6180000000000004,0.05229422679069543,0.00146230509793495,0.016875421675452758,17.36459445431687,1
23008,0.5270000000000004,0.05506106808678147,0.0015074223529168605,0.016805480426971522,18.803421662174216,1
23021,0.6010000000000004,0.053754132736936064,0.0016248224133277554,0.020229916340355203,18.580060954832287,1
23034,0.5140000000000003,0.05391525498881566,0.0015386606981807945,0.018899592596905032,20.2581595263669,1
23047,0.5460000000000004,0.054235737945804344,0.0015433181841088793,0.01825981754640192,18.94662827125599,1
23060,0.5560000000000004,0.05127191433484567,0.0014381820270196008,0.015973636407721092,18.88843802530136,1
23073,0.5420000000000004,0.05279548355323216,0.0014065451201731728,0.023543401022109212,20.116671600546624,1
23086,0.5580000000000004,0.052415671516825656,0.0014967579581801592,0.020037878278890597,17.217953871450366,1
23099,0.5590000000000004,0.0514691917412622,0.0013684130626158294,0.019281436191628618,17.796523085508735,1
23112,0.5050000000000003,0.05176753593227958,0.00143992440237597,0.015255137075614635,21.794306105471946,1
23125,0.5400000000000004,0.052191833821045794,0.0014254845588902803,0.018226313503410717,18.342100645690763,1
23138,0.5880000000000004,0.052038878819742486,0.0014288653501696327,0.018610804675924315,18.574320772090307,1
23151,0.5550000000000004,0.05133444049659523,0.0015253481014840939,0.016982808930381593,17.963086559254727,1
23164,0.5280000000000004,0.05058859119412649,0.0013839758014851861,0.01675357457591914,18.69260422625073,1
23177,0.5000000000000003,0.05081529815405423,0.0014085978513586471,0.019137055263514814,21.395995116075376,1
23190,0.5760000000000004,0.050589964731546234,0.00148473721639742,0.022592990773838705,18.00463869025111,1
23203,0.5120000000000003,0.04993580800081682,0.0014742572076177204,0.01748418182919582,20.162549956745753,1
23216,0.5430000000000004,0.05162791217527043,0.001460829142901024,0.01984332399851748,18.809783826978084,1
23229,0.5550000000000004,0.05289574077355068,0.0013068423872831362,0.022356836753933688,18.657176846975645,1
23242,0.5810000000000004,0.05089698793799761,0.0015460330037965523,0.018139078938117732,19.085713491017405,1
23255,0.5320000000000004,0.05120567355705199,0.0013108184213845686,0.014943290626188637,19.29170368400351,1
23268,0.5950000000000004,0.05194875875453388,0.0015053105460600506,0.01688776249270299,16.20022674879879,1
23281,0.5740000000000004,0.05075771207990375,0.0014442201016926157,0.015361534456926928,15.965242899282416,1
23294,0.5640000000000004,0.051766050084702885,0.0015336528978493864,0.02037496125313372,19.32485640807842,1
23307,0.5340000000000004,0.051468125614840474,0.0015195710068836494,0.019746687555545775,19.42879003323995,1
23320,0.6030000000000004,0.051157837113970914,0.001312217864726299,0.017532088836718227,15.634267866713989,1
23333,0.5340000000000004,0.05174681708250494,0.0014701194325827543,0.015887102573775902,20.711542929418602,1
23346,0.5050000000000003,0.05149925520618383,0.001454820934696913,0.013692698506506134,20.098453113484968,1
23359,0.6360000000000005,0.05045910607713169,0.0015225723804373694,0.018221314330145556,16.573048801072773,1
23372,0.5460000000000004,0.0532823003320201,0.0013150178365985304,0.012683811931268262,19.117822215022144,1
23385,0.5410000000000004,0.05203773192471715,0.001359264216220319,0.019940245604878944,19.527128588522945,1
23398,0.5750000000000004,0.05054234750698963,0.0016665277417810217,0.01408785451556631,18.442950241096074,1
23411,0.5630000000000004,0.05144107284713211,0.001548854761224214,0.01877900711099831,19.366671780934052,1
23424,0.5590000000000004,0.05230536049668076,0.001431531415618647,0.012407698136434995,18.766748230714608,1
23437,0.5490000000000004,0.051307684344456456,0.0015146272857613542,0.02138975792468942,18.052454553395904,1
23450,0.5970000000000004,0.05192886211178034,0.001679675064478179,0.01730824055978327,18.57952106975313,1
23463,0.5890000000000004,0.05163383128822444,0.0014233719565746072,0.018452748042081277,15.497400075910177,1
23476,0.5520000000000004,0.050681960627668346,0.0013827434005550321,0.017713708803307776,17.332629913826796,1
23489,0.5330000000000004,0.05206303903895565,0.0013602642872909848,0.02420752316043792,20.23501388047915,1
23502,0.5720000000000004,0.05324022097711362,0.001513456063462075,0.02067826192870692,15.70212351711918,1
23515,0.5370000000000004,0.05218649934414898,0.0014482945948825893,0.013505571061052967,20.138672543310026,1
23528,0.5690000000000004,0.05275786745356178,0.001522242983645606,0.020552086460321736,18.821694826736543,1
23541,0.5130000000000003,0.05029533817120562,0.0014384006302816084,0.02175372827255421,18.250011351191613,1
23554,0.5430000000000004,0.05054887236791838,0.0015707766602739428,0.01722124884509649,17.68761025985067,1
23567,0.5250000000000004,0.050776311752327,0.0015062685332903854,0.01334822028394217,17.778045497324094,1
23580,0.5250000000000004,0.051424658027770014,0.0013997567676557942,0.01692442943519441,19.434923728240623,1
23593,0.6010000000000004,0.051041399777565846,0.001484487188492576,0.023090014972676157,15.011900930825645,1
23606,0.5690000000000004,0.05116896738857112,0.0014076707887211712,0.01554458189329741,17.322622795037827,1
23619,0.6000000000000004,0.05278761838335244,0.0013408433330873092,0.02070940218418282,15.835035939413409,1
23632,0.5440000000000004,0.05118745810803899,0.0013877529084418134,0.018377331899462283,18.84292238856181,1
23645,0.5580000000000004,0.05233562859345043,0.0014155195920663238,0.01884611753660579,17.727856015082097,1
23658,0.5470000000000004,0.053143444925478366,0.0013438525456806673,0.015553743783955605,18.414056117171384,1
23671,0.5470000000000004,0.05068970146133484,0.0014224130430412006,0.01808780940873402,18.600323237814084,1
23684,0.5410000000000004,0.05289839854503798,0.001478970192867857,0.017453821561869583,20.704734481288714,1
23697,0.6330000000000005,0.05341980759086565,0.0015563780823642265,0.014118885909525772,15.851023367124577,1
23710,0.5000000000000003,0.04993683289646615,0.0015670225927122067,0.014883740303100627,19.36380396963249,1
23723,0.5890000000000004,0.05327338435761991,0.0014110506796365953,0.013065854783037264,16.9045783297293,1
23736,0.5280000000000004,0.05290036017707816,0.0013044595041953801,0.01658902201279944,19.029968410770323,1
23749,0.5480000000000004,0.05283125521753681,0.0014343354284218515,0.018280689475380266,20.718631347715686,1
23762,0.5570000000000004,0.05281901197195378,0.0013769605094515458,0.020644957182183312,18.012257943082655,1
23775,0.5450000000000004,0.050260532680508736,0.0013837185510260069,0.018422324199906557,18.500780863767357,1
23788,0.5730000000000004,0.05144971371549503,0.0014654162287738941,0.01626442369077222,16.639914330435932,1
23801,0.5540000000000004,0.05103058006456686,0.0014193717182565664,0.024036112471104775,20.732712019108103,1
23814,0.5700000000000004,0.05176825790867788,0.0015174364998141537,0.02156908872559799,17.15096424237824,1
23827,0.5240000000000004,0.052289701396548045,0.0014665860178820131,0.017576506018281448,20.107353003224613,1
23840,0.6020000000000004,0.05405890611131953,0.0012974704931664196,0.015731987256766198,16.49952134831925,1
23853,0.5740000000000004,0.052184568692421045,0.0015204350451031043,0.020205035173833142,18.58109354985495,1
23866,0.5630000000000004,0.051573326497495506,0.0013995543292671306,0.016309871771327172,18.48114705090161,1
23879,0.5670000000000004,0.05196556176928827,0.001533314094353405,0.018556630112286567,18.811080647936404,1
23892,0.5380000000000004,0.05344302767711605,0.0015356184541556995,0.01592214219797866,18.266569307201173,1
23905,0.5390000000000004,0.05060687853843538,0.001504182139121728,0.019102578379113447,19.910668524867823,1
23918,0.5920000000000004,0.05300139332983668,0.0015529706838423238,0.011344052361583229,18.755839524584864,1
23931,0.5200000000000004,0.05327507371463222,0.0014285120968888958,0.017701226852945166,20.054738858502837,1
23944,0.5270000000000004,0.05248801733426257,0.0014814476279433875,0.015160038259167116,21.143724750724203,1
23957,0.5670000000000004,0.05150665850303223,0.0013887362975731727,0.020503686840622374,17.7598953314112,1
23970,0.5120000000000003,0.0509917885075782,0.0015017319372127218,0.01659367100300784,19.642528799219264,1
23983,0.5690000000000004,0.052688798919790183,0.0014785212854663914,0.02084217117761795,17.8292840943011,1
23996,0.5350000000000004,0.052628730551214885,0.001323197896270855,0.016296024530931628,18.869428307836518,1
24009,0.5540000000000004,0.052704010820068384,0.0013334564978147844,0.01643765473576387,19.105784933077263,1
24022,0.5850000000000004,0.04984215136864725,0.0014796833784107633,0.0157043779285259,15.496898977774782,1
24035,0.5950000000000004,0.05401870050559694,0.0014972135749865688,0.022180696810320165,17.6320047929327,1
24048,0.5980000000000004,0.05432642514017689,0.001504785360218876,0.02067417189636006,17.065166791625042,1
24061,0.5440000000000004,0.053221469159851965,0.0014845775938627471,0.01706828202354472,19.384933235291644,1
24074,0.5060000000000003,0.053474530018256285,0.0014348034320033401,0.01668629685632127,21.617796517654835,1
24087,0.5600000000000004,0.05184635578071027,0.0014026372407318771,0.019999551033221565,20.740000994782886,1
24100,0.5900000000000004,0.0512745950749201,0.0014470417163610994,0.019673881221722644,16.648825317999048,1
24113,0.5510000000000004,0.05045045007410988,0.0013208000767910546,0.018536646604808697,17.651033944692436,1
24126,0.5810000000000004,0.05183274257704583,0.0014167469623954376,0.015363513853133537,17.56009022227881,1
24139,0.5850000000000004,0.054362704703675074,0.0014548767543064764,0.02149228780716467,18.392888630533353,1
24152,0.5750000000000004,0.05288279297282322,0.001479402989351518,0.02016275316913449,18.174235205514435,1
24165,0.5850000000000004,0.05349520472611951,0.0014146077478112424,0.018284248043671812,18.1146990048135,1
24178,0.6040000000000004,0.05338409999025238,0.0015119464405254004,0.023854939288410072,14.85860701163687,1
24191,0.5580000000000004,0.05277562896214873,0.0012758791699523048,0.01701770907698641,17.593184634283073,1
24204,0.5320000000000004,0.05099592958666928,0.001569246155311411,0.016139536193679048,18.446283898717166,1
24217,0.6190000000000004,0.052224896285085934,0.0014305673062709055,0.015592249818616769,16.521847293430657,1
24230,0.6020000000000004,0.05284553367576219,0.0014731336784231674,0.019756087084857897,17.633780004737023,1
24243,0.5630000000000004,0.05176378154922792,0.0013791374312058355,0.017268224033217223,17.92662422198143,1
24256,0.5680000000000004,0.052748743428616095,0.001533164765807917,0.019326691699221264,18.85101876483198,1
24269,0.5980000000000004,0.051030687340878775,0.0014399806386179174,0.019145675381305412,18.087597420664437,1
24282,0.6170000000000004,0.05397048230754951,0.0013721209275151872,0.019234757858447284,17.105420278788497,1
24295,0.5740000000000004,0.05171874666336696,0.0014839023095007627,0.018770111082652613,17.909850483059433,1
24308,0.5580000000000004,0.05218135903360109,0.0014264390287767883,0.019110270037632555,19.235733278630864,1
24321,0.5760000000000004,0.05166736243913701,0.0016106854603124053,0.014427776758845516,18.440997894104047,1
24334,0.5540000000000004,0.0524095892286031,0.0013746093147740752,0.01881049382730849,18.669000294634937,1
24347,0.5430000000000004,0.050580823295462665,0.001383157814653908,0.01982771696826558,18.99925477792916,1
24360,0.5450000000000004,0.05152799044685641,0.0015264173445229102,0.019912419157919862,18.529062444173572,1
24373,0.5810000000000004,0.05242542047838346,0.0015073351306595208,0.02146667171890917,18.942772368683432,1
24386,0.5690000000000004,0.05358695175348753,0.0016509193789494086,0.01796204000468724,18.96511129406718,1
24399,0.5610000000000004,0.04963159006722352,0.0015354638424598698,0.01714026298805917,18.87554975008676,1
24412,0.5670000000000004,0.05223016985235273,0.0013515865368785487,0.022169869396948993,16.967793427576375,1
24425,0.5970000000000004,0.054120989968001076,0.0014152622181201736,0.015112517684451841,17.190817983334966,1
24438,0.5100000000000003,0.050936710304716755,0.0015570264692259018,0.019347203977919267,19.909587490005006,1
24451,0.5490000000000004,0.05193238932363467,0.0015108461308007842,0.020085905673739038,19.31649811389905,1
24464,0.5570000000000004,0.0515073499045805,0.0014986306723343836,0.014750237159121469,18.6391033965263,1
24477,0.5570000000000004,0.050788508152402025,0.0014531778129458662,0.015341092799603943,18.180078052329716,1
24490,0.6030000000000004,0.052463779680682394,0.0014452441693966237,0.02108645069891743,17.777076786387568,1
24503,0.5990000000000004,0.05092292328159653,0.0014005457317899242,0.016502254248760943,16.549843088945085,1
24516,0.4940000000000004,0.05214790434291787,0.0013876257075410628,0.01621203806816051,20.364364162220994,1
24529,0.5820000000000004,0.05241866517620044,0.0014108221470291273,0.012844181278092366,18.764100501956563,1
24542,0.5610000000000004,0.05232484779192166,0.0015077270691623821,0.01556891394879373,17.596062517771458,1
24555,0.5160000000000003,0.05305912673825997,0.001762237148691193,0.02039377796700297,21.37788736256498,1
24568,0.5550000000000004,0.05019487921320743,0.0014831916544007684,0.020279184407883614,17.924814833862317,1
24581,0.5330000000000004,0.051747701640179534,0.0014750775727500017,0.021117525808558472,18.77311944184386,1
24594,0.5480000000000004,0.05175208019328644,0.0014325155492354164,0.01829503845486199,19.135972043100573,1
24607,0.6030000000000004,0.05308851283466517,0.0014488795197505318,0.017610059430120468,17.005435717796527,1
24620,0.5960000000000004,0.05111566775000782,0.0015588523800316334,0.016150187314828646,15.601336687962313,1
24633,0.5140000000000003,0.05246506184021762,0.0014880484367340763,0.012613986062841588,19.67161723869918,1
24646,0.5720000000000004,0.05281259093933915,0.0014162048940982892,0.01646475256258682,16.618086105849972,1
24659,0.5820000000000004,0.05447126281132872,0.0013953759295618324,0.018293306044390802,17.56965062336994,1
24672,0.5680000000000004,0.05239300077651503,0.0014125358219642138,0.017449592835786617,18.335740720385736,1
24685,0.5630000000000004,0.05273979116793643,0.0013993594587438413,0.017688456998479287,19.27211485322808,1
24698,0.6930000000000005,0.052005780369723593,0.001495417718658891,0.018805917823846788,15.764191580981837,1
24711,0.5350000000000004,0.05427006031278487,0.0014932401060372398,0.015063085995938141,19.460770232602886,1
24724,0.6440000000000005,0.05395756119368276,0.0015059464508858603,0.01872673451541319,15.034870064287395,1
24737,0.5870000000000004,0.051335033723585166,0.0015601831473437083,0.018183178973703775,17.293337716467843,1
24750,0.5700000000000004,0.050187306992481674,0.0014522659785863948,0.015279851685428933,16.923857915571208,1
24763,0.5820000000000004,0.051472624595188365,0.0013111893761694972,0.015649900323290493,17.417382374296842,1
24776,0.5350000000000004,0.052512525329042305,0.0014521704638839517,0.019095334265499274,18.56409714051066,1
24789,0.5390000000000004,0.052221022320395875,0.0015588908824660172,0.016667414765850756,19.337631147058715,1
24802,0.5730000000000004,0.053243964400144235,0.0014446000625554824,0.018131771607308476,17.8775240284964,1
24815,0.5770000000000004,0.05084778730247681,0.0013604902740772507,0.01719460316854547,16.335087736568443,1
24828,0.5500000000000004,0.05144681175762416,0.0015653664509296444,0.0158589618153532,17.020914898065584,1
24841,0.5260000000000004,0.05208572494435815,0.0014774863280860306,0.01721922913273143,19.062311139701137,1
24854,0.5600000000000004,0.05009631320052328,0.0015175822184598055,0.016287425115059137,17.45797592407972,1
24867,0.5720000000000004,0.05100430533090347,0.001427761544935876,0.01693589432487443,16.650402079588957,1
24880,0.5470000000000004,0.05154613721717812,0.0012685530366154177,0.021896628669139155,19.52032726979991,1
24893,0.6110000000000004,0.05261926408276027,0.0014087221462415476,0.02031865732173057,16.240636847369174,1
24906,0.5570000000000004,0.05082733972308705,0.0015141018600509837,0.017040626813508666,17.91058681259861,1
24919,0.5400000000000004,0.05206130794288075,0.001351436827248549,0.023132894295941602,20.02917352100206,1
24932,0.6070000000000004,0.05138781067755975,0.0015300628136521066,0.014610771120864943,16.313400259804492,1
24945,0.5400000000000004,0.05375419064632032,0.0014759969831301925,0.021313982108952804,18.279693692688987,1
24958,0.5960000000000004,0.051861637484687244,0.0014217091233602213,0.023098537360480283,17.03418981712093,1
24971,0.5830000000000004,0.05238484798217146,0.0013228100105102023,0.018918678502347703,17.210648676854515,1
24984,0.6080000000000004,0.052625565961920154,0.0014841794520594489,0.01802945269192941,15.876321389657662,1
24997,0.5990000000000004,0.052555015572206196,0.001370320011184961,0.015580454677632763,15.470503064935354,1
25010,0.5230000000000004,0.05212695769417977,0.0013369807163947465,0.018515684367374746,18.59315849378001,1
25023,0.5870000000000004,0.050724264387993094,0.0015255374453630854,0.018264411196319007,16.886276902255016,1
25036,0.6130000000000004,0.0519637833876193,0.0014173911359945156,0.012172985908201883,16.513495256295965,1
25049,0.5970000000000004,0.05144230804890577,0.0015655304796990972,0.01925366953312853,17.146877867613956,1
25062,0.5410000000000004,0.052168123960550115,0.0015151381079696678,0.01861120400883763,19.235106792913694,1
25075,0.5610000000000004,0.051736859481273434,0.0014542368321177473,0.01674367856240938,18.60227799547068,1
25088,0.5300000000000004,0.05131330530803387,0.001434644140461777,0.022511428922057063,18.270846872991875,1
25101,0.5720000000000004,0.05084275437899389,0.0015898894271795564,0.02247997643686091,18.125963427060327,1
25114,0.5670000000000004,0.05330449835053382,0.0014441671652567606,0.022744316341351968,19.505542696522618,1
25127,0.5810000000000004,0.05272107403919294,0.0014817903315596864,0.019574966793141083,17.3482088952883,1
25140,0.6090000000000004,0.053437631349342145,0.0015135805888947414,0.015493450912169601,16.77822597226861,1
25153,0.5660000000000004,0.05271920390746877,0.0014321610005732367,0.02132866838205507,17.821729683554274,1
25166,0.5150000000000003,0.05114566653130549,0.0014854684046780946,0.01541942836769541,20.745763515193993,1
25179,0.5470000000000004,0.05133154262658513,0.0012822800838952681,0.017737636031616013,16.674207662001365,1
25192,0.5400000000000004,0.049886486632015656,0.0014710161598874552,0.01535027399385846,18.466496537007593,1
25205,0.5720000000000004,0.05308111178902386,0.0014723150339149183,0.024499146104463233,16.70949822163476,1
25218,0.6170000000000004,0.051495340091729305,0.001403852644784359,0.01670483927297017,17.175824080146164,1
25231,0.5980000000000004,0.05294409587978454,0.001376964175071046,0.01326032108344624,16.597621386194607,1
25244,0.6160000000000004,0.0529064983827721,0.0014288256711672811,0.016322450772930125,17.106008166611726,1
25257,0.5850000000000004,0.052362815268729275,0.0013235504323001607,0.017063383283977742,16.415059596119466,1
25270,0.6140000000000004,0.05168681617700596,0.0014837893693048507,0.015396610815638598,16.685647097766644,1
25283,0.6050000000000004,0.052071664002016835,0.0015315316666348266,0.021026339274258864,16.44229241360791,1
25296,0.5660000000000004,0.05106267564544925,0.0015468539634302344,0.014913675199051535,17.72232838620469,1
25309,0.5890000000000004,0.05126526149661528,0.0014151609606398146,0.012218537308148548,16.63678906246685,1
25322,0.5560000000000004,0.05179390201067336,0.0012774255599065272,0.016019734246343568,18.6377278296709,1
25335,0.5630000000000004,0.0513656451784409,0.001578628439651395,0.017811413943422227,16.772112039113008,1
25348,0.5650000000000004,0.051225525365297425,0.001385726547069491,0.019768106060934692,17.039155950831937,1
25361,0.5560000000000004,0.051565238666942965,0.001474020808846544,0.014610338442015989,17.44258254832984,1
25374,0.5180000000000003,0.052163379152299134,0.0014095286405861457,0.015468887254093717,19.02752467377121,1
25387,0.5380000000000004,0.052626746311851214,0.001533022008542975,0.01618493442537112,19.657142266475923,1
25400,0.5350000000000004,0.052067687370494116,0.001328846992463375,0.023180987578646135,18.752600584526594,1
25413,0.5940000000000004,0.05199691999522467,0.0014675901240390414,0.014917401450763765,17.07746835818602,1
25426,0.5450000000000004,0.05125611641063559,0.0014442485273695434,0.0171808220087337,19.621129950851007,1
25439,0.5960000000000004,0.05155412397616887,0.0012847993528151097,0.012113389203079566,17.157643114912993,1
25452,0.5760000000000004,0.051264273634611855,0.001493774492465834,0.019483459653779074,16.74931313933095,1
25465,0.5390000000000004,0.0499909347392892,0.0013583376233935966,0.013537510457182933,18.350218916352393,1
25478,0.5320000000000004,0.05096539056663396,0.0014029645508349573,0.017542025529542836,18.061619246365392,1
25491,0.6150000000000004,0.050754846930583686,0.001465148429869874,0.022012405109142836,16.47411475652458,1
25504,0.5680000000000004,0.05247312855264682,0.0015630869065898115,0.01677888057438023,19.372625757896728,1
25517,0.5780000000000004,0.052886114540100095,0.001486888094038812,0.016851201027993618,17.288759294784157,1
25530,0.5740000000000004,0.050491764200158384,0.001536700759413873,0.015111903451046972,16.035397609401628,1
25543,0.5150000000000003,0.05150178789694635,0.001480472187898396,0.020235857218024848,19.537300402766707,1
25556,0.5140000000000003,0.05164489307377349,0.001408579144433031,0.02110571380546256,19.123009932991273,1
25569,0.5160000000000003,0.05186936258310393,0.0014537045707703057,0.019545162776485207,20.62598788251364,1
25582,0.5310000000000004,0.05183796222643091,0.0015065549626263539,0.018597670662937372,19.28169005898947,1
25595,0.5380000000000004,0.05155611913655467,0.0014300239562512992,0.02181760113048573,19.047040914781103,1
25608,0.5630000000000004,0.05038995497447835,0.0013438050104723875,0.01569002067926133,17.484311941868754,1
25621,0.5450000000000004,0.05153583569643974,0.001397475448133932,0.0210949513838222,17.506843103794512,1
25634,0.5580000000000004,0.05189080391158477,0.0014051157405160447,0.0205971573462917,19.486479434271846,1
25647,0.6110000000000004,0.051290985298953574,0.001445540846832746,0.01937842045048218,15.866961458055771,1
25660,0.5630000000000004,0.04959408546488462,0.0014283291559248827,0.017316754957320886,16.763485987405566,1
25673,0.5640000000000004,0.05170863178984252,0.001505221102041129,0.018096396212594824,18.34709474593719,1
25686,0.5510000000000004,0.05105766700748552,0.0013956699109177798,0.018210948155349092,17.103253022009103,1
25699,0.5510000000000004,0.05109317872254082,0.0013235916724612174,0.016058794725616034,17.33563107868274,1
25712,0.5470000000000004,0.053150254523715766,0.0014434256814061027,0.01793782069219501,18.56221819088184,1
25725,0.5410000000000004,0.05327162966170389,0.0014179673929044286,0.014622873823883695,19.833442326153044,1
25738,0.5640000000000004,0.0519211153276517,0.0014845309479197706,0.014045708351738085,16.89110911881491,1
25751,0.5860000000000004,0.051106445741726375,0.0013772375496410166,0.01908738567661391,16.979501692096058,1
25764,0.5560000000000004,0.05119700938600943,0.0015075053813663837,0.017047199090006376,16.52635599148683,1
25777,0.5630000000000004,0.052520671834468395,0.001496605019825975,0.017934394139169457,17.644842639611987,1
25790,0.5860000000000004,0.05258828236938259,0.0013695094483062466,0.016220978750628348,16.74901072421334,1
25803,0.5340000000000004,0.05135458352320332,0.0013858092367902066,0.022133961890933553,20.8295380062344,1
25816,0.5600000000000004,0.05040776840786975,0.0015633799957159443,0.025512393879026804,18.771895709801132,1
25829,0.5720000000000004,0.05230670931177158,0.0014697931095849638,0.016221575023890593,16.68392309439831,1
25842,0.5970000000000004,0.05118377556476516,0.0014376048949990476,0.018470513901681602,15.879728248365161,1
25855,0.5490000000000004,0.05169951891862448,0.001400076939882792,0.017273371201676612,18.676397480018444,1
25868,0.5320000000000004,0.053598341514778894,0.001316098130025887,0.01922019850670604,18.98869300453134,1
25881,0.5920000000000004,0.05438966815096115,0.0014153805696576229,0.018726691219975188,15.692722295346977,1
25894,0.5770000000000004,0.05180699927178847,0.0014323948424537299,0.023631139274931302,16.81685125798686,1
25907,0.5170000000000003,0.05117234857430345,0.0014336381832840113,0.018381372598518974,19.714530588602212,1
25920,0.5670000000000004,0.051131889632128086,0.0015412080858432247,0.016056586570342837,17.767187944742076,1
25933,0.6000000000000004,0.05183878680264747,0.001519621517940092,0.018792428189569863,16.734446619233413,1
25946,0.5570000000000004,0.05246208964034426,0.0014489242451065662,0.017107373379785,18.407432501323893,1
25959,0.5490000000000004,0.05172282672627315,0.0014502609813190096,0.014363105214393372,18.644781446015504,1
25972,0.5470000000000004,0.051012573864091304,0.0014976492833377094,0.02140062355099638,18.102721348809265,1
25985,0.5840000000000004,0.05205047426142678,0.0014534884786252074,0.013193785728265768,17.58419955789966,1
25998,0.5750000000000004,0.05288245977940491,0.0014327216283497352,0.013959086395489241,18.428680947648445,1
26011,0.5960000000000004,0.05174026276260192,0.0014640034770224033,0.016481953671623407,17.056919941372733,1
26024,0.5620000000000004,0.04997155231006927,0.001503718821995397,0.016854076797352402,16.68774951155847,1
26037,0.5460000000000004,0.052740677568260654,0.0014008548860173957,0.017260372034574558,19.24575576123567,1
26050,0.6080000000000004,0.051294300931003296,0.0014774594100609468,0.01741487892925418,15.61089543810238,1
26063,0.5590000000000004,0.05447018458484213,0.0013216123238822997,0.019776036469358372,19.310361191759284,1
26076,0.5440000000000004,0.053076928525063426,0.001477331565812153,0.018248675250401702,19.317275399266038,1
26089,0.5950000000000004,0.0545099932374168,0.0013922883007065935,0.01870813535373422,17.97929795163707,1
26102,0.5900000000000004,0.05226068205420371,0.0014282443346979269,0.015087344248263879,16.350047899659618,1
26115,0.5800000000000004,0.05337404358057517,0.0015906999967238182,0.017287628974667804,17.570787142018233,1
26128,0.5710000000000004,0.05337137814542503,0.0016616325466570724,0.018136923771869626,19.333097089301617,1
26141,0.5690000000000004,0.04977323570191716,0.001498146090029992,0.020418157821456947,16.64568183113505,1
26154,0.5240000000000004,0.04968319974902622,0.0014260987501486422,0.018304917603105767,18.165514619809425,1
26167,0.5790000000000004,0.049120439892641296,0.0015532644158045186,0.01850731425791683,15.976748632194518,1
26180,0.5630000000000004,0.05174003819114111,0.0014543471607379038,0.012767828938961613,18.732279460912153,1
26193,0.5540000000000004,0.0511412360182616,0.001450120036020351,0.022499543956374983,18.172776146336414,1
26206,0.5560000000000004,0.05128352818445494,0.0016160545805318997,0.022125127100698742,20.740105417736856,1
26219,0.6000000000000004,0.05310641074005987,0.0015140396429906395,0.021884950512177405,15.192954586447648,1
26232,0.5340000000000004,0.050732671127587635,0.0014217402099939802,0.018606860596731632,18.235677357033627,1
26245,0.5830000000000004,0.05134456509879314,0.001544742392966787,0.021775168788739335,18.460974449644123,1
26258,0.5750000000000004,0.05282859372354667,0.001599210262476165,0.0164700947647785,19.082689470043885,1
26271,0.5500000000000004,0.052090412338787404,0.0016144392630243374,0.01700757156406805,18.605628947942968,1
26284,0.5490000000000004,0.050882296287837525,0.0014520644966512536,0.02037106239861788,18.7682984777778,1
26297,0.5900000000000004,0.050186514264077296,0.0013592582000591864,0.016406172466629603,16.74967405938998,1
26310,0.5680000000000004,0.05345514697223949,0.0015180400527430049,0.017318333503069893,17.488106480354915,1
26323,0.5430000000000004,0.053242655709927325,0.0016838798818660926,0.023732165326809166,20.07545530699084,1
26336,0.5530000000000004,0.05350322753325313,0.0015294576373713969,0.02014199785745302,19.591841264489076,1
26349,0.5260000000000004,0.05099934642238546,0.0015048357053551974,0.0207601846648718,20.252574222190535,1
26362,0.5630000000000004,0.053419183314136816,0.0014391377215813932,0.015879927699077884,17.49102315149685,1
26375,0.6360000000000005,0.05249071876141871,0.0014227767727237374,0.013863574616641162,15.977674367455418,1
26388,0.5980000000000004,0.051967947088872694,0.0014671307522458382,0.018059007800192383,16.077715126385712,1
26401,0.6130000000000004,0.05098526967641246,0.001394166921153248,0.021995113360374408,16.28592893120632,1
26414,0.6170000000000004,0.05348600694457316,0.0013852830460577177,0.01515529525753013,16.052931933872685,1
26427,0.5260000000000004,0.05132085607959987,0.0015126013162827796,0.01890386995040806,20.5767253140437,1
26440,0.5340000000000004,0.04982659074159334,0.0013823044487549054,0.01878721056510653,20.080828915329302,1
26453,0.5390000000000004,0.053714051640030645,0.001435018401840404,0.019964866924395558,19.006983903172852,1
26466,0.5850000000000004,0.05234765570308987,0.001549681266159592,0.016715229437533636,16.853737568244334,1
26479,0.5020000000000003,0.052728861366294524,0.0014280212870594717,0.015644811852281452,20.650261533982377,1
26492,0.5420000000000004,0.050988604702795155,0.0011930587004027528,0.016788802515089785,18.40337610022704,1
26505,0.5930000000000004,0.05130538710410928,0.0013088356355813154,0.01938592021971378,15.191501266142318,1
26518,0.6120000000000004,0.05335797496624991,0.0014080840920976758,0.01738094182375724,17.728437319092652,1
26531,0.6060000000000004,0.051825329240826945,0.0013731642797106501,0.022549159005981884,17.557105322736223,1
26544,0.5050000000000003,0.05187641020386219,0.0014325036263965515,0.019939788153527836,21.175377949611985,1
26557,0.5500000000000004,0.05252734879429133,0.0014291432563153625,0.017596265859765464,18.358105460241923,1
26570,0.6050000000000004,0.05227912235350512,0.0014222977662427447,0.022923571782862633,15.519906876021071,1
26583,0.5270000000000004,0.05224370751916374,0.001263168763201141,0.018328823139995974,18.743493509818094,1
26596,0.5720000000000004,0.05185032574616982,0.001443096077511137,0.01910524533199565,17.854502815003375,1
26609,0.6090000000000004,0.05307158234621675,0.0016102252278122739,0.015766726991624878,15.725942524012959,1
26622,0.5360000000000004,0.05406062370635056,0.0014192655271814598,0.01904861112094624,18.660058900745327,1
26635,0.5440000000000004,0.0510731096349394,0.0014513072901802793,0.017701044435101898,17.449442676345864,1
26648,0.5740000000000004,0.052605332651959956,0.0013864307696343134,0.014757631240852198,17.00717504159836,1
26661,0.5920000000000004,0.05261905259008145,0.00145033666346493,0.021056726646384742,16.219631193901414,1
26674,0.5240000000000004,0.053050524162549455,0.001215299462512941,0.013475340298111956,18.304469241642472,1
26687,0.5420000000000004,0.05221846860299807,0.0014069456565340176,0.017907061226266646,18.616525446564918,1
26700,0.6040000000000004,0.05427085435382699,0.0014047050928390674,0.018663852899332582,18.08836084165856,1
26713,0.5640000000000004,0.05212687280165395,0.0015020904377621657,0.015418566451933026,17.581674480013856,1
26726,0.5270000000000004,0.05116371169761188,0.0013627200289611818,0.019092693933090907,18.500120854871255,1
26739,0.5020000000000003,0.050564594187525784,0.0013968982975048412,0.01633804628869112,21.184552033564962,1
26752,0.5360000000000004,0.05305285002305848,0.001380992955454651,0.016818359602539638,18.21736386843077,1
26765,0.5470000000000004,0.05154999184515737,0.0014215303047274894,0.016879577260820722,17.896435959114743,1
26778,0.5560000000000004,0.0542614372965194,0.0013643174893638236,0.020121391988863386,17.969658590864643,1
26791,0.6010000000000004,0.0530875720323464,0.0015667265265199089,0.02363803794588455,19.10589223424325,1
26804,0.5260000000000004,0.05151003511950472,0.0013526740808455103,0.020476130999441542,20.35073952591895,1
26817,0.5730000000000004,0.05301724986979986,0.001502009958509588,0.022953386566712416,17.95786066856316,1
26830,0.4930000000000004,0.05164122138098472,0.0014703330902758119,0.012215508553915165,20.82292299069473,1
26843,0.5350000000000004,0.05112474926197901,0.0014618799695660717,0.018508473127178147,18.709809404628984,1
26856,0.5820000000000004,0.051548323889613154,0.0014521176621892606,0.022123097968632318,17.47039938220149,1
26869,0.5580000000000004,0.052943573477425385,0.001484207132793318,0.02240847558423551,17.661995509435478,1
26882,0.5610000000000004,0.05086258043188165,0.0013907754671358872,0.019548976360501635,18.45456874938247,1
26895,0.5780000000000004,0.05285375270914421,0.0017077640935935071,0.01808426680043372,17.23928557100875,1
26908,0.5830000000000004,0.05238145265628302,0.0014461716218012188,0.014950077629036242,18.033757692587812,1
26921,0.5640000000000004,0.05208201635834596,0.0014933818259558528,0.017999756534557952,16.891255278266684,1
26934,0.5060000000000003,0.0522887503059211,0.0014680709411373962,0.018603839487853876,20.44926366415503,1
26947,0.5240000000000004,0.05102256269043126,0.001261170725773271,0.017110799542443694,19.57604881526782,1
26960,0.5630000000000004,0.05177453649717584,0.0014243839878965115,0.017561135724944128,18.753672843772396,1
26973,0.5240000000000004,0.0529416656142094,0.0015566956886764074,0.014324617665913765,20.25741564262457,1
26986,0.5370000000000004,0.051148403680424795,0.001414302516371911,0.01821493178553187,19.22218094584412,1
26999,0.5230000000000004,0.05150754363876218,0.001516161236976546,0.01654019258536356,18.77820512425399,1
27012,0.5510000000000004,0.0530453094996929,0.001433756048832827,0.019161906756599983,18.749732205284307,1
27025,0.6000000000000004,0.052630333810136966,0.00134938275157745,0.012394094067627795,16.530775359459067,1
27038,0.6090000000000004,0.05323899350653354,0.0014821715979838823,0.016886671192841107,16.739190847761858,1
27051,0.5950000000000004,0.0515177316965992,0.0014326751951495025,0.018391248227999805,17.14218188586482,1
27064,0.5720000000000004,0.05175878673136333,0.001449726754476817,0.0194331612399182,17.066883569026196,1
27077,0.5520000000000004,0.0527654483348743,0.0014602860400442076,0.014629493276849214,17.95320847616016,1
27090,0.5670000000000004,0.05125922485086223,0.001633068161082015,0.019750962110578238,17.924264666533027,1
27103,0.5450000000000004,0.05184333142167158,0.0014474554110167509,0.016599444627258556,17.969421234453367,1
27116,0.5400000000000004,0.05086162645210376,0.0014078480030199488,0.01657333358464244,19.59909760978639,1
27129,0.4970000000000004,0.05148171368764599,0.0013828446040999773,0.015998990865568014,20.974062437567163,1
27142,0.5280000000000004,0.052671896415726546,0.0014411223144446819,0.020036508835469934,20.12263225618122,1
27155,0.5750000000000004,0.052542185735502206,0.0014641668510342288,0.023070490640241335,18.15929371800153,1
27168,0.5720000000000004,0.05241712542240701,0.0012929861316133809,0.012612841454593557,19.14116678435743,1
27181,0.5530000000000004,0.05203589503373521,0.0015062584488660477,0.016672079843844057,17.560316979196767,1
27194,0.6130000000000004,0.05190938353445924,0.0013611687345103374,0.017736378868177548,16.240646968650864,1
27207,0.5850000000000004,0.051460342513625176,0.001466837680933072,0.016511508514394285,18.975120193975258,1
27220,0.6300000000000004,0.05152678023985322,0.0014827463730848127,0.01734473967962464,14.675671964273912,1
27233,0.5200000000000004,0.05157155666390664,0.001400268602004004,0.016852230727713306,18.83349139163191,1
27246,0.5410000000000004,0.051170839048012264,0.0013594628939953232,0.018583787848846848,17.63849898678368,1
27259,0.6060000000000004,0.05084823424818472,0.0013221234721163394,0.022215377713154526,17.230936580402716,1
27272,0.5080000000000003,0.05236486986611815,0.0013857502085314534,0.01342813273522282,20.578144923296247,1
27285,0.6170000000000004,0.051549589117774346,0.0015564049684925656,0.01490085988900559,16.69956109730656,1
27298,0.5320000000000004,0.052801348585766426,0.001512434948306704,0.01806383524387839,18.288556216578485,1
27311,0.5990000000000004,0.053105585749413944,0.0014663276163185991,0.019554723557792777,16.90110012757556,1
27324,0.5810000000000004,0.051074102647452824,0.0013994297090215771,0.022536144312372046,18.17265021631587,1
27337,0.6450000000000005,0.05169843295736426,0.0016749461434504257,0.018367526835668786,15.30696402363312,1
27350,0.5220000000000004,0.05135117525375976,0.0014597875949500477,0.013284709054253514,18.962538526894793,1
27363,0.5480000000000004,0.052014202599618274,0.0012914113254399208,0.017772923819350014,17.119179228671882,1
27376,0.5180000000000003,0.05154372785334236,0.001368512834325814,0.024909015817839743,18.04225640018963,1
27389,0.5630000000000004,0.05095520105942268,0.0015355504902400251,0.019428558324485198,17.96421857460293,1
27402,0.5230000000000004,0.05255831754052182,0.0014369327283618007,0.020218160459596467,19.467303909326382,1
27415,0.5480000000000004,0.051215656943960776,0.0013144091677356428,0.019175812879907606,17.831100475865014,1
27428,0.5480000000000004,0.05077211115671242,0.0013535900462177718,0.013641685771479475,19.709519644236952,1
27441,0.5940000000000004,0.0522465928207812,0.0014067380817255884,0.014089385125225711,17.830519759974447,1
27454,0.5680000000000004,0.05148810139797827,0.0014590169854045063,0.01697985757054701,17.693190274683758,1
27467,0.6080000000000004,0.05225245724357484,0.0014511948122602402,0.017124784180719062,16.968527516896682,1
27480,0.5510000000000004,0.05252691586049143,0.0015929131382830765,0.010062996858346687,17.6252819094651,1
27493,0.5610000000000004,0.05196154710570171,0.0014167503416262727,0.01945201396478268,16.706413209614603,1
27506,0.5630000000000004,0.05144375000229716,0.0014691455253695782,0.02254853260431765,15.598643133773983,1
27519,0.4990000000000004,0.05225314902035225,0.00142890178614295,0.02527473182145439,21.028268567200907,1
27532,0.6350000000000005,0.053150675333785424,0.00135822089423262,0.01978519615002404,15.70922359060317,1
27545,0.5850000000000004,0.05274128137475684,0.0013976117568153125,0.016787371068544093,19.24224195292491,1
27558,0.5530000000000004,0.049910957688466345,0.0014639054842783433,0.014820091800315127,16.294011719518934,1
27571,0.5360000000000004,0.050645646041631624,0.0014310477689505325,0.020895590903465776,17.774993541319557,1
27584,0.5630000000000004,0.051567851523568596,0.0013913457841370233,0.0157336475042039,18.34393365384306,1
27597,0.5110000000000003,0.05041637543911973,0.0012378940117726293,0.014088125336726733,19.767768147852802,1
27610,0.5560000000000004,0.053106278030645465,0.0014877281211022682,0.01402188913015299,18.83209554059238,1
27623,0.5870000000000004,0.0521120657246186,0.001427910684882368,0.015560394722554126,17.875072744671186,1
27636,0.6170000000000004,0.05248695054811386,0.0014063564292141574,0.017872634097195316,17.035909560746926,1
27649,0.6080000000000004,0.0530055310394552,0.0014535049804121941,0.01635058082132412,16.018466760728607,1
27662,0.6030000000000004,0.054425654739591545,0.0014502102480286765,0.017967368578222006,18.02242236674465,1
27675,0.5540000000000004,0.05338755417438817,0.0014855705779234795,0.01905722886343448,19.593849572753882,1
27688,0.5390000000000004,0.052838670245094976,0.0014029856064989986,0.01997509305611397,17.98576705919293,1
27701,0.5400000000000004,0.05284432982037832,0.0015323073141970134,0.018702110283715545,18.935585029868637,1
27714,0.5930000000000004,0.05283042887176507,0.0014084372060886655,0.014538222824204156,16.836926674639585,1
27727,0.5830000000000004,0.05165941179668327,0.0013889631139066719,0.018100405943583305,15.495662652572275,1
27740,0.6200000000000004,0.05121310039685649,0.0014634596357122362,0.01810661372956401,14.187079937788052,1
27753,0.5380000000000004,0.051380640994752536,0.0013015993400382884,0.017169016004038692,19.659673043932457,1
27766,0.5740000000000004,0.05247660755825849,0.001418755973025182,0.015385480276575452,18.58304989970214,1
27779,0.6190000000000004,0.0538450705294505,0.0015279565084751901,0.019760508704293123,16.229115422059774,1
27792,0.5150000000000003,0.051857765403518954,0.0013975989342406233,0.01871741507868641,18.72751228456944,1
27805,0.5270000000000004,0.05218266155623445,0.0016040671201368354,0.015274291423074472,20.20658518313128,1
27818,0.5880000000000004,0.05264718336854464,0.0014368082676212055,0.0198952084709261,17.395063967660054,1
27831,0.5510000000000004,0.05101347180381338,0.0014263839448602073,0.01569274450081302,17.731339726317508,1
27844,0.5790000000000004,0.05356564568857054,0.0014929427607327302,0.023277920372750307,18.977693313793186,1
27857,0.6290000000000004,0.05188315115030701,0.0016807757190711807,0.016739030706024,16.552542568740193,1
27870,0.5800000000000004,0.05226213530965331,0.0014205745411486875,0.018758697481157622,17.529306682807814,1
27883,0.5960000000000004,0.05150850974551451,0.0016336767127863906,0.018088270614684314,16.701974780341505,1
27896,0.5630000000000004,0.053584726852738344,0.0015639175095744713,0.019247680138044194,16.67728826054172,1
27909,0.5620000000000004,0.05196989008071204,0.001265724380129473,0.018721276406471376,19.230459830966392,1
27922,0.6280000000000004,0.04996592219426422,0.0015608555925584037,0.023300687346684144,14.587904986485402,1
27935,0.5480000000000004,0.051031112802689335,0.0013183276361300362,0.021120490772156865,17.020580822214015,1
27948,0.4950000000000004,0.052318481694283415,0.0014828319140887739,0.016157414248774555,20.69327839954754,1
27961,0.5460000000000004,0.052225577286751416,0.0013149661183254537,0.017128267825690394,20.026311870547417,1
27974,0.6000000000000004,0.05219937225598093,0.001524515897097498,0.01869890192245801,16.420858222498648,1
27987,0.5280000000000004,0.05189831648067243,0.0014453904238208048,0.020248895274535113,18.831515187505726,1
28000,0.5810000000000004,0.05092714619653692,0.0014397337346355689,0.020161439365041323,16.598042609715474,1
28013,0.5150000000000003,0.05311966513483658,0.0015421619860037298,0.01638442711735823,20.977857954960037,1
28026,0.6590000000000005,0.05249093529418392,0.0014099560767418015,0.017145952004098627,16.362697852972207,1
28039,0.5580000000000004,0.05097929228017003,0.0014853017435787783,0.012997335991207122,19.42706148658499,1
28052,0.5570000000000004,0.05123951309852768,0.001504631970584309,0.016447607127965485,17.93337053556729,1
28065,0.5380000000000004,0.0536527362749579,0.0015282014690446888,0.015611574393355311,19.242811774651663,1
28078,0.5090000000000003,0.05151648034927513,0.001530350307097337,0.0198726116229236,20.03117982395955,1
28091,0.5930000000000004,0.05183503463989735,0.001443816881134911,0.01826743605347098,18.595898126430296,1
28104,0.5250000000000004,0.05200793997974986,0.0014041213758854416,0.014973074419322408,18.090081405061426,1
28117,0.5460000000000004,0.05149085549385471,0.0015518772007508184,0.02056890074960215,19.288335799803768,1
28130,0.5820000000000004,0.05174635829308838,0.0014385772429156005,0.017311981379988236,18.94329023568486,1
28143,0.5710000000000004,0.05258093068441777,0.0014536521583342786,0.01893263599180862,17.578371651053875,1
28156,0.5370000000000004,0.051283684202245605,0.0015140444926135543,0.01933042898490296,18.795525902018948,1
28169,0.5400000000000004,0.05146531225577259,0.0015564682605082442,0.015827155339706557,16.681698512248783,1
28182,0.5460000000000004,0.052537623424541144,0.0011868805287605455,0.01977703890011543,19.189499699759264,1
28195,0.6340000000000005,0.05269253091624755,0.001568540657534845,0.020918116002738338,17.295228494535944,1
28208,0.5770000000000004,0.05013954205798123,0.0013885588288544567,0.018904603940706047,15.929443475988744,1
28221,0.5740000000000004,0.050954452356459116,0.0014274266545425515,0.017073409693457522,18.063382787065905,1
28234,0.5990000000000004,0.051188798207291705,0.0015014903135918865,0.011975649277827809,17.53559772525192,1
28247,0.5240000000000004,0.051934538788901,0.0014312193947117033,0.021836459009536482,19.092796118198265,1
28260,0.4980000000000004,0.05266625521286582,0.0014506456513130536,0.01763466458042367,22.6250642993022,1
28273,0.5430000000000004,0.05191158644266008,0.0014634916053579432,0.019477638871447323,19.859454336803893,1
28286,0.5930000000000004,0.05149575771157768,0.0013991800601905093,0.015779601407125386,16.74671530389245,1
28299,0.5300000000000004,0.05071425322819468,0.001465756563667062,0.024772342667106814,19.86579903950893,1
28312,0.5840000000000004,0.05272726315202964,0.0014330977164449387,0.020830930534757038,17.767045020054564,1
28325,0.5520000000000004,0.05258751858260351,0.0013696255392193874,0.02183203429436171,17.588259290987807,1
28338,0.5400000000000004,0.052630668613371075,0.0014116926951573915,0.01758914622538877,19.800950385152117,1
28351,0.5550000000000004,0.05203011109474995,0.001534742619843569,0.018818082759051724,18.45460005325628,1
28364,0.5850000000000004,0.05297388640518323,0.0014081237397137588,0.02006507206908669,17.110743577502237,1
28377,0.5970000000000004,0.05357090901284036,0.0014887586812074752,0.017344642330528286,18.27858202747541,1
28390,0.5500000000000004,0.05109503762524861,0.0014002984304105788,0.0144081490865546,17.82987295924392,1
28403,0.6020000000000004,0.05274733988430742,0.0013920780589425446,0.020141541950702894,18.883654743978763,1
28416,0.5590000000000004,0.05031411540515979,0.0014860871626195787,0.014703778736703258,17.137846923829844,1
28429,0.5740000000000004,0.052525538331353976,0.0013878132043332507,0.021318522762466055,17.434480055365885,1
28442,0.5300000000000004,0.053340130396811083,0.00140149191057854,0.01874798424114537,19.5802480798458,1
28455,0.6080000000000004,0.051706281544301735,0.0014484689146200356,0.017427195874257468,15.497819439918688,1
28468,0.5410000000000004,0.04980998517402872,0.0014483081672088914,0.014058756276895682,16.766398165454873,1
28481,0.5800000000000004,0.05070417847900803,0.0016301236676643741,0.016618005247203447,16.81553552183788,1
28494,0.4980000000000004,0.051478128359503175,0.0014861446259838342,0.016744144422326038,20.523169967543055,1
28507,0.5650000000000004,0.05273060313820046,0.001327610632889335,0.022247881037380835,17.04816352267195,1
28520,0.5460000000000004,0.05061755764909744,0.0013073961570946105,0.019750792201536995,17.152171546492312,1
28533,0.5560000000000004,0.05247933796802852,0.0014006213344462798,0.016830685444770944,18.161953612460817,1
28546,0.5930000000000004,0.05216377823830079,0.0015671877224280185,0.017392310018310143,16.631739040237125,1
28559,0.5200000000000004,0.050899313942525976,0.0013965367639856693,0.020233766102024986,20.60587003543078,1
28572,0.5850000000000004,0.05236701790023878,0.00165205951463184,0.018314295894445835,18.183297111442766,1
28585,0.5340000000000004,0.050076285017517534,0.0015502279141620422,0.019304877341420636,19.305060757046668,1
28598,0.6080000000000004,0.05350666384215005,0.0015300228697568512,0.018099432176927586,16.9549602425826,1
28611,0.5550000000000004,0.0504136572288984,0.0013905751428460304,0.018577325759265777,16.739945950608675,1
28624,0.5780000000000004,0.05065172255708224,0.0013256775855087072,0.01821668020543291,15.486620046788163,1
28637,0.5740000000000004,0.05084326068523054,0.0014805554863244893,0.017195236010381424,18.524313938920116,1
28650,0.6190000000000004,0.052080366092666586,0.0015183598212244692,0.020828493500087367,17.162688364659097,1
28663,0.6160000000000004,0.051923373796953706,0.0015073416972386467,0.015022304581592687,16.956645485636557,1
28676,0.5910000000000004,0.051593372106113346,0.0014250321948208868,0.01771645985451789,16.801568383489716,1
28689,0.5870000000000004,0.05448631907807006,0.0015825428571393087,0.019497398313406505,19.12417556971138,1
28702,0.5400000000000004,0.05288502533999574,0.0013387025279194315,0.0173880914054391,18.58257570898254,1
28715,0.5020000000000003,0.050646721483821905,0.0013450489478344276,0.015024424950845413,19.330576127051955,1
28728,0.5400000000000004,0.05110878114726591,0.0014091306653013361,0.014142145534806274,18.31662140708542,1
28741,0.5400000000000004,0.05256585362872763,0.0013906220649077768,0.01942211526949563,18.20187001020278,1
28754,0.5710000000000004,0.05266222404140011,0.0015912009891389176,0.015757752352324666,18.204251201616316,1
28767,0.6310000000000004,0.052938765576566585,0.0014524612181950557,0.016330623886545572,15.68329664786115,1
28780,0.6590000000000005,0.051618847482121595,0.0015571033941304535,0.016453647091555074,14.116735151271612,1
28793,0.5570000000000004,0.05182120839944338,0.0014752279777912021,0.017037164767691744,18.750883115253842,1
28806,0.5860000000000004,0.05204297638228659,0.001425082617628414,0.016552998602876054,15.584195065412642,1
28819,0.5560000000000004,0.05239601613773048,0.0013718511674101787,0.014072615654159609,18.714598480953327,1
28832,0.5670000000000004,0.052173187822049404,0.0016271845378213279,0.017460019542274215,17.75671006730768,1
28845,0.5570000000000004,0.054076166864894755,0.0014122618654518989,0.01718517114665278,18.38849145462945,1
28858,0.5390000000000004,0.05279721808805354,0.0013958724539619215,0.019020833863575067,18.75121344272887,1
28871,0.5690000000000004,0.052022535976649874,0.00155937405301147,0.020320967552794462,17.38298385163035,1
28884,0.5950000000000004,0.05152784286932819,0.0016085380912394022,0.018748626476109333,15.995388840618933,1
28897,0.5260000000000004,0.05119941746614789,0.0015380286417522532,0.019613089237772517,18.348912537810854,1
28910,0.6190000000000004,0.05370717973329571,0.00149191236642251,0.016545101455818716,16.317671901482548,1
28923,0.6020000000000004,0.052164666347921836,0.0014634270068195573,0.013358307862048443,16.64057292625204,1
28936,0.5970000000000004,0.05223704401682096,0.0013932723545156279,0.016446314757224904,15.504386220832663,1
28949,0.5750000000000004,0.05178143414600104,0.0014385869428335729,0.016745907127420176,18.222449430124527,1
28962,0.5750000000000004,0.04928319841977077,0.0013223273675050037,0.01915397347609383,15.22965456621967,1
28975,0.5270000000000004,0.050253541308121,0.0014715657397462705,0.02078918459875995,18.87954148407222,1
28988,0.5670000000000004,0.05272051757912415,0.001537997045506601,0.02072231737161917,17.35771980249497,1
29001,0.5950000000000004,0.05297684827058974,0.0014168736183581081,0.01667642562781536,15.709044878556588,1
29014,0.5790000000000004,0.05269602209041349,0.0013362338207182829,0.017508530391771613,17.711737722209328,1
29027,0.5500000000000004,0.05305950793713639,0.0014515951410976862,0.02222536792924776,19.650674465811132,1
29040,0.5460000000000004,0.05179409007021769,0.001331491460284542,0.018806872237959467,17.80825878435671,1
29053,0.5690000000000004,0.05088007156312492,0.0014889895249249234,0.01609670440353522,17.804112657509357,1
29066,0.4970000000000004,0.051226033816615474,0.0015157093776432507,0.009964646619322766,20.888607672040905,1
29079,0.5630000000000004,0.05350568838547988,0.001472916765038051,0.013495330003097798,18.86358444235208,1
29092,0.5770000000000004,0.0507078836428942,0.0013898970227497265,0.020540545735425804,18.05330286122341,1
29105,0.5140000000000003,0.052166071720048536,0.001518642897156989,0.017338916490733814,19.83612076142588,1
29118,0.5870000000000004,0.05291441973673611,0.0014491558124531863,0.01635180860764115,16.413435497098096,1
29131,0.5560000000000004,0.05323651297108337,0.0014967393494201623,0.016232930291225068,17.750932754765035,1
29144,0.5860000000000004,0.05165969999905642,0.001417741068104896,0.016455477091857518,18.896101636923554,1
29157,0.5470000000000004,0.050820899494762685,0.0014163014943416451,0.021298530257860163,17.778894371207123,1
29170,0.6120000000000004,0.05241221976895245,0.0014399588004151847,0.01576303662978135,16.273043099372543,1
29183,0.5070000000000003,0.05112747433667557,0.0014479617361527828,0.016119341984841672,20.765633231342754,1
29196,0.6590000000000005,0.050407915239671995,0.0014006428767058049,0.020541226463873036,14.728282996846225,1
29209,0.5260000000000004,0.052365797998550415,0.0016224251886887589,0.0194234369849974,20.272907477225196,1
29222,0.5370000000000004,0.05152648328912886,0.001382748544475933,0.01845614496961105,19.97840457669836,1
29235,0.5790000000000004,0.05158554790133576,0.0013883770437590295,0.018726381458941305,17.06842318757577,1
29248,0.5690000000000004,0.05248622970976456,0.0014069936401751577,0.019518468982831737,19.581009096532505,1
29261,0.5770000000000004,0.05195614412987195,0.0014276298404324694,0.019862423550966186,18.715808469532398,1
29274,0.5630000000000004,0.052189648194566333,0.0015631648056737269,0.013611972160496661,18.535727911474726,1
29287,0.5240000000000004,0.052592627066729083,0.0014069323876265587,0.02237944994606235,19.68166608496757,1
29300,0.6000000000000004,0.054460125005082634,0.001388558405980796,0.017989717263627542,17.148029981022827,1
29313,0.5430000000000004,0.05399035503658528,0.0014624183741869896,0.02377423664833599,18.70452823209728,1
29326,0.6070000000000004,0.053726620516580524,0.0014770015644585816,0.01597033820866389,18.055525546262917,1
29339,0.5320000000000004,0.05263207314378853,0.0013184808087773117,0.016154508959435876,18.464024485974374,1
29352,0.5160000000000003,0.052389358624189586,0.001369832553732774,0.023962840203902228,19.78058141205016,1
29365,0.5920000000000004,0.05201621083216571,0.0015743574374601338,0.01193175669413975,16.13440103207483,1
29378,0.5140000000000003,0.053199765557486484,0.0012796942645079837,0.017119520513000634,20.160636021179545,1
29391,0.5340000000000004,0.05268033874766539,0.0014411852329143202,0.017078089909912098,18.28280487864901,1
29404,0.5550000000000004,0.05222717666410091,0.0015167588922528248,0.014088137562578854,18.28390505004525,1
29417,0.5650000000000004,0.052394129161038985,0.0014502799379975185,0.023030011549687847,17.217018558812992,1
29430,0.5390000000000004,0.051149176607597664,0.0013519421003383584,0.014303459148621163,17.467485315623648,1
29443,0.5750000000000004,0.049300769597409255,0.0014620391667992257,0.01640945775447301,17.623678802028422,1
29456,0.5960000000000004,0.05239051481310735,0.0015045351415316705,0.014939409868824987,16.379295720221425,1
29469,0.6050000000000004,0.052783975224383446,0.0014822443116425932,0.016245055102345213,17.180624439766042,1
29482,0.6050000000000004,0.052039668174435,0.0014495137300487228,0.02229892181351027,16.166375923617757,1
29495,0.6130000000000004,0.05146459778228071,0.0014459605743156543,0.015440419451758784,17.97551811537624,1
29508,0.5790000000000004,0.05026188461908578,0.0015162661135766644,0.02103915491267163,17.645692580713945,1
29521,0.5490000000000004,0.053059952357154355,0.0013045748403026217,0.01815970813286454,19.12949532575685,1
29534,0.5400000000000004,0.052814561953992784,0.0013277428027064083,0.019311930793668015,18.223134185776118,1
29547,0.5860000000000004,0.05309917907922702,0.0014198331233531872,0.017764053905118447,19.770973114182322,1
29560,0.5950000000000004,0.05151533754456191,0.0013980122580127688,0.017306172153025053,16.88002989810513,1
29573,0.5530000000000004,0.05287204920793423,0.0013706869978760015,0.01915800558911993,17.124329359450982,1
29586,0.6070000000000004,0.05256906913363628,0.0013604241553620815,0.01755289561956809,16.840423456820716,1
29599,0.5670000000000004,0.05205067878659131,0.0013072836900043,0.01637806795944343,19.39416108263754,1
29612,0.5530000000000004,0.05177864063978968,0.0012527333882963406,0.016142334950944,18.043033226549994,1
29625,0.5920000000000004,0.050930484184923984,0.001519352901487924,0.021289758726722143,18.554155915679,1
29638,0.5220000000000004,0.05163807576747077,0.001595386738664806,0.01740115339194212,19.44646581203161,1
29651,0.5490000000000004,0.05141810282301089,0.0014099963193445323,0.02230926185287629,18.148246241261784,1
29664,0.5620000000000004,0.05157449410806854,0.0014728929081125497,0.017601976625560612,17.820816494625358,1
29677,0.6130000000000004,0.05306175571382999,0.0015503574383467034,0.019257696870592235,17.18682570935082,1
29690,0.5660000000000004,0.05239919445165066,0.0016216996705367243,0.017028970376909702,19.140024172671595,1
29703,0.5780000000000004,0.0527596173501419,0.0013796038826062122,0.015394116631612442,18.05446124639808,1
29716,0.5290000000000004,0.05238580208839885,0.0013713840820367461,0.0173742566441095,19.187911944711594,1
29729,0.5490000000000004,0.051542579860363986,0.0015517042118870265,0.015661408522552257,19.425868270820324,1
29742,0.5230000000000004,0.05066024760492702,0.0013972279718200437,0.019555491063045903,18.79723709444585,1
29755,0.6080000000000004,0.05191330072544322,0.001509199975938192,0.01576093993979514,16.737529081334714,1
29768,0.5150000000000003,0.051631958601676964,0.0014855069779952793,0.014311209366836783,19.7246866413684,1
29781,0.5840000000000004,0.05312423480883841,0.0013293796203841487,0.021252356349684687,17.854670680805032,1
29794,0.5240000000000004,0.05201683534785953,0.0013837809902246673,0.015898244372977426,18.460243370523628,1
29807,0.6010000000000004,0.05173390172060309,0.0014671914124137063,0.0201301670365863,16.789133715160172,1
29820,0.5440000000000004,0.053242214482690245,0.0014511418386349308,0.016093065575049737,18.25983078584046,1
29833,0.4930000000000004,0.05244439099934734,0.0013389125673440492,0.019417929103822,21.409224737947365,1
29846,0.5240000000000004,0.052137047941924954,0.0013357105349856295,0.01994163868170875,19.643081819104097,1
29859,0.5320000000000004,0.05217947940581054,0.0014099371612673382,0.020645997407291544,18.580123999100046,1
29872,0.5680000000000004,0.052975668366479954,0.0016544407066205469,0.012856832507548906,20.229377629055943,1
29885,0.5380000000000004,0.05209480097112672,0.0014829265312673353,0.015299413039680972,18.990784453287297,1
29898,0.5870000000000004,0.05271785558321013,0.0014417493548982644,0.020752023709040668,18.10266708330734,1
29911,0.4960000000000004,0.05279964352951082,0.0012785356927263686,0.023633647465440152,20.773194996548526,1
29924,0.5820000000000004,0.051331801665409155,0.001456007337189137,0.019591350350211697,17.364890190377942,1
29937,0.5370000000000004,0.051833336075417055,0.0014327380376228111,0.02039259638054505,18.659396576809442,1
29950,0.6190000000000004,0.05164791700235282,0.0014493655747559115,0.015401468946842172,16.013943671985412,1
29963,0.5720000000000004,0.05157968066833359,0.0013374754289930638,0.018659530817260087,17.083681871471853,1
29976,0.5620000000000004,0.0538672070076162,0.0013942551663220437,0.02138875514231491,18.9642643634191,1
29989,0.5560000000000004,0.05174664964194103,0.0013792275064517753,0.011939988953200758,18.071389501630716,1
30002,0.6030000000000004,0.054557600944740686,0.0014862340174184524,0.01611126429572683,17.881834406468144,1
30015,0.5170000000000003,0.05153981976844891,0.0014899470846780288,0.018030503976470182,20.40460638878101,1
30028,0.5490000000000004,0.051613352600455326,0.0015981637858093899,0.01890095353932919,18.0984735470671,1
30041,0.5520000000000004,0.05117499935630114,0.0013550534958951398,0.02356282923625124,19.091166499655845,1
30054,0.5850000000000004,0.053928856155350466,0.0012806181522753237,0.01593000878578274,16.224200522051046,1
30067,0.5710000000000004,0.05263920916910838,0.0013601010711045145,0.018124950780028792,17.71963989939398,1
30080,0.6380000000000005,0.052653121626633895,0.0013647711635650327,0.01857918306925424,14.358059541061763,1
30093,0.5790000000000004,0.052440756498452694,0.001490042649847809,0.02111152808428371,15.74004977716716,1
30106,0.5530000000000004,0.05112262312748931,0.0014416910147562608,0.019506520370713966,17.272226012410535,1
30119,0.6360000000000005,0.05151899508707241,0.0014319402617131388,0.018627258448550742,16.86796433177189,1
30132,0.6260000000000004,0.05147211532783383,0.0013751767030595113,0.016980770048598125,14.81288858024792,1
30145,0.5200000000000004,0.05307837412846877,0.0016164103291292533,0.01919319098716817,19.447021187397493,1
30158,0.5290000000000004,0.052255565578700064,0.001528958405950553,0.02442936188269731,19.015553228222355,1
30171,0.4930000000000004,0.0494093364859554,0.0012884908078513702,0.017390242614533608,19.93387480843738,1
30184,0.5430000000000004,0.0505604790424763,0.0013320080940173724,0.016025480874750236,18.033777359480823,1
30197,0.5250000000000004,0.05263974278089109,0.0013001062146780643,0.019194583812826006,19.190232494968864,1
30210,0.5900000000000004,0.05175960283283626,0.0014492800241320259,0.021163046026784784,18.363915593465812,1
30223,0.5680000000000004,0.050505533604543316,0.0014605986686785303,0.01624220508149299,18.90353208347922,1
30236,0.5570000000000004,0.05102809303035887,0.0015031408473672007,0.018707112928650935,20.189885731261686,1
30249,0.5870000000000004,0.05152434038672877,0.0015442021952366224,0.01966515907024018,16.717503344746515,1
30262,0.5970000000000004,0.052828548822509945,0.0013685715364941727,0.01904770549221009,15.826446307840746,1
30275,0.5460000000000004,0.05129951037832392,0.0014827059355022037,0.013558476519500965,18.439690395142105,1
30288,0.6110000000000004,0.05285446494905781,0.0014285955520497201,0.017827896996968268,16.889491271763163,1
30301,0.5990000000000004,0.05225013903394448,0.001430275383069345,0.022317879138064458,17.206938111802664,1
30314,0.5740000000000004,0.05198396621194342,0.0015268462596518602,0.017975363955030646,18.50258011758222,1
30327,0.5580000000000004,0.05289129855528303,0.0013456408711331215,0.016752253638427205,18.504032266757623,1
30340,0.5940000000000004,0.05371839417776866,0.0015234497084310843,0.019310026972927285,16.646049723970403,1
30353,0.5060000000000003,0.05253872356993896,0.0014636922019344678,0.017409249724745664,19.596780039925957,1
30366,0.5360000000000004,0.05120686201948928,0.0013328766930514203,0.01781228077461133,19.615914958333732,1
30379,0.5700000000000004,0.052571953472609546,0.0014630900772881453,0.020633398842242794,18.152795748748687,1
30392,0.5850000000000004,0.05198618817879601,0.0014603244950630288,0.015086788785694622,15.53976994164654,1
30405,0.5680000000000004,0.05189590657256892,0.0014780342308308987,0.017270558361995477,17.934266817463442,1
30418,0.5450000000000004,0.05111405073564888,0.0014619044135700738,0.020857923134633142,21.04834138035961,1
30431,0.6020000000000004,0.05177180896109613,0.0014135806749753217,0.019408991142366175,17.038099577072867,1
30444,0.5710000000000004,0.04999264097143561,0.0013386182341675857,0.01485521569585122,17.36569349371132,1
30457,0.5650000000000004,0.05232404800075251,0.0014628899789768462,0.02021813806465486,19.247141592290983,1
30470,0.6150000000000004,0.05094395766943599,0.0012908647298749071,0.01581210984123335,16.721062093093007,1
30483,0.5860000000000004,0.051932434138471935,0.0015632345473405736,0.015877711824818445,17.34787670201205,1
30496,0.5570000000000004,0.05188436006197331,0.0015556365091424851,0.016585011949066062,19.12134009168253,1
30509,0.6050000000000004,0.053310051066958186,0.0015059325657732184,0.016520808232805852,16.072370377618096,1
30522,0.5500000000000004,0.05309060301726579,0.001545259824484547,0.01564986422452211,18.95982200501739,1
30535,0.5700000000000004,0.053255045519967,0.0014066845718968231,0.019519419595982482,19.240045497357507,1
30548,0.5240000000000004,0.052101329370708445,0.0013473706453949643,0.017376634086675447,19.167257270692012,1
30561,0.5200000000000004,0.04937363355769382,0.0013345169308900727,0.01557798701227293,20.446025802873173,1
30574,0.5370000000000004,0.05153967794809788,0.0015392090598672214,0.021754789060981244,19.57764660207661,1
30587,0.5550000000000004,0.049801909537672516,0.001424947726636839,0.017254345002114257,17.98650654919069,1
30600,0.5220000000000004,0.05210659718975855,0.0015542324128122748,0.01791890687287064,20.251019250468538,1
30613,0.5640000000000004,0.05300796844175942,0.0013674052183713958,0.0154526782993955,17.413643114210977,1
30626,0.5930000000000004,0.05238337015434048,0.0015950033923218712,0.018774507576634673,16.322766560699122,1
30639,0.5500000000000004,0.052122174689225136,0.0013897502965462224,0.022662132753847267,17.869565625237776,1
30652,0.6130000000000004,0.05205994946226188,0.0014565124362773145,0.014262901078862333,15.93289124933619,1
30665,0.5770000000000004,0.0530612015286492,0.0014314390710702194,0.017621357102128917,20.638307555618397,1
30678,0.5510000000000004,0.05171508461512541,0.0013574358996606803,0.019027393353317743,18.44055480746032,1
30691,0.6210000000000004,0.053400307384648356,0.0014655302594427102,0.017050770125782037,14.927693361961062,1
30704,0.5300000000000004,0.05194262900305848,0.0014866795879189137,0.013677977293669808,19.913218401033443,1
30717,0.5880000000000004,0.05026420197890591,0.0015704407615136791,0.017131804833180733,17.720287894366635,1
30730,0.5460000000000004,0.05168247120743557,0.0012222272659778422,0.017281161022042798,18.849123651188382,1
30743,0.5790000000000004,0.052522021657043796,0.0013898598113731217,0.02067493372263,19.176209312495317,1
30756,0.6570000000000005,0.05308912843901295,0.0015626573477180595,0.02074945047237132,13.848956528001644,1
30769,0.6120000000000004,0.05149508939002882,0.001345768560706585,0.013626481593002808,17.31060806141235,1
30782,0.6580000000000005,0.05119786579910194,0.0015213986506014976,0.018307810074088604,16.29986977683097,1
30795,0.5310000000000004,0.05167323122592541,0.0014809454731128104,0.016708775762318606,19.859625992178497,1
30808,0.5480000000000004,0.05033897804656853,0.0014249852938139226,0.016160959954359014,18.68574262262761,1
30821,0.6170000000000004,0.0521505265284976,0.001484287944603646,0.016657347987430304,16.71608292194277,1
30834,0.5970000000000004,0.05146211653874801,0.0014224651943170637,0.018929177166712666,17.391361386758295,1
30847,0.6010000000000004,0.052451531178928895,0.0014359151228436583,0.022568977295489838,14.891496885786632,1
30860,0.6030000000000004,0.053039556446609605,0.0015940843540389262,0.013931228863342382,16.358288865308054,1
30873,0.5070000000000003,0.05003505545417494,0.0014444909535638424,0.01983875031142257,19.556670787359984,1
30886,0.5430000000000004,0.05102984162294259,0.0014999241635300566,0.016362996773789287,18.418940268720704,1
30899,0.6140000000000004,0.05265552814901852,0.0014727908465341985,0.020779764630148835,16.392101999262994,1
30912,0.5280000000000004,0.0513606265274811,0.0014028033896505562,0.01896930872053879,18.90584792277206,1
30925,0.6160000000000004,0.05386704346605809,0.0014808343346854962,0.015298728223794729,15.368151988935962,1
30938,0.5560000000000004,0.054107596200516646,0.0014777012496325352,0.012297833492081306,17.86716907026155,1
30951,0.5840000000000004,0.0523452975593666,0.0013575290107251511,0.017434776456804225,17.585950308849363,1
30964,0.5860000000000004,0.052481083053713684,0.0014065832780035552,0.018563124137961518,17.99328502582545,1
30977,0.5910000000000004,0.05148769274286349,0.0013366620528515252,0.01578619641460904,17.803046129523455,1
30990,0.5720000000000004,0.051216019470731344,0.0015566424683131732,0.016310765154461206,16.876460637049203,1
31003,0.5700000000000004,0.05125737450037522,0.001492260948010993,0.020686206660079566,17.78912517547245,1
31016,0.6220000000000004,0.05102424586228892,0.0013839441432544374,0.015121333042369029,16.610956614592865,1
31029,0.5190000000000003,0.051712794982904965,0.0014111789241339219,0.01782236156412789,18.166563302123883,1
31042,0.6360000000000005,0.05324662776668092,0.001391265530355529,0.018632278014107672,14.560559600254756,1
31055,0.5860000000000004,0.05332211703533151,0.0014847721271209495,0.014061741330396489,17.207323140760472,1
31068,0.6020000000000004,0.05018037649833715,0.0012654615687102938,0.014816600122104532,15.562737903249612,1
31081,0.6030000000000004,0.05049293798043661,0.0014237174484962966,0.015945337110127685,17.001191076719877,1
31094,0.6140000000000004,0.051706856662446246,0.0016005065604972725,0.02412141789996339,16.231460399646497,1
31107,0.5420000000000004,0.05132836423971693,0.0013811729759779059,0.016953558635979974,17.88760084949719,1
31120,0.5560000000000004,0.051569481464110785,0.0015609599317824218,0.019865330651053403,16.83404267245425,1
31133,0.5550000000000004,0.05266939435775707,0.0016136786566367384,0.01637742965543276,18.63561310236916,1
31146,0.6010000000000004,0.053252246960728625,0.0013330252476475386,0.018794316111600172,16.144436066007604,1
31159,0.5460000000000004,0.05153999496846256,0.0015093876658452386,0.015156219154276137,20.288137475172924,1
31172,0.6020000000000004,0.05121707474024579,0.0014284932015936746,0.018385973930898733,16.642575931066997,1
31185,0.5480000000000004,0.052856955161630886,0.0014999741175581094,0.016382473575088267,18.880457341533763,1
31198,0.5310000000000004,0.052080286050187045,0.001306481373416617,0.023138110404311737,19.41754698950946,1
31211,0.5580000000000004,0.053752497702760776,0.0013005072837618927,0.016456709090620563,18.722303585775016,1
31224,0.5720000000000004,0.05009872667807449,0.001441477798000378,0.015126818097912434,18.474854926609424,1
31237,0.5360000000000004,0.05276246426527438,0.0014997475858695057,0.017795930120207575,18.55873151726685,1
31250,0.5440000000000004,0.050257324917646354,0.0014726678720751113,0.01931838103863634,18.906718088483714,1
31263,0.5740000000000004,0.05103888422892401,0.0014883961227934058,0.023126087317702732,16.333692383001818,1
31276,0.5880000000000004,0.05158650934466746,0.0014016448455389304,0.016237999826098123,16.81611807590707,1
31289,0.5320000000000004,0.051516991082682255,0.0014018405758846248,0.015603005721735924,19.14702261861777,1
31302,0.5970000000000004,0.05044296324468224,0.0014282187633429687,0.017651567526398,17.411645210085894,1
31315,0.5790000000000004,0.05285958013917566,0.0015107189418553544,0.013908683823404966,17.604720336484355,1
31328,0.6130000000000004,0.05240616434988008,0.0014509462482710656,0.01796982448755229,16.342276733628573,1
31341,0.5510000000000004,0.051343362681915916,0.0014853277747846575,0.019090809280406587,19.144345269651527,1
31354,0.5330000000000004,0.052197940151150035,0.0014144246784580797,0.021279773044180203,19.180427112413007,1
31367,0.5290000000000004,0.05056879079792827,0.0013444664856373948,0.015526521558235779,18.107368769742845,1
31380,0.6320000000000005,0.051666292361996775,0.0015221134776160592,0.014686931136885843,15.691780452917143,1
31393,0.5420000000000004,0.053888250178067705,0.0015520993052716401,0.01624215465036963,19.93304392744592,1
31406,0.5450000000000004,0.0526534922466043,0.0014158041423993051,0.015112577375017087,17.513975880877837,1
31419,0.5460000000000004,0.05200551778670071,0.0015451922422191789,0.017868684886403075,17.85908970152045,1
31432,0.5660000000000004,0.05138152939510383,0.001452642425639189,0.01919771709722091,16.42502574864405,1
31445,0.5420000000000004,0.05235763772201665,0.0016337604491094362,0.020815001027924523,18.84193572679083,1
31458,0.5520000000000004,0.05265219726741211,0.0015157099916523135,0.021458542232908148,17.970454589889737,1
31471,0.5840000000000004,0.05173817063968434,0.001499502606462379,0.016625642957252492,16.610780075894215,1
31484,0.6010000000000004,0.051667891961889964,0.0014214169959836126,0.018703852802553014,15.870989643262945,1
31497,0.5600000000000004,0.0513385197858901,0.0013164062472861115,0.017755574718916076,17.385533638518282,1
31510,0.5680000000000004,0.05093410859889476,0.0014440423801389923,0.01920561059238505,17.12175727623938,1
31523,0.5420000000000004,0.05146487814985267,0.001456815560692284,0.01814453784214659,20.92046439006503,1
31536,0.5830000000000004,0.05212059308876092,0.0014135158687368587,0.017321388596895238,18.080454268467722,1
31549,0.5890000000000004,0.053244621959281695,0.0014546770917132522,0.020754734798943884,18.158924460381492,1
31562,0.5370000000000004,0.05174542519114987,0.0015240727716748393,0.018257881761096273,18.33601739686806,1
31575,0.5280000000000004,0.050767341285987345,0.0014176144453213516,0.015300755567730726,19.3747747964034,1
31588,0.6170000000000004,0.05280893007652001,0.0013936520655449384,0.016065850012015055,15.222570114184562,1
31601,0.6170000000000004,0.052946195163562595,0.0013294614083938473,0.015272899824422587,15.699215765630386,1
31614,0.5990000000000004,0.054361289123826956,0.0015304974546604603,0.022948187061424177,17.77645792143941,1
31627,0.6120000000000004,0.05219814524624299,0.001408400102562929,0.014140019133917546,15.571195229168298,1
31640,0.5980000000000004,0.0517414568717751,0.0014116629333721488,0.020135295617960704,16.13827236045517,1
31653,0.5490000000000004,0.05278976582383382,0.0014562034403741108,0.017333703183732545,18.793528920105345,1
31666,0.5640000000000004,0.0529089483515696,0.001368327119533884,0.019054926128287658,19.433265841147346,1
31679,0.5700000000000004,0.05023510281898955,0.0015474347565910375,0.018601742132044876,16.94566133686437,1
31692,0.5560000000000004,0.05167211066527602,0.0013786231120999917,0.018964681293444502,18.387693645287555,1
31705,0.5410000000000004,0.04974019688298708,0.0013807695420468228,0.020260607873745305,15.734582201958634,1
31718,0.5980000000000004,0.05054873462156656,0.0016068488969574219,0.020949585567873744,16.952557744389054,1
31731,0.5590000000000004,0.05092459416098031,0.0015830919718639329,0.019217532536946722,18.199023071797917,1
31744,0.5550000000000004,0.052608985389135304,0.001557501042671396,0.020053063034247805,19.116543173297785,1
31757,0.5200000000000004,0.05230810920668679,0.001435935807549154,0.018002504289380813,20.581994922714195,1
31770,0.5740000000000004,0.052478545588084506,0.001446972087811675,0.008275235996771678,18.18904499192019,1
31783,0.6260000000000004,0.054381571902453366,0.0013019185348686262,0.01765160288940884,15.485781916690659,1
31796,0.5480000000000004,0.05192525360281023,0.0014798171669567388,0.01671408324007423,19.171017500386018,1
31809,0.5380000000000004,0.05168074544752501,0.0014497806131146375,0.016134411589372146,18.683171329323216,1
31822,0.5690000000000004,0.05186252298490086,0.0014148750327195056,0.017726166611493923,17.826475316407766,1
31835,0.6450000000000005,0.0512138414883302,0.0013375513244014928,0.018493284472821836,14.514465400193558,1
31848,0.5530000000000004,0.05379923996387176,0.0013092290928434596,0.013416110026372231,19.11171717662856,1
31861,0.5260000000000004,0.052463092977764476,0.0013902104461537856,0.021608140516573397,19.456003972392743,1
31874,0.5940000000000004,0.05102797742349698,0.0013492392732499026,0.014842714071513361,15.626624255273482,1
31887,0.5630000000000004,0.052258877489169506,0.0013423451826615385,0.017950309032804593,18.95648340722957,1
31900,0.5970000000000004,0.05105062219028799,0.0013862693370683909,0.023187622109363176,15.400968796046367,1
31913,0.5790000000000004,0.05127273128917905,0.0015300465442619812,0.019509099955360085,18.660954667029223,1
31926,0.5620000000000004,0.05190597799593348,0.0013962621008210743,0.017069207523941282,18.615559338272067,1
31939,0.5470000000000004,0.051866119420905486,0.001206792533337278,0.020240404272858725,18.323375338296103,1
31952,0.5640000000000004,0.051342640841259626,0.0016259517987867434,0.016813087735449348,19.576347583104237,1
31965,0.5650000000000004,0.052919077357349555,0.001376426918283267,0.02443533603823409,17.4370996925977,1
31978,0.5640000000000004,0.05095775142765361,0.0016366152579475955,0.021611757886955466,17.934657102830847,1
31991,0.5510000000000004,0.050492108133585595,0.0014074534577351435,0.011530675725954103,18.90823750594431,1
32004,0.5680000000000004,0.05274225372229398,0.0014358873714507847,0.01794891345095655,17.43405449737617,1
32017,0.5530000000000004,0.05382815750973265,0.001448059843338127,0.018581924838661334,20.957879878736687,1
32030,0.5500000000000004,0.05243975218969239,0.00148510623721135,0.015604074799476886,18.066390469374618,1
32043,0.5800000000000004,0.053003301556546784,0.0015203798842021098,0.01696885335796603,18.155046731263663,1
32056,0.5890000000000004,0.0520591800276182,0.0013852954047466346,0.021228054452830457,17.52196442968802,1
32069,0.5470000000000004,0.05359993565888523,0.0014647185958628697,0.01556431492691214,19.423733382370784,1
32082,0.6230000000000004,0.05250828891618331,0.001468791613144062,0.016610608960292355,17.676861873993946,1
32095,0.5550000000000004,0.05216419920357559,0.0016731087469643953,0.02128814270667197,19.789640437757534,1
32108,0.5910000000000004,0.052633907830907815,0.001405805532094965,0.01970034941892166,17.535423417870785,1
32121,0.5930000000000004,0.051322526482184334,0.0014376555672247274,0.0220766539431373,15.895355573198879,1
32134,0.5680000000000004,0.05308969116700599,0.0013995135233153227,0.020608706766380068,17.882366918304864,1
32147,0.5940000000000004,0.05267199977213042,0.0013492373932288098,0.015536327791302398,16.889021741718867,1
32160,0.5760000000000004,0.05222430837771429,0.0015610857724390273,0.019391079608386968,18.424139606797823,1
32173,0.6140000000000004,0.05235223927413861,0.0013454364723084443,0.016841363412472877,15.534785198382117,1
32186,0.5590000000000004,0.054090684050412424,0.001536015449838377,0.022197653688635837,19.121561010810794,1
32199,0.5340000000000004,0.05143602876821388,0.0014299901580287157,0.016462902383642113,17.916796040966247,1
32212,0.5210000000000004,0.052419393397618017,0.0014936057140550944,0.012429519433074862,20.245841309427483,1
32225,0.5460000000000004,0.05110210565787023,0.0014927140160117083,0.0181885693734614,17.597667821358854,1
32238,0.5850000000000004,0.05199726661707661,0.0014715717940134822,0.02022360370614089,18.32059384082027,1
32251,0.5760000000000004,0.052617201173302666,0.0013642525302681203,0.01850438329434969,18.521591279952027,1
32264,0.5790000000000004,0.05127151283280606,0.0014186528731121052,0.020225792142460838,17.360571493065446,1
32277,0.5920000000000004,0.050036730981717445,0.0013811069978346042,0.02150013802017089,17.675090420501668,1
32290,0.5680000000000004,0.05089554996258754,0.0014862287958790357,0.01873367545589654,16.75685381779609,1
32303,0.5260000000000004,0.05237179612208836,0.0013936637062312192,0.018606311348842726,19.41745471133306,1
32316,0.5790000000000004,0.05337650209167363,0.0014078730104606758,0.016833978516679164,17.359145208540543,1
32329,0.5350000000000004,0.052301945481353494,0.0015469489352709052,0.014572981823506902,19.72190154680643,1
32342,0.5270000000000004,0.051261594055964574,0.0015974825817693943,0.021278294451378674,19.739130558148922,1
32355,0.5980000000000004,0.05026672603523464,0.001547561134056193,0.02184091088528741,15.206249810600774,1
32368,0.6080000000000004,0.051191784078125496,0.0014530045610925545,0.019999252941259656,16.595749568783763,1
32381,0.5440000000000004,0.05096842384133571,0.0013649813619771231,0.02171384401164739,18.088541883560648,1
32394,0.5440000000000004,0.05253048431267425,0.0015642035821862087,0.015566089316212858,20.523881553608902,1
32407,0.5670000000000004,0.0541889549889891,0.0014353380745468086,0.01648676137595176,18.37111995833834,1
32420,0.5310000000000004,0.05401124420372994,0.0013873994545365947,0.01817969957939565,18.883904796586535,1
32433,0.5820000000000004,0.0521332651715351,0.0013089692215464584,0.015793715108346134,18.485557803975205,1
32446,0.5780000000000004,0.050648032837897365,0.0013839971303617018,0.021179584040633193,17.3192152512825,1
32459,0.5580000000000004,0.052607880081806,0.0014071671111148595,0.016189884571696747,18.582463596352866,1
32472,0.5320000000000004,0.05182931774418901,0.0014296655620282869,0.021863651247497097,19.597478073423858,1
32485,0.5680000000000004,0.05298682794554068,0.001543419875313621,0.015954577688713906,18.65121691783766,1
32498,0.5400000000000004,0.05212438975271775,0.0013533645954011055,0.020658871208970052,18.818453372077716,1
32511,0.5330000000000004,0.051576701029921,0.0013482140175199546,0.01918882170051469,20.233923632405258,1
32524,0.5010000000000003,0.050540300889198905,0.001496174073518465,0.019951365364374085,20.467754160675973,1
32537,0.5520000000000004,0.05234378642916993,0.001393013808001754,0.01911913715470166,17.638706268487987,1
32550,0.5430000000000004,0.05256155210446726,0.001520541333089673,0.02008371353839032,20.20738071186027,1
32563,0.5590000000000004,0.051073803996524926,0.0014572487052446931,0.017542169517566403,18.381472343640596,1
32576,0.5240000000000004,0.05177492002568151,0.0014862936266786945,0.017034291942080382,20.243953976084686,1
32589,0.5730000000000004,0.05441934916267885,0.0014717056091573626,0.02207968245358399,18.33487399132268,1
32602,0.5850000000000004,0.05399194760506376,0.0014772098928295318,0.019546707187058216,18.238544663207136,1
32615,0.5910000000000004,0.05309611167871533,0.0012883167582749455,0.019673317481040474,19.813661400845092,1
32628,0.5850000000000004,0.05360750095608241,0.0014413152618814914,0.020146464055163234,17.28870317510826,1
32641,0.6270000000000004,0.051706262149345615,0.001386986617078321,0.022488475459686578,15.624927329450488,1
32654,0.5810000000000004,0.05197794482746947,0.0014121860914525785,0.01832776519929481,17.58139193438568,1
32667,0.6200000000000004,0.04964839124089746,0.0013269462692847055,0.020246609738560004,16.235294077656427,1
32680,0.5990000000000004,0.05350135966618923,0.001427259438900481,0.013386641015169964,17.41583327540772,1
32693,0.5740000000000004,0.0523677019503095,0.0013767293667483176,0.022696391116911206,16.024694690068863,1
32706,0.5310000000000004,0.05075941652199878,0.0013875205008974949,0.014838662145818422,19.15908883932678,1
32719,0.5960000000000004,0.05391067032891284,0.001441371846163504,0.016204737251807124,18.88279013530593,1
32732,0.5600000000000004,0.05154529311292545,0.001478383615855393,0.01769896540992753,18.260399786219246,1
32745,0.5680000000000004,0.05256798117667662,0.0013892656957235423,0.018182637597243742,17.412385272263023,1
32758,0.5070000000000003,0.05145872047142222,0.0016520431699406431,0.017629022580059273,22.215371693476843,1
32771,0.5840000000000004,0.050945465765349536,0.0014068361990543412,0.014828568397867307,16.498662176503423,1
32784,0.5580000000000004,0.05210385381371805,0.0014367803004939463,0.015690587732779062,17.722644880553577,1
32797,0.6240000000000004,0.052219843400647635,0.001432566121592669,0.021542736832372594,17.763588495486125,1
32810,0.5740000000000004,0.05244916678616724,0.0015052589115119115,0.018726798296806093,18.765189061695864,1
32823,0.5470000000000004,0.05133909859931649,0.001463959948189557,0.021581795615762702,18.074235299476186,1
32836,0.5340000000000004,0.052391676424689004,0.0014371403416158582,0.01926489860542274,20.573862942943315,1
32849,0.5830000000000004,0.05242399623063,0.0013916545897161917,0.016890831035698908,18.34265027481194,1
32862,0.5540000000000004,0.05323162851082288,0.0014320666432635393,0.01906736192171919,18.56022050833463,1
32875,0.5620000000000004,0.05406645438110641,0.001426496960526468,0.02038351091072049,19.36774967666088,1
32888,0.6180000000000004,0.05278637426901173,0.0013781037631850992,0.017054539531464182,15.116494869755739,1
32901,0.6000000000000004,0.05349872259186639,0.001535937424615631,0.018810001889248567,18.705939992502902,1
32914,0.5930000000000004,0.051566175695081755,0.0014675371753635077,0.014957507635495885,15.869392572545323,1
32927,0.5380000000000004,0.05257464201504655,0.001336099990191603,0.017750107646456875,19.80101425277394,1
32940,0.5530000000000004,0.05203619731576135,0.0014420776874486613,0.011066978977302995,19.40647506618864,1
32953,0.5440000000000004,0.05072370305697396,0.0013292682073854723,0.018781343043384642,19.83431926348509,1
32966,0.5600000000000004,0.05215338758992846,0.0014131563821357588,0.01743171646914834,17.288717906324383,1
32979,0.5890000000000004,0.05112799472931568,0.0013485242916424628,0.020020872279015674,16.694295787896515,1
32992,0.5630000000000004,0.05102264265217689,0.0013897537265405158,0.021133470770938894,18.488744885955438,1
33005,0.5520000000000004,0.051043503289841724,0.0014455267791454631,0.015782552711134004,17.307310812230178,1
33018,0.5250000000000004,0.05099682046595478,0.0015067759597778205,0.01802114529228621,19.049983046818227,1
33031,0.5240000000000004,0.052488193850612215,0.0013585232960891197,0.020797107744663708,19.38131826206081,1
33044,0.5530000000000004,0.05261460138664862,0.001592502531527253,0.01763791206694483,18.354167004543132,1
33057,0.5820000000000004,0.0524915080431967,0.0015040434876972394,0.01839487609847313,18.175749139939246,1
33070,0.6000000000000004,0.05262192572676562,0.0013512937648630173,0.0205073534646799,18.1054234926233,1
33083,0.6240000000000004,0.052535307797724244,0.0015059512762204855,0.0167268805906663,16.87261655107935,1
33096,0.5790000000000004,0.05309823235743154,0.0014154355035134578,0.020281447628278985,18.094272523532165,1
33109,0.5630000000000004,0.05259868017855591,0.0013814347185522582,0.017590169213939345,16.853141387086605,1
33122,0.5700000000000004,0.051993428456116195,0.0013633372020255357,0.019080553770839344,19.738702240951543,1
33135,0.6720000000000005,0.051199157099648354,0.0013879608551121546,0.01764389027451191,14.651534226746143,1
33148,0.5520000000000004,0.05179042968455288,0.0013749297632610453,0.013474998458966839,16.584687310512212,1
33161,0.5010000000000003,0.05043112001600958,0.0015115287144432748,0.019223804280548738,19.17898163332609,1
33174,0.6070000000000004,0.05144151648034052,0.001360201261664832,0.019052935208828743,17.182569852123187,1
33187,0.5570000000000004,0.05104685642949425,0.0015156786048565692,0.017158299448871244,17.724068003928405,1
33200,0.6180000000000004,0.052104575137654555,0.0014223312303100753,0.02149952986708039,14.857542012962693,1
33213,0.6060000000000004,0.05190509430973262,0.001385577570964355,0.017333658120474656,17.04829321382665,1
33226,0.5600000000000004,0.05197855355493656,0.0013063842692694423,0.018696699635599362,17.97894055469755,1
33239,0.5400000000000004,0.05110460952230531,0.0014134765944868678,0.019183346493506045,20.253532253013898,1
33252,0.5570000000000004,0.052328567178659566,0.001520754828854675,0.022386468237998197,17.786951152537178,1
33265,0.5100000000000003,0.05113693491676282,0.0014748126541077686,0.013860522391809106,20.973266021288644,1
33278,0.6060000000000004,0.05250439707319874,0.0016375609158531081,0.01487668993698661,16.762146091510083,1
33291,0.5410000000000004,0.05108650367772472,0.0016576393229582418,0.02132076746141603,19.555054501479166,1
33304,0.6240000000000004,0.051170540221602216,0.001527694932665196,0.020021904543181677,16.18565149116687,1
33317,0.5370000000000004,0.05097746832532389,0.0014049246241577987,0.019414045808041375,18.2862531932047,1
33330,0.5510000000000004,0.051340805183382465,0.0015521401353941887,0.01891082890464171,18.090782458215564,1
33343,0.5710000000000004,0.0522414135593037,0.0013642865040044876,0.01670233302146093,18.911806507077596,1
33356,0.5740000000000004,0.051285197132404675,0.0014096309520339758,0.02022071949124884,18.32591960518942,1
33369,0.5810000000000004,0.05349724977984664,0.0015929993993647738,0.01872957559494093,17.690588534128977,1
33382,0.4980000000000004,0.05151041053846681,0.0012877865985483751,0.017773089916891992,20.270379398991025,1
33395,0.6020000000000004,0.051021079490822255,0.0014792121586388635,0.020206383725458847,17.010148351297072,1
33408,0.5750000000000004,0.05250169799774294,0.0015105818596327539,0.016144415504695867,15.646931763733075,1
33421,0.5420000000000004,0.051529373342311086,0.0014105733862656764,0.018968277886198193,18.63688978499756,1
33434,0.5830000000000004,0.05264884556976587,0.0014525941134280137,0.016481949536211807,17.19345643552802,1
33447,0.6040000000000004,0.05515372486003608,0.0016299180943106313,0.016959076957781732,16.920502875457164,1
33460,0.6120000000000004,0.0516513063203533,0.0014436787387814413,0.022772413295583403,14.847917032034692,1
33473,0.5790000000000004,0.0516880473083872,0.0014690313322064956,0.019189664671374482,18.244652003492433,1
33486,0.5700000000000004,0.0527839581298582,0.0014381477745774639,0.013269505909172887,18.66171685824594,1
33499,0.5730000000000004,0.0519747676580137,0.001381687854114729,0.01917597208129353,15.906575015986832,1
33512,0.5810000000000004,0.05174241113781853,0.001552840059797632,0.020196958119239022,17.10715948821926,1
33525,0.5960000000000004,0.0533325432103186,0.0014581321405745958,0.024408200514460722,18.053358446380024,1
33538,0.5750000000000004,0.05015849870040516,0.0015095998560112874,0.01645159134540256,17.457646702055758,1
33551,0.5760000000000004,0.05160793523202822,0.0013687118860339234,0.019322957597162415,19.004013178184444,1
33564,0.5800000000000004,0.05356908723264232,0.0012876689421948279,0.017578393479531922,17.32646759249537,1
33577,0.5370000000000004,0.05202933964294836,0.0014975590179439552,0.019809467949161514,17.61301113759987,1
33590,0.5200000000000004,0.052588121351902745,0.0014016151022016713,0.018892142138495667,20.06385044091695,1
33603,0.6110000000000004,0.054799720024980514,0.001378422508161954,0.01940135652555554,16.39053446606944,1
33616,0.5460000000000004,0.052419262169207,0.001353669730817204,0.021752344737910517,19.29266220432142,1
33629,0.5660000000000004,0.05259627789374698,0.0014789742265126252,0.020622824815145744,18.419459716185376,1
33642,0.5520000000000004,0.05330213343666835,0.0015449245691281992,0.017865645587804752,18.01286236283291,1
33655,0.5820000000000004,0.05145012101662815,0.0015271828883207628,0.019042261561998213,17.167415680582348,1
33668,0.5980000000000004,0.051302387279610104,0.00156892444184507,0.021804489135930114,14.547374660764845,1
33681,0.5830000000000004,0.053190829508191546,0.0014173951662020945,0.013305370382063097,17.436220946799036,1
33694,0.5580000000000004,0.05073566013144188,0.0015052118500704877,0.018443984718919313,19.09663178020331,1
33707,0.5870000000000004,0.051240962696109706,0.0015691786204189684,0.020463201582074132,15.243672316757108,1
33720,0.5820000000000004,0.05302820187703946,0.0014424067414431203,0.015563215159260433,17.431384653783503,1
33733,0.6250000000000004,0.052072475502938836,0.0015344889741250073,0.023551913038004486,16.289222363339317,1
33746,0.6150000000000004,0.05336834488221444,0.0014427868517001541,0.016041578108355464,16.445174565133524,1
33759,0.5600000000000004,0.05062575716490098,0.0016093247540132389,0.018245616628554114,17.181401961672112,1
33772,0.5220000000000004,0.051428314351577326,0.0013303938374557382,0.01818434295543316,20.265960728854292,1
33785,0.5600000000000004,0.05173927222190505,0.0014358506679260897,0.020127445040952947,19.047349571080094,1
33798,0.6190000000000004,0.05131536448050823,0.0013312316327722847,0.020103678561980403,16.500492968437836,1
33811,0.5490000000000004,0.052079529052246325,0.001365193250259699,0.01687672369321591,17.671492654014656,1
33824,0.5680000000000004,0.05083688322337257,0.0014341373392817611,0.01641327986584886,18.15552671371529,1
33837,0.5540000000000004,0.052764194087325744,0.0014981128159271223,0.01867835523616292,17.50458859170556,1
33850,0.6520000000000005,0.05196990175920848,0.0015857400834131997,0.022792193135158723,13.734408367732897,1
33863,0.6270000000000004,0.05149468367015343,0.0015086662971813582,0.017509719061024654,15.04421045991571,1
33876,0.5550000000000004,0.05151740106607253,0.001489030578826784,0.015494838495121696,18.742663188169534,1
33889,0.5860000000000004,0.05261865854331101,0.0014172396833299523,0.015133706434376072,17.58303766720422,1
33902,0.5700000000000004,0.05302538411436415,0.001418445148062852,0.019449605897323904,18.315591941906312,1
33915,0.6390000000000005,0.052914555304224245,0.001423429507037399,0.01498489722373867,15.507883750477685,1
33928,0.5270000000000004,0.05240275829152878,0.0013117607487177696,0.02144492866795507,19.656385463550304,1
33941,0.5990000000000004,0.051983296796870464,0.0014611337686983694,0.025364498946324712,16.767977482594603,1
33954,0.5360000000000004,0.05225262324081363,0.0014570975501729568,0.01865085071864228,20.24626533981519,1
33967,0.6130000000000004,0.051812884481246,0.0015744501824128336,0.018758288322493037,15.79016456635018,1
33980,0.5170000000000003,0.051777806436945836,0.001512870899385778,0.012662356717001591,18.99519051827617,1
33993,0.5600000000000004,0.05216403373754062,0.001499044578083965,0.014471060245479556,18.745616976470654,1
34006,0.5300000000000004,0.05280971247310481,0.0014688852780262397,0.018955983126038894,20.656360905106176,1
34019,0.5730000000000004,0.051301976211726906,0.0014842344388585104,0.02271219244196278,17.589297262579606,1
34032,0.5590000000000004,0.0515479560743849,0.001494912546732257,0.02080623254054268,18.28661474759099,1
34045,0.6160000000000004,0.05352572563830062,0.001433332489969372,0.020590321963032187,14.642605037091275,1
34058,0.5810000000000004,0.05334308312963797,0.0012057139091484366,0.0223721702067956,17.003610966897885,1
34071,0.5550000000000004,0.051435166845812605,0.0014534222785004497,0.017113911297558387,18.10695972927126,1
34084,0.5490000000000004,0.05322583651000252,0.0013798825662040247,0.018755659212578574,19.948062422903543,1
34097,0.5520000000000004,0.0523407030347291,0.0016179928867595364,0.016719728645266423,20.445874293381333,1
34110,0.5770000000000004,0.05076605664858369,0.0013249666205005753,0.018484353944468554,18.54710346685557,1
34123,0.5900000000000004,0.052451595798790794,0.0014300720970271345,0.013831727850663313,17.258990753189558,1
34136,0.5680000000000004,0.05173172989795333,0.001335962118864096,0.017914250518640398,17.179751468929158,1
34149,0.6050000000000004,0.05277167091299358,0.0014795338417779864,0.019275278400568144,15.779353339642146,1
34162,0.5690000000000004,0.052886392256563886,0.001459898434233069,0.016354203419554743,18.671756620154426,1
34175,0.5400000000000004,0.05127990647546945,0.0013201602739289372,0.01750318908529421,18.829586785029875,1
34188,0.5400000000000004,0.051058624908411045,0.001630207570525488,0.016869372751775174,18.945496101271562,1
34201,0.5940000000000004,0.05170888399698663,0.0014511007821376054,0.02016609393295189,16.123155630386513,1
34214,0.5800000000000004,0.050013210236482884,0.0014946355955768797,0.015062001365151245,16.91677287855167,1
34227,0.5720000000000004,0.05227166769363314,0.0013858882580759617,0.0173049922159269,17.234563859695058,1
34240,0.5650000000000004,0.05144007326118961,0.0014310567125109417,0.021483446795284366,18.101569649079714,1
34253,0.5120000000000003,0.05016337491851052,0.001281821599004395,0.01641279824630271,19.377229038840532,1
34266,0.5070000000000003,0.05133105377040172,0.0014328073689072217,0.014189625591739871,19.91754691596791,1
34279,0.5720000000000004,0.049856629574941996,0.0014108063567129124,0.022938091670733546,16.974889230652906,1
34292,0.5340000000000004,0.050919387494912025,0.0016100142903883944,0.020413978775698602,17.392305590622115,1
34305,0.5650000000000004,0.05174598207973073,0.0013208825056532701,0.016843684785297408,16.176903210205097,1
34318,0.5590000000000004,0.05123159160869863,0.0013751842805930334,0.01890182503396767,17.256666608613845,1
34331,0.5070000000000003,0.050617552819168146,0.0014225808334006433,0.018997673011935005,19.40597859421018,1
34344,0.6260000000000004,0.050087851599432354,0.0013283839683617678,0.014277216124728449,14.09715415866402,1
34357,0.5370000000000004,0.05220814685059032,0.0013815670562181961,0.016064084084228714,17.8041036031495,1
34370,0.6160000000000004,0.05207167795932025,0.0014687828359553911,0.0222750201605181,16.354360246314847,1
34383,0.6030000000000004,0.05249950857209597,0.0013613023196329542,0.012184603913165266,16.751228494560742,1
34396,0.5750000000000004,0.05243891105481976,0.0013115493503427493,0.019153066182622254,18.75225504231812,1
34409,0.6120000000000004,0.05192755388624928,0.0014219737891021712,0.024958806799584933,17.513757476629632,1
34422,0.5740000000000004,0.05278211774161196,0.0014165385351248303,0.013984491490134678,17.25386246478523,1
34435,0.5740000000000004,0.052494440954251015,0.001470091709616705,0.016292658247298742,17.781144280144304,1
34448,0.5680000000000004,0.05181973685315952,0.0013718338067815273,0.018520339376283976,18.602486242785627,1
34461,0.5700000000000004,0.05261371480248329,0.0016419728971279386,0.014787497361137557,17.23451247551793,1
34474,0.5870000000000004,0.05116090353457445,0.0015199420338952577,0.01718064098794998,16.699743159331582,1
34487,0.5790000000000004,0.049665488713888324,0.0015379429478530559,0.01849374079625078,19.289293015369672,1
34500,0.6170000000000004,0.05305859033953165,0.0016166953259052672,0.018296043439752413,15.874633349795834,1
34513,0.5440000000000004,0.05275449563603461,0.0013870993468936567,0.012063348805290185,18.27250431597315,1
