simulacion,tiempo_s,velocidad_max_mps,velocidad_max_kmh,masa_kg,cda_m2,crr,empuje_n,exito
2026,1.0845,21.38,77.0,0.0529,0.003406,0.01407,9.85,1
2039,1.2945,17.83,64.2,0.05351,0.003089,0.01306,9.47,1
2052,1.041,22.12,79.6,0.05288,0.003125,0.01696,10.71,1
2065,0.9395,24.57,88.5,0.05144,0.003061,0.0205,10.62,1
2078,1.1125,21.05,75.8,0.05266,0.003168,0.01557,10.2,1
2091,1.025,22.52,81.1,0.05188,0.003305,0.02246,10.5,1
2104,1.153,20.3,73.1,0.05229,0.003358,0.01995,8.56,1
2117,1.151,20.03,72.1,0.05241,0.00346,0.02282,9.98,1
2130,1.24,18.85,67.8,0.05213,0.003412,0.02317,10.06,1
2143,1.2975,17.82,64.2,0.05192,0.003198,0.01824,8.79,1
2156,1.0055,23.34,84.0,0.05128,0.00299,0.02125,11.58,1
2169,1.417,16.39,59.0,0.0512,0.003551,0.02023,10.14,1
2182,1.0955,21.41,77.1,0.05173,0.003608,0.01908,10.1,1
2195,1.1,21.2,76.3,0.05176,0.003089,0.02096,10.46,1
2208,1.123,20.74,74.7,0.05371,0.003601,0.02329,10.11,1
2221,1.18,19.63,70.7,0.05198,0.0029,0.02205,8.14,1
2234,1.1395,19.91,71.7,0.0525,0.002684,0.02291,10.68,1
2247,1.292,17.91,64.5,0.05189,0.003178,0.01827,8.37,1
2260,1.201,19.68,70.8,0.05185,0.003782,0.01716,8.07,1
2273,1.1915,19.41,69.9,0.05367,0.003184,0.0189,8.95,1
2286,1.118,20.69,74.5,0.05157,0.003295,0.02267,9.91,1
2299,0.8845,26.22,94.4,0.05237,0.003328,0.02024,13.48,1
2312,1.1575,19.75,71.1,0.05159,0.002464,0.0213,8.96,1
2325,1.109,20.9,75.3,0.05096,0.003169,0.02368,9.71,1
2338,1.234,18.76,67.5,0.05068,0.003164,0.02229,8.54,1
2351,0.9905,23.39,84.2,0.05086,0.003247,0.01863,10.3,1
2364,1.212,19.66,70.8,0.05183,0.003397,0.02485,10.13,1
2377,1.198,19.12,68.8,0.05108,0.003252,0.02313,10.63,1
2390,1.136,20.34,73.2,0.05161,0.003209,0.01706,9.1,1
2403,1.0975,21.06,75.8,0.05306,0.00335,0.02157,9.79,1
2416,0.979,23.7,85.3,0.05246,0.003007,0.02189,12.56,1
2429,1.124,20.61,74.2,0.05176,0.003281,0.02045,9.02,1
2442,1.1435,20.26,72.9,0.05173,0.003305,0.01969,9.46,1
2455,1.213,19.15,68.9,0.05057,0.003244,0.01916,9.6,1
2468,1.0505,21.98,79.1,0.05179,0.003486,0.01954,10.55,1
2481,1.1965,19.37,69.7,0.05283,0.002916,0.02138,8.02,1
2494,1.294,17.85,64.3,0.0518,0.003042,0.0186,8.24,1
2507,1.0875,20.92,75.3,0.05106,0.003081,0.0178,11.13,1
2520,1.144,20.21,72.8,0.05093,0.003129,0.01992,8.74,1
2533,1.1425,20.21,72.8,0.05133,0.002827,0.01766,8.48,1
2546,1.2455,18.51,66.6,0.05149,0.003421,0.0173,9.46,1
2559,1.2315,18.91,68.1,0.05289,0.003175,0.01859,7.78,1
2572,1.0085,23.03,82.9,0.05323,0.003295,0.01845,9.75,1
2585,0.9945,23.38,84.2,0.0538,0.003547,0.018,11.53,1
2598,1.0065,22.85,82.2,0.0518,0.002828,0.01993,11.15,1
2611,1.302,17.75,63.9,0.05127,0.003305,0.01735,9.0,1
2624,0.973,23.81,85.7,0.05202,0.003098,0.01896,10.34,1
2637,1.1455,20.6,74.2,0.0519,0.003716,0.01814,10.24,1
2650,1.025,22.71,81.7,0.0517,0.003019,0.02059,10.65,1
2663,0.945,24.52,88.3,0.05152,0.003123,0.02063,10.92,1
2676,1.0365,22.34,80.4,0.05199,0.00349,0.01617,10.11,1
2689,1.18,19.55,70.4,0.05248,0.003228,0.02087,10.19,1
2702,1.0895,21.25,76.5,0.05255,0.003448,0.01231,10.12,1
2715,1.059,22.13,79.7,0.05178,0.003039,0.02263,8.6,1
2728,1.1805,19.72,71.0,0.05287,0.003257,0.01719,8.19,1
2741,1.084,21.16,76.2,0.05231,0.003124,0.02096,10.15,1
2754,1.2515,19.01,68.4,0.05057,0.002992,0.02144,9.56,1
2767,0.975,23.71,85.4,0.05145,0.003213,0.0208,10.34,1
2780,1.0705,22.17,79.8,0.05121,0.003097,0.0188,11.27,1
2793,1.084,21.5,77.4,0.05329,0.003325,0.01755,10.42,1
2806,1.061,21.74,78.3,0.05175,0.003154,0.0183,11.2,1
2819,1.2695,18.49,66.6,0.05203,0.003422,0.02141,9.62,1
2832,1.0675,21.62,77.8,0.05216,0.003125,0.02599,9.59,1
2845,1.003,23.08,83.1,0.05236,0.003417,0.01174,10.14,1
2858,1.071,21.62,77.8,0.0503,0.002891,0.01688,9.01,1
2871,1.063,21.54,77.5,0.05121,0.002846,0.02137,10.17,1
2884,1.1035,20.82,75.0,0.05333,0.003587,0.01973,10.81,1
2897,1.041,22.31,80.3,0.05207,0.003355,0.02127,9.74,1
2910,1.138,20.22,72.8,0.05439,0.003268,0.01995,9.9,1
2923,1.086,21.29,76.7,0.05251,0.002822,0.02014,9.01,1
2936,1.164,19.88,71.6,0.05112,0.003049,0.01731,8.51,1
2949,1.2375,18.49,66.6,0.05211,0.002958,0.02308,9.5,1
2962,1.137,20.36,73.3,0.05237,0.003328,0.02216,9.11,1
2975,1.311,17.44,62.8,0.05132,0.002916,0.02058,10.21,1
2988,0.9985,23.18,83.4,0.05182,0.003111,0.01876,9.82,1
3001,1.0265,22.42,80.7,0.05171,0.003468,0.01866,10.6,1
3014,1.115,20.9,75.2,0.05302,0.00341,0.01979,9.49,1
3027,1.0835,21.45,77.2,0.05275,0.003627,0.02059,9.78,1
3040,1.008,22.92,82.5,0.05439,0.003049,0.02014,10.27,1
3053,1.1925,19.32,69.5,0.05083,0.003258,0.02053,9.86,1
3066,1.041,22.19,79.9,0.05205,0.003288,0.01692,10.05,1
3079,1.16,20.09,72.3,0.05118,0.003188,0.02096,10.01,1
3092,1.186,19.54,70.3,0.05258,0.003245,0.02202,9.07,1
3105,1.0595,22.01,79.2,0.05138,0.003221,0.02061,9.75,1
3118,1.107,21.03,75.7,0.05439,0.00319,0.02,10.56,1
3131,1.1695,19.44,70.0,0.04991,0.002771,0.0193,10.09,1
3144,1.0555,21.86,78.7,0.05051,0.003265,0.0242,10.06,1
3157,1.165,19.74,71.1,0.05071,0.003041,0.01991,9.35,1
3170,0.9935,23.34,84.0,0.05124,0.003317,0.01526,11.89,1
3183,1.1745,19.58,70.5,0.05167,0.00303,0.02355,10.09,1
3196,0.962,23.95,86.2,0.05427,0.003121,0.0183,11.18,1
3209,1.0205,22.64,81.5,0.05253,0.003386,0.0171,10.53,1
3222,0.886,26.25,94.5,0.0513,0.003352,0.01845,11.43,1
3235,0.863,27.01,97.2,0.05185,0.002795,0.02017,10.94,1
3248,1.1455,20.06,72.2,0.05017,0.003438,0.02059,10.14,1
3261,1.247,18.56,66.8,0.05011,0.003348,0.02258,8.84,1
3274,1.1815,19.56,70.4,0.05184,0.003683,0.02127,11.03,1
3287,1.038,22.13,79.7,0.05072,0.002594,0.01825,9.62,1
3300,1.1275,20.54,73.9,0.05034,0.003269,0.02191,9.97,1
3313,1.2315,18.89,68.0,0.04993,0.003099,0.01825,9.76,1
3326,1.101,21.07,75.9,0.05198,0.003288,0.01718,11.12,1
3339,0.9675,23.88,86.0,0.05144,0.003252,0.02374,10.35,1
3352,1.078,21.41,77.1,0.05104,0.003039,0.01221,9.8,1
3365,0.9555,24.15,86.9,0.05131,0.0035,0.02194,10.76,1
3378,1.097,20.92,75.3,0.05209,0.002686,0.01953,9.4,1
3391,1.0935,21.05,75.8,0.05038,0.003375,0.01297,10.21,1
3404,1.3235,17.62,63.4,0.05246,0.003188,0.02001,7.81,1
3417,1.094,21.08,75.9,0.05435,0.003058,0.01887,9.7,1
3430,1.2205,19.05,68.6,0.0531,0.003386,0.02216,10.72,1
3443,1.065,21.56,77.6,0.05017,0.002916,0.0221,9.7,1
3456,1.0225,22.26,80.1,0.05251,0.002764,0.01556,11.35,1
3469,0.925,24.73,89.0,0.05244,0.002886,0.02052,11.99,1
3482,1.282,18.15,65.3,0.05134,0.003561,0.01991,8.57,1
3495,1.1435,20.26,72.9,0.05144,0.003317,0.01963,10.75,1
3508,1.1285,20.55,74.0,0.05416,0.002913,0.01789,10.59,1
3521,0.938,24.75,89.1,0.04855,0.003381,0.01905,9.92,1
3534,1.096,21.33,76.8,0.05117,0.003371,0.01874,9.28,1
3547,1.086,21.25,76.5,0.05264,0.003633,0.02103,11.08,1
3560,0.942,24.64,88.7,0.05085,0.003312,0.01607,10.83,1
3573,1.189,19.64,70.7,0.05075,0.003284,0.02103,8.57,1
3586,1.289,17.92,64.5,0.05431,0.003063,0.01505,8.97,1
3599,1.3535,16.88,60.8,0.0523,0.003009,0.01901,10.05,1
3612,1.1485,19.86,71.5,0.05281,0.002875,0.02476,10.26,1
3625,1.154,20.21,72.8,0.05283,0.003689,0.02295,10.0,1
3638,1.071,21.73,78.2,0.05138,0.002885,0.01884,8.33,1
3651,1.176,19.6,70.6,0.05146,0.003104,0.01815,10.61,1
3664,1.082,21.23,76.4,0.0516,0.003012,0.01901,9.89,1
3677,1.0825,21.44,77.2,0.05168,0.003213,0.01926,10.14,1
3690,1.0845,21.19,76.3,0.05103,0.003248,0.01818,10.72,1
3703,1.116,20.67,74.4,0.05282,0.003316,0.01977,10.03,1
3716,1.1825,19.67,70.8,0.05109,0.003348,0.01576,8.74,1
3729,1.1705,19.33,69.6,0.05226,0.003034,0.02131,11.69,1
3742,1.0425,21.96,79.0,0.0506,0.003026,0.01981,10.62,1
3755,1.0675,21.71,78.2,0.05107,0.003317,0.02106,9.45,1
3768,1.1575,19.96,71.9,0.05128,0.002995,0.01496,8.54,1
3781,0.955,24.1,86.8,0.05168,0.003311,0.0188,11.54,1
3794,1.164,20.29,73.1,0.05316,0.003415,0.01927,10.16,1
3807,1.1045,20.74,74.7,0.05375,0.002949,0.02043,10.47,1
3820,1.0055,23.05,83.0,0.05223,0.00321,0.02139,10.24,1
3833,1.043,22.02,79.3,0.0522,0.002843,0.01591,10.42,1
3846,1.147,20.16,72.6,0.0517,0.003008,0.02367,8.95,1
3859,1.012,23.06,83.0,0.05175,0.003287,0.0181,9.19,1
3872,1.042,21.92,78.9,0.05349,0.002937,0.02311,10.95,1
3885,1.1225,20.76,74.7,0.05252,0.003413,0.02005,10.38,1
3898,1.0025,23.01,82.8,0.04961,0.003124,0.01508,9.77,1
3911,1.101,20.91,75.3,0.05249,0.003361,0.01798,10.13,1
3924,1.1195,20.7,74.5,0.05212,0.003341,0.02331,9.32,1
3937,0.953,24.18,87.1,0.05044,0.003102,0.02491,10.72,1
3950,1.1355,20.24,72.9,0.05192,0.003495,0.02024,10.76,1
3963,1.083,21.37,76.9,0.05076,0.003205,0.01896,9.22,1
3976,0.991,23.05,83.0,0.05176,0.00297,0.02332,11.27,1
3989,1.0835,21.59,77.7,0.05169,0.003286,0.01554,10.24,1
4002,1.0845,21.48,77.3,0.05335,0.00299,0.024,8.77,1
4015,1.07,21.47,77.3,0.05107,0.003033,0.02187,10.06,1
4028,1.2105,18.92,68.1,0.05174,0.002918,0.01682,10.86,1
4041,1.021,22.5,81.0,0.05124,0.002943,0.02503,12.28,1
4054,1.2015,19.16,69.0,0.05251,0.003128,0.01928,9.11,1
4067,0.9665,23.92,86.1,0.05338,0.002763,0.01543,10.38,1
4080,1.109,21.0,75.6,0.05262,0.002992,0.01328,8.93,1
4093,1.1385,20.21,72.8,0.05296,0.003122,0.02174,9.56,1
4106,1.0765,21.74,78.3,0.05101,0.003527,0.01457,10.59,1
4119,1.094,21.03,75.7,0.05272,0.003333,0.01726,10.19,1
4132,1.0445,22.25,80.1,0.05177,0.003366,0.01865,9.83,1
4145,1.1275,20.27,73.0,0.05235,0.003187,0.02039,11.41,1
4158,1.128,20.48,73.7,0.05308,0.003423,0.02008,9.53,1
4171,1.225,18.74,67.5,0.05286,0.002836,0.02169,9.49,1
4184,1.0245,22.41,80.7,0.05173,0.003126,0.01682,10.48,1
4197,1.377,16.84,60.6,0.05169,0.003564,0.01811,9.23,1
4210,1.064,21.59,77.7,0.05241,0.003395,0.01771,10.6,1
4223,0.981,23.71,85.4,0.05083,0.003027,0.01726,10.42,1
4236,1.3125,17.73,63.8,0.05125,0.002995,0.02819,10.34,1
4249,1.126,20.59,74.1,0.0524,0.003404,0.02142,9.29,1
4262,1.145,20.52,73.9,0.0525,0.003253,0.02176,10.04,1
4275,1.1575,20.09,72.3,0.05262,0.003732,0.01998,10.62,1
4288,1.0685,21.59,77.7,0.05262,0.003502,0.02008,10.44,1
4301,0.9475,24.07,86.7,0.05188,0.003132,0.01784,11.99,1
4314,1.011,23.19,83.5,0.05378,0.003467,0.01865,10.12,1
4327,1.2115,19.2,69.1,0.05326,0.003215,0.01436,7.97,1
4340,1.1635,19.83,71.4,0.05066,0.003324,0.02002,9.96,1
4353,1.3045,17.73,63.8,0.05204,0.003402,0.01945,9.36,1
4366,1.1875,19.2,69.1,0.05276,0.003088,0.02118,10.49,1
4379,0.9315,24.94,89.8,0.05095,0.003107,0.01876,10.37,1
4392,1.397,16.71,60.2,0.05219,0.003374,0.02203,8.92,1
4405,1.1595,20.03,72.1,0.05327,0.003227,0.01609,9.09,1
4418,1.259,18.19,65.5,0.05187,0.00312,0.01745,10.03,1
4431,0.9575,24.38,87.8,0.05213,0.003428,0.01763,11.12,1
4444,1.0625,21.84,78.6,0.04994,0.00313,0.02118,9.55,1
4457,1.0325,22.34,80.4,0.0524,0.003299,0.0206,10.48,1
4470,1.013,23.39,84.2,0.05191,0.003628,0.01833,7.96,1
4483,0.9625,23.85,85.9,0.0519,0.003156,0.02197,11.4,1
4496,1.042,22.42,80.7,0.05032,0.003092,0.02009,9.25,1
4509,0.9905,23.3,83.9,0.05423,0.00318,0.02099,10.73,1
4522,1.0735,21.67,78.0,0.05107,0.003054,0.0168,8.65,1
4535,1.058,21.68,78.1,0.05199,0.00306,0.0246,10.33,1
4548,1.117,20.84,75.0,0.05167,0.00321,0.0194,9.05,1
4561,1.0275,22.43,80.7,0.0513,0.00296,0.01563,9.79,1
4574,1.126,20.49,73.8,0.05217,0.003369,0.02032,10.47,1
4587,1.125,20.2,72.7,0.05143,0.002891,0.02242,11.75,1
4600,1.2285,18.57,66.9,0.05175,0.002727,0.02495,9.78,1
4613,1.268,18.4,66.2,0.05292,0.003254,0.01996,8.85,1
4626,0.918,25.02,90.1,0.05244,0.002966,0.01673,12.52,1
4639,1.1085,20.58,74.1,0.05096,0.003022,0.02035,10.99,1
4652,0.9925,23.37,84.1,0.05202,0.00335,0.01861,10.21,1
4665,1.1495,20.37,73.3,0.05185,0.003813,0.02105,8.93,1
4678,1.2185,18.81,67.7,0.05323,0.00282,0.0201,9.15,1
4691,0.925,24.94,89.8,0.05043,0.003277,0.01765,11.5,1
4704,0.968,24.05,86.6,0.05174,0.003113,0.01902,10.43,1
4717,0.9305,25.07,90.3,0.04955,0.003214,0.0183,11.13,1
4730,0.9235,25.04,90.1,0.05185,0.00296,0.02001,10.92,1
4743,1.1665,19.88,71.6,0.05215,0.002952,0.01855,8.12,1
4756,1.0255,22.81,82.1,0.05212,0.002917,0.02339,9.2,1
4769,1.0345,22.37,80.5,0.05254,0.003289,0.02005,10.38,1
4782,1.119,20.6,74.2,0.0519,0.00346,0.02361,10.3,1
4795,0.9855,23.74,85.5,0.05255,0.003441,0.02063,10.93,1
4808,1.044,21.87,78.7,0.05245,0.002945,0.01777,11.18,1
4821,1.1825,19.84,71.4,0.05117,0.003283,0.01964,7.32,1
4834,0.8465,27.36,98.5,0.05145,0.002991,0.01909,12.1,1
4847,1.391,17.99,64.8,0.05022,0.004056,0.02091,9.67,1
4860,1.2345,18.54,66.8,0.05108,0.003334,0.01498,10.4,1
4873,1.054,21.9,78.8,0.05145,0.002906,0.02144,10.35,1
4886,0.9915,23.2,83.5,0.05028,0.002891,0.01946,10.5,1
4899,1.095,21.39,77.0,0.05057,0.003353,0.02059,10.62,1
4912,1.2305,18.62,67.0,0.05259,0.00327,0.02127,10.26,1
4925,1.3075,17.92,64.5,0.05361,0.003111,0.02504,8.98,1
4938,1.143,20.33,73.2,0.05153,0.003547,0.01688,9.52,1
4951,1.103,21.06,75.8,0.05156,0.003247,0.01547,9.54,1
4964,1.1485,20.25,72.9,0.05289,0.003355,0.01854,9.06,1
4977,1.283,18.47,66.5,0.05147,0.003541,0.01926,9.33,1
4990,1.085,21.14,76.1,0.05044,0.003082,0.01784,10.08,1
5003,1.2365,19.31,69.5,0.05293,0.003559,0.01936,10.95,1
5016,0.987,23.48,84.5,0.0526,0.002873,0.02141,10.61,1
5029,1.0915,21.63,77.9,0.05253,0.003459,0.01799,10.23,1
5042,1.347,17.92,64.5,0.05256,0.003808,0.01839,9.9,1
5055,1.234,18.95,68.2,0.05179,0.003317,0.01508,9.69,1
5068,1.1885,19.29,69.4,0.05117,0.003312,0.0193,10.26,1
5081,1.0775,21.65,77.9,0.05288,0.002916,0.01721,8.77,1
5094,1.057,21.84,78.6,0.05202,0.003502,0.02127,10.36,1
5107,1.12,20.82,74.9,0.05104,0.003388,0.02061,8.58,1
5120,1.2725,18.11,65.2,0.05136,0.003376,0.01587,9.56,1
5133,1.121,20.8,74.9,0.05103,0.00336,0.02045,10.4,1
5146,1.126,20.86,75.1,0.05222,0.00332,0.02011,10.61,1
5159,1.017,22.79,82.0,0.0523,0.003357,0.02007,10.34,1
5172,1.0925,21.12,76.0,0.05129,0.002878,0.01943,9.01,1
5185,1.386,16.64,59.9,0.05341,0.00311,0.02204,9.25,1
5198,0.9655,23.86,85.9,0.05021,0.002933,0.01744,10.85,1
5211,1.081,21.42,77.1,0.05372,0.003249,0.02055,9.78,1
5224,1.061,22.06,79.4,0.05116,0.003286,0.02283,9.45,1
5237,1.2695,18.4,66.2,0.05225,0.003521,0.02212,9.47,1
5250,0.939,24.21,87.2,0.05198,0.003067,0.02579,12.48,1
5263,1.145,20.13,72.5,0.05194,0.003048,0.02146,9.15,1
5276,1.001,23.07,83.0,0.053,0.003168,0.02213,10.23,1
5289,1.101,20.91,75.3,0.05172,0.003195,0.01479,10.66,1
5302,1.2655,18.3,65.9,0.05092,0.00311,0.01642,9.14,1
5315,0.9785,23.68,85.3,0.05211,0.00266,0.02279,10.09,1
5328,1.172,19.56,70.4,0.05148,0.002601,0.01887,8.83,1
5341,1.0735,21.87,78.7,0.05429,0.003531,0.02423,9.08,1
5354,1.33,17.08,61.5,0.05026,0.00291,0.02287,10.32,1
5367,1.2055,19.05,68.6,0.05273,0.003152,0.0222,9.91,1
5380,1.0885,20.94,75.4,0.05414,0.002995,0.01486,11.06,1
5393,1.07,21.76,78.4,0.05144,0.003478,0.01684,9.16,1
5406,1.0475,22.55,81.2,0.05276,0.004047,0.02363,10.19,1
5419,1.1295,20.69,74.5,0.05325,0.00326,0.02017,8.98,1
5432,1.1035,21.11,76.0,0.05275,0.003578,0.02183,9.06,1
5445,1.398,16.67,60.0,0.05049,0.003505,0.01919,8.83,1
5458,1.04,22.15,79.8,0.05159,0.00275,0.01906,9.52,1
5471,1.1035,21.18,76.3,0.05229,0.003544,0.01773,8.74,1
5484,1.295,17.95,64.6,0.05343,0.00397,0.01912,10.07,1
5497,0.891,25.89,93.2,0.04857,0.002568,0.01952,11.31,1
5510,1.089,21.17,76.2,0.05165,0.003565,0.01679,10.09,1
5523,1.392,16.63,59.9,0.05185,0.003345,0.01934,8.85,1
5536,1.075,21.59,77.7,0.05456,0.003192,0.01981,9.6,1
5549,1.174,19.75,71.1,0.05144,0.002973,0.01885,9.17,1
5562,1.079,21.5,77.4,0.05374,0.003044,0.01596,10.68,1
5575,1.1655,19.67,70.8,0.05127,0.003105,0.01928,10.08,1
5588,1.426,16.19,58.3,0.05156,0.003099,0.01591,8.54,1
5601,1.1825,19.73,71.0,0.05203,0.00346,0.02017,9.52,1
5614,1.006,22.83,82.2,0.05294,0.003378,0.02359,11.11,1
5627,1.0255,22.52,81.1,0.05031,0.002882,0.02437,9.61,1
5640,1.3395,17.24,62.1,0.051,0.003181,0.0226,9.44,1
5653,1.127,20.64,74.3,0.05242,0.003503,0.01779,8.83,1
5666,0.952,24.57,88.5,0.05393,0.00312,0.02507,9.84,1
5679,1.1405,20.34,73.2,0.05155,0.003546,0.01536,10.41,1
5692,0.9785,23.52,84.7,0.05185,0.002958,0.01888,10.66,1
5705,1.3335,17.85,64.3,0.05356,0.003684,0.02396,9.27,1
5718,1.0895,21.03,75.7,0.05331,0.002949,0.01913,10.94,1
5731,1.1825,19.35,69.7,0.05228,0.003272,0.02192,10.37,1
5744,1.2705,18.33,66.0,0.05198,0.003152,0.01568,9.88,1
5757,1.0025,22.91,82.5,0.05245,0.002967,0.01805,10.64,1
5770,1.0085,22.82,82.1,0.05196,0.002905,0.02188,10.49,1
5783,1.3585,17.17,61.8,0.05269,0.003245,0.01976,7.8,1
5796,1.125,20.51,73.8,0.05218,0.003195,0.01995,9.95,1
5809,1.1335,20.37,73.3,0.05343,0.002931,0.02341,8.96,1
5822,1.22,18.72,67.4,0.0515,0.002792,0.01926,9.97,1
5835,1.096,21.19,76.3,0.05079,0.003494,0.01957,8.98,1
5848,1.203,19.11,68.8,0.05258,0.002973,0.02323,9.3,1
5861,1.077,21.62,77.8,0.05203,0.003426,0.02132,9.8,1
5874,1.186,19.34,69.6,0.05113,0.002985,0.02123,9.61,1
5887,1.1295,20.44,73.6,0.05232,0.003373,0.02187,10.43,1
5900,1.207,19.28,69.4,0.05099,0.003291,0.02147,9.29,1
5913,1.0645,21.62,77.8,0.05119,0.003353,0.01681,10.77,1
5926,0.8985,25.91,93.3,0.05251,0.002978,0.0158,11.4,1
5939,1.1415,20.31,73.1,0.05391,0.003544,0.01667,10.14,1
5952,1.003,23.42,84.3,0.0519,0.00349,0.02498,10.76,1
5965,1.179,19.55,70.4,0.05225,0.003572,0.02035,9.92,1
5978,1.189,19.55,70.4,0.05138,0.003078,0.01415,9.1,1
5991,1.153,20.17,72.6,0.05395,0.003367,0.02049,9.41,1
6004,1.1895,19.55,70.4,0.05118,0.003194,0.02101,8.93,1
6017,1.183,19.53,70.3,0.05009,0.003344,0.01555,9.28,1
6030,1.117,20.71,74.6,0.05303,0.003358,0.01968,10.23,1
6043,1.076,21.51,77.5,0.05222,0.003202,0.02059,9.65,1
6056,1.1045,21.13,76.1,0.05036,0.003392,0.01932,9.85,1
6069,1.3805,16.9,60.8,0.05254,0.003207,0.01915,8.76,1
6082,0.956,24.45,88.0,0.05245,0.002702,0.02598,9.58,1
6095,1.2415,18.38,66.2,0.05337,0.002953,0.02511,9.92,1
6108,1.109,20.95,75.4,0.05129,0.002893,0.0194,8.73,1
6121,1.3855,16.73,60.2,0.05,0.002986,0.016,7.74,1
6134,1.0845,21.27,76.6,0.05193,0.002935,0.01949,9.81,1
6147,1.0995,21.24,76.5,0.05178,0.003303,0.02107,8.82,1
6160,1.1115,20.86,75.1,0.05265,0.003659,0.01877,10.13,1
6173,1.0035,23.13,83.3,0.05345,0.003256,0.02072,10.87,1
6186,1.117,20.74,74.7,0.05082,0.003526,0.01858,9.28,1
6199,0.9055,25.76,92.8,0.05327,0.002824,0.02029,10.71,1
6212,1.155,20.01,72.0,0.0531,0.003384,0.01936,10.12,1
6225,1.1465,20.0,72.0,0.05268,0.003188,0.01744,10.06,1
6238,1.042,22.52,81.1,0.05109,0.003328,0.01586,10.59,1
6251,1.268,18.31,65.9,0.05218,0.002648,0.02135,7.15,1
6264,1.1565,19.82,71.4,0.05113,0.00312,0.02535,9.8,1
6277,1.289,17.97,64.7,0.05273,0.003315,0.01977,8.86,1
6290,1.033,22.63,81.5,0.05205,0.003374,0.02146,9.57,1
6303,0.95,24.3,87.5,0.05099,0.003309,0.01901,11.36,1
6316,1.18,19.53,70.3,0.05331,0.003288,0.0267,9.47,1
6329,1.1245,20.47,73.7,0.05035,0.002916,0.02435,9.09,1
6342,1.0095,23.05,83.0,0.05066,0.003267,0.02421,9.67,1
6355,1.1525,20.49,73.8,0.05135,0.003469,0.02127,10.02,1
6368,1.111,20.97,75.5,0.05277,0.003124,0.01923,10.53,1
6381,1.0035,22.99,82.8,0.05154,0.00311,0.01898,10.35,1
6394,1.129,20.67,74.4,0.05353,0.003357,0.02028,9.94,1
6407,1.0745,21.43,77.1,0.05198,0.003028,0.01597,10.01,1
6420,0.8935,25.84,93.0,0.05182,0.003274,0.02434,11.64,1
6433,1.1405,20.2,72.7,0.05212,0.003231,0.02327,10.02,1
6446,1.1365,20.53,73.9,0.05114,0.003418,0.01732,9.97,1
6459,1.1595,19.89,71.6,0.05307,0.003164,0.01761,9.22,1
6472,1.0605,21.61,77.8,0.051,0.003363,0.02127,10.65,1
6485,1.314,17.66,63.6,0.05131,0.003589,0.0176,9.76,1
6498,1.113,20.88,75.2,0.05049,0.003213,0.01453,8.76,1
6511,1.271,18.09,65.1,0.05209,0.003249,0.02018,10.24,1
6524,0.937,24.44,88.0,0.0526,0.003022,0.01914,11.82,1
6537,1.163,20.12,72.4,0.05066,0.003658,0.0206,8.78,1
6550,1.0385,22.2,79.9,0.05145,0.00301,0.01829,10.49,1
6563,1.039,22.5,81.0,0.05288,0.003519,0.01775,11.1,1
6576,1.17,19.68,70.9,0.05303,0.003156,0.01804,9.58,1
6589,1.1725,19.65,70.7,0.05092,0.003161,0.01953,10.44,1
6602,1.05,22.23,80.0,0.05011,0.003389,0.02048,9.15,1
6615,1.02,22.88,82.4,0.05144,0.003674,0.02242,9.28,1
6628,1.1165,20.69,74.5,0.05106,0.003091,0.0159,8.9,1
6641,1.0385,22.34,80.4,0.05344,0.003366,0.02267,10.88,1
6654,1.113,20.54,74.0,0.05197,0.00313,0.01869,10.4,1
6667,0.9425,25.0,90.0,0.05224,0.003176,0.02024,10.99,1
6680,1.3515,17.35,62.5,0.05122,0.003414,0.02023,7.31,1
6693,1.1705,19.74,71.1,0.05132,0.003415,0.02546,9.84,1
6706,0.9835,23.79,85.7,0.05272,0.003505,0.02283,12.75,1
6719,1.063,21.73,78.2,0.05334,0.003258,0.0271,9.97,1
6732,1.427,16.41,59.1,0.05189,0.003683,0.01991,8.95,1
6745,1.0935,20.89,75.2,0.05199,0.003221,0.0197,10.79,1
6758,1.001,23.24,83.7,0.05335,0.003362,0.01439,10.79,1
6771,1.1225,20.42,73.5,0.05079,0.003265,0.01828,10.18,1
6784,1.0765,21.47,77.3,0.05121,0.002941,0.01756,9.09,1
6797,1.1125,20.88,75.2,0.05087,0.003057,0.02243,10.1,1
6810,0.9755,23.68,85.3,0.05421,0.00347,0.01912,11.74,1
6823,1.3155,17.54,63.1,0.05331,0.003001,0.02795,9.32,1
6836,1.087,21.22,76.4,0.05263,0.003046,0.01853,9.53,1
6849,1.0305,22.44,80.8,0.05202,0.003761,0.01915,10.69,1
6862,0.956,24.25,87.3,0.05127,0.003166,0.02352,11.03,1
6875,1.1075,21.03,75.7,0.05267,0.003729,0.01908,9.93,1
6888,0.9845,23.65,85.1,0.0503,0.003206,0.02078,10.15,1
6901,1.1175,20.75,74.7,0.05244,0.003749,0.01868,9.85,1
6914,1.1865,19.55,70.4,0.05085,0.003202,0.01915,8.81,1
6927,0.897,25.62,92.2,0.05001,0.003038,0.02075,11.93,1
6940,1.301,18.08,65.1,0.05106,0.003584,0.01782,9.42,1
6953,1.0415,22.16,79.8,0.05114,0.003478,0.02076,10.33,1
6966,1.298,17.8,64.1,0.05188,0.003457,0.01752,9.31,1
6979,1.01,22.92,82.5,0.05109,0.003332,0.02167,9.96,1
6992,1.124,20.5,73.8,0.05163,0.003137,0.02018,9.69,1
7005,1.037,22.41,80.7,0.0513,0.003313,0.0245,10.57,1
7018,1.1185,21.11,76.0,0.05122,0.003508,0.0186,9.67,1
7031,1.1975,19.43,69.9,0.05193,0.003241,0.0261,10.15,1
7044,0.934,24.62,88.6,0.0511,0.002522,0.01509,11.09,1
7057,0.992,23.53,84.7,0.0509,0.003158,0.01524,10.87,1
7070,0.9755,23.82,85.8,0.05066,0.002845,0.02141,9.84,1
7083,1.2365,18.82,67.7,0.05207,0.003455,0.0237,9.57,1
7096,1.2395,18.58,66.9,0.05105,0.003572,0.02105,10.38,1
7109,1.09,21.1,76.0,0.05338,0.003273,0.01924,10.29,1
7122,0.8535,26.98,97.1,0.05039,0.00289,0.02096,13.03,1
7135,1.0405,22.05,79.4,0.05195,0.003038,0.0173,10.61,1
7148,1.248,18.41,66.3,0.05275,0.003062,0.01933,9.17,1
7161,0.907,25.78,92.8,0.04977,0.003254,0.01898,12.14,1
7174,1.083,21.36,76.9,0.05179,0.002898,0.02356,8.96,1
7187,0.97,23.93,86.2,0.0501,0.002825,0.0241,9.65,1
7200,1.1915,19.47,70.1,0.0514,0.003669,0.02357,9.2,1
7213,1.084,21.17,76.2,0.05213,0.003044,0.01984,10.1,1
7226,1.1095,20.77,74.8,0.05279,0.003252,0.0215,9.67,1
7239,1.044,21.97,79.1,0.05227,0.003317,0.02034,10.79,1
7252,1.189,19.33,69.6,0.05283,0.003159,0.02214,9.66,1
7265,0.997,23.21,83.5,0.05249,0.002957,0.01959,10.48,1
7278,1.065,21.77,78.4,0.05104,0.002895,0.01729,10.02,1
7291,1.0345,22.21,80.0,0.0518,0.003351,0.01678,10.51,1
7304,1.1405,20.23,72.8,0.05118,0.002797,0.01983,8.78,1
7317,1.386,16.49,59.4,0.05296,0.002818,0.02017,9.22,1
7330,0.9995,23.19,83.5,0.05132,0.003457,0.02645,10.15,1
7343,1.2995,17.58,63.3,0.05178,0.00295,0.01965,9.44,1
7356,1.221,18.55,66.8,0.05059,0.002687,0.01885,10.43,1
7369,1.183,19.28,69.4,0.05209,0.002642,0.02363,10.37,1
7382,1.0985,21.34,76.8,0.05333,0.003291,0.01447,10.48,1
7395,1.1395,20.15,72.5,0.05118,0.003079,0.01901,9.91,1
7408,1.273,18.08,65.1,0.0527,0.003227,0.02091,9.73,1
7421,1.243,18.87,67.9,0.05261,0.003524,0.01801,8.24,1
7434,1.191,19.35,69.7,0.05144,0.002877,0.01795,8.55,1
7447,1.1035,20.98,75.5,0.05183,0.002946,0.02093,9.93,1
7460,1.133,20.52,73.9,0.05303,0.003055,0.02231,10.7,1
7473,1.18,19.46,70.1,0.05147,0.003182,0.0259,9.99,1
7486,1.33,17.3,62.3,0.05264,0.002943,0.01679,8.58,1
7499,1.062,21.85,78.7,0.05262,0.002742,0.01991,9.04,1
7512,1.168,19.97,71.9,0.05422,0.002854,0.01869,8.76,1
7525,1.0445,22.11,79.6,0.05209,0.002964,0.02146,10.21,1
7538,1.041,21.96,79.1,0.05123,0.002858,0.01476,10.51,1
7551,1.041,22.12,79.6,0.05259,0.003016,0.01826,10.26,1
7564,1.205,19.0,68.4,0.05384,0.003167,0.02057,10.81,1
7577,1.3285,17.42,62.7,0.05284,0.003065,0.02018,8.11,1
7590,1.009,22.78,82.0,0.05202,0.002748,0.01771,10.15,1
7603,1.041,22.71,81.8,0.05184,0.003593,0.01918,10.7,1
7616,0.962,24.08,86.7,0.05263,0.002669,0.01587,10.96,1
7629,1.2305,18.81,67.7,0.05144,0.003433,0.01878,9.69,1
7642,1.202,19.18,69.1,0.05208,0.002952,0.02093,8.59,1
7655,1.0325,22.25,80.1,0.05297,0.00359,0.01773,12.22,1
7668,1.0765,21.49,77.4,0.05283,0.003149,0.01842,9.33,1
7681,0.991,23.04,82.9,0.05112,0.002641,0.02455,11.02,1
7694,1.2325,18.95,68.2,0.05215,0.003374,0.02532,9.33,1
7707,1.25,18.57,66.9,0.05222,0.003355,0.02398,8.45,1
7720,1.217,18.95,68.2,0.05159,0.003371,0.02225,9.57,1
7733,1.0245,22.68,81.6,0.05159,0.003057,0.01676,10.4,1
7746,1.106,20.84,75.0,0.05307,0.003293,0.01898,9.81,1
7759,1.219,19.0,68.4,0.05217,0.003309,0.02616,9.7,1
7772,1.133,20.41,73.5,0.0497,0.002958,0.01825,8.6,1
7785,1.1645,19.53,70.3,0.05273,0.002876,0.01906,10.48,1
7798,0.9725,23.84,85.8,0.05224,0.002966,0.01798,11.08,1
7811,1.107,20.71,74.6,0.05238,0.00283,0.02106,9.88,1
7824,1.1645,19.81,71.3,0.05385,0.003403,0.0201,10.66,1
7837,1.08,21.1,76.0,0.05176,0.002631,0.01873,10.22,1
7850,0.951,24.18,87.1,0.05089,0.003034,0.02029,11.37,1
7863,1.2685,18.31,65.9,0.05298,0.003323,0.02002,9.66,1
7876,1.429,16.21,58.4,0.0519,0.003308,0.02032,9.66,1
7889,0.948,24.18,87.1,0.05245,0.003315,0.0196,11.66,1
7902,1.1165,20.66,74.4,0.05224,0.00279,0.01764,9.93,1
7915,1.112,20.49,73.8,0.05351,0.002864,0.01796,10.59,1
7928,1.1505,19.97,71.9,0.05148,0.003056,0.02157,9.77,1
7941,0.9745,23.61,85.0,0.05366,0.003334,0.02117,11.83,1
7954,1.0575,22.09,79.5,0.05158,0.003637,0.0173,9.46,1
7967,0.99,23.09,83.1,0.0509,0.003184,0.02236,11.19,1
7980,1.06,21.74,78.3,0.0519,0.003564,0.0216,10.76,1
7993,1.003,23.24,83.7,0.05338,0.00304,0.02227,10.16,1
8006,1.063,21.53,77.5,0.05192,0.003118,0.0165,10.66,1
8019,1.075,21.58,77.7,0.04995,0.00364,0.01915,9.49,1
8032,1.2295,18.76,67.6,0.05265,0.003467,0.01666,10.75,1
8045,0.9095,25.32,91.1,0.05036,0.003152,0.02095,11.53,1
8058,1.144,20.26,72.9,0.05159,0.00327,0.01387,9.28,1
8071,1.0385,22.13,79.7,0.05376,0.002781,0.01673,10.9,1
8084,1.081,21.43,77.1,0.05363,0.003351,0.02233,9.49,1
8097,1.1055,20.62,74.2,0.05308,0.003278,0.01472,11.44,1
8110,1.202,18.93,68.2,0.05277,0.002708,0.02325,10.22,1
8123,1.185,19.53,70.3,0.05242,0.002923,0.02573,9.43,1
8136,1.1455,20.11,72.4,0.05129,0.0032,0.02082,9.39,1
8149,1.1705,19.77,71.2,0.05345,0.003323,0.02541,9.07,1
8162,1.202,18.96,68.2,0.05004,0.002747,0.02097,9.55,1
8175,1.022,22.4,80.6,0.0529,0.003207,0.02008,11.29,1
8188,1.0705,21.54,77.5,0.05282,0.00351,0.02107,10.62,1
8201,1.1135,20.67,74.4,0.05227,0.003115,0.01719,11.73,1
8214,1.1325,20.55,74.0,0.05245,0.003134,0.02416,10.33,1
8227,1.194,19.43,70.0,0.05249,0.003055,0.01925,8.19,1
8240,1.2115,19.06,68.6,0.05079,0.00312,0.01864,9.14,1
8253,0.9745,23.48,84.5,0.05204,0.003262,0.0224,11.57,1
8266,1.286,18.12,65.2,0.053,0.003279,0.02281,8.8,1
8279,1.1725,19.97,71.9,0.05281,0.0037,0.02363,9.26,1
8292,1.0455,22.39,80.6,0.05416,0.003244,0.0206,8.64,1
8305,1.1575,19.76,71.1,0.0522,0.003297,0.02121,11.02,1
8318,1.0835,21.21,76.4,0.0537,0.003393,0.01958,10.52,1
8331,1.0115,22.85,82.3,0.0519,0.002971,0.019,9.89,1
8344,1.201,19.27,69.4,0.05222,0.002986,0.0212,9.34,1
8357,1.1695,19.98,71.9,0.05174,0.003282,0.02299,9.74,1
8370,1.0555,21.85,78.6,0.05239,0.00301,0.01841,9.71,1
8383,0.8805,26.38,95.0,0.0526,0.003022,0.01532,11.16,1
8396,1.1555,19.98,71.9,0.05209,0.003066,0.01854,8.87,1
8409,1.105,21.03,75.7,0.05217,0.003368,0.01993,11.04,1
8422,1.049,22.17,79.8,0.05147,0.003134,0.01823,8.89,1
8435,0.9845,23.48,84.5,0.05194,0.003605,0.01796,10.65,1
8448,1.0325,22.48,80.9,0.05161,0.003327,0.01948,9.81,1
8461,1.2495,18.59,66.9,0.0526,0.00348,0.02086,8.57,1
8474,1.212,19.12,68.8,0.05316,0.003652,0.02133,9.37,1
8487,1.0755,21.37,76.9,0.05242,0.00303,0.02325,10.39,1
8500,1.064,21.48,77.3,0.05167,0.003179,0.0232,10.98,1
8513,1.1885,19.78,71.2,0.05114,0.003494,0.01403,7.34,1
8526,1.2175,19.07,68.6,0.05201,0.003267,0.02168,8.63,1
8539,1.0675,21.78,78.4,0.05327,0.002819,0.02108,10.95,1
8552,1.1,20.9,75.2,0.05247,0.003307,0.01929,10.07,1
8565,1.0815,21.5,77.4,0.05164,0.003095,0.01993,9.71,1
8578,1.032,22.46,80.9,0.05319,0.002796,0.02221,9.54,1
8591,0.942,24.6,88.5,0.05179,0.003269,0.02081,10.59,1
8604,1.156,20.13,72.5,0.05297,0.003471,0.01966,8.94,1
8617,1.0415,22.1,79.6,0.05138,0.002991,0.02647,9.87,1
8630,1.069,21.43,77.1,0.05039,0.003192,0.01773,10.5,1
8643,1.091,21.4,77.1,0.05246,0.003325,0.01827,9.64,1
8656,1.0535,22.01,79.2,0.05249,0.00367,0.01863,10.14,1
8669,1.0605,22.16,79.8,0.05116,0.00352,0.01902,10.75,1
8682,1.0775,21.13,76.1,0.05307,0.00296,0.02397,11.06,1
8695,1.1715,19.67,70.8,0.05042,0.002877,0.02108,9.1,1
8708,1.2525,18.66,67.2,0.05114,0.003251,0.01923,9.81,1
8721,1.142,20.27,73.0,0.0533,0.003169,0.01993,9.28,1
8734,1.0525,21.91,78.9,0.05169,0.002995,0.02261,10.97,1
8747,1.2255,19.14,68.9,0.05039,0.003434,0.02,9.96,1
8760,1.2055,19.18,69.0,0.05227,0.003334,0.01598,9.17,1
8773,1.2125,19.19,69.1,0.05241,0.003266,0.0138,9.16,1
8786,1.419,16.37,58.9,0.05143,0.003087,0.0175,8.86,1
8799,1.456,15.99,57.6,0.05267,0.00342,0.02316,8.3,1
8812,1.0005,22.74,81.9,0.05054,0.00301,0.02034,11.72,1
8825,1.32,17.6,63.4,0.05193,0.0035,0.01688,8.9,1
8838,1.0935,21.08,75.9,0.05153,0.00347,0.02064,10.71,1
8851,1.1075,20.69,74.5,0.05278,0.003239,0.01701,11.39,1
8864,1.1625,19.9,71.6,0.05347,0.003063,0.02969,8.76,1
8877,0.9735,23.58,84.9,0.05183,0.003366,0.02247,11.5,1
8890,1.012,22.95,82.6,0.05239,0.002856,0.01962,9.19,1
8903,0.974,23.49,84.6,0.0544,0.002669,0.01773,11.45,1
8916,1.045,21.98,79.1,0.0521,0.003202,0.02599,10.34,1
8929,1.126,20.22,72.8,0.05097,0.00265,0.02008,9.93,1
8942,1.134,20.24,72.9,0.05189,0.003139,0.02033,10.14,1
8955,1.148,20.23,72.8,0.0524,0.003163,0.0188,8.75,1
8968,1.093,20.97,75.5,0.0538,0.002768,0.02334,9.85,1
8981,1.14,20.33,73.2,0.0524,0.003356,0.02136,9.78,1
8994,1.181,19.75,71.1,0.05121,0.003373,0.02012,8.17,1
9007,1.0495,22.23,80.0,0.05095,0.003641,0.02146,11.57,1
9020,1.1215,20.67,74.4,0.05284,0.003066,0.01816,8.65,1
9033,1.109,20.66,74.4,0.05259,0.003182,0.01949,11.44,1
9046,1.0465,22.03,79.3,0.0514,0.003163,0.01696,10.55,1
9059,0.9765,23.82,85.8,0.05152,0.003066,0.01948,11.45,1
9072,1.2475,18.65,67.1,0.0532,0.003675,0.02145,10.08,1
9085,1.0095,22.87,82.3,0.05098,0.003278,0.02399,9.99,1
9098,1.125,20.61,74.2,0.05214,0.003266,0.02051,8.85,1
9111,0.909,25.06,90.2,0.05111,0.002313,0.01861,12.29,1
9124,1.2225,18.93,68.2,0.05367,0.003409,0.01528,10.52,1
9137,1.154,20.15,72.5,0.05145,0.003202,0.02234,9.95,1
9150,1.262,18.14,65.3,0.05225,0.003062,0.02129,9.57,1
9163,1.2695,18.39,66.2,0.05307,0.00359,0.01997,8.18,1
9176,1.241,18.61,67.0,0.05249,0.00287,0.02351,9.31,1
9189,1.125,20.69,74.5,0.05435,0.003384,0.01806,8.94,1
9202,1.3005,18.44,66.4,0.05291,0.003804,0.02083,8.7,1
9215,1.003,22.97,82.7,0.0503,0.003083,0.02096,10.13,1
9228,1.213,19.07,68.6,0.05125,0.003638,0.01953,10.77,1
9241,1.083,21.28,76.6,0.05079,0.003528,0.01966,10.19,1
9254,0.9945,23.53,84.7,0.05094,0.003348,0.02018,10.34,1
9267,1.054,22.21,79.9,0.0516,0.002921,0.02294,10.07,1
9280,1.0395,22.17,79.8,0.05322,0.002621,0.01661,9.77,1
9293,1.3505,17.19,61.9,0.05285,0.00349,0.01845,8.68,1
9306,1.005,23.02,82.9,0.05245,0.003055,0.01622,10.58,1
9319,1.088,20.92,75.3,0.05079,0.002783,0.01631,10.56,1
9332,1.0815,21.35,76.9,0.05165,0.003211,0.01318,9.44,1
9345,1.0615,21.69,78.1,0.05128,0.003328,0.02182,10.15,1
9358,0.9635,24.09,86.7,0.05191,0.002876,0.01678,9.9,1
9371,1.162,20.01,72.0,0.05279,0.003105,0.0207,9.65,1
9384,1.0885,21.07,75.8,0.05324,0.002968,0.02424,10.13,1
9397,0.9395,24.66,88.8,0.05213,0.002887,0.01709,10.39,1
9410,1.161,20.19,72.7,0.05389,0.003601,0.02119,9.1,1
9423,1.1535,20.12,72.4,0.05176,0.003345,0.0201,9.33,1
9436,1.005,23.02,82.9,0.05265,0.003313,0.01362,10.77,1
9449,1.1585,20.09,72.3,0.05248,0.00369,0.02032,8.96,1
9462,1.288,17.74,63.9,0.05133,0.002807,0.02168,9.25,1
9475,1.016,22.47,80.9,0.05298,0.003032,0.02132,11.28,1
9488,1.2385,18.63,67.1,0.05377,0.003242,0.01656,9.26,1
9501,1.0565,21.7,78.1,0.05283,0.003006,0.02295,10.79,1
9514,1.11,21.07,75.9,0.05321,0.003867,0.01788,10.0,1
9527,1.3315,17.35,62.4,0.05329,0.00315,0.01453,8.48,1
9540,1.159,19.96,71.9,0.05189,0.003274,0.01661,10.34,1
9553,1.07,21.65,78.0,0.05145,0.003133,0.02106,9.49,1
9566,1.2235,18.81,67.7,0.05078,0.003088,0.0178,9.05,1
9579,1.2835,18.2,65.5,0.05245,0.003724,0.02067,8.36,1
9592,0.98,23.77,85.6,0.05204,0.003279,0.02256,10.72,1
9605,1.2985,18.57,66.9,0.05289,0.003661,0.02624,10.74,1
9618,1.206,18.98,68.3,0.05249,0.003028,0.01781,9.8,1
9631,0.945,24.88,89.6,0.05125,0.002879,0.02566,10.8,1
9644,1.203,19.44,70.0,0.05129,0.003155,0.0195,10.27,1
9657,1.23,18.59,66.9,0.05181,0.003018,0.02363,10.03,1
9670,1.142,20.34,73.2,0.05074,0.003839,0.02453,9.67,1
9683,1.1565,20.22,72.8,0.05038,0.003627,0.01961,10.53,1
9696,1.035,22.41,80.7,0.05423,0.003015,0.02237,9.48,1
9709,1.0045,22.93,82.6,0.05352,0.003015,0.02057,10.44,1
9722,1.099,21.26,76.5,0.05304,0.00353,0.01956,10.49,1
9735,1.322,18.26,65.7,0.05024,0.003371,0.02362,8.76,1
9748,1.2515,18.44,66.4,0.04981,0.003259,0.01812,9.3,1
9761,1.137,20.37,73.3,0.05211,0.003136,0.02003,9.81,1
9774,1.0685,21.89,78.8,0.05331,0.003578,0.02275,11.34,1
9787,1.3085,17.64,63.5,0.05252,0.003362,0.01958,9.17,1
9800,1.0685,21.54,77.6,0.05237,0.003209,0.01961,10.17,1
9813,1.1075,21.03,75.7,0.05189,0.003293,0.0192,9.72,1
9826,1.0565,22.05,79.4,0.05246,0.003031,0.02375,9.94,1
9839,0.928,24.81,89.3,0.05197,0.003113,0.01761,11.24,1
9852,0.9645,24.06,86.6,0.05276,0.002593,0.0175,10.15,1
9865,1.2855,18.29,65.8,0.0502,0.00329,0.02134,8.31,1
9878,1.1395,20.53,73.9,0.05255,0.003546,0.027,10.18,1
9891,1.263,18.25,65.7,0.05198,0.00314,0.01344,10.58,1
9904,1.0155,22.84,82.2,0.05089,0.003421,0.02018,11.34,1
9917,1.104,21.11,76.0,0.05202,0.003196,0.0146,8.38,1
9930,0.9385,24.86,89.5,0.05258,0.003325,0.01627,11.96,1
9943,1.065,21.66,78.0,0.05374,0.003435,0.02107,11.75,1
9956,1.064,21.59,77.7,0.05072,0.003102,0.01936,9.95,1
9969,1.082,21.48,77.3,0.05275,0.002938,0.0186,10.72,1
9982,1.217,18.98,68.3,0.05102,0.003084,0.02216,9.15,1
9995,1.065,21.8,78.5,0.05379,0.003282,0.01783,9.3,1
10008,1.115,20.8,74.9,0.05271,0.003425,0.01741,10.14,1
10021,1.011,22.49,81.0,0.05042,0.002998,0.02352,11.42,1
10034,1.626,14.36,51.7,0.0503,0.003184,0.02176,8.39,1
10047,1.155,20.2,72.7,0.0512,0.003226,0.02238,8.47,1
10060,1.1385,20.15,72.5,0.05074,0.003261,0.02333,10.27,1
10073,1.204,19.53,70.3,0.0535,0.003087,0.02513,9.12,1
10086,1.053,21.65,78.0,0.05379,0.003324,0.02153,11.76,1
10099,1.088,21.16,76.2,0.05161,0.003442,0.02065,10.33,1
10112,1.12,20.63,74.3,0.05279,0.003346,0.02827,10.93,1
10125,1.191,19.55,70.4,0.05144,0.003501,0.01985,8.78,1
10138,1.164,20.0,72.0,0.0495,0.003571,0.02053,11.65,1
10151,1.049,22.16,79.8,0.052,0.003536,0.02196,11.01,1
10164,1.035,22.23,80.0,0.05355,0.003342,0.02123,11.79,1
10177,1.1265,20.49,73.8,0.05157,0.003181,0.01604,9.15,1
10190,0.9555,24.25,87.3,0.05233,0.002752,0.0128,10.16,1
10203,1.0615,21.81,78.5,0.05238,0.003217,0.01794,10.36,1
10216,1.0635,21.65,77.9,0.05107,0.002811,0.02291,9.47,1
10229,1.295,17.9,64.4,0.05102,0.00363,0.02193,9.29,1
10242,1.087,21.57,77.7,0.05185,0.003324,0.01744,8.65,1
10255,1.2605,18.57,66.9,0.05264,0.004029,0.02133,9.59,1
10268,1.1795,19.39,69.8,0.05235,0.003012,0.01795,9.86,1
10281,1.1145,20.71,74.6,0.05363,0.003221,0.02203,10.55,1
10294,1.151,20.07,72.3,0.05304,0.003184,0.01365,9.08,1
10307,1.063,21.71,78.1,0.05242,0.003166,0.01872,10.38,1
10320,0.985,23.16,83.4,0.04968,0.003143,0.02183,11.28,1
10333,1.178,19.34,69.6,0.05185,0.003003,0.01943,10.62,1
10346,1.05,21.74,78.3,0.05234,0.002696,0.02295,10.87,1
10359,1.0895,21.08,75.9,0.05169,0.002906,0.02022,9.62,1
10372,0.9625,24.0,86.4,0.05126,0.003061,0.01692,10.34,1
10385,0.974,23.25,83.7,0.05305,0.002496,0.01998,12.31,1
10398,1.188,19.69,70.9,0.05051,0.003287,0.02305,9.58,1
10411,1.0615,21.68,78.0,0.05311,0.003294,0.01912,10.7,1
10424,1.055,21.95,79.0,0.05159,0.002878,0.01998,9.4,1
10437,1.0555,22.17,79.8,0.05215,0.003399,0.01901,9.41,1
10450,0.985,23.42,84.3,0.05041,0.00348,0.02355,11.06,1
10463,0.978,23.58,84.9,0.05135,0.003067,0.02039,10.43,1
10476,1.262,18.63,67.1,0.05127,0.003463,0.02152,8.76,1
10489,0.972,23.83,85.8,0.05309,0.003225,0.02395,10.45,1
10502,1.0855,21.15,76.1,0.05342,0.003055,0.02245,10.11,1
10515,1.0825,21.36,76.9,0.05242,0.003158,0.02179,9.33,1
10528,0.9655,24.33,87.6,0.04943,0.003325,0.02392,10.14,1
10541,1.0895,21.81,78.5,0.05169,0.00361,0.01958,12.05,1
10554,1.213,19.29,69.4,0.05281,0.003153,0.01697,8.12,1
10567,1.0505,22.06,79.4,0.05213,0.003265,0.02106,9.72,1
10580,1.1115,20.7,74.5,0.05383,0.002851,0.02375,10.62,1
10593,1.2175,19.21,69.1,0.0515,0.003451,0.02173,8.51,1
10606,1.2305,18.68,67.3,0.05319,0.003125,0.0179,10.23,1
10619,1.0085,23.01,82.8,0.05134,0.003226,0.02254,11.05,1
10632,1.038,22.35,80.4,0.05209,0.002887,0.02222,9.02,1
10645,0.9635,24.21,87.2,0.05237,0.003102,0.0239,9.82,1
10658,1.216,19.12,68.8,0.05112,0.003135,0.01809,8.94,1
10671,0.9545,23.96,86.3,0.05117,0.00308,0.01665,12.04,1
10684,1.0575,21.74,78.3,0.05143,0.002983,0.01884,9.84,1
10697,0.968,24.33,87.6,0.05125,0.003427,0.02041,11.05,1
10710,1.108,20.98,75.5,0.05207,0.00309,0.02576,8.66,1
10723,1.068,21.73,78.2,0.0522,0.002965,0.02023,10.34,1
10736,1.2305,18.84,67.8,0.05175,0.003329,0.01758,8.64,1
10749,1.2535,18.36,66.1,0.05233,0.003244,0.01664,9.86,1
10762,1.192,19.19,69.1,0.05261,0.00302,0.02153,9.89,1
10775,1.0995,21.05,75.8,0.0499,0.00325,0.0167,9.65,1
10788,1.112,20.75,74.7,0.05416,0.003169,0.02092,10.09,1
10801,1.1,20.93,75.4,0.05217,0.003116,0.02011,9.6,1
10814,1.2045,19.41,69.9,0.05198,0.003246,0.02086,7.55,1
10827,1.4125,16.4,59.0,0.0514,0.003324,0.01574,9.7,1
10840,1.2815,17.78,64.0,0.05072,0.00295,0.02199,10.03,1
10853,0.9445,24.71,88.9,0.05081,0.003186,0.02386,10.58,1
10866,1.0505,21.9,78.9,0.05312,0.003368,0.02082,10.6,1
10879,1.414,16.34,58.8,0.05194,0.003269,0.01848,9.41,1
10892,1.0805,21.13,76.1,0.05039,0.002756,0.0178,10.36,1
10905,1.1615,20.21,72.7,0.05092,0.003239,0.02823,8.38,1
10918,1.1125,21.01,75.6,0.05188,0.003364,0.02016,10.12,1
10931,1.2425,18.79,67.6,0.05268,0.003656,0.01932,9.25,1
10944,1.3345,17.32,62.4,0.05266,0.003008,0.01756,9.27,1
10957,1.125,20.64,74.3,0.05271,0.003423,0.02146,10.4,1
10970,1.1,20.79,74.9,0.05234,0.002687,0.02287,9.82,1
10983,1.008,22.58,81.3,0.05274,0.002832,0.02208,11.97,1
10996,1.2755,18.12,65.2,0.05269,0.003618,0.02021,9.81,1
11009,0.9405,24.6,88.5,0.05273,0.003367,0.01825,11.84,1
11022,1.09,21.68,78.1,0.05273,0.003705,0.02507,10.72,1
11035,1.1,20.91,75.3,0.05276,0.003063,0.02294,10.16,1
11048,0.984,23.59,84.9,0.05179,0.003239,0.01943,10.14,1
11061,0.916,25.27,91.0,0.05198,0.003264,0.01764,12.07,1
11074,1.098,21.25,76.5,0.0528,0.003467,0.02005,10.36,1
11087,1.2815,18.11,65.2,0.05206,0.003285,0.01115,8.55,1
11100,1.1095,20.9,75.2,0.05018,0.002974,0.02162,9.15,1
11113,1.09,21.37,76.9,0.05076,0.002874,0.0177,11.69,1
11126,1.152,19.85,71.5,0.0508,0.003036,0.01884,10.03,1
11139,1.0545,21.71,78.2,0.05227,0.003092,0.01487,10.56,1
11152,1.3845,17.48,62.9,0.05106,0.003416,0.02543,9.33,1
11165,1.077,21.22,76.4,0.05274,0.003078,0.02381,10.73,1
11178,0.949,24.31,87.5,0.05082,0.003027,0.01802,11.21,1
11191,1.2935,18.25,65.7,0.0521,0.00332,0.02227,10.85,1
11204,1.074,21.71,78.2,0.05373,0.003384,0.02093,11.19,1
11217,1.0415,22.36,80.5,0.05356,0.002862,0.0245,8.95,1
11230,1.05,21.92,78.9,0.05334,0.003201,0.01985,10.77,1
11243,1.1295,20.24,72.9,0.05285,0.002466,0.01713,9.48,1
11256,1.102,20.95,75.4,0.05374,0.003503,0.01935,10.82,1
11269,1.4885,15.62,56.2,0.05104,0.002978,0.01572,8.6,1
11282,1.0265,22.65,81.5,0.05299,0.003391,0.02262,10.18,1
11295,1.1425,20.15,72.6,0.051,0.002915,0.01054,10.44,1
11308,0.9855,23.41,84.3,0.05171,0.003405,0.02039,11.7,1
11321,1.0855,21.2,76.3,0.05234,0.002894,0.02064,10.68,1
11334,1.139,20.39,73.4,0.05311,0.003648,0.01761,10.96,1
11347,1.051,22.17,79.8,0.0528,0.002498,0.02116,9.17,1
11360,0.955,24.31,87.5,0.05318,0.002814,0.01432,9.99,1
11373,1.1465,20.28,73.0,0.05083,0.003235,0.02238,8.72,1
11386,1.031,22.44,80.8,0.05155,0.002894,0.02031,10.96,1
11399,1.0135,22.97,82.7,0.05191,0.003201,0.0224,10.92,1
11412,1.15,19.86,71.5,0.05081,0.003065,0.02207,11.65,1
11425,1.128,20.71,74.6,0.05131,0.003318,0.02086,8.22,1
11438,1.131,20.25,72.9,0.05083,0.002679,0.01666,9.52,1
11451,1.3255,17.59,63.3,0.05262,0.003346,0.0165,9.72,1
11464,1.2395,18.97,68.3,0.0525,0.003675,0.01929,7.6,1
11477,1.0945,21.08,75.9,0.05342,0.003554,0.0192,11.01,1
11490,1.096,21.3,76.7,0.05247,0.003344,0.01784,8.88,1
11503,1.044,22.07,79.5,0.04961,0.003335,0.01911,10.33,1
11516,1.1115,20.96,75.4,0.05235,0.003053,0.01989,10.98,1
11529,1.282,18.05,65.0,0.05074,0.002998,0.01642,8.66,1
11542,1.145,20.29,73.1,0.05241,0.003374,0.02156,9.36,1
11555,1.0155,22.8,82.1,0.05134,0.003124,0.02348,9.76,1
11568,1.1445,20.23,72.8,0.05092,0.002982,0.02003,8.97,1
11581,1.256,18.29,65.9,0.05188,0.003636,0.0238,10.92,1
11594,1.109,20.49,73.8,0.05252,0.003106,0.01683,12.23,1
11607,1.0465,21.79,78.4,0.053,0.003099,0.0133,11.22,1
11620,0.9575,24.13,86.9,0.05089,0.003049,0.01776,10.79,1
11633,1.2175,19.22,69.2,0.05234,0.003669,0.02128,8.18,1
11646,1.053,22.17,79.8,0.0514,0.003736,0.01847,9.59,1
11659,1.0475,22.33,80.4,0.05164,0.003138,0.01858,8.98,1
11672,1.2005,19.22,69.2,0.05233,0.003041,0.01853,9.11,1
11685,1.0855,21.14,76.1,0.052,0.003443,0.02194,10.5,1
11698,1.068,21.83,78.6,0.05167,0.003152,0.02572,9.7,1
11711,1.327,17.37,62.5,0.05127,0.002819,0.02137,8.49,1
11724,1.028,22.49,80.9,0.05306,0.002809,0.01685,10.38,1
11737,1.171,19.8,71.3,0.052,0.003069,0.01925,8.99,1
11750,1.063,21.98,79.1,0.0516,0.00328,0.02245,10.89,1
11763,1.1325,20.31,73.1,0.05035,0.0031,0.01902,9.47,1
11776,1.125,20.56,74.0,0.05288,0.003142,0.01792,9.53,1
11789,1.0415,21.96,79.1,0.05216,0.003017,0.01617,10.64,1
11802,0.9955,23.3,83.9,0.05153,0.003089,0.02286,9.98,1
11815,1.098,20.99,75.6,0.05267,0.003604,0.01758,11.88,1
11828,1.081,21.5,77.4,0.05103,0.003281,0.01684,11.06,1
11841,1.078,21.49,77.4,0.05211,0.003075,0.02229,9.32,1
11854,1.2075,19.49,70.2,0.05253,0.003576,0.0171,9.74,1
11867,1.1875,19.37,69.7,0.05073,0.003383,0.01917,9.75,1
11880,1.1585,19.75,71.1,0.05243,0.003254,0.0165,11.0,1
11893,0.997,23.21,83.5,0.053,0.003416,0.01809,11.03,1
11906,1.0905,21.46,77.2,0.05209,0.003827,0.02157,9.52,1
11919,1.1825,19.58,70.5,0.05139,0.003537,0.02321,9.79,1
11932,1.1175,20.73,74.6,0.05325,0.002853,0.02501,9.28,1
11945,0.9675,23.76,85.5,0.05162,0.002946,0.01642,10.88,1
11958,1.2675,18.07,65.1,0.05119,0.002864,0.01635,9.65,1
11971,1.1495,19.86,71.5,0.0528,0.00298,0.02048,10.45,1
11984,0.973,23.78,85.6,0.05268,0.003113,0.01881,10.47,1
11997,1.135,20.29,73.0,0.05261,0.003264,0.01757,10.35,1
12010,1.1325,20.62,74.2,0.05146,0.003375,0.01843,9.56,1
12023,1.0625,21.81,78.5,0.05055,0.002726,0.02018,8.74,1
12036,1.127,20.74,74.7,0.05281,0.003467,0.02252,9.7,1
12049,1.096,21.09,75.9,0.05163,0.002551,0.02266,8.59,1
12062,1.1435,20.19,72.7,0.05259,0.003648,0.02176,10.09,1
12075,0.9625,24.02,86.5,0.05261,0.00294,0.02301,10.78,1
12088,1.0705,21.93,79.0,0.05182,0.003442,0.01874,9.55,1
12101,1.368,17.24,62.1,0.05205,0.003663,0.02014,8.48,1
12114,1.1885,19.66,70.8,0.05149,0.003647,0.02154,8.97,1
12127,1.1785,20.08,72.3,0.05081,0.003215,0.02482,10.59,1
12140,1.2685,18.37,66.1,0.05178,0.003546,0.02159,9.64,1
12153,1.1785,19.52,70.3,0.0516,0.003028,0.01809,9.31,1
12166,0.9785,23.64,85.1,0.05157,0.003199,0.01989,10.67,1
12179,0.9625,24.31,87.5,0.05313,0.003517,0.01834,11.78,1
12192,1.0945,21.62,77.8,0.0523,0.003505,0.01721,11.76,1
12205,1.09,21.21,76.4,0.05244,0.003278,0.01598,9.55,1
12218,1.1245,20.62,74.2,0.0524,0.003206,0.01954,10.82,1
12231,1.186,20.01,72.1,0.05176,0.003788,0.01869,10.31,1
12244,1.154,20.16,72.6,0.0522,0.003155,0.01347,8.86,1
12257,1.1605,19.79,71.2,0.05215,0.003008,0.02395,10.35,1
12270,1.1615,19.92,71.7,0.0506,0.003429,0.01559,9.18,1
12283,1.1555,19.85,71.5,0.05373,0.003228,0.01696,10.61,1
12296,1.2525,18.65,67.1,0.05152,0.003378,0.01539,8.54,1
12309,1.151,20.08,72.3,0.05054,0.003582,0.01935,10.08,1
12322,1.2075,19.19,69.1,0.05227,0.002901,0.02274,8.16,1
12335,1.0965,20.97,75.5,0.05111,0.003315,0.02203,10.11,1
12348,1.1145,20.67,74.4,0.05369,0.003331,0.01683,10.12,1
12361,1.105,21.04,75.7,0.05136,0.003357,0.02206,10.24,1
12374,1.1085,20.84,75.0,0.05329,0.002953,0.01985,9.82,1
12387,0.943,24.66,88.8,0.05119,0.003102,0.01426,10.44,1
12400,1.1015,20.84,75.0,0.05176,0.003452,0.01971,10.5,1
12413,1.182,19.84,71.4,0.05237,0.003501,0.01623,8.58,1
12426,0.9835,23.34,84.0,0.05061,0.003357,0.02005,11.27,1
12439,1.1935,19.28,69.4,0.05153,0.003173,0.02077,9.24,1
12452,1.122,20.3,73.1,0.05189,0.003227,0.01855,11.25,1
12465,1.157,19.97,71.9,0.05095,0.003362,0.02052,9.32,1
12478,1.259,18.36,66.1,0.05222,0.002779,0.01833,7.8,1
12491,1.3345,17.14,61.7,0.05214,0.002804,0.01845,8.99,1
12504,1.1855,19.38,69.8,0.0531,0.002993,0.01777,10.18,1
12517,1.151,20.09,72.3,0.0521,0.00323,0.01886,9.41,1
12530,1.3765,16.96,61.1,0.05204,0.003311,0.0188,7.98,1
12543,1.202,19.58,70.5,0.05215,0.003662,0.02531,10.49,1
12556,1.221,18.87,67.9,0.0526,0.003091,0.01842,9.62,1
12569,0.9055,26.0,93.6,0.05228,0.002923,0.02016,9.78,1
12582,1.1935,19.28,69.4,0.0535,0.003098,0.01835,9.19,1
12595,1.0155,22.81,82.1,0.05235,0.003009,0.0213,10.01,1
12608,0.9515,24.24,87.3,0.05057,0.003111,0.01785,12.22,1
12621,1.1335,20.03,72.1,0.05213,0.003132,0.02114,12.58,1
12634,1.409,16.54,59.5,0.05117,0.002922,0.01901,8.9,1
12647,1.2795,18.38,66.2,0.05122,0.003201,0.0174,8.61,1
12660,1.1185,20.7,74.5,0.05077,0.003449,0.0166,9.27,1
12673,0.909,25.77,92.8,0.05245,0.003035,0.01324,9.87,1
12686,1.1645,19.71,71.0,0.04998,0.00344,0.01326,10.15,1
12699,1.1495,20.11,72.4,0.05087,0.003305,0.01863,9.55,1
12712,1.0815,21.37,76.9,0.05293,0.003453,0.0204,10.17,1
12725,1.1065,20.95,75.4,0.0519,0.003245,0.02301,9.52,1
12738,0.933,24.91,89.7,0.05141,0.002907,0.02543,9.99,1
12751,1.0315,22.35,80.5,0.05131,0.002885,0.01625,10.21,1
12764,1.058,21.89,78.8,0.05161,0.003331,0.01784,9.4,1
12777,1.069,21.49,77.4,0.05365,0.003248,0.01995,10.44,1
12790,1.1215,20.67,74.4,0.05105,0.003092,0.01713,8.66,1
12803,1.155,19.97,71.9,0.05094,0.003407,0.01556,10.03,1
12816,1.1105,20.95,75.4,0.05174,0.003068,0.02108,10.14,1
12829,1.2975,17.81,64.1,0.05147,0.003049,0.01786,8.35,1
12842,0.982,23.63,85.1,0.05184,0.003248,0.02422,10.13,1
12855,1.222,18.94,68.2,0.05364,0.003044,0.01949,8.8,1
12868,1.082,21.42,77.1,0.05283,0.00257,0.02359,8.52,1
12881,1.069,21.75,78.3,0.05289,0.003377,0.02049,10.17,1
12894,1.092,21.06,75.8,0.05275,0.003166,0.02225,10.27,1
12907,1.0605,22.31,80.3,0.05101,0.003537,0.01861,9.92,1
12920,1.0115,22.7,81.7,0.05304,0.003027,0.01931,10.65,1
12933,1.0315,22.39,80.6,0.05229,0.003185,0.01817,10.41,1
12946,1.2245,19.43,69.9,0.05193,0.003347,0.02201,10.18,1
12959,1.154,20.13,72.5,0.05188,0.003088,0.0175,9.63,1
12972,1.1415,20.53,73.9,0.05263,0.003409,0.01899,10.38,1
12985,0.938,24.63,88.7,0.05247,0.003394,0.01793,11.71,1
12998,1.2245,19.11,68.8,0.05229,0.003386,0.0171,8.68,1
13011,1.1105,20.45,73.6,0.05254,0.002776,0.02059,11.21,1
13024,1.0265,22.27,80.2,0.05196,0.003375,0.01789,12.2,1
13037,1.0425,22.33,80.4,0.05031,0.003345,0.0214,9.14,1
13050,0.9675,24.0,86.4,0.05256,0.002926,0.02318,10.34,1
13063,1.1115,20.76,74.7,0.05462,0.003018,0.01664,9.34,1
13076,1.132,20.38,73.4,0.0523,0.003397,0.02139,10.16,1
13089,1.0805,20.99,75.6,0.05508,0.003103,0.0237,12.12,1
13102,1.033,22.46,80.8,0.05185,0.003643,0.02214,11.29,1
13115,1.1495,20.02,72.1,0.0525,0.002986,0.01679,10.0,1
13128,1.2975,17.83,64.2,0.05218,0.0033,0.0176,8.68,1
13141,1.3025,17.98,64.7,0.05113,0.003552,0.02913,10.48,1
13154,1.1135,20.52,73.9,0.05067,0.003258,0.01992,10.51,1
13167,1.168,19.74,71.1,0.0531,0.003429,0.01931,9.69,1
13180,1.0735,21.54,77.5,0.05164,0.003414,0.0199,9.74,1
13193,1.0355,22.38,80.6,0.05215,0.002996,0.02102,9.32,1
13206,1.1835,19.73,71.0,0.05166,0.003231,0.01636,9.64,1
13219,1.128,20.51,73.8,0.05153,0.003371,0.02023,10.54,1
13232,1.688,13.98,50.3,0.05264,0.003136,0.01895,7.46,1
13245,1.1385,20.34,73.2,0.05233,0.003416,0.02199,9.2,1
13258,1.059,21.97,79.1,0.05346,0.0029,0.01777,8.68,1
13271,1.0355,22.55,81.2,0.05106,0.003306,0.02355,9.93,1
13284,1.136,20.21,72.7,0.0522,0.002975,0.01264,10.13,1
13297,0.9855,23.14,83.3,0.04985,0.002875,0.01823,11.21,1
13310,1.2045,19.03,68.5,0.05042,0.00334,0.02208,10.17,1
13323,1.155,19.81,71.3,0.05397,0.003055,0.02317,10.16,1
13336,1.1235,20.36,73.3,0.05111,0.003106,0.01599,10.9,1
13349,0.966,24.07,86.6,0.05175,0.003379,0.02587,12.39,1
13362,1.22,18.82,67.7,0.05242,0.00314,0.01905,9.85,1
13375,1.093,21.04,75.7,0.05107,0.003337,0.0168,10.68,1
13388,1.016,22.51,81.1,0.05282,0.003197,0.01951,12.06,1
13401,1.081,21.42,77.1,0.05094,0.003095,0.02402,9.35,1
13414,1.0735,21.39,77.0,0.05324,0.003228,0.02357,11.11,1
13427,1.269,18.57,66.8,0.05098,0.003738,0.016,8.5,1
13440,1.141,20.29,73.1,0.05129,0.003565,0.02202,9.32,1
13453,1.075,21.71,78.1,0.05374,0.003412,0.02262,9.07,1
13466,0.9705,23.96,86.2,0.05379,0.003322,0.01835,10.75,1
13479,0.911,25.45,91.6,0.05007,0.002721,0.02176,10.75,1
13492,1.1065,20.78,74.8,0.05219,0.003055,0.01487,10.21,1
13505,1.076,21.4,77.0,0.0523,0.003308,0.02258,10.42,1
13518,0.915,25.12,90.4,0.05083,0.002989,0.01788,11.41,1
13531,1.1825,19.48,70.1,0.05308,0.003428,0.01194,9.71,1
13544,1.0505,21.91,78.9,0.05399,0.003027,0.02224,10.22,1
13557,1.1335,20.27,73.0,0.0513,0.003361,0.02612,10.3,1
13570,0.994,23.25,83.7,0.05284,0.003332,0.02439,10.6,1
13583,0.98,23.45,84.4,0.05358,0.003107,0.02246,11.4,1
13596,1.028,22.31,80.3,0.05154,0.003165,0.0186,10.58,1
13609,1.238,18.87,67.9,0.05336,0.003578,0.02287,9.22,1
13622,1.028,22.31,80.3,0.0533,0.00293,0.0239,10.73,1
13635,1.3875,16.74,60.2,0.05427,0.003166,0.02465,9.2,1
13648,1.1105,20.7,74.5,0.05212,0.003301,0.01667,10.01,1
13661,1.1585,20.08,72.3,0.05128,0.003134,0.01506,8.72,1
13674,1.1185,20.68,74.4,0.0519,0.003043,0.02182,9.07,1
13687,0.9465,24.5,88.2,0.05263,0.0032,0.02128,10.51,1
13700,1.1345,20.64,74.3,0.05076,0.003625,0.01773,10.15,1
13713,1.068,21.77,78.4,0.0515,0.003454,0.02484,9.88,1
13726,1.2595,18.68,67.3,0.05365,0.00347,0.02012,8.31,1
13739,1.2465,18.43,66.3,0.0518,0.003095,0.02231,9.44,1
13752,1.1715,19.78,71.2,0.05167,0.00324,0.01794,8.83,1
13765,1.0605,22.17,79.8,0.05314,0.003242,0.01852,11.55,1
13778,1.02,22.41,80.7,0.05272,0.002717,0.02387,13.27,1
13791,0.9595,23.91,86.1,0.05158,0.002968,0.01679,11.05,1
13804,1.0275,22.35,80.5,0.05048,0.003003,0.0242,10.87,1
13817,1.2075,18.94,68.2,0.0506,0.003209,0.01918,10.13,1
13830,1.1255,20.37,73.3,0.05323,0.003359,0.02405,11.64,1
13843,1.226,18.92,68.1,0.05076,0.003072,0.02042,8.79,1
13856,1.045,22.26,80.2,0.0525,0.003239,0.01698,9.68,1
13869,1.125,20.38,73.4,0.05158,0.003141,0.0183,10.09,1
13882,1.1505,20.0,72.0,0.05203,0.002908,0.0209,9.31,1
13895,1.065,21.67,78.0,0.05011,0.003329,0.02403,9.93,1
13908,1.33,17.54,63.2,0.05204,0.003685,0.02386,8.72,1
13921,1.1535,19.81,71.3,0.05159,0.002867,0.01435,9.73,1
13934,1.2025,19.14,68.9,0.05303,0.00327,0.01756,9.74,1
13947,1.3435,17.36,62.5,0.0515,0.00316,0.02093,9.12,1
13960,1.065,21.6,77.8,0.0512,0.003335,0.02062,10.21,1
13973,1.0,23.2,83.5,0.05262,0.003081,0.01939,10.18,1
13986,0.9735,23.38,84.2,0.05276,0.003075,0.02005,12.72,1
13999,1.1905,19.44,70.0,0.05307,0.003248,0.02082,8.93,1
14012,1.052,21.79,78.4,0.05094,0.003159,0.01395,10.5,1
14025,1.3105,17.58,63.3,0.05141,0.003602,0.01861,10.12,1
14038,1.107,20.88,75.2,0.05109,0.003585,0.01947,10.45,1
14051,1.0445,22.07,79.5,0.05264,0.003036,0.0186,9.96,1
14064,1.2345,18.72,67.4,0.05348,0.003422,0.02319,9.71,1
14077,0.8995,25.67,92.4,0.05075,0.002886,0.01899,10.93,1
14090,1.0375,22.38,80.6,0.05048,0.003225,0.02122,11.2,1
14103,1.096,21.17,76.2,0.05143,0.003252,0.01908,8.86,1
14116,1.333,17.82,64.2,0.05331,0.003669,0.01634,10.03,1
14129,1.05,22.05,79.4,0.05359,0.003177,0.01579,9.54,1
14142,1.07,21.41,77.1,0.05212,0.003103,0.01883,10.4,1
14155,1.0525,21.83,78.6,0.05266,0.003306,0.02462,10.79,1
14168,1.3775,16.69,60.1,0.05139,0.003043,0.01945,8.78,1
14181,1.2105,18.9,68.0,0.05395,0.002994,0.02157,10.88,1
14194,1.117,20.97,75.5,0.05207,0.003685,0.0233,9.04,1
14207,1.1195,21.04,75.7,0.05242,0.003785,0.02254,11.01,1
14220,1.173,19.62,70.6,0.05073,0.003108,0.0221,9.15,1
14233,1.085,20.85,75.1,0.05208,0.00275,0.01607,11.39,1
14246,0.9735,23.94,86.2,0.05355,0.003511,0.02038,10.24,1
14259,0.997,23.19,83.5,0.05425,0.002889,0.01499,10.07,1
14272,1.234,18.99,68.4,0.05316,0.003423,0.01766,8.61,1
14285,1.2055,19.25,69.3,0.05147,0.003503,0.0225,9.74,1
14298,1.045,22.03,79.3,0.05102,0.00313,0.02146,10.2,1
14311,1.113,20.74,74.7,0.05294,0.003107,0.01339,9.92,1
14324,1.1225,20.7,74.5,0.0533,0.003482,0.01974,9.46,1
14337,1.06,22.16,79.8,0.05342,0.003646,0.02058,9.75,1
14350,1.01,22.89,82.4,0.05307,0.003036,0.01805,10.72,1
14363,0.957,24.1,86.8,0.05146,0.003182,0.02125,10.65,1
14376,1.074,21.3,76.7,0.0531,0.003004,0.01963,11.07,1
14389,1.1275,20.58,74.1,0.05204,0.003044,0.01827,9.79,1
14402,1.0595,21.62,77.8,0.05172,0.002914,0.02047,10.59,1
14415,1.2115,19.69,70.9,0.05176,0.003656,0.01639,9.16,1
14428,1.036,22.2,79.9,0.05018,0.003197,0.01697,9.99,1
14441,0.9545,24.34,87.6,0.0526,0.003276,0.01798,10.12,1
14454,1.304,17.79,64.0,0.05081,0.003317,0.01848,8.93,1
14467,1.1525,20.08,72.3,0.0517,0.003178,0.01889,8.8,1
14480,1.135,20.42,73.5,0.05214,0.003266,0.02334,9.29,1
14493,1.237,18.64,67.1,0.05177,0.003105,0.02171,8.81,1
14506,1.0465,21.93,78.9,0.05179,0.003468,0.02389,10.73,1
14519,1.1625,19.92,71.7,0.05215,0.003153,0.0183,8.75,1
14532,1.142,20.29,73.0,0.05147,0.003292,0.01976,10.08,1
14545,1.1265,20.83,75.0,0.05286,0.003541,0.02201,10.32,1
14558,1.283,18.03,64.9,0.05154,0.003423,0.0202,10.83,1
14571,1.1455,20.08,72.3,0.05107,0.00302,0.02128,9.18,1
14584,1.194,19.12,68.8,0.05236,0.003281,0.01967,10.81,1
14597,0.922,25.58,92.1,0.0532,0.003272,0.02054,11.66,1
14610,1.1635,20.41,73.5,0.05127,0.003329,0.02195,10.2,1
14623,1.268,18.28,65.8,0.051,0.003331,0.0176,10.58,1
14636,1.179,19.73,71.0,0.05063,0.003383,0.02082,9.36,1
14649,1.157,19.91,71.7,0.05174,0.00312,0.01862,9.51,1
14662,1.0395,22.15,79.7,0.05146,0.003187,0.02057,11.27,1
14675,1.002,22.93,82.6,0.04996,0.003025,0.02077,10.25,1
14688,1.1565,20.06,72.2,0.05203,0.003234,0.02294,10.22,1
14701,0.879,26.14,94.1,0.05022,0.002722,0.022,12.45,1
14714,1.167,19.88,71.6,0.05115,0.003355,0.0189,8.88,1
14727,1.192,19.34,69.6,0.05202,0.003213,0.01974,9.13,1
14740,1.152,20.28,73.0,0.05026,0.003451,0.01791,8.54,1
14753,1.1325,20.41,73.5,0.05287,0.003513,0.02094,10.07,1
14766,1.127,20.47,73.7,0.05282,0.00303,0.02157,9.11,1
14779,1.1565,19.72,71.0,0.05168,0.002695,0.02159,9.71,1
14792,1.275,17.94,64.6,0.05277,0.003258,0.01807,10.22,1
14805,0.902,25.6,92.2,0.05136,0.003206,0.01886,11.57,1
14818,1.138,20.69,74.5,0.05151,0.003691,0.02473,11.17,1
14831,1.2415,18.76,67.5,0.05059,0.003321,0.0192,8.34,1
14844,1.266,18.44,66.4,0.05297,0.004036,0.02089,9.47,1
14857,1.12,20.73,74.6,0.05219,0.002953,0.01867,8.31,1
14870,1.0255,23.26,83.7,0.05183,0.003469,0.01654,12.57,1
14883,0.948,24.58,88.5,0.05037,0.002947,0.01953,12.19,1
14896,1.027,22.85,82.3,0.05217,0.003665,0.01955,10.95,1
14909,1.2055,19.23,69.2,0.0516,0.003186,0.02243,8.78,1
14922,1.0475,22.23,80.0,0.05307,0.003011,0.02234,10.03,1
14935,1.081,21.75,78.3,0.05115,0.003393,0.01372,7.75,1
14948,1.082,21.23,76.4,0.05136,0.003384,0.0181,11.1,1
14961,1.2225,18.96,68.3,0.0537,0.003196,0.01984,8.48,1
14974,1.1105,20.91,75.3,0.05161,0.003337,0.01922,9.62,1
14987,1.2315,18.77,67.6,0.05251,0.003061,0.02025,8.41,1
15000,1.21,18.81,67.7,0.05324,0.002562,0.02297,9.71,1
15013,1.035,22.28,80.2,0.05286,0.00297,0.02225,9.88,1
15026,0.951,24.2,87.1,0.05007,0.003205,0.0278,10.78,1
15039,1.2925,18.27,65.8,0.05239,0.00315,0.02056,7.47,1
15052,1.1985,19.42,69.9,0.05244,0.003477,0.01879,8.84,1
15065,0.959,23.9,86.1,0.05195,0.002544,0.01803,10.89,1
15078,0.8605,27.21,98.0,0.05243,0.003142,0.01738,11.61,1
15091,0.9265,24.99,90.0,0.05118,0.002887,0.01988,11.27,1
15104,1.0945,21.23,76.4,0.05169,0.003521,0.01781,9.63,1
15117,1.0735,21.36,76.9,0.0512,0.003068,0.02362,10.08,1
15130,1.14,20.24,72.9,0.05085,0.003202,0.02277,9.73,1
15143,1.0715,21.54,77.5,0.05138,0.002936,0.02073,9.22,1
15156,1.088,21.19,76.3,0.0539,0.003296,0.02266,9.9,1
15169,1.121,20.85,75.0,0.05237,0.003521,0.02154,8.76,1
15182,1.251,18.68,67.3,0.05229,0.003265,0.02159,10.47,1
15195,1.0895,20.88,75.2,0.05272,0.003034,0.01568,11.14,1
15208,1.001,23.26,83.7,0.0516,0.003071,0.02661,9.53,1
15221,1.071,21.62,77.8,0.0516,0.00367,0.02507,10.94,1
15234,1.0455,22.47,80.9,0.05133,0.003186,0.02046,10.23,1
15247,1.2155,19.11,68.8,0.0514,0.003354,0.02224,9.44,1
15260,0.9675,23.57,84.9,0.0513,0.002822,0.02095,12.08,1
15273,1.132,20.23,72.8,0.0507,0.003104,0.02085,10.83,1
15286,1.0255,22.47,80.9,0.05153,0.002781,0.02487,9.78,1
15299,1.038,22.47,80.9,0.05084,0.003611,0.01962,10.35,1
15312,1.055,22.09,79.5,0.05269,0.00328,0.01796,10.21,1
15325,1.0,22.9,82.4,0.05097,0.003019,0.0212,10.99,1
15338,0.876,26.35,94.8,0.0516,0.002846,0.01985,11.78,1
15351,1.2465,18.69,67.3,0.05209,0.003365,0.02195,11.06,1
15364,0.972,23.69,85.3,0.05056,0.003181,0.01951,10.46,1
15377,0.9465,24.65,88.7,0.05144,0.002978,0.01687,11.2,1
15390,1.0705,21.71,78.2,0.05108,0.003319,0.01755,8.86,1
15403,1.14,20.35,73.3,0.05199,0.003199,0.02284,11.16,1
15416,1.016,22.84,82.2,0.05238,0.002622,0.02508,9.12,1
15429,1.0275,22.37,80.5,0.0517,0.002946,0.01635,10.66,1
15442,1.2255,18.76,67.5,0.05249,0.00339,0.01764,9.88,1
15455,1.2715,18.43,66.3,0.05158,0.003381,0.02148,7.87,1
15468,1.106,20.94,75.4,0.05122,0.003308,0.02343,9.73,1
15481,0.9835,23.35,84.1,0.05174,0.003176,0.02516,11.15,1
15494,1.3115,17.65,63.5,0.05356,0.003237,0.02142,8.55,1
15507,1.1535,19.9,71.7,0.05427,0.003277,0.01818,10.09,1
15520,1.0655,21.9,78.9,0.05041,0.003221,0.02192,9.0,1
15533,1.093,20.81,74.9,0.05362,0.003077,0.02419,11.49,1
15546,1.237,18.55,66.8,0.05091,0.002965,0.02607,9.07,1
15559,1.0845,21.9,78.8,0.05048,0.003137,0.02077,11.17,1
15572,1.064,21.53,77.5,0.0523,0.002937,0.01683,10.23,1
15585,1.125,20.58,74.1,0.05212,0.003506,0.01983,9.87,1
15598,1.2175,18.79,67.6,0.05301,0.003596,0.02086,11.19,1
15611,1.466,15.95,57.4,0.05116,0.003698,0.01169,10.61,1
15624,1.208,19.3,69.5,0.05136,0.003611,0.01833,9.25,1
15637,0.9095,25.21,90.8,0.05226,0.00275,0.02053,11.82,1
15650,1.073,21.95,79.0,0.05117,0.003485,0.02078,10.09,1
15663,1.1355,20.42,73.5,0.05434,0.002859,0.01475,8.56,1
15676,1.143,20.35,73.2,0.05195,0.003117,0.02311,8.87,1
15689,1.079,21.39,77.0,0.05142,0.003157,0.01812,10.38,1
15702,1.194,19.37,69.7,0.05146,0.003211,0.02169,9.72,1
15715,1.098,20.97,75.5,0.0517,0.00288,0.02002,9.24,1
15728,1.062,22.01,79.2,0.05256,0.003401,0.01923,10.17,1
15741,1.068,21.84,78.6,0.05118,0.003307,0.0205,10.11,1
15754,1.031,22.27,80.2,0.05278,0.002805,0.02028,10.32,1
15767,1.048,22.21,80.0,0.0523,0.003122,0.01951,9.74,1
15780,1.2,19.13,68.9,0.05243,0.003049,0.02075,9.49,1
15793,1.083,21.46,77.3,0.05003,0.003424,0.02329,9.58,1
15806,1.451,16.06,57.8,0.05262,0.00323,0.01974,8.64,1
15819,1.1805,19.37,69.7,0.05192,0.002925,0.01974,9.7,1
15832,1.133,21.03,75.7,0.05113,0.003505,0.02193,11.56,1
15845,1.0485,22.58,81.3,0.05209,0.003399,0.0185,9.76,1
15858,1.053,21.9,78.9,0.05295,0.003094,0.01641,10.03,1
15871,1.1445,20.37,73.3,0.05177,0.003128,0.02475,10.17,1
15884,1.2055,18.96,68.3,0.05169,0.003344,0.01953,10.86,1
15897,1.03,22.35,80.5,0.05142,0.00316,0.02002,10.33,1
15910,1.1075,20.78,74.8,0.05254,0.003118,0.01804,9.68,1
15923,1.144,20.24,72.9,0.05169,0.003325,0.02141,9.28,1
15936,1.1165,20.68,74.4,0.05066,0.003561,0.02258,9.88,1
15949,1.14,20.32,73.1,0.05374,0.003347,0.02142,9.24,1
15962,1.094,20.81,74.9,0.05077,0.002833,0.01686,10.46,1
15975,1.0625,21.99,79.2,0.05216,0.003488,0.02187,9.17,1
15988,1.034,22.19,79.9,0.05168,0.002642,0.02298,9.91,1
16001,1.266,18.04,64.9,0.05175,0.003107,0.02162,10.29,1
16014,1.3225,17.38,62.6,0.05262,0.003,0.02473,8.82,1
16027,0.9625,24.08,86.7,0.0512,0.002953,0.0206,11.85,1
16040,1.079,21.72,78.2,0.05137,0.003521,0.02215,10.54,1
16053,1.2895,18.4,66.2,0.05296,0.003922,0.02047,10.13,1
16066,1.1705,19.63,70.7,0.05391,0.003333,0.0167,9.93,1
16079,1.183,19.6,70.6,0.05138,0.003189,0.01796,11.37,1
16092,1.0625,21.51,77.4,0.05055,0.003153,0.01877,11.08,1
16105,1.081,21.15,76.1,0.05128,0.003139,0.02012,10.59,1
16118,0.9555,24.14,86.9,0.05249,0.003028,0.02005,10.67,1
16131,1.089,20.96,75.5,0.05237,0.003044,0.01949,10.69,1
16144,1.1,21.0,75.6,0.05199,0.003082,0.02393,9.96,1
16157,1.2005,19.34,69.6,0.05043,0.003219,0.01962,9.89,1
16170,1.1825,19.37,69.7,0.05244,0.002856,0.02026,9.5,1
16183,1.3115,17.49,63.0,0.0521,0.002993,0.01925,9.02,1
16196,1.287,17.97,64.7,0.05381,0.003515,0.02429,9.69,1
16209,0.976,23.55,84.8,0.05125,0.003163,0.02224,11.02,1
16222,1.1095,20.84,75.0,0.05152,0.003071,0.0211,9.03,1
16235,1.0425,22.19,79.9,0.05251,0.003599,0.01689,10.33,1
16248,0.9755,23.58,84.9,0.05173,0.002781,0.02295,10.45,1
16261,1.1615,20.23,72.8,0.05071,0.00335,0.02156,10.4,1
16274,1.0195,22.47,80.9,0.05075,0.003219,0.01727,10.71,1
16287,1.1675,20.42,73.5,0.05193,0.003395,0.02027,11.58,1
16300,1.0205,22.77,82.0,0.05366,0.002974,0.02341,11.85,1
16313,1.191,19.26,69.3,0.05297,0.003169,0.02296,10.0,1
16326,0.9525,24.43,87.9,0.0506,0.003398,0.02136,11.7,1
16339,1.101,20.96,75.5,0.0507,0.00351,0.01695,10.01,1
16352,1.076,21.39,77.0,0.05096,0.003123,0.02277,9.93,1
16365,1.01,23.05,83.0,0.05338,0.002981,0.01912,10.22,1
16378,1.0385,22.11,79.6,0.05143,0.002882,0.02132,10.02,1
16391,1.0475,21.98,79.1,0.05052,0.003358,0.01556,10.19,1
16404,1.0335,22.42,80.7,0.0528,0.003183,0.02288,10.09,1
16417,0.9785,23.58,84.9,0.05087,0.002808,0.02171,10.66,1
16430,1.0545,21.8,78.5,0.0513,0.003067,0.01373,10.21,1
16443,1.133,20.3,73.1,0.05252,0.00313,0.02228,9.8,1
16456,1.154,19.67,70.8,0.05086,0.002805,0.01989,10.48,1
16469,1.1905,19.81,71.3,0.05315,0.003919,0.01749,9.81,1
16482,1.074,21.5,77.4,0.05135,0.00313,0.02418,10.16,1
16495,1.0575,21.91,78.9,0.05034,0.003616,0.02102,10.54,1
16508,0.9685,24.08,86.7,0.0521,0.003107,0.02196,11.71,1
16521,1.2365,18.38,66.2,0.05186,0.003193,0.01777,11.65,1
16534,1.1345,20.58,74.1,0.05214,0.003137,0.01429,10.29,1
16547,0.9565,24.21,87.2,0.0506,0.003341,0.01958,10.65,1
16560,1.143,20.21,72.8,0.04981,0.003128,0.01981,8.86,1
16573,0.9065,25.61,92.2,0.05237,0.002869,0.02093,10.74,1
16586,1.0575,22.15,79.8,0.0525,0.003178,0.02026,8.73,1
16599,0.9825,23.54,84.7,0.0504,0.003007,0.01944,9.99,1
16612,1.2435,18.45,66.4,0.05469,0.003244,0.01814,9.82,1
16625,1.194,19.11,68.8,0.0521,0.003337,0.02178,10.91,1
16638,1.2955,17.91,64.5,0.05239,0.003062,0.01749,8.45,1
16651,1.0635,21.88,78.8,0.05396,0.003244,0.02493,9.56,1
16664,1.031,22.49,81.0,0.05255,0.003169,0.01971,10.57,1
16677,1.0305,22.25,80.1,0.05238,0.003192,0.02205,11.47,1
16690,1.0055,22.72,81.8,0.05329,0.002652,0.01843,11.01,1
16703,1.2745,18.59,66.9,0.05259,0.003364,0.02478,10.41,1
16716,1.1595,20.04,72.1,0.052,0.003368,0.01854,9.71,1
16729,1.0475,22.28,80.2,0.05265,0.003225,0.0197,9.88,1
16742,1.0665,21.87,78.7,0.05294,0.003194,0.02058,9.21,1
16755,1.077,21.83,78.6,0.04944,0.003579,0.02298,10.79,1
16768,1.067,21.77,78.4,0.05121,0.003437,0.01805,9.78,1
16781,1.0335,22.26,80.2,0.05133,0.003308,0.01364,10.41,1
16794,0.9895,23.23,83.6,0.05277,0.003119,0.01454,11.09,1
16807,1.0605,21.9,78.8,0.05152,0.003393,0.01663,9.13,1
16820,0.932,25.04,90.1,0.05234,0.003289,0.02264,10.31,1
16833,1.022,22.69,81.7,0.05092,0.003051,0.02076,10.79,1
16846,1.1335,20.78,74.8,0.05191,0.003486,0.01948,9.26,1
16859,1.012,22.85,82.3,0.05331,0.003179,0.01872,10.3,1
16872,1.0655,21.71,78.2,0.05252,0.003651,0.01866,12.14,1
16885,1.1105,20.75,74.7,0.05214,0.003002,0.02042,10.02,1
16898,1.1635,19.68,70.8,0.05015,0.002794,0.02044,9.33,1
16911,1.1545,19.98,71.9,0.05189,0.002689,0.01922,8.68,1
16924,1.077,21.52,77.5,0.0518,0.00308,0.01756,9.37,1
16937,1.002,22.98,82.7,0.05212,0.003532,0.0199,10.99,1
16950,1.1335,20.34,73.2,0.05099,0.002916,0.02407,8.88,1
16963,0.979,23.58,84.9,0.05088,0.002962,0.0227,10.1,1
16976,1.209,19.27,69.4,0.05322,0.003171,0.0202,7.84,1
16989,1.1805,19.43,69.9,0.05291,0.003315,0.02365,10.55,1
17002,1.098,21.06,75.8,0.0511,0.003287,0.01877,10.18,1
17015,1.181,20.31,73.1,0.05284,0.00359,0.01768,11.23,1
17028,1.014,22.7,81.7,0.05231,0.002755,0.02302,10.13,1
17041,1.376,16.89,60.8,0.05238,0.003167,0.0232,7.64,1
17054,1.027,22.44,80.8,0.05161,0.003435,0.02128,10.75,1
17067,0.975,24.11,86.8,0.05277,0.003152,0.02313,10.87,1
17080,1.2005,19.49,70.2,0.05096,0.00335,0.02318,9.2,1
17093,1.1765,19.47,70.1,0.05043,0.003171,0.01339,9.87,1
17106,1.1205,20.89,75.2,0.05074,0.003585,0.02158,10.26,1
17119,1.1145,20.77,74.8,0.05287,0.002945,0.01807,9.23,1
17132,1.04,22.01,79.2,0.0531,0.003438,0.02365,11.38,1
17145,1.0075,23.21,83.6,0.05138,0.003498,0.02353,10.13,1
17158,1.1555,20.17,72.6,0.0515,0.003441,0.02089,9.01,1
17171,0.9945,23.08,83.1,0.05074,0.003018,0.01826,10.61,1
17184,1.0325,22.27,80.2,0.05192,0.002978,0.02014,11.32,1
17197,1.0015,22.85,82.3,0.05356,0.002569,0.02125,10.9,1
17210,1.1205,20.62,74.2,0.05269,0.003585,0.02518,10.09,1
17223,1.11,20.66,74.4,0.05105,0.002861,0.01908,9.78,1
17236,1.0365,22.32,80.4,0.05127,0.003314,0.0181,11.14,1
17249,1.229,18.65,67.1,0.05257,0.003155,0.01749,9.9,1
17262,0.9685,23.81,85.7,0.04989,0.003014,0.02002,11.16,1
17275,1.027,22.41,80.7,0.05126,0.002963,0.01793,9.87,1
17288,1.5655,15.0,54.0,0.05188,0.00319,0.01708,7.1,1
17301,1.2095,19.73,71.0,0.05129,0.003744,0.02132,9.25,1
17314,1.046,22.03,79.3,0.05074,0.003181,0.02494,10.18,1
17327,1.1695,19.94,71.8,0.05369,0.00364,0.02332,8.6,1
17340,1.0055,23.03,82.9,0.05145,0.003308,0.01473,10.17,1
17353,1.309,17.7,63.7,0.05227,0.003534,0.02489,9.28,1
17366,1.3175,17.8,64.1,0.05182,0.00346,0.01721,9.43,1
17379,1.303,17.69,63.7,0.0541,0.003261,0.01876,9.07,1
17392,1.0345,22.15,79.7,0.05146,0.003327,0.01742,11.01,1
17405,1.2105,18.98,68.3,0.05063,0.00334,0.01926,9.94,1
17418,1.1175,20.87,75.1,0.05199,0.003288,0.02435,8.43,1
17431,0.9155,25.46,91.7,0.05247,0.003309,0.02222,11.7,1
17444,1.0475,21.84,78.6,0.05239,0.002863,0.02244,10.86,1
17457,1.004,23.08,83.1,0.05234,0.00345,0.02399,10.38,1
17470,1.2335,18.68,67.2,0.05302,0.003223,0.01666,9.11,1
17483,1.107,21.04,75.8,0.05298,0.003534,0.02188,9.86,1
17496,1.1295,20.45,73.6,0.05282,0.003317,0.01848,10.77,1
17509,1.0565,21.75,78.3,0.05068,0.003399,0.01799,10.65,1
17522,1.148,20.36,73.3,0.05224,0.003444,0.01722,8.78,1
17535,1.215,18.99,68.4,0.05362,0.002643,0.01796,8.75,1
17548,0.924,25.11,90.4,0.05072,0.003162,0.0254,12.46,1
17561,1.141,20.11,72.4,0.05062,0.003388,0.02081,10.63,1
17574,1.2475,18.89,68.0,0.04985,0.003166,0.02154,8.73,1
17587,1.0425,22.43,80.7,0.05146,0.003067,0.02342,10.01,1
17600,0.99,23.71,85.4,0.05175,0.003075,0.02014,10.71,1
17613,1.121,20.84,75.0,0.05219,0.003564,0.02235,8.62,1
17626,1.2635,18.24,65.7,0.05196,0.003321,0.01959,9.46,1
17639,1.3005,17.83,64.2,0.05318,0.003335,0.01444,10.43,1
17652,1.122,20.61,74.2,0.05235,0.00323,0.01879,9.69,1
17665,0.922,25.12,90.4,0.05138,0.003207,0.0187,11.99,1
17678,1.2095,19.26,69.4,0.05113,0.003512,0.01886,11.76,1
17691,1.04,22.22,80.0,0.05162,0.00249,0.02204,9.5,1
17704,1.009,22.98,82.7,0.0507,0.003337,0.02337,11.15,1
17717,1.1785,19.52,70.3,0.05277,0.003634,0.01998,10.42,1
17730,1.1605,19.67,70.8,0.05328,0.003433,0.02281,11.2,1
17743,0.9595,24.33,87.6,0.05107,0.002998,0.01715,9.69,1
17756,1.059,21.88,78.8,0.05085,0.003315,0.02306,10.02,1
17769,0.958,24.18,87.0,0.05345,0.003457,0.01959,10.6,1
17782,1.2095,19.35,69.7,0.05029,0.003318,0.02606,8.85,1
17795,1.052,22.1,79.5,0.04987,0.003031,0.02113,8.74,1
17808,1.1675,19.73,71.0,0.05068,0.002911,0.01936,9.43,1
17821,1.1035,21.27,76.6,0.04991,0.003396,0.02082,9.29,1
17834,0.9,26.04,93.7,0.05005,0.003031,0.02482,9.69,1
17847,1.2295,18.68,67.3,0.05164,0.003002,0.01484,9.0,1
17860,1.121,20.44,73.6,0.05141,0.003013,0.02283,9.96,1
17873,1.1175,20.65,74.3,0.0519,0.003143,0.01778,9.9,1
17886,1.125,20.44,73.6,0.05165,0.002783,0.01653,9.08,1
17899,1.0335,22.27,80.2,0.0526,0.003068,0.01707,10.67,1
17912,0.968,23.85,85.9,0.05188,0.002747,0.01649,10.27,1
17925,1.212,19.29,69.4,0.05386,0.00294,0.01847,7.96,1
17938,1.362,17.18,61.9,0.05056,0.003493,0.01575,9.32,1
17951,1.2715,18.12,65.2,0.05177,0.003154,0.01901,9.29,1
17964,1.0895,21.11,76.0,0.05165,0.002879,0.0186,9.73,1
17977,1.371,17.05,61.4,0.05071,0.003347,0.02157,9.85,1
17990,0.908,25.63,92.3,0.04979,0.003644,0.01859,12.47,1
18003,1.043,21.96,79.1,0.05096,0.0035,0.01571,10.96,1
18016,1.275,17.98,64.7,0.0497,0.002742,0.02127,9.07,1
18029,1.206,19.32,69.5,0.05044,0.003417,0.01615,9.1,1
18042,0.968,23.82,85.8,0.05136,0.003215,0.02239,10.56,1
18055,1.0375,22.45,80.8,0.05049,0.002987,0.02499,9.8,1
18068,1.2165,19.03,68.5,0.05179,0.003276,0.02148,9.9,1
18081,1.2535,18.58,66.9,0.05244,0.003498,0.02274,8.5,1
18094,1.315,17.58,63.3,0.05205,0.002979,0.01706,8.0,1
18107,0.974,23.88,86.0,0.05085,0.003194,0.01693,9.46,1
18120,1.1155,20.82,75.0,0.05174,0.003337,0.0196,8.94,1
18133,1.0615,21.74,78.3,0.05244,0.003137,0.01562,9.84,1
18146,1.111,20.86,75.1,0.0513,0.003384,0.02113,9.3,1
18159,1.254,18.46,66.4,0.05205,0.00308,0.01467,9.86,1
18172,1.122,20.53,73.9,0.05225,0.00339,0.0231,10.16,1
18185,1.187,19.53,70.3,0.05315,0.003404,0.01531,10.16,1
18198,1.3195,17.67,63.6,0.05386,0.003582,0.01978,9.41,1
18211,0.987,23.58,84.9,0.05147,0.003205,0.0218,10.92,1
18224,1.3205,17.56,63.2,0.05262,0.003372,0.0207,9.51,1
18237,1.037,22.36,80.5,0.05175,0.003356,0.02357,9.51,1
18250,1.102,20.91,75.3,0.05071,0.003166,0.0196,9.73,1
18263,1.0035,22.67,81.6,0.05115,0.002782,0.01701,11.8,1
18276,1.2455,18.54,66.7,0.05397,0.003214,0.0185,8.92,1
18289,1.1945,19.56,70.4,0.05055,0.003457,0.0241,10.39,1
18302,1.055,21.79,78.5,0.05174,0.003216,0.02111,10.35,1
18315,1.0515,21.81,78.5,0.05201,0.003667,0.01622,11.08,1
18328,1.1765,19.7,70.9,0.05141,0.003419,0.0225,9.66,1
18341,1.162,19.74,71.1,0.05253,0.003052,0.01961,9.62,1
18354,1.0085,23.13,83.3,0.05178,0.003133,0.01797,9.05,1
18367,1.1975,19.29,69.4,0.05153,0.002951,0.01856,8.54,1
18380,1.327,17.58,63.3,0.05105,0.003254,0.02029,9.39,1
18393,1.1985,19.64,70.7,0.05231,0.00339,0.02445,9.88,1
18406,0.957,24.05,86.6,0.05226,0.003126,0.02388,11.62,1
18419,1.095,21.28,76.6,0.05296,0.002721,0.02006,7.99,1
18432,1.1325,20.69,74.5,0.05055,0.003491,0.02026,10.83,1
18445,1.26,18.29,65.8,0.05112,0.00272,0.02346,7.93,1
18458,0.9525,24.16,87.0,0.05436,0.003101,0.0213,12.07,1
18471,1.041,22.03,79.3,0.05058,0.003222,0.02443,10.43,1
18484,1.054,21.85,78.7,0.05138,0.003381,0.01587,10.61,1
18497,1.0665,21.61,77.8,0.05179,0.002994,0.01604,10.24,1
18510,1.173,19.39,69.8,0.05516,0.003356,0.01954,11.66,1
18523,0.984,23.37,84.1,0.05077,0.003084,0.02082,10.57,1
18536,1.2005,18.96,68.2,0.05268,0.002901,0.01685,10.64,1
18549,1.178,19.66,70.8,0.05259,0.003228,0.0264,8.85,1
18562,1.153,20.29,73.0,0.05186,0.003387,0.0194,10.05,1
18575,1.147,20.04,72.2,0.05071,0.003143,0.01748,9.94,1
18588,1.1345,20.46,73.6,0.05206,0.003069,0.01712,9.29,1
18601,1.005,22.83,82.2,0.05261,0.003212,0.02022,10.89,1
18614,1.123,20.95,75.4,0.05103,0.00334,0.02099,9.83,1
18627,1.0545,21.96,79.1,0.05329,0.003215,0.02255,10.42,1
18640,0.916,25.48,91.7,0.05028,0.002988,0.01711,9.64,1
18653,1.0775,21.23,76.4,0.04948,0.002907,0.02333,9.96,1
18666,1.153,19.79,71.2,0.05275,0.002853,0.02088,10.76,1
18679,1.242,18.87,67.9,0.05044,0.003375,0.01971,9.34,1
18692,1.1025,20.9,75.3,0.05207,0.00322,0.01807,9.74,1
18705,1.06,21.8,78.5,0.05248,0.003547,0.02177,10.41,1
18718,1.144,20.3,73.1,0.05269,0.003337,0.01592,8.8,1
18731,1.095,21.17,76.2,0.05354,0.003109,0.0219,9.31,1
18744,1.122,20.61,74.2,0.05386,0.003098,0.01815,9.48,1
18757,1.0415,22.27,80.2,0.05204,0.003534,0.0244,9.66,1
18770,0.966,23.89,86.0,0.05235,0.003058,0.01904,10.71,1
18783,1.229,18.71,67.4,0.05286,0.003152,0.01728,9.22,1
18796,1.16,19.98,71.9,0.05187,0.003155,0.01779,10.68,1
18809,1.3285,17.32,62.4,0.05368,0.003107,0.02198,9.75,1
18822,1.091,21.03,75.7,0.05112,0.003307,0.01646,10.57,1
18835,1.308,17.8,64.1,0.05091,0.003294,0.02075,8.26,1
18848,1.1725,19.81,71.3,0.05165,0.003082,0.02092,9.43,1
18861,1.1805,19.64,70.7,0.05283,0.003214,0.02014,8.61,1
18874,1.195,19.19,69.1,0.05098,0.003037,0.01959,9.42,1
18887,1.253,18.27,65.8,0.05286,0.003014,0.02093,10.63,1
18900,0.999,23.11,83.2,0.05261,0.003288,0.01845,10.73,1
18913,1.056,22.19,79.9,0.05429,0.003312,0.02255,9.62,1
18926,1.1435,20.51,73.8,0.05344,0.00335,0.02272,10.51,1
18939,1.2785,17.86,64.3,0.05154,0.002748,0.01742,9.0,1
18952,1.141,20.09,72.3,0.05261,0.002839,0.01545,9.59,1
18965,1.08,21.59,77.7,0.05226,0.002848,0.01968,8.75,1
18978,0.922,25.19,90.7,0.05306,0.003463,0.02024,10.91,1
18991,1.2425,18.63,67.1,0.05154,0.003065,0.02163,9.44,1
19004,1.1415,20.66,74.4,0.05194,0.003607,0.02002,8.9,1
19017,1.0335,22.12,79.6,0.05164,0.002643,0.01857,10.33,1
19030,1.1165,20.54,74.0,0.05227,0.00318,0.01963,10.96,1
19043,1.0545,21.67,78.0,0.05136,0.003101,0.01837,10.81,1
19056,1.09,21.22,76.4,0.05161,0.002336,0.02042,8.25,1
19069,1.114,20.54,73.9,0.05132,0.00261,0.02704,9.53,1
19082,1.143,20.25,72.9,0.05308,0.002949,0.02003,9.76,1
19095,1.116,20.96,75.5,0.04996,0.00339,0.02336,9.03,1
19108,1.226,18.86,67.9,0.05153,0.003212,0.02266,8.69,1
19121,1.0815,21.35,76.9,0.05365,0.003544,0.01917,10.44,1
19134,1.1435,20.29,73.0,0.05086,0.003306,0.02108,9.68,1
19147,0.9555,24.19,87.1,0.05147,0.002624,0.01824,10.45,1
19160,1.0625,21.84,78.6,0.05015,0.003155,0.02072,11.27,1
19173,1.0665,21.41,77.1,0.0534,0.003426,0.02162,11.65,1
19186,1.0,23.06,83.0,0.05135,0.003446,0.0145,10.93,1
19199,0.9365,24.62,88.6,0.05214,0.003157,0.02035,11.79,1
19212,1.1385,20.12,72.4,0.05094,0.003243,0.02016,10.8,1
19225,1.177,19.33,69.6,0.05206,0.002673,0.02082,9.95,1
19238,1.0125,22.8,82.1,0.05285,0.003176,0.02159,11.1,1
19251,1.0385,22.02,79.3,0.05398,0.002806,0.01725,10.84,1
19264,1.0255,22.81,82.1,0.05193,0.003465,0.0186,10.87,1
19277,1.0765,21.59,77.7,0.05153,0.002968,0.01415,8.46,1
19290,1.064,21.51,77.4,0.05037,0.003716,0.02552,11.52,1
19303,1.148,20.22,72.8,0.05169,0.0033,0.01953,9.36,1
19316,1.22,19.22,69.2,0.05339,0.00358,0.01848,10.53,1
19329,1.0565,21.86,78.7,0.05147,0.003133,0.02103,9.85,1
19342,1.1855,19.9,71.6,0.05548,0.003256,0.02262,8.37,1
19355,1.1825,19.49,70.2,0.05254,0.003119,0.0231,9.88,1
19368,1.0345,22.61,81.4,0.05266,0.003554,0.02065,11.94,1
19381,1.067,21.75,78.3,0.05117,0.003399,0.02182,9.24,1
19394,0.856,27.02,97.3,0.05279,0.002584,0.0172,11.92,1
19407,1.1375,20.17,72.6,0.05193,0.002961,0.01781,9.85,1
19420,1.195,19.26,69.3,0.05394,0.003179,0.02157,9.36,1
19433,1.08,21.79,78.4,0.05202,0.003678,0.02138,11.07,1
19446,1.237,18.66,67.2,0.05152,0.003392,0.02267,9.39,1
19459,1.219,18.86,67.9,0.05095,0.00319,0.02015,9.27,1
19472,1.1005,21.19,76.3,0.0504,0.003395,0.01815,9.72,1
19485,1.3835,16.68,60.0,0.05388,0.003001,0.02443,8.21,1
19498,0.898,26.09,93.9,0.05207,0.003209,0.02022,12.25,1
19511,1.0285,22.36,80.5,0.05281,0.002789,0.023,10.15,1
19524,1.1165,20.62,74.2,0.05168,0.003039,0.01899,9.35,1
19537,0.957,24.03,86.5,0.05196,0.002953,0.01764,11.1,1
19550,1.038,22.13,79.7,0.05221,0.003143,0.02256,10.61,1
19563,1.127,20.49,73.8,0.05149,0.00312,0.01792,9.09,1
19576,1.1785,19.89,71.6,0.05235,0.003654,0.01702,9.43,1
19589,1.107,20.9,75.3,0.05185,0.003126,0.02224,11.22,1
19602,1.0945,21.26,76.6,0.05079,0.003426,0.01848,9.59,1
19615,1.181,19.47,70.1,0.05158,0.002992,0.02666,9.14,1
19628,1.2065,19.12,68.8,0.05122,0.003086,0.01381,9.06,1
19641,1.3075,17.59,63.3,0.05158,0.003009,0.01976,9.1,1
19654,1.16,20.21,72.8,0.05536,0.003567,0.02106,9.54,1
19667,1.142,20.32,73.2,0.05175,0.003256,0.01801,8.66,1
19680,1.0135,22.71,81.7,0.05295,0.003056,0.01555,10.88,1
19693,1.0405,22.26,80.1,0.05241,0.002908,0.02047,9.78,1
19706,1.0575,21.74,78.3,0.05229,0.003408,0.02021,11.04,1
19719,1.11,20.74,74.7,0.05082,0.003415,0.02244,10.03,1
19732,1.425,16.43,59.2,0.05123,0.003325,0.02467,9.66,1
19745,1.155,20.1,72.4,0.05106,0.00339,0.02039,8.67,1
19758,0.972,23.82,85.8,0.05094,0.002969,0.02718,10.15,1
19771,1.134,20.41,73.5,0.05041,0.003204,0.0227,9.0,1
19784,0.991,23.52,84.7,0.05272,0.003606,0.02107,11.45,1
19797,1.0,23.26,83.7,0.05093,0.00314,0.01929,9.19,1
19810,1.079,21.43,77.1,0.05213,0.003004,0.01592,9.44,1
19823,1.282,18.22,65.6,0.05062,0.003316,0.01789,9.58,1
19836,1.0515,22.07,79.5,0.05211,0.002792,0.02335,11.04,1
19849,1.1765,19.73,71.0,0.05108,0.002697,0.02316,7.53,1
19862,1.198,19.08,68.7,0.05124,0.002788,0.01576,10.62,1
19875,1.127,20.54,73.9,0.05205,0.003176,0.02072,9.58,1
19888,1.256,18.38,66.2,0.05164,0.003173,0.0173,9.52,1
19901,1.3985,16.59,59.7,0.05273,0.003132,0.01869,7.93,1
19914,0.888,26.56,95.6,0.05109,0.003274,0.02302,13.04,1
19927,1.132,20.65,74.3,0.05204,0.003281,0.01842,9.47,1
19940,1.054,21.9,78.8,0.05209,0.00289,0.02212,9.84,1
19953,1.0115,22.84,82.2,0.0514,0.003411,0.02353,10.47,1
19966,1.0965,21.25,76.5,0.05221,0.00311,0.02392,10.41,1
19979,1.2,19.51,70.2,0.05315,0.002717,0.02315,8.52,1
19992,1.045,22.01,79.2,0.05274,0.002907,0.01975,10.16,1
20005,0.942,24.52,88.3,0.05195,0.00289,0.01548,10.57,1
20018,1.1,20.89,75.2,0.0528,0.002829,0.02426,9.75,1
20031,0.96,24.35,87.7,0.05076,0.003174,0.01467,12.5,1
20044,0.978,23.36,84.1,0.05106,0.002577,0.02138,10.88,1
20057,1.2145,19.23,69.2,0.05276,0.003295,0.01996,10.94,1
20070,1.1185,20.64,74.3,0.05182,0.003081,0.02048,9.75,1
20083,1.191,19.34,69.6,0.05257,0.003476,0.02217,9.92,1
20096,1.0245,22.45,80.8,0.05151,0.003403,0.0212,11.16,1
20109,0.9385,24.87,89.5,0.05138,0.003095,0.01809,11.14,1
20122,1.2705,18.32,65.9,0.05154,0.003163,0.0243,9.92,1
20135,1.2465,18.78,67.6,0.0523,0.003461,0.02161,7.65,1
20148,1.134,20.34,73.2,0.05358,0.003344,0.0164,10.01,1
20161,1.126,20.71,74.6,0.05242,0.003696,0.02234,10.11,1
20174,1.469,16.06,57.8,0.05385,0.00351,0.02249,8.2,1
20187,1.0635,21.73,78.2,0.05267,0.003444,0.02284,11.16,1
20200,1.064,21.21,76.3,0.05001,0.002998,0.02013,12.17,1
20213,1.351,17.33,62.4,0.0515,0.003463,0.02268,8.33,1
20226,1.145,20.66,74.4,0.05299,0.003634,0.02454,10.47,1
20239,1.126,20.49,73.8,0.05027,0.003409,0.01944,9.72,1
20252,1.0685,21.64,77.9,0.05226,0.003133,0.01804,11.14,1
20265,0.974,23.59,84.9,0.05103,0.003487,0.01887,11.05,1
20278,1.0365,22.34,80.4,0.05304,0.002936,0.02557,9.37,1
20291,1.5245,15.65,56.3,0.0507,0.003287,0.02031,8.19,1
20304,1.2785,18.13,65.3,0.05291,0.003234,0.0226,8.64,1
20317,1.407,16.67,60.0,0.05203,0.003359,0.02222,9.59,1
20330,0.94,24.78,89.2,0.0513,0.003161,0.02375,11.68,1
20343,0.978,23.51,84.6,0.05118,0.003063,0.01702,10.7,1
20356,1.0485,21.96,79.1,0.05364,0.002864,0.01589,9.95,1
20369,1.2715,18.42,66.3,0.05288,0.003344,0.01793,9.65,1
20382,1.0915,21.3,76.7,0.05125,0.003287,0.01308,9.23,1
20395,1.1845,19.61,70.6,0.05114,0.003665,0.02193,9.0,1
20408,1.1145,20.88,75.2,0.05335,0.003684,0.02277,9.61,1
20421,0.893,25.83,93.0,0.05224,0.003195,0.02332,12.82,1
20434,1.1675,19.67,70.8,0.05088,0.003177,0.01905,10.62,1
20447,1.3095,17.73,63.8,0.05231,0.003149,0.02553,8.57,1
20460,1.132,20.16,72.6,0.05126,0.002493,0.02483,10.5,1
20473,1.5025,15.72,56.6,0.05082,0.003325,0.01806,6.23,1
20486,1.1375,20.23,72.8,0.05212,0.003015,0.01656,9.28,1
20499,1.013,23.4,84.2,0.05073,0.003373,0.01636,11.61,1
20512,1.22,19.2,69.1,0.05155,0.003362,0.02219,9.87,1
20525,0.9685,23.93,86.2,0.05119,0.003324,0.02213,11.23,1
20538,1.0795,21.8,78.5,0.05145,0.003613,0.01668,10.85,1
20551,1.093,21.14,76.1,0.05127,0.002966,0.02039,9.46,1
20564,1.151,20.46,73.7,0.05069,0.003332,0.01745,9.52,1
20577,1.252,18.65,67.1,0.05048,0.003434,0.02111,8.4,1
20590,1.0775,21.61,77.8,0.0528,0.003442,0.02391,9.84,1
20603,0.946,24.49,88.2,0.04955,0.003077,0.01532,10.34,1
20616,1.0095,22.87,82.3,0.05213,0.002913,0.0179,10.47,1
20629,1.3265,17.19,61.9,0.05088,0.002851,0.02095,9.61,1
20642,1.1285,20.48,73.7,0.05148,0.00285,0.02246,8.55,1
20655,1.156,20.21,72.7,0.05263,0.003405,0.01738,9.47,1
20668,1.1245,20.33,73.2,0.05403,0.0032,0.01822,11.0,1
20681,1.1605,20.19,72.7,0.05305,0.003562,0.01834,10.4,1
20694,1.032,22.09,79.5,0.05275,0.002973,0.02007,11.81,1
20707,1.2155,19.21,69.2,0.05072,0.003922,0.02011,10.48,1
20720,1.2015,19.11,68.8,0.05222,0.003663,0.02212,11.1,1
20733,0.9695,23.77,85.6,0.0517,0.002753,0.01983,10.3,1
20746,0.941,24.73,89.0,0.04993,0.00319,0.01784,9.9,1
20759,1.0795,21.78,78.4,0.05114,0.003119,0.02152,10.95,1
20772,1.064,21.68,78.1,0.05159,0.003023,0.01668,11.03,1
20785,0.9375,24.78,89.2,0.05227,0.002822,0.02278,13.02,1
20798,1.1225,20.37,73.3,0.05121,0.003263,0.01693,10.9,1
20811,1.062,21.97,79.1,0.05246,0.002854,0.01759,9.36,1
20824,0.9895,23.73,85.4,0.05146,0.003352,0.02592,13.15,1
20837,1.201,19.39,69.8,0.05356,0.003183,0.01374,8.93,1
20850,0.98,23.6,85.0,0.05001,0.003138,0.01932,10.38,1
20863,1.072,21.54,77.6,0.051,0.003036,0.02359,9.34,1
20876,0.938,24.37,87.7,0.05124,0.002896,0.02188,11.65,1
20889,1.018,22.7,81.7,0.05269,0.003339,0.02137,10.43,1
20902,1.0565,22.09,79.5,0.05265,0.003415,0.01568,9.24,1
20915,1.185,19.33,69.6,0.05201,0.003388,0.02064,11.03,1
20928,1.275,18.13,65.3,0.05357,0.002916,0.01514,8.8,1
20941,0.974,24.07,86.6,0.05217,0.003015,0.02104,9.28,1
20954,1.199,19.17,69.0,0.05225,0.002942,0.01785,10.2,1
20967,1.17,19.75,71.1,0.05298,0.003105,0.0131,8.84,1
20980,1.178,19.53,70.3,0.0528,0.003094,0.02343,9.89,1
20993,1.258,18.5,66.6,0.05158,0.003539,0.0211,9.41,1
21006,1.286,18.5,66.6,0.05236,0.003287,0.02257,9.31,1
21019,1.231,18.83,67.8,0.05285,0.003362,0.02143,9.65,1
21032,1.261,18.53,66.7,0.05388,0.003248,0.01659,7.57,1
21045,1.0395,22.0,79.2,0.05369,0.003089,0.02127,11.55,1
21058,1.094,21.81,78.5,0.05048,0.003538,0.01585,10.12,1
21071,1.0425,22.27,80.2,0.05163,0.002748,0.01757,9.0,1
21084,1.073,21.61,77.8,0.05202,0.003038,0.01721,9.07,1
21097,1.2095,19.2,69.1,0.05014,0.003011,0.01262,9.02,1
21110,1.0305,22.51,81.0,0.05232,0.002818,0.01975,9.81,1
21123,1.091,21.08,75.9,0.05016,0.0031,0.02065,9.63,1
21136,1.1875,19.57,70.5,0.05188,0.003592,0.02133,9.48,1
21149,1.0685,21.46,77.3,0.05177,0.003117,0.02515,10.37,1
21162,1.2515,18.5,66.6,0.05212,0.003347,0.0199,8.71,1
21175,1.031,22.67,81.6,0.05358,0.003461,0.01893,9.13,1
21188,1.333,17.59,63.3,0.05407,0.003542,0.02119,8.3,1
21201,1.072,21.61,77.8,0.05269,0.003216,0.02429,10.12,1
21214,1.166,20.04,72.1,0.05352,0.003071,0.02149,8.42,1
21227,0.9805,23.48,84.5,0.05277,0.003563,0.02076,11.67,1
21240,1.031,22.48,80.9,0.05251,0.00331,0.02459,10.08,1
21253,1.179,19.77,71.2,0.05265,0.003333,0.01776,8.51,1
21266,1.18,19.48,70.1,0.04914,0.003059,0.02081,9.53,1
21279,1.152,20.1,72.4,0.05397,0.003706,0.02025,11.42,1
21292,1.252,18.64,67.1,0.05233,0.003361,0.02335,8.67,1
21305,1.088,21.01,75.6,0.05408,0.002754,0.02046,10.36,1
21318,1.0915,21.18,76.2,0.05295,0.003419,0.0201,9.66,1
21331,1.202,19.24,69.3,0.05262,0.003219,0.02666,10.1,1
21344,1.095,21.2,76.3,0.05367,0.00312,0.02595,8.87,1
21357,1.091,21.18,76.2,0.05385,0.003228,0.02042,10.22,1
21370,1.3675,16.92,60.9,0.05231,0.00295,0.02341,9.37,1
21383,1.122,20.42,73.5,0.05359,0.003199,0.01837,10.58,1
21396,0.9325,25.1,90.4,0.05308,0.002619,0.01962,9.48,1
21409,1.154,20.11,72.4,0.0514,0.003036,0.01834,8.21,1
21422,1.317,17.41,62.7,0.05136,0.00317,0.02136,9.77,1
21435,1.157,20.12,72.4,0.05234,0.00368,0.01505,9.81,1
21448,1.034,22.26,80.1,0.05126,0.002557,0.02002,9.52,1
21461,1.0735,21.36,76.9,0.05048,0.00303,0.01752,10.21,1
21474,0.827,28.18,101.4,0.05079,0.002685,0.02439,11.38,1
21487,1.015,22.67,81.6,0.05119,0.003079,0.02637,12.29,1
21500,1.133,20.27,73.0,0.05224,0.002776,0.02156,9.57,1
21513,1.2535,18.5,66.6,0.05064,0.003284,0.01457,9.2,1
21526,1.0475,21.66,78.0,0.05015,0.002964,0.02085,11.35,1
21539,1.419,16.12,58.0,0.05393,0.002918,0.02419,9.21,1
21552,1.1365,20.74,74.7,0.05207,0.003368,0.02358,10.0,1
21565,1.176,19.87,71.5,0.05235,0.003115,0.02101,8.63,1
21578,1.157,19.96,71.8,0.05208,0.003187,0.01905,9.27,1
21591,1.1095,20.84,75.0,0.0511,0.002832,0.01867,9.07,1
21604,1.1635,20.58,74.1,0.0501,0.003485,0.02116,10.76,1
21617,1.1795,19.48,70.1,0.05193,0.003409,0.02021,10.95,1
21630,1.162,19.55,70.4,0.05246,0.003333,0.0218,11.67,1
21643,1.147,20.17,72.6,0.05261,0.003302,0.01896,9.54,1
21656,0.988,23.38,84.2,0.05171,0.003004,0.01484,10.54,1
21669,0.9905,23.3,83.9,0.0537,0.002909,0.02245,10.35,1
21682,1.239,19.36,69.7,0.05355,0.003171,0.02,11.39,1
21695,0.9535,24.13,86.9,0.05351,0.003069,0.01459,11.32,1
21708,0.989,23.38,84.2,0.05332,0.003316,0.0234,10.86,1
21721,1.0955,20.93,75.3,0.0506,0.00308,0.02063,9.97,1
21734,1.024,22.59,81.3,0.05287,0.002983,0.01561,11.02,1
21747,1.1885,19.33,69.6,0.05173,0.003706,0.02103,10.66,1
21760,0.993,23.4,84.2,0.05253,0.003006,0.02083,9.63,1
21773,1.082,21.45,77.2,0.05171,0.00334,0.02055,10.12,1
21786,1.1635,19.66,70.8,0.05332,0.003364,0.01612,11.4,1
21799,1.19,19.36,69.7,0.05418,0.003153,0.02069,9.71,1
21812,0.9915,23.01,82.8,0.05252,0.0032,0.02113,12.08,1
21825,0.9685,23.69,85.3,0.05202,0.003147,0.01254,11.85,1
21838,1.005,23.2,83.5,0.05417,0.003752,0.01758,12.04,1
21851,1.159,20.16,72.6,0.05095,0.003662,0.02106,8.87,1
21864,1.1375,20.29,73.0,0.05152,0.003253,0.01547,9.75,1
21877,1.249,18.76,67.6,0.0499,0.003497,0.02227,8.67,1
21890,1.1345,20.45,73.6,0.0525,0.003413,0.02143,9.99,1
21903,1.344,17.4,62.6,0.05253,0.003464,0.01704,7.67,1
21916,1.092,21.42,77.1,0.05182,0.002626,0.02395,10.91,1
21929,1.15,19.86,71.5,0.0523,0.00316,0.0171,10.5,1
21942,1.0955,21.46,77.3,0.05165,0.003627,0.01699,9.52,1
21955,0.9975,23.2,83.5,0.05331,0.003443,0.02481,12.2,1
21968,1.0325,22.09,79.5,0.05313,0.002973,0.02203,11.27,1
21981,0.9775,23.88,86.0,0.05127,0.002939,0.02358,9.99,1
21994,1.0645,22.47,80.9,0.05426,0.003218,0.01614,7.27,1
22007,1.0875,21.45,77.2,0.05306,0.003389,0.0232,9.51,1
22020,1.4445,16.13,58.1,0.05135,0.003164,0.01846,7.34,1
22033,1.357,17.21,62.0,0.05121,0.00317,0.01732,8.34,1
22046,1.0315,22.31,80.3,0.05277,0.002698,0.02193,9.82,1
22059,1.085,21.44,77.2,0.05141,0.003041,0.0193,8.78,1
22072,0.9455,24.83,89.4,0.05278,0.003727,0.02156,11.01,1
22085,0.9795,23.31,83.9,0.05035,0.002857,0.01937,11.56,1
22098,1.0595,21.75,78.3,0.05214,0.002712,0.01494,9.82,1
22111,1.2305,18.91,68.1,0.05063,0.003448,0.01838,9.16,1
22124,1.1995,19.2,69.1,0.05118,0.003156,0.01627,9.15,1
22137,1.1195,20.4,73.4,0.05251,0.00293,0.01788,10.19,1
22150,1.19,19.44,70.0,0.05048,0.003154,0.01869,8.51,1
22163,1.398,16.66,60.0,0.05412,0.003612,0.02573,10.49,1
22176,1.1065,20.6,74.1,0.05225,0.003167,0.02128,11.51,1
22189,1.2225,18.95,68.2,0.05314,0.003275,0.01777,9.22,1
22202,1.0445,22.05,79.4,0.05097,0.002839,0.02265,9.91,1
22215,1.1375,20.29,73.1,0.05194,0.003115,0.02332,9.67,1
22228,0.902,25.67,92.4,0.0506,0.002867,0.0216,10.81,1
22241,1.2005,19.05,68.6,0.05004,0.002858,0.02759,9.56,1
22254,1.1625,19.91,71.7,0.05124,0.003008,0.01655,9.43,1
22267,1.07,21.74,78.3,0.0523,0.003567,0.01631,9.96,1
22280,1.042,22.38,80.6,0.05091,0.00339,0.01961,11.74,1
22293,1.1625,19.61,70.6,0.05257,0.003066,0.01875,10.63,1
22306,1.179,19.74,71.1,0.05231,0.003569,0.01948,10.0,1
22319,1.309,17.62,63.4,0.05231,0.002964,0.0223,9.21,1
22332,1.078,21.57,77.7,0.0515,0.00325,0.01546,10.47,1
22345,0.8885,26.03,93.7,0.05224,0.003587,0.0211,12.12,1
22358,1.1955,19.66,70.8,0.05004,0.003128,0.01849,9.24,1
22371,1.1335,20.46,73.7,0.05091,0.003067,0.01917,8.36,1
22384,1.03,22.54,81.2,0.05157,0.00343,0.02404,11.03,1
22397,1.0125,22.76,81.9,0.053,0.002982,0.01878,10.2,1
22410,1.203,19.06,68.6,0.05114,0.002705,0.01377,8.72,1
22423,1.0805,21.26,76.5,0.05125,0.003179,0.02379,10.06,1
22436,1.115,20.77,74.8,0.05105,0.003392,0.02178,9.1,1
22449,1.1535,20.01,72.0,0.04954,0.003187,0.02151,8.99,1
22462,1.336,17.8,64.1,0.05048,0.003664,0.017,9.06,1
22475,1.0185,22.69,81.7,0.05031,0.002589,0.0206,9.13,1
22488,1.1155,20.85,75.1,0.05214,0.003009,0.01516,8.5,1
22501,1.216,19.07,68.6,0.05307,0.002994,0.0191,8.32,1
22514,1.1045,20.71,74.6,0.05188,0.003397,0.01686,10.94,1
22527,0.979,23.61,85.0,0.05255,0.003334,0.019,12.78,1
22540,1.163,20.23,72.8,0.05254,0.003264,0.02136,9.89,1
22553,1.147,20.12,72.4,0.0524,0.00294,0.01903,9.07,1
22566,1.331,17.33,62.4,0.05316,0.003336,0.01949,9.22,1
22579,1.149,20.22,72.8,0.05211,0.002968,0.02171,9.12,1
22592,0.975,23.82,85.8,0.05027,0.003446,0.02534,9.8,1
22605,0.9895,23.23,83.6,0.05266,0.003148,0.02151,10.82,1
22618,1.0345,22.55,81.2,0.05133,0.002917,0.01609,8.43,1
22631,1.0695,21.43,77.1,0.05204,0.002998,0.02212,10.23,1
22644,1.0075,23.18,83.5,0.05192,0.003109,0.02284,11.65,1
22657,0.996,23.37,84.1,0.05145,0.003033,0.01952,9.15,1
22670,1.066,21.81,78.5,0.05118,0.0033,0.01954,8.87,1
22683,1.113,20.73,74.6,0.05221,0.003251,0.02497,10.48,1
22696,1.13,20.68,74.5,0.05207,0.003508,0.024,8.75,1
22709,1.358,17.04,61.4,0.05234,0.003436,0.0197,9.24,1
22722,0.97,23.86,85.9,0.05341,0.003286,0.01315,10.58,1
22735,1.1545,20.04,72.2,0.0519,0.003254,0.02008,10.83,1
22748,1.1815,19.52,70.3,0.05214,0.003375,0.02581,9.83,1
22761,0.9075,25.64,92.3,0.05251,0.002978,0.02321,10.51,1
22774,1.0945,21.11,76.0,0.05136,0.003484,0.02227,9.68,1
22787,1.3055,18.04,64.9,0.05048,0.003699,0.02394,8.94,1
22800,1.166,20.64,74.3,0.05112,0.003287,0.01963,10.12,1
22813,1.2795,18.12,65.2,0.05193,0.003272,0.02227,8.44,1
22826,1.0365,22.27,80.2,0.05129,0.003236,0.02096,10.34,1
22839,1.2665,18.18,65.4,0.0523,0.003052,0.02266,8.93,1
22852,1.017,22.73,81.8,0.05223,0.003035,0.02633,10.18,1
22865,1.012,22.69,81.7,0.05271,0.002888,0.01824,10.61,1
22878,1.257,18.52,66.7,0.05304,0.003597,0.01763,8.71,1
22891,1.274,18.14,65.3,0.05436,0.00307,0.01907,9.56,1
22904,0.983,23.62,85.0,0.05316,0.003501,0.01736,11.34,1
22917,1.1655,19.91,71.7,0.05303,0.003345,0.02069,9.41,1
22930,1.105,20.93,75.4,0.05209,0.003073,0.0193,9.7,1
22943,1.2365,18.62,67.0,0.05137,0.002894,0.02421,8.83,1
22956,1.083,21.43,77.2,0.05122,0.003377,0.0156,9.43,1
22969,0.9555,24.01,86.4,0.05169,0.003223,0.02396,11.32,1
22982,1.54,15.75,56.7,0.05176,0.003735,0.02027,9.02,1
22995,1.153,20.01,72.1,0.05229,0.003236,0.01875,9.56,1
23008,0.911,25.76,92.7,0.05506,0.003369,0.01867,10.56,1
23021,1.165,19.77,71.2,0.05375,0.003714,0.02248,10.4,1
23034,0.9085,25.6,92.2,0.05392,0.003461,0.021,11.57,1
23047,1.0335,22.47,80.9,0.05424,0.003475,0.02029,10.66,1
23060,1.133,20.26,72.9,0.05127,0.003165,0.01775,10.62,1
23073,1.0675,21.44,77.2,0.0528,0.003072,0.02616,11.47,1
23086,1.097,21.26,76.5,0.05242,0.003338,0.02226,9.46,1
23099,1.138,20.24,72.9,0.05147,0.00296,0.02142,9.86,1
23112,0.8705,26.3,94.7,0.05177,0.00317,0.01695,12.63,1
23125,1.0595,21.9,78.8,0.05219,0.003128,0.02025,10.24,1
23138,1.0995,20.83,75.0,0.05204,0.003138,0.02068,10.4,1
23151,1.137,20.5,73.8,0.05133,0.003422,0.01887,9.97,1
23164,1.088,21.46,77.3,0.05059,0.003006,0.01862,10.48,1
23177,0.9455,24.38,87.8,0.05082,0.003078,0.02126,12.36,1
23190,1.1745,19.57,70.5,0.05059,0.003302,0.0251,10.0,1
23203,0.97,23.81,85.7,0.04994,0.003271,0.01943,11.5,1
23216,1.1,21.1,75.9,0.05163,0.003232,0.02205,10.56,1
23229,1.0275,22.31,80.3,0.0529,0.002779,0.02484,10.46,1
23242,1.1795,19.41,69.9,0.0509,0.003483,0.02015,10.75,1
23255,1.043,21.96,79.0,0.05121,0.00279,0.0166,10.9,1
23268,1.2985,18.01,64.8,0.05195,0.003363,0.01876,8.75,1
23281,1.1035,21.1,75.9,0.05076,0.003183,0.01707,8.59,1
23294,1.1385,20.15,72.6,0.05177,0.003446,0.02264,10.92,1
23307,1.0295,22.47,80.9,0.05147,0.003405,0.02194,10.99,1
23320,1.16,19.9,71.7,0.05116,0.002795,0.01948,8.36,1
23333,1.061,21.64,77.9,0.05175,0.003259,0.01765,11.88,1
23346,0.9435,24.66,88.8,0.0515,0.003214,0.01521,11.46,1
23359,1.4505,15.99,57.6,0.05046,0.003414,0.02025,9.01,1
23372,0.9935,23.1,83.2,0.05328,0.002803,0.01409,10.78,1
23385,1.1095,20.74,74.6,0.05204,0.002933,0.02216,11.06,1
23398,1.1695,19.79,71.2,0.05054,0.003837,0.01565,10.31,1
23411,1.035,22.14,79.7,0.05144,0.003491,0.02087,10.95,1
23424,1.068,21.48,77.3,0.05231,0.003146,0.01379,10.53,1
23437,1.0315,22.45,80.8,0.05131,0.00339,0.02377,10.04,1
23450,1.28,18.12,65.2,0.05193,0.003876,0.01923,10.4,1
23463,1.2135,19.21,69.2,0.05163,0.003122,0.0205,8.26,1
23476,1.2095,19.4,69.8,0.05068,0.003002,0.01968,9.54,1
23489,1.0025,22.75,81.9,0.05206,0.002936,0.0269,11.55,1
23502,1.226,19.43,69.9,0.05324,0.003387,0.02298,8.4,1
23515,1.08,21.35,76.9,0.05219,0.003195,0.01501,11.49,1
23528,1.2015,19.29,69.5,0.05276,0.003413,0.02284,10.57,1
23541,0.9885,23.74,85.5,0.0503,0.003166,0.02417,10.17,1
23554,1.068,21.92,78.9,0.05055,0.003555,0.01913,9.78,1
23567,1.0265,22.93,82.5,0.05078,0.003366,0.01483,9.85,1
23580,0.939,24.53,88.3,0.05142,0.003052,0.0188,11.0,1
23593,1.2585,18.59,66.9,0.05104,0.003301,0.02566,7.92,1
23606,1.1845,19.49,70.2,0.05117,0.003075,0.01727,9.53,1
23619,1.4435,16.29,58.6,0.05279,0.002879,0.02301,8.5,1
23632,1.031,22.24,80.1,0.05119,0.003017,0.02042,10.59,1
23645,1.043,22.16,79.8,0.05234,0.003099,0.02094,9.81,1
23658,0.9565,24.21,87.1,0.05314,0.002888,0.01728,10.29,1
23671,0.9735,23.66,85.2,0.05069,0.003119,0.0201,10.42,1
23684,1.014,22.51,81.0,0.0529,0.003285,0.01939,11.88,1
23697,1.4425,16.23,58.4,0.05342,0.003513,0.01569,8.51,1
23710,0.999,23.87,85.9,0.04994,0.003544,0.01654,10.95,1
23723,1.274,18.19,65.5,0.05327,0.003085,0.01452,9.24,1
23736,1.037,22.32,80.3,0.0529,0.002772,0.01843,10.72,1
23749,1.1075,20.61,74.2,0.05283,0.003154,0.02031,11.89,1
23762,1.013,22.79,82.0,0.05282,0.002985,0.02294,10.01,1
23775,1.006,22.82,82.1,0.05026,0.003005,0.02047,10.35,1
23788,1.087,21.35,76.9,0.05145,0.003245,0.01807,9.06,1
23801,1.1235,20.15,72.6,0.05103,0.00311,0.02671,11.9,1
23814,1.3085,18.28,65.8,0.05177,0.003398,0.02397,9.41,1
23827,0.957,24.04,86.6,0.05229,0.003249,0.01953,11.46,1
23840,1.205,19.04,68.5,0.05406,0.002751,0.01748,8.96,1
23853,1.2055,19.16,69.0,0.05218,0.003407,0.02245,10.4,1
23866,1.1185,20.47,73.7,0.05157,0.003052,0.01812,10.33,1
23879,1.1,20.88,75.2,0.05197,0.003445,0.02062,10.56,1
23892,0.967,24.15,86.9,0.05344,0.003452,0.01769,10.19,1
23905,1.095,21.08,75.9,0.05061,0.003359,0.02123,11.33,1
23918,1.1735,19.54,70.4,0.053,0.003503,0.0126,10.52,1
23931,0.9595,24.09,86.7,0.05328,0.003137,0.01967,11.43,1
23944,0.9725,23.5,84.6,0.05249,0.003293,0.01684,12.18,1
23957,1.0235,22.53,81.1,0.05151,0.00302,0.02278,9.83,1
23970,1.044,22.66,81.6,0.05099,0.003352,0.01844,11.14,1
23983,1.2095,19.27,69.4,0.05269,0.003284,0.02316,9.88,1
23996,1.038,22.19,79.9,0.05263,0.002827,0.01811,10.6,1
24009,1.1195,20.41,73.5,0.0527,0.002857,0.01826,10.77,1
24022,1.1865,19.65,70.7,0.04984,0.003287,0.01745,8.26,1
24035,1.1315,20.38,73.4,0.05402,0.003339,0.02465,9.74,1
24048,1.248,18.6,66.9,0.05433,0.003361,0.02297,9.35,1
24061,1.067,21.67,78.0,0.05322,0.003302,0.01896,10.96,1
24074,1.036,22.78,82.0,0.05347,0.003155,0.01854,12.51,1
24087,1.062,21.33,76.8,0.05185,0.003061,0.02222,11.9,1
24100,1.337,17.45,62.8,0.05127,0.003191,0.02186,9.06,1
24113,1.077,21.34,76.8,0.05045,0.00282,0.0206,9.76,1
24126,1.1515,19.94,71.8,0.05183,0.003102,0.01707,9.69,1
24139,1.175,19.54,70.3,0.05436,0.003214,0.02388,10.27,1
24152,1.245,18.68,67.3,0.05288,0.003287,0.0224,10.12,1
24165,1.1165,20.54,73.9,0.0535,0.003096,0.02032,10.08,1
24178,1.124,20.9,75.2,0.05338,0.003382,0.02651,7.82,1
24191,1.0465,22.0,79.2,0.05278,0.002688,0.01891,9.72,1
24204,1.0065,23.16,83.4,0.051,0.003551,0.01793,10.31,1
24217,1.231,18.72,67.4,0.05222,0.003143,0.01732,8.97,1
24230,1.1655,19.72,71.0,0.05285,0.003268,0.02195,9.75,1
24243,1.152,19.97,71.9,0.05176,0.002991,0.01919,9.95,1
24256,0.9755,23.7,85.3,0.05275,0.003445,0.02147,10.59,1
24269,1.3245,17.31,62.3,0.05103,0.003171,0.02127,10.06,1
24282,1.424,16.16,58.2,0.05397,0.002971,0.02137,9.38,1
24295,1.1395,20.21,72.7,0.05172,0.0033,0.02086,9.94,1
24308,1.086,21.05,75.8,0.05218,0.003131,0.02123,10.86,1
24321,1.1085,20.79,74.8,0.05167,0.003673,0.01603,10.31,1
24334,1.0445,21.96,79.1,0.05241,0.002978,0.0209,10.46,1
24347,1.0415,21.96,79.1,0.05058,0.003003,0.02203,10.69,1
24360,1.1675,20.25,72.9,0.05153,0.003425,0.02212,10.37,1
24373,1.089,21.04,75.8,0.05243,0.003369,0.02385,10.65,1
24386,1.0595,21.8,78.5,0.05359,0.003791,0.01996,10.67,1
24399,1.1415,20.11,72.4,0.04963,0.003451,0.01904,10.61,1
24412,1.073,21.54,77.5,0.05223,0.00291,0.02463,9.28,1
24425,1.1905,19.33,69.6,0.05412,0.003098,0.01679,9.44,1
24438,0.973,24.06,86.6,0.05094,0.003515,0.0215,11.33,1
24451,1.0255,22.39,80.6,0.05193,0.003379,0.02232,10.91,1
24464,1.0355,22.22,80.0,0.05151,0.003343,0.01639,10.44,1
24477,1.018,22.62,81.4,0.05079,0.003209,0.01705,10.13,1
24490,1.174,19.54,70.3,0.05246,0.003186,0.02343,9.85,1
24503,1.0835,21.39,77.0,0.05092,0.003054,0.01834,8.99,1
24516,0.9515,24.66,88.8,0.05215,0.003016,0.01801,11.64,1
24529,1.2735,17.99,64.8,0.05242,0.003085,0.01427,10.53,1
24542,1.1105,20.92,75.3,0.05232,0.00337,0.0173,9.72,1
24555,1.022,23.28,83.8,0.05306,0.004119,0.02266,12.35,1
24568,1.1795,19.78,71.2,0.05019,0.003298,0.02253,9.95,1
24581,1.0365,22.43,80.8,0.05175,0.003274,0.02346,10.54,1
24594,1.081,21.24,76.5,0.05175,0.003149,0.02033,10.79,1
24607,1.324,17.47,62.9,0.05309,0.003197,0.01957,9.31,1
24620,1.237,18.94,68.2,0.05112,0.00352,0.01794,8.33,1
24633,0.9815,23.81,85.7,0.05247,0.003312,0.01402,11.16,1
24646,1.1425,20.35,73.3,0.05281,0.003101,0.01829,9.04,1
24659,1.0345,22.38,80.6,0.05447,0.003039,0.02033,9.7,1
24672,1.1715,19.61,70.6,0.05239,0.00309,0.01939,10.23,1
24685,1.057,21.61,77.8,0.05274,0.003051,0.01965,10.88,1
24698,1.7135,13.65,49.1,0.05201,0.003334,0.0209,8.45,1
24711,1.053,22.17,79.8,0.05427,0.003327,0.01674,11.01,1
24724,1.4105,16.54,59.5,0.05396,0.003365,0.02081,7.94,1
24737,1.343,17.56,63.2,0.05134,0.003524,0.0202,9.51,1
24750,1.111,20.8,74.9,0.05019,0.003207,0.01698,9.25,1
24763,1.0325,22.38,80.6,0.05147,0.002792,0.01739,9.6,1
24776,1.0365,22.44,80.8,0.05251,0.003206,0.02122,10.39,1
24789,1.0925,21.43,77.1,0.05222,0.00352,0.01852,10.93,1
24802,1.0855,21.23,76.4,0.05324,0.003184,0.02015,9.91,1
24815,1.13,20.44,73.6,0.05085,0.002937,0.01911,8.84,1
24828,1.1095,21.25,76.5,0.05145,0.003539,0.01762,9.32,1
24841,1.036,22.56,81.2,0.05209,0.003281,0.01913,10.74,1
24854,1.117,20.74,74.6,0.0501,0.003399,0.0181,9.62,1
24867,1.0465,22.16,79.8,0.051,0.003135,0.01882,9.06,1
24880,1.013,22.48,80.9,0.05155,0.002666,0.02433,11.06,1
24893,1.292,17.85,64.3,0.05262,0.003079,0.02258,8.78,1
24906,1.226,19.26,69.3,0.05083,0.003389,0.01893,9.94,1
24919,1.1005,20.81,74.9,0.05206,0.00291,0.0257,11.41,1
24932,1.264,18.35,66.1,0.05139,0.003436,0.01623,8.83,1
24945,1.0735,21.85,78.7,0.05375,0.003276,0.02368,10.19,1
24958,1.2375,18.59,66.9,0.05186,0.003117,0.02567,9.33,1
24971,1.1165,20.56,74.0,0.05238,0.002826,0.02102,9.45,1
24984,1.3135,17.73,63.8,0.05263,0.003301,0.02003,8.53,1
24997,1.139,20.38,73.4,0.05256,0.002966,0.01731,8.24,1
25010,0.9885,23.48,84.5,0.05213,0.002867,0.02057,10.41,1
25023,1.2655,18.39,66.2,0.05072,0.003422,0.02029,9.23,1
25036,1.363,16.91,60.9,0.05196,0.003104,0.01353,8.97,1
25049,1.149,20.13,72.5,0.05144,0.00354,0.02139,9.41,1
25062,1.0135,22.75,81.9,0.05217,0.003392,0.02068,10.86,1
25075,1.177,19.64,70.7,0.05174,0.003212,0.0186,10.42,1
25088,0.9725,23.87,85.9,0.05131,0.003155,0.02501,10.19,1
25101,1.127,20.48,73.7,0.05084,0.003612,0.02498,10.09,1
25114,1.134,20.15,72.5,0.0533,0.003183,0.02527,11.05,1
25127,1.1115,20.78,74.8,0.05272,0.003294,0.02175,9.55,1
25140,1.1385,20.35,73.2,0.05344,0.003387,0.01721,9.15,1
25153,1.03,22.44,80.8,0.05272,0.003148,0.0237,9.88,1
25166,0.9635,23.89,86.0,0.05115,0.003304,0.01713,11.91,1
25179,1.005,23.14,83.3,0.05133,0.002706,0.01971,9.08,1
25192,1.0845,21.35,76.9,0.04989,0.003262,0.01706,10.32,1
25205,1.148,20.33,73.2,0.05308,0.003266,0.02722,9.1,1
25218,1.2375,18.53,66.7,0.0515,0.003064,0.01856,9.43,1
25231,1.2295,18.72,67.4,0.05294,0.002985,0.01473,9.03,1
25244,1.2065,19.05,68.6,0.05291,0.003138,0.01814,9.38,1
25257,1.133,20.35,73.2,0.05236,0.002828,0.01896,8.9,1
25270,1.3405,17.24,62.1,0.05169,0.003299,0.01711,9.09,1
25283,1.2225,18.97,68.3,0.05207,0.00344,0.02336,8.92,1
25296,1.132,20.46,73.6,0.05106,0.003485,0.01657,9.81,1
25309,1.344,17.32,62.4,0.05127,0.003097,0.01358,9.05,1
25322,1.01,22.69,81.7,0.05179,0.002692,0.0178,10.44,1
25335,1.137,20.65,74.3,0.05137,0.003578,0.01979,9.15,1
25348,1.0055,23.07,83.1,0.05123,0.003011,0.02196,9.33,1
25361,1.2085,19.53,70.3,0.05157,0.003271,0.01623,9.61,1
25374,0.99,23.54,84.7,0.05216,0.003081,0.01719,10.71,1
25387,1.1685,20.37,73.3,0.05263,0.003444,0.01798,11.15,1
25400,1.038,22.19,79.9,0.05207,0.002844,0.02576,10.52,1
25413,1.2205,18.89,68.0,0.052,0.003252,0.01657,9.36,1
25426,1.094,20.97,75.5,0.05126,0.003183,0.01909,11.13,1
25439,1.105,20.8,74.9,0.05155,0.002714,0.01346,9.42,1
25452,1.3145,18.03,64.9,0.05126,0.003329,0.02165,9.13,1
25465,1.1435,20.31,73.1,0.04999,0.00293,0.01504,10.24,1
25478,1.0375,22.4,80.6,0.05097,0.003062,0.01949,10.04,1
25491,1.2465,18.51,66.6,0.05075,0.003245,0.02446,8.94,1
25504,1.133,20.26,72.9,0.05247,0.003533,0.01864,10.95,1
25517,1.1235,20.6,74.2,0.05289,0.003309,0.01872,9.51,1
25530,1.18,19.86,71.5,0.05049,0.003455,0.01679,8.64,1
25543,0.96,24.2,87.1,0.0515,0.00329,0.02248,11.07,1
25556,0.949,24.49,88.2,0.05164,0.003078,0.02345,10.78,1
25569,0.892,25.78,92.8,0.05187,0.003211,0.02172,11.82,1
25582,0.9875,23.42,84.3,0.05184,0.003366,0.02066,10.89,1
25595,0.9795,23.5,84.6,0.05156,0.003141,0.02424,10.73,1
25608,1.0795,21.26,76.5,0.05039,0.002888,0.01743,9.64,1
25621,1.0815,21.51,77.4,0.05154,0.003045,0.02344,9.66,1
25634,1.164,19.66,70.8,0.05189,0.003068,0.02289,11.03,1
25647,1.2425,18.61,67.0,0.05129,0.003187,0.02153,8.52,1
25660,1.1635,19.93,71.7,0.04959,0.003136,0.01924,9.14,1
25673,1.1,20.93,75.3,0.05171,0.003362,0.02011,10.24,1
25686,1.026,22.63,81.5,0.05106,0.00304,0.02023,9.38,1
25699,1.1125,20.77,74.8,0.05109,0.002828,0.01784,9.54,1
25712,1.077,21.51,77.4,0.05315,0.003181,0.01993,10.39,1
25725,1.0665,21.57,77.6,0.05327,0.003106,0.01625,11.27,1
25738,1.239,19.1,68.8,0.05192,0.003302,0.01561,9.23,1
25751,1.162,19.77,71.2,0.05111,0.002986,0.02121,9.29,1
25764,1.0805,21.67,78.0,0.0512,0.003369,0.01894,8.98,1
25777,1.0785,21.49,77.4,0.05252,0.003337,0.01993,9.75,1
25790,1.111,20.76,74.7,0.05259,0.002963,0.01802,9.13,1
25803,1.017,22.31,80.3,0.05135,0.003011,0.02459,11.96,1
25816,1.134,20.35,73.2,0.05041,0.003534,0.02835,10.54,1
25829,1.0525,22.1,79.6,0.05231,0.003258,0.01802,9.09,1
25842,1.158,20.01,72.1,0.05118,0.003164,0.02052,8.53,1
25855,1.037,22.14,79.7,0.0517,0.003053,0.01919,10.47,1
25868,1.009,22.89,82.4,0.0536,0.002806,0.02136,10.69,1
25881,1.1485,20.31,73.1,0.05439,0.003098,0.02081,8.4,1
25894,1.1245,20.57,74.0,0.05181,0.003148,0.02626,9.18,1
25907,0.9755,23.69,85.3,0.05117,0.003152,0.02042,11.19,1
25920,1.164,19.93,71.8,0.05113,0.003468,0.01784,9.84,1
25933,1.2755,18.19,65.5,0.05184,0.003405,0.02088,9.12,1
25946,1.054,21.85,78.7,0.05246,0.003197,0.01901,10.28,1
25959,1.1085,20.85,75.1,0.05172,0.003201,0.01596,10.45,1
25972,1.121,20.82,74.9,0.05101,0.00334,0.02378,10.07,1
25985,1.1115,20.7,74.5,0.05205,0.00321,0.01466,9.71,1
25998,1.1025,20.78,74.8,0.05288,0.003149,0.01551,10.3,1
26011,1.244,18.53,66.7,0.05174,0.003241,0.01831,9.35,1
26024,1.0705,21.72,78.2,0.04997,0.003358,0.01873,9.09,1
26037,1.0845,21.19,76.3,0.05274,0.003055,0.01918,10.87,1
26050,1.192,19.49,70.1,0.05129,0.003281,0.01935,8.34,1
26063,1.084,21.07,75.8,0.05447,0.002822,0.02197,10.91,1
26076,1.0465,22.04,79.3,0.05308,0.00328,0.02028,10.91,1
26089,1.186,19.3,69.5,0.05451,0.00303,0.02079,9.99,1
26102,1.1775,19.65,70.7,0.05226,0.003136,0.01676,8.85,1
26115,1.144,20.31,73.1,0.05337,0.003614,0.01921,9.7,1
26128,1.1955,19.51,70.2,0.05337,0.003823,0.02015,10.93,1
26141,1.155,20.13,72.5,0.04977,0.003342,0.02269,9.06,1
26154,0.9965,23.29,83.8,0.04968,0.00313,0.02034,10.11,1
26167,1.1885,19.65,70.7,0.04912,0.003504,0.02056,8.59,1
26180,0.999,23.03,82.9,0.05174,0.003213,0.01419,10.51,1
26193,1.03,22.38,80.6,0.05114,0.0032,0.025,10.12,1
26206,1.1855,19.6,70.6,0.05128,0.003689,0.02458,11.9,1
26219,1.1735,19.98,71.9,0.05311,0.003388,0.02432,8.05,1
26232,0.9325,24.89,89.6,0.05073,0.003117,0.02067,10.16,1
26245,1.188,19.35,69.6,0.05134,0.003479,0.02419,10.32,1
26258,1.143,20.14,72.5,0.05283,0.003639,0.0183,10.75,1
26271,1.0505,22.11,79.6,0.05209,0.003684,0.0189,10.42,1
26284,1.0465,21.94,79.0,0.05088,0.003206,0.02263,10.53,1
26297,1.084,21.3,76.7,0.05019,0.002933,0.01823,9.13,1
26310,1.0985,21.16,76.2,0.05346,0.0034,0.01924,9.64,1
26323,1.1255,21.05,75.8,0.05324,0.003888,0.02637,11.44,1
26336,1.034,22.23,80.0,0.0535,0.003434,0.02238,11.11,1
26349,1.054,22.02,79.3,0.051,0.003361,0.02307,11.56,1
26362,1.122,20.69,74.5,0.05342,0.003168,0.01764,9.65,1
26375,1.2435,18.6,66.9,0.05249,0.00312,0.0154,8.6,1
26388,1.1775,19.69,70.9,0.05197,0.00325,0.02007,8.67,1
26401,1.2945,17.77,64.0,0.05099,0.003036,0.02444,8.81,1
26414,1.229,18.76,67.5,0.05349,0.00301,0.01684,8.65,1
26427,1.0525,22.06,79.4,0.05132,0.003384,0.021,11.79,1
26440,1.051,21.65,77.9,0.04983,0.003001,0.02087,11.45,1
26453,1.072,21.7,78.1,0.05371,0.003156,0.02218,10.7,1
26466,1.179,19.73,71.0,0.05235,0.003493,0.01857,9.2,1
26479,1.0345,22.98,82.7,0.05273,0.003135,0.01738,11.84,1
26492,1.0175,22.46,80.8,0.05099,0.002444,0.01865,10.28,1
26505,1.172,19.75,71.1,0.05131,0.002785,0.02154,8.05,1
26518,1.229,18.62,67.0,0.05336,0.003077,0.01931,9.81,1
26531,1.249,18.29,65.9,0.05183,0.002974,0.02505,9.69,1
26544,0.918,25.07,90.3,0.05188,0.003149,0.02216,12.21,1
26557,1.091,21.2,76.3,0.05253,0.003139,0.01955,10.25,1
26570,1.3835,16.93,60.9,0.05228,0.003118,0.02547,8.28,1
26583,0.999,23.07,83.1,0.05224,0.00265,0.02037,10.52,1
26596,1.0775,21.35,76.9,0.05185,0.00318,0.02123,9.9,1
26609,1.229,19.06,68.6,0.05307,0.003671,0.01752,8.42,1
26622,0.9905,23.45,84.4,0.05406,0.00311,0.02117,10.46,1
26635,0.998,23.3,83.9,0.05107,0.003204,0.01967,9.62,1
26648,1.0675,21.66,78.0,0.05261,0.003013,0.0164,9.31,1
26661,1.156,20.06,72.2,0.05262,0.003201,0.0234,8.76,1
26674,0.9645,24.06,86.6,0.05305,0.002509,0.01497,10.21,1
26687,1.049,22.0,79.2,0.05222,0.003073,0.0199,10.43,1
26700,1.2135,18.83,67.8,0.05427,0.003067,0.02074,10.06,1
26713,1.179,19.81,71.3,0.05213,0.003353,0.01713,9.71,1
26726,0.997,23.21,83.5,0.05116,0.002943,0.02121,10.35,1
26739,0.9725,23.75,85.5,0.05056,0.003044,0.01815,12.21,1
26752,1.0865,21.53,77.5,0.05305,0.002997,0.01869,10.15,1
26765,1.087,21.33,76.8,0.05155,0.003116,0.01876,9.93,1
26778,1.029,22.5,81.0,0.05426,0.002948,0.02236,9.98,1
26791,1.246,18.41,66.3,0.05309,0.003543,0.02626,10.77,1
26804,1.02,22.42,80.7,0.05151,0.002914,0.02275,11.63,1
26817,1.122,20.58,74.1,0.05302,0.003353,0.0255,9.97,1
26830,0.8805,26.4,95.0,0.05164,0.00326,0.01357,11.96,1
26843,1.1725,20.31,73.1,0.05112,0.003235,0.02056,10.49,1
26856,1.1785,19.54,70.3,0.05155,0.003206,0.02458,9.63,1
26869,1.1875,19.82,71.4,0.05294,0.003301,0.0249,9.77,1
26882,1.098,20.83,75.0,0.05086,0.003026,0.02172,10.32,1
26895,1.1605,20.23,72.8,0.05285,0.003958,0.02009,9.47,1
26908,1.119,20.51,73.8,0.05238,0.003189,0.01661,10.02,1
26921,1.0395,22.41,80.7,0.05208,0.003328,0.02,9.23,1
26934,0.9665,24.15,86.9,0.05229,0.003253,0.02067,11.7,1
26947,0.933,24.59,88.5,0.05102,0.002644,0.01901,11.09,1
26960,1.0745,21.3,76.7,0.05177,0.003125,0.01951,10.52,1
26973,0.9205,25.08,90.3,0.05294,0.003514,0.01592,11.57,1
26986,1.0135,22.63,81.5,0.05115,0.003095,0.02024,10.85,1
26999,1.0845,21.91,78.9,0.05151,0.003395,0.01838,10.54,1
27012,1.1195,20.69,74.5,0.05305,0.003152,0.02129,10.52,1
27025,1.204,19.07,68.7,0.05263,0.002904,0.01377,8.98,1
27038,1.161,19.91,71.7,0.05324,0.003295,0.01876,9.12,1
27051,1.2525,18.36,66.1,0.05152,0.003149,0.02043,9.4,1
27064,1.1005,21.02,75.7,0.05176,0.003199,0.02159,9.35,1
27077,1.1275,20.7,74.5,0.05277,0.00323,0.01625,9.97,1
27090,1.184,19.79,71.2,0.05126,0.003739,0.02195,9.95,1
27103,1.0615,21.86,78.7,0.05184,0.003193,0.01844,9.98,1
27116,1.002,22.8,82.1,0.05086,0.003076,0.01841,11.11,1
27129,0.9425,24.6,88.6,0.05148,0.003002,0.01778,12.07,1
27142,1.003,22.96,82.7,0.05267,0.003174,0.02226,11.47,1
27155,1.174,19.61,70.6,0.05254,0.003242,0.02563,10.11,1
27168,1.104,20.56,74.0,0.05242,0.002738,0.01401,10.79,1
27181,1.043,22.3,80.3,0.05204,0.003366,0.01852,9.69,1
27194,1.221,18.83,67.8,0.05191,0.002939,0.01971,8.78,1
27207,1.1965,19.07,68.6,0.05146,0.00325,0.01835,10.68,1
27220,1.1585,20.22,72.8,0.05153,0.003296,0.01927,7.69,1
27233,0.993,23.42,84.3,0.05157,0.003054,0.01872,10.58,1
27246,1.0595,21.87,78.7,0.05117,0.002934,0.02065,9.75,1
27259,1.262,18.08,65.1,0.05085,0.002824,0.02468,9.47,1
27272,0.9415,24.52,88.3,0.05236,0.003011,0.01492,11.79,1
27285,1.2875,17.98,64.7,0.05155,0.003513,0.01656,9.1,1
27298,1.1095,21.46,77.3,0.0528,0.003384,0.02007,10.2,1
27311,1.182,19.53,70.3,0.05311,0.003248,0.02173,9.24,1
27324,1.099,20.84,75.0,0.05107,0.003051,0.02504,10.12,1
27337,1.42,16.59,59.7,0.0517,0.003862,0.02041,8.13,1
27350,0.9785,23.71,85.4,0.05135,0.003229,0.01476,10.67,1
27363,1.0155,22.84,82.2,0.05201,0.002733,0.01975,9.39,1
27376,0.9585,24.37,87.7,0.05154,0.00296,0.02768,10.03,1
27389,1.141,20.29,73.1,0.05096,0.003452,0.02159,9.98,1
27402,1.009,23.04,82.9,0.05256,0.003162,0.02246,11.02,1
27415,0.9315,24.97,89.9,0.05122,0.002801,0.02131,9.88,1
27428,1.08,21.03,75.7,0.05077,0.002916,0.01516,11.19,1
27441,1.19,19.22,69.2,0.05225,0.003073,0.01565,9.88,1
27454,1.12,20.59,74.1,0.05149,0.003227,0.01887,9.79,1
27467,1.1155,20.73,74.6,0.05225,0.003204,0.01903,9.28,1
27480,1.131,20.89,75.2,0.05253,0.003621,0.01118,9.74,1
27493,1.1205,20.79,74.8,0.05196,0.003102,0.02161,9.1,1
27506,1.149,20.54,73.9,0.05144,0.003256,0.02505,8.33,1
27519,0.888,26.03,93.7,0.05225,0.003138,0.02808,12.1,1
27532,1.2015,19.27,69.4,0.05315,0.00293,0.02198,8.41,1
27545,1.228,18.52,66.7,0.05274,0.003046,0.01865,10.86,1
27558,1.1245,20.83,75.0,0.04991,0.003241,0.01647,8.82,1
27571,0.9885,23.47,84.5,0.05065,0.003144,0.02322,9.84,1
27584,1.1755,19.54,70.3,0.05157,0.003027,0.01748,10.24,1
27597,0.9285,24.68,88.9,0.05042,0.002576,0.01565,11.23,1
27610,1.0895,21.17,76.2,0.05311,0.003311,0.01558,10.58,1
27623,1.114,20.6,74.1,0.05211,0.003135,0.01729,9.91,1
27636,1.2565,18.26,65.7,0.05249,0.003072,0.01986,9.33,1
27649,1.3115,17.71,63.8,0.05301,0.00321,0.01817,8.62,1
27662,1.212,18.91,68.1,0.05443,0.003201,0.01996,10.02,1
27675,1.114,20.69,74.5,0.05339,0.003305,0.02117,11.11,1
27688,0.9945,23.38,84.2,0.05284,0.003062,0.02219,9.99,1
27701,0.997,23.23,83.6,0.05284,0.003442,0.02078,10.65,1
27714,1.1875,19.4,69.8,0.05283,0.003078,0.01615,9.19,1
27727,1.13,20.6,74.1,0.05166,0.00302,0.02011,8.26,1
27740,1.346,17.41,62.7,0.05121,0.00324,0.02012,7.35,1
27753,0.942,24.34,87.6,0.05138,0.002763,0.01908,11.15,1
27766,1.0935,20.92,75.3,0.05248,0.003108,0.01709,10.4,1
27779,1.262,18.39,66.2,0.05385,0.003429,0.02196,8.77,1
27792,0.948,24.58,88.5,0.05186,0.003046,0.0208,10.51,1
27805,1.0225,22.79,82.0,0.05218,0.003653,0.01697,11.53,1
27818,1.159,19.84,71.4,0.05265,0.003161,0.02211,9.58,1
27831,1.086,21.28,76.6,0.05101,0.003131,0.01744,9.81,1
27844,1.177,19.49,70.2,0.05357,0.003326,0.02586,10.68,1
27857,1.308,17.84,64.2,0.05188,0.003879,0.0186,8.99,1
27870,1.2005,19.18,69.1,0.05226,0.003113,0.02084,9.67,1
27883,1.218,19.15,68.9,0.05151,0.00374,0.0201,9.1,1
27896,1.1315,20.86,75.1,0.05358,0.003535,0.02139,9.08,1
27909,1.0435,21.81,78.5,0.05197,0.002658,0.0208,10.85,1
27922,1.191,19.7,70.9,0.04997,0.003526,0.02589,7.63,1
27935,0.992,23.41,84.3,0.05103,0.002813,0.02347,9.32,1
27948,1.0215,23.51,84.6,0.05232,0.003297,0.01795,11.87,1
27961,0.9365,24.53,88.3,0.05223,0.002803,0.01903,11.41,1
27974,1.247,18.63,67.1,0.0522,0.003419,0.02078,8.9,1
27987,1.0345,22.53,81.1,0.0519,0.003186,0.0225,10.58,1
28000,1.2825,18.17,65.4,0.05093,0.00317,0.0224,9.03,1
28013,0.99,23.55,84.8,0.05312,0.003471,0.0182,12.07,1
28026,1.5705,14.68,52.9,0.05249,0.003082,0.01905,8.86,1
28039,1.1675,19.7,70.9,0.05098,0.003304,0.01444,10.99,1
28052,1.0455,22.11,79.6,0.05124,0.003361,0.01828,9.95,1
28065,1.0515,22.18,79.9,0.05365,0.00343,0.01735,10.86,1
28078,1.0085,23.39,84.2,0.05152,0.003436,0.02208,11.41,1
28091,1.17,19.52,70.3,0.05184,0.003182,0.0203,10.41,1
28104,1.084,21.83,78.6,0.05201,0.003065,0.01664,10.06,1
28117,1.091,21.23,76.4,0.05149,0.0035,0.02285,10.89,1
28130,1.213,18.81,67.7,0.05175,0.003166,0.01924,10.66,1
28143,1.152,20.08,72.3,0.05258,0.003211,0.02104,9.71,1
28156,1.1285,20.9,75.2,0.05128,0.003388,0.02148,10.55,1
28169,1.1045,21.59,77.7,0.05147,0.003513,0.01759,9.08,1
28182,0.9455,24.37,87.7,0.05254,0.002426,0.02197,10.83,1
28195,1.296,17.83,64.2,0.05269,0.003549,0.02324,9.51,1
28208,1.186,19.56,70.4,0.05014,0.003019,0.02101,8.56,1
28221,1.054,21.8,78.5,0.05095,0.003134,0.01897,10.04,1
28234,1.297,17.77,64.0,0.05119,0.003352,0.01331,9.68,1
28247,0.979,23.68,85.2,0.05193,0.003145,0.02426,10.76,1
28260,0.9465,24.43,87.9,0.05267,0.003202,0.01959,13.21,1
28273,0.995,23.0,82.8,0.05191,0.00324,0.02164,11.29,1
28286,1.13,20.39,73.4,0.0515,0.00305,0.01753,9.13,1
28299,1.0575,21.85,78.7,0.05071,0.003246,0.02752,11.3,1
28312,1.191,19.3,69.5,0.05273,0.00315,0.02315,9.84,1
28325,1.067,21.7,78.1,0.05259,0.002963,0.02426,9.71,1
28338,1.0625,21.61,77.8,0.05263,0.003087,0.01954,11.25,1
28351,1.137,20.49,73.8,0.05203,0.003449,0.02091,10.32,1
28364,1.118,20.62,74.2,0.05297,0.003077,0.02229,9.38,1
28377,1.1785,19.46,70.0,0.05357,0.003314,0.01927,10.19,1
28390,1.103,20.95,75.4,0.0511,0.003054,0.01601,9.88,1
28403,1.1835,19.25,69.3,0.05275,0.00303,0.02238,10.61,1
28416,1.1145,20.83,75.0,0.05031,0.003306,0.01634,9.4,1
28429,1.075,21.44,77.2,0.05253,0.003017,0.02369,9.61,1
28442,0.9475,24.36,87.7,0.05334,0.003057,0.02083,11.1,1
28455,1.2405,18.7,67.3,0.05171,0.003195,0.01936,8.26,1
28468,0.977,23.91,86.1,0.04981,0.003195,0.01562,9.14,1
28481,1.099,21.17,76.2,0.0507,0.00373,0.01846,9.18,1
28494,0.917,25.41,91.5,0.05148,0.003306,0.0186,11.75,1
28507,1.144,20.22,72.8,0.05273,0.00284,0.02472,9.34,1
28520,1.008,22.96,82.7,0.05062,0.00278,0.02195,9.41,1
28533,1.0425,22.11,79.6,0.05248,0.003055,0.0187,10.11,1
28546,1.35,17.53,63.1,0.05216,0.003545,0.01932,9.05,1
28559,1.005,22.79,82.0,0.0509,0.003043,0.02248,11.81,1
28572,1.184,19.58,70.5,0.05237,0.003795,0.02035,10.13,1
28585,1.0245,22.53,81.1,0.05008,0.003495,0.02145,10.91,1
28598,1.135,20.4,73.4,0.05351,0.003435,0.02011,9.27,1
28611,1.045,22.2,79.9,0.05041,0.003025,0.02064,9.12,1
28624,1.2,19.35,69.7,0.05065,0.002834,0.02024,8.25,1
28637,1.1085,20.66,74.4,0.05084,0.00329,0.01911,10.36,1
28650,1.3595,17.0,61.2,0.05208,0.003401,0.02314,9.42,1
28663,1.238,18.63,67.1,0.05192,0.003369,0.01669,9.28,1
28676,1.312,17.67,63.6,0.05159,0.003127,0.01968,9.17,1
28689,1.1225,20.46,73.7,0.05449,0.00359,0.02166,10.78,1
28702,0.983,23.5,84.6,0.05289,0.002873,0.01932,10.4,1
28715,0.888,26.14,94.1,0.05065,0.002891,0.01669,10.92,1
28728,1.114,20.9,75.2,0.05111,0.00308,0.01571,10.22,1
28741,1.0085,22.97,82.7,0.05257,0.003025,0.02158,10.14,1
28754,1.0685,21.64,77.9,0.05266,0.003615,0.01751,10.14,1
28767,1.2715,18.21,65.5,0.05294,0.003207,0.01815,8.39,1
28780,1.452,16.19,58.3,0.05162,0.003515,0.01828,7.3,1
28793,1.032,22.27,80.2,0.05182,0.003274,0.01893,10.52,1
28806,1.1355,20.51,73.8,0.05204,0.003127,0.01839,8.32,1
28819,1.0485,21.85,78.7,0.0524,0.00297,0.01564,10.5,1
28832,1.013,22.94,82.6,0.05217,0.003721,0.0194,9.83,1
28845,1.0445,22.1,79.6,0.05408,0.003089,0.01909,10.27,1
28858,1.128,20.76,74.7,0.0528,0.003041,0.02113,10.52,1
28871,1.2435,19.02,68.5,0.05202,0.003522,0.02258,9.57,1
28884,1.2085,19.38,69.8,0.05153,0.003667,0.02083,8.61,1
28897,0.9885,23.65,85.2,0.0512,0.003459,0.02179,10.24,1
28910,1.2835,18.03,64.9,0.05371,0.003323,0.01838,8.83,1
28923,1.2245,18.85,67.8,0.05216,0.00324,0.01484,9.06,1
28936,1.224,18.96,68.3,0.05224,0.003033,0.01827,8.27,1
28949,1.1465,19.99,72.0,0.05178,0.003166,0.01861,10.15,1
28962,1.0645,21.86,78.7,0.04928,0.002824,0.02128,8.08,1
28975,1.03,22.53,81.1,0.05025,0.003263,0.0231,10.61,1
28988,1.0375,22.41,80.7,0.05272,0.003459,0.02302,9.55,1
29001,1.47,16.34,58.8,0.05298,0.003103,0.01853,8.41,1
29014,1.0355,22.28,80.2,0.0527,0.002865,0.01945,9.8,1
29027,0.979,23.46,84.5,0.05306,0.003205,0.02469,11.15,1
29040,1.073,21.51,77.4,0.05179,0.002851,0.0209,9.87,1
29053,1.0645,21.64,77.9,0.05088,0.003315,0.01789,9.86,1
29066,0.9035,25.7,92.5,0.05123,0.003393,0.01107,12.01,1
29079,1.01,22.79,82.1,0.05351,0.003267,0.01499,10.6,1
29092,1.258,18.24,65.7,0.05071,0.003023,0.02282,10.04,1
29105,0.9635,24.21,87.1,0.05217,0.003402,0.01927,11.28,1
29118,1.213,19.17,69.0,0.05291,0.003198,0.01817,8.9,1
29131,1.084,21.47,77.3,0.05324,0.003338,0.01804,9.83,1
29144,1.1245,20.28,73.0,0.05166,0.003105,0.01828,10.62,1
29157,1.0955,21.15,76.1,0.05082,0.003101,0.02367,9.85,1
29170,1.281,18.01,64.8,0.05241,0.00317,0.01751,8.8,1
29183,0.9205,25.0,90.0,0.05113,0.003194,0.01791,11.92,1
29196,1.527,15.2,54.7,0.05041,0.003055,0.02282,7.73,1
29209,0.998,23.3,83.9,0.05237,0.003707,0.02158,11.58,1
29222,1.084,21.16,76.2,0.05153,0.003002,0.02051,11.37,1
29235,1.2675,18.27,65.8,0.05159,0.003019,0.02081,9.35,1
29248,1.119,20.33,73.2,0.05249,0.003073,0.02169,11.1,1
29261,1.079,21.21,76.4,0.05196,0.003134,0.02207,10.5,1
29274,1.093,21.11,76.0,0.05219,0.003533,0.01512,10.37,1
29287,0.9415,24.5,88.2,0.05259,0.003073,0.02487,11.17,1
29300,1.148,20.04,72.2,0.05446,0.003019,0.01999,9.41,1
29313,1.055,22.04,79.3,0.05399,0.003237,0.02642,10.49,1
29326,1.12,20.56,74.0,0.05373,0.003279,0.01774,10.04,1
29339,0.989,23.39,84.2,0.05263,0.002813,0.01795,10.32,1
29352,0.9335,24.74,89.0,0.05239,0.002964,0.02663,11.24,1
29365,1.2115,19.31,69.5,0.05202,0.003566,0.01326,8.7,1
29378,0.8995,25.66,92.4,0.0532,0.002699,0.01902,11.5,1
29391,1.0255,22.72,81.8,0.05268,0.003174,0.01898,10.2,1
29404,1.1465,20.35,73.3,0.05223,0.003396,0.01565,10.2,1
29417,1.1015,21.06,75.8,0.05239,0.003201,0.02559,9.46,1
29430,1.05,22.1,79.5,0.05115,0.002911,0.01589,9.63,1
29443,1.1845,19.4,69.8,0.0493,0.003235,0.01823,9.74,1
29456,1.216,19.1,68.7,0.05239,0.00336,0.0166,8.87,1
29469,1.1575,19.92,71.7,0.05278,0.003295,0.01805,9.43,1
29482,1.1645,19.88,71.6,0.05204,0.003199,0.02478,8.73,1
29495,1.215,18.85,67.9,0.05146,0.003188,0.01716,9.98,1
29508,1.0735,21.48,77.3,0.05026,0.003395,0.02338,9.75,1
29521,1.0195,22.44,80.8,0.05306,0.002772,0.02018,10.78,1
29534,0.944,24.6,88.6,0.05281,0.00284,0.02146,10.15,1
29547,1.241,18.31,65.9,0.0531,0.003111,0.01974,11.23,1
29560,1.107,20.84,75.0,0.05152,0.003047,0.01923,9.22,1
29573,0.986,23.64,85.1,0.05287,0.002967,0.02129,9.39,1
29586,1.2265,18.69,67.3,0.05257,0.002936,0.0195,9.19,1
29599,1.125,20.14,72.5,0.05205,0.00278,0.0182,10.97,1
29612,1.129,20.28,73.0,0.05178,0.00262,0.01794,10.03,1
29625,1.2785,17.97,64.7,0.05093,0.003404,0.02366,10.38,1
29638,1.079,22.09,79.5,0.05164,0.003628,0.01933,11.0,1
29651,1.0395,22.17,79.8,0.05142,0.003082,0.02479,10.1,1
29664,1.1735,19.8,71.3,0.05157,0.003267,0.01956,9.88,1
29677,1.1305,20.49,73.8,0.05306,0.003495,0.0214,9.44,1
29690,1.0785,21.34,76.8,0.0524,0.003705,0.01892,10.79,1
29703,1.0625,21.62,77.8,0.05276,0.002993,0.0171,10.04,1
29716,1.0035,22.99,82.8,0.05239,0.002969,0.0193,10.82,1
29729,1.1025,20.96,75.5,0.05154,0.003499,0.0174,10.99,1
29742,1.02,22.74,81.9,0.05066,0.003045,0.02173,10.55,1
29755,1.3185,17.57,63.3,0.05191,0.003374,0.01751,9.12,1
29768,0.9865,23.62,85.0,0.05163,0.003304,0.0159,11.2,1
29781,1.109,20.65,74.3,0.05312,0.002845,0.02361,9.9,1
29794,0.9615,24.16,87.0,0.05202,0.003005,0.01766,10.32,1
29807,1.154,20.0,72.0,0.05173,0.003251,0.02237,9.16,1
29820,1.038,22.37,80.5,0.05324,0.003203,0.01788,10.18,1
29833,0.907,25.49,91.8,0.05244,0.002873,0.02158,12.37,1
29846,0.9735,23.6,84.9,0.05214,0.002864,0.02216,11.14,1
29859,0.995,23.28,83.8,0.05218,0.003082,0.02294,10.4,1
29872,1.1845,19.56,70.4,0.05298,0.003802,0.01429,11.55,1
29885,1.05,22.07,79.5,0.05209,0.003297,0.017,10.69,1
29898,1.051,21.94,79.0,0.05272,0.003176,0.02306,10.07,1
29911,0.898,25.74,92.7,0.0528,0.002695,0.02626,11.93,1
29924,1.1965,19.27,69.4,0.05133,0.003218,0.02177,9.56,1
29937,1.07,21.7,78.1,0.05183,0.003149,0.02266,10.46,1
29950,1.333,17.33,62.4,0.05165,0.003198,0.01711,8.62,1
29963,1.096,20.99,75.6,0.05158,0.002869,0.02073,9.36,1
29976,1.0745,21.33,76.8,0.05387,0.003036,0.02377,10.67,1
29989,1.026,22.44,80.8,0.05175,0.002992,0.01327,10.05,1
30002,1.173,19.59,70.5,0.05456,0.003307,0.0179,9.92,1
30015,0.9625,23.97,86.3,0.05154,0.003318,0.02003,11.67,1
30028,1.114,21.09,75.9,0.05161,0.003636,0.021,10.07,1
30041,1.1725,19.61,70.6,0.05117,0.002921,0.02618,10.76,1
30054,1.058,21.94,79.0,0.05393,0.002702,0.0177,8.77,1
30067,1.204,19.13,68.9,0.05264,0.002935,0.02014,9.81,1
30080,1.441,16.1,58.0,0.05265,0.002949,0.02064,7.47,1
30093,1.128,20.78,74.8,0.05244,0.003318,0.02346,8.43,1
30106,1.1785,19.93,71.8,0.05112,0.003176,0.02167,9.49,1
30119,1.277,18.04,64.9,0.05152,0.003147,0.0207,9.21,1
30132,1.28,18.1,65.1,0.05147,0.00298,0.01887,7.79,1
30145,1.028,23.08,83.1,0.05308,0.00369,0.02133,11.0,1
30158,0.956,24.29,87.4,0.05226,0.003432,0.02714,10.71,1
30171,0.8615,26.8,96.5,0.04941,0.002725,0.01932,11.34,1
30184,1.081,21.28,76.6,0.05056,0.002853,0.01781,10.02,1
30197,0.9775,23.57,84.9,0.05264,0.002759,0.02133,10.83,1
30210,1.081,21.25,76.5,0.05176,0.003198,0.02351,10.25,1
30223,1.116,20.46,73.7,0.05051,0.003231,0.01805,10.63,1
30236,1.1715,19.58,70.5,0.05103,0.003356,0.02079,11.52,1
30249,1.081,21.48,77.3,0.05152,0.003477,0.02185,9.11,1
30262,1.1065,20.98,75.5,0.05283,0.00296,0.02116,8.49,1
30275,1.0035,23.0,82.8,0.0513,0.003296,0.01506,10.31,1
30288,1.2155,18.92,68.1,0.05285,0.003137,0.01981,9.23,1
30301,1.2395,18.54,66.8,0.05225,0.003142,0.0248,9.45,1
30314,1.236,18.78,67.6,0.05198,0.003426,0.01997,10.35,1
30327,1.0435,21.98,79.1,0.05289,0.002893,0.01861,10.35,1
30340,1.209,19.25,69.3,0.05372,0.003416,0.02146,9.06,1
30353,0.949,24.69,88.9,0.05254,0.00324,0.01934,11.11,1
30366,1.0785,21.23,76.4,0.05121,0.002855,0.01979,11.12,1
30379,1.1155,20.63,74.3,0.05257,0.003239,0.02293,10.11,1
30392,1.18,19.82,71.3,0.05199,0.00323,0.01676,8.29,1
30405,1.029,22.43,80.7,0.0519,0.003282,0.01919,9.95,1
30418,1.0885,20.87,75.1,0.05111,0.003235,0.02318,12.12,1
30431,1.1355,20.29,73.0,0.05177,0.003093,0.02157,9.33,1
30444,1.0215,22.59,81.3,0.04999,0.002872,0.01651,9.56,1
30457,1.0795,21.18,76.3,0.05232,0.003238,0.02246,10.87,1
30470,1.153,19.99,72.0,0.05094,0.002732,0.01757,9.11,1
30483,1.121,20.63,74.3,0.05193,0.003533,0.01764,9.55,1
30496,1.055,21.78,78.4,0.05188,0.003511,0.01843,10.78,1
30509,1.1955,19.44,70.0,0.05331,0.003365,0.01836,8.66,1
30522,1.136,20.61,74.2,0.05309,0.00348,0.01739,10.67,1
30535,1.0915,20.91,75.3,0.05326,0.003073,0.02169,10.86,1
30548,0.9495,24.31,87.5,0.0521,0.002898,0.01931,10.81,1
30561,0.9985,22.75,81.9,0.04937,0.00286,0.01731,11.7,1
30574,1.0565,21.93,78.9,0.05154,0.003463,0.02417,11.1,1
30587,1.0695,21.47,77.3,0.0498,0.003126,0.01917,9.99,1
30600,1.0835,21.87,78.7,0.05211,0.003507,0.01991,11.56,1
30613,1.015,22.82,82.1,0.05301,0.002957,0.01717,9.59,1
30626,1.189,19.65,70.7,0.05238,0.003627,0.02086,8.84,1
30639,1.125,20.65,74.3,0.05212,0.003023,0.02518,9.91,1
30652,1.326,17.48,62.9,0.05206,0.003219,0.01585,8.56,1
30665,1.2115,18.71,67.3,0.05306,0.003145,0.01958,11.83,1
30678,0.9855,23.37,84.1,0.05172,0.002928,0.02114,10.31,1
30691,1.203,19.39,69.8,0.0534,0.003246,0.01895,7.87,1
30704,1.0585,21.95,79.0,0.05194,0.003308,0.0152,11.33,1
30717,1.238,18.67,67.2,0.05026,0.003554,0.01904,9.81,1
30730,1.01,22.62,81.4,0.05168,0.00253,0.0192,10.59,1
30743,1.1685,19.46,70.1,0.05252,0.003023,0.02297,10.82,1
30756,1.586,14.99,54.0,0.05309,0.003531,0.02305,7.12,1
30769,1.133,20.33,73.2,0.0515,0.002893,0.01514,9.52,1
30782,1.385,16.77,60.4,0.0512,0.00341,0.02034,8.82,1
30795,1.0265,22.46,80.9,0.05167,0.003291,0.01857,11.29,1
30808,1.0275,22.32,80.3,0.05034,0.003126,0.01796,10.48,1
30821,1.2605,18.29,65.9,0.05215,0.003301,0.01851,9.11,1
30834,1.2175,18.83,67.8,0.05146,0.003119,0.02103,9.58,1
30847,1.3565,17.4,62.6,0.05245,0.003159,0.02508,7.84,1
30860,1.238,18.86,67.9,0.05304,0.003624,0.01548,8.86,1
30873,1.026,22.97,82.7,0.05004,0.003184,0.02204,11.08,1
30886,0.9855,23.45,84.4,0.05103,0.003347,0.01818,10.29,1
30899,1.281,18.05,65.0,0.05266,0.003267,0.02309,8.88,1
30912,0.9715,23.76,85.5,0.05136,0.003061,0.02108,10.63,1
30925,1.158,20.14,72.5,0.05387,0.003291,0.017,8.17,1
30938,0.9405,24.86,89.5,0.05411,0.003282,0.01366,9.91,1
30951,1.247,18.4,66.2,0.05235,0.002928,0.01937,9.71,1
30964,1.125,20.37,73.3,0.05248,0.003072,0.02063,10.0,1
30977,1.0675,21.57,77.6,0.05149,0.002866,0.01754,9.86,1
30990,1.113,20.91,75.3,0.05122,0.003514,0.01812,9.22,1
31003,1.0755,21.43,77.2,0.05126,0.003324,0.02298,9.85,1
31016,1.268,18.11,65.2,0.05102,0.003006,0.0168,9.04,1
31029,0.919,25.44,91.6,0.05171,0.003086,0.0198,10.12,1
31042,1.313,17.67,63.6,0.05325,0.003027,0.0207,7.61,1
31055,1.113,20.77,74.8,0.05332,0.003302,0.01562,9.45,1
31068,1.0135,23.22,83.6,0.05018,0.002657,0.01646,8.31,1
31081,1.1535,19.96,71.9,0.05049,0.003123,0.01772,9.31,1
31094,1.2435,18.72,67.4,0.05171,0.003643,0.0268,8.77,1
31107,0.986,23.48,84.5,0.05133,0.002997,0.01884,9.92,1
31120,1.074,21.82,78.5,0.05157,0.003527,0.02207,9.19,1
31133,1.146,20.5,73.8,0.05267,0.003682,0.0182,10.44,1
31146,1.2185,18.89,68.0,0.05325,0.002856,0.02088,8.71,1
31159,1.127,20.48,73.7,0.05154,0.003375,0.01684,11.59,1
31172,1.219,18.89,68.0,0.05122,0.003137,0.02043,9.06,1
31185,1.054,21.92,78.9,0.05286,0.003347,0.0182,10.61,1
31198,1.052,21.84,78.6,0.05208,0.002778,0.02571,10.98,1
31211,1.0705,21.37,76.9,0.05375,0.00276,0.01829,10.5,1
31224,1.2665,18.2,65.5,0.0501,0.003175,0.01681,10.33,1
31237,1.0175,22.89,82.4,0.05276,0.003346,0.01977,10.39,1
31250,1.0135,22.65,81.5,0.05026,0.003267,0.02146,10.63,1
31263,1.1435,20.38,73.4,0.05104,0.003313,0.0257,8.84,1
31276,1.2755,18.11,65.2,0.05159,0.003058,0.01804,9.18,1
31289,1.078,21.52,77.5,0.05152,0.003058,0.01734,10.8,1
31302,1.1465,20.04,72.1,0.05044,0.003136,0.01961,9.59,1
31315,1.333,17.8,64.1,0.05286,0.003379,0.01545,9.73,1
31328,1.2465,18.51,66.6,0.05241,0.003203,0.01997,8.85,1
31341,1.0755,21.34,76.8,0.05134,0.003304,0.02121,10.79,1
31354,0.955,24.15,87.0,0.0522,0.003095,0.02364,10.82,1
31367,1.002,23.07,83.1,0.05057,0.002889,0.01725,10.07,1
31380,1.2995,17.87,64.3,0.05167,0.003412,0.01632,8.4,1
31393,1.186,20.16,72.6,0.05389,0.0035,0.01805,11.34,1
31406,1.016,22.92,82.5,0.05265,0.003099,0.01679,9.66,1
31419,1.135,20.82,74.9,0.05201,0.00348,0.01985,9.9,1
31432,1.069,21.79,78.5,0.05138,0.003208,0.02133,8.91,1
31445,1.1335,20.98,75.5,0.05236,0.003741,0.02313,10.58,1
31458,1.127,20.78,74.8,0.05265,0.003393,0.02384,9.98,1
31471,1.0185,22.89,82.4,0.05174,0.003346,0.01847,9.04,1
31484,1.15,20.15,72.5,0.05167,0.003116,0.02078,8.52,1
31497,1.0725,21.44,77.2,0.05134,0.002807,0.01973,9.57,1
31510,1.1155,20.72,74.6,0.05093,0.003182,0.02134,9.39,1
31523,1.2415,19.1,68.8,0.05146,0.00322,0.02016,12.03,1
31536,1.1735,19.5,70.2,0.05212,0.003093,0.01925,10.06,1
31549,1.1515,19.92,71.7,0.05324,0.003214,0.02306,10.11,1
31562,0.9715,23.91,86.1,0.05175,0.003418,0.02029,10.23,1
31575,1.111,21.08,75.9,0.05077,0.003105,0.017,10.95,1
31588,1.498,15.69,56.5,0.05281,0.003034,0.01785,8.07,1
31601,1.531,15.26,54.9,0.05295,0.002845,0.01697,8.4,1
31614,1.199,19.25,69.3,0.05436,0.003437,0.0255,9.84,1
31627,1.239,18.67,67.2,0.0522,0.003078,0.01571,8.31,1
31640,1.162,19.89,71.6,0.05174,0.003087,0.02237,8.71,1
31653,1.095,21.14,76.1,0.05279,0.003218,0.01926,10.55,1
31666,1.089,20.9,75.3,0.05291,0.00296,0.02117,11.0,1
31679,1.076,21.57,77.6,0.05024,0.003487,0.02067,9.27,1
31692,1.046,21.94,79.0,0.05167,0.00299,0.02107,10.27,1
31705,1.009,23.3,83.9,0.04974,0.002996,0.02251,8.43,1
31718,1.168,19.84,71.4,0.05055,0.003662,0.02328,9.27,1
31731,1.0595,21.82,78.5,0.05092,0.003592,0.02135,10.14,1
31744,1.1195,20.7,74.5,0.05261,0.003516,0.02228,10.78,1
31757,0.9915,23.24,83.7,0.05231,0.003159,0.02,11.79,1
31770,1.13,20.32,73.1,0.05248,0.003191,0.00919,10.13,1
31783,1.2675,18.16,65.4,0.05438,0.002764,0.01961,8.25,1
31796,1.106,20.88,75.2,0.05193,0.003288,0.01857,10.81,1
31809,1.036,22.32,80.4,0.05168,0.003199,0.01793,10.47,1
31822,1.111,20.69,74.5,0.05186,0.003097,0.0197,9.88,1
31835,1.175,19.93,71.7,0.05121,0.002869,0.02055,7.58,1
31848,1.0125,22.63,81.5,0.0538,0.002786,0.01491,10.77,1
31861,0.952,24.23,87.2,0.05246,0.003024,0.02401,11.01,1
31874,1.101,21.08,75.9,0.05103,0.002904,0.01649,8.35,1
31887,1.0545,21.65,77.9,0.05226,0.002883,0.01994,10.66,1
31900,1.25,18.56,66.8,0.05105,0.003012,0.02576,8.2,1
31913,1.1565,19.82,71.4,0.05127,0.003436,0.02168,10.46,1
31926,1.176,19.54,70.4,0.05191,0.003042,0.01897,10.43,1
31939,1.002,22.89,82.4,0.05187,0.002484,0.02249,10.22,1
31952,1.0295,22.28,80.2,0.05134,0.003718,0.01868,11.09,1
31965,1.1065,20.88,75.2,0.05292,0.002984,0.02715,9.61,1
31978,1.096,21.17,76.2,0.05096,0.003749,0.02401,9.95,1
31991,1.038,22.03,79.3,0.05049,0.003075,0.01281,10.63,1
32004,1.2535,18.74,67.5,0.05274,0.003158,0.01994,9.61,1
32017,1.0025,22.72,81.8,0.05383,0.003194,0.02065,12.05,1
32030,1.127,20.74,74.7,0.05244,0.003303,0.01734,10.05,1
32043,1.129,20.39,73.4,0.053,0.003407,0.01885,10.11,1
32056,1.2675,18.12,65.2,0.05206,0.00301,0.02359,9.67,1
32069,1.0625,21.68,78.1,0.0536,0.003243,0.01729,10.99,1
32082,1.3215,17.36,62.5,0.05251,0.003255,0.01846,9.78,1
32095,1.1945,19.81,71.3,0.05216,0.003857,0.02365,11.24,1
32108,1.3065,17.66,63.6,0.05263,0.00307,0.02189,9.68,1
32121,1.1745,19.74,71.1,0.05132,0.003164,0.02453,8.54,1
32134,1.0195,22.66,81.6,0.05309,0.003051,0.0229,9.92,1
32147,1.1075,20.81,74.9,0.05267,0.002904,0.01726,9.23,1
32160,1.1125,20.7,74.5,0.05222,0.003527,0.02155,10.29,1
32173,1.162,19.93,71.7,0.05235,0.002892,0.01871,8.29,1
32186,1.069,21.58,77.7,0.05409,0.003453,0.02466,10.78,1
32199,1.0095,23.03,82.9,0.05144,0.003141,0.01829,9.94,1
32212,1.0055,23.09,83.1,0.05242,0.003328,0.01381,11.56,1
32225,1.107,21.13,76.1,0.0511,0.003326,0.02021,9.72,1
32238,1.259,18.27,65.8,0.052,0.003263,0.02247,10.22,1
32251,1.114,20.49,73.8,0.05262,0.002948,0.02056,10.36,1
32264,1.04,22.23,80.0,0.05127,0.003108,0.02247,9.56,1
32277,1.2805,17.85,64.3,0.05004,0.002997,0.02389,9.77,1
32290,1.0605,21.9,78.8,0.0509,0.003307,0.02082,9.14,1
32303,0.9535,24.19,87.1,0.05237,0.003034,0.02067,10.98,1
32316,1.112,20.73,74.6,0.05338,0.003076,0.0187,9.55,1
32329,1.0775,21.68,78.1,0.0523,0.003485,0.01619,11.2,1
32342,1.0565,22.22,80.0,0.05126,0.003634,0.02364,11.21,1
32355,1.207,19.39,69.8,0.05027,0.003487,0.02427,8.06,1
32368,1.145,20.19,72.7,0.05119,0.003209,0.02222,9.02,1
32381,1.073,21.48,77.3,0.05097,0.00295,0.02413,10.06,1
32394,1.0985,21.06,75.8,0.05253,0.003536,0.0173,11.75,1
32407,1.21,19.25,69.3,0.05419,0.003157,0.01832,10.26,1
32420,1.037,22.47,80.9,0.05401,0.003016,0.0202,10.61,1
32433,1.1825,19.21,69.1,0.05213,0.002785,0.01755,10.34,1
32446,1.312,17.69,63.7,0.05065,0.003006,0.02353,9.53,1
32459,1.0175,22.6,81.4,0.05261,0.003074,0.01799,10.4,1
32472,0.9995,23.0,82.8,0.05183,0.00314,0.02429,11.11,1
32485,1.1565,19.99,72.0,0.05299,0.003475,0.01773,10.45,1
32498,1.047,21.96,79.1,0.05212,0.002916,0.02295,10.57,1
32511,1.0395,21.93,78.9,0.05158,0.0029,0.02132,11.55,1
32524,0.953,24.47,88.1,0.05054,0.003336,0.02217,11.71,1
32537,1.0705,21.64,77.9,0.05234,0.003032,0.02124,9.75,1
32550,1.093,21.14,76.1,0.05256,0.003408,0.02232,11.53,1
32563,1.033,22.25,80.1,0.05107,0.003221,0.01949,10.26,1
32576,1.0985,21.45,77.2,0.05177,0.003307,0.01893,11.56,1
32589,1.0875,21.19,76.3,0.05442,0.003264,0.02453,10.23,1
32602,1.2285,18.77,67.6,0.05399,0.00328,0.02172,10.17,1
32615,1.03,22.33,80.4,0.0531,0.002724,0.02186,11.26,1
32628,1.2285,18.85,67.9,0.05361,0.003174,0.02238,9.51,1
32641,1.3065,17.66,63.6,0.05171,0.003015,0.02499,8.35,1
32654,1.2335,18.66,67.2,0.05198,0.003089,0.02036,9.71,1
32667,1.2665,18.12,65.2,0.04965,0.002838,0.0225,8.77,1
32680,1.267,18.15,65.3,0.0535,0.003133,0.01487,9.59,1
32693,1.0905,21.34,76.8,0.05237,0.002984,0.02522,8.63,1
32706,1.0135,22.66,81.6,0.05076,0.003016,0.01649,10.8,1
32719,1.143,19.99,72.0,0.05391,0.003175,0.01801,10.61,1
32732,1.1815,19.67,70.8,0.05155,0.003284,0.01967,10.18,1
32745,1.107,20.84,75.0,0.05257,0.003021,0.0202,9.59,1
32758,1.0315,23.01,82.8,0.05146,0.003795,0.01959,12.93,1
32771,1.1475,20.11,72.4,0.05095,0.003073,0.01648,8.96,1
32784,1.067,21.67,78.0,0.0521,0.003161,0.01743,9.81,1
32797,1.1855,19.41,69.9,0.05222,0.003149,0.02394,9.84,1
32810,1.061,21.64,77.9,0.05245,0.003363,0.02081,10.53,1
32823,1.021,22.65,81.5,0.05134,0.003241,0.02398,10.05,1
32836,1.067,21.55,77.6,0.05239,0.003162,0.02141,11.79,1
32849,1.0945,20.92,75.3,0.05242,0.003028,0.01877,10.24,1
32862,1.104,20.93,75.4,0.05323,0.003147,0.02119,10.39,1
32875,1.086,21.08,75.9,0.05407,0.003131,0.02265,10.95,1
32888,1.245,18.61,67.0,0.05279,0.002988,0.01895,8.0,1
32901,1.2355,18.57,66.8,0.0535,0.003453,0.0209,10.49,1
32914,1.1725,19.81,71.3,0.05157,0.003252,0.01662,8.52,1
32927,0.9605,23.86,85.9,0.05257,0.002865,0.01972,11.25,1
32940,1.135,20.26,72.9,0.05204,0.003177,0.0123,10.98,1
32953,1.036,21.92,78.9,0.05072,0.002845,0.02087,11.27,1
32966,1.146,20.27,73.0,0.05215,0.003092,0.01937,9.51,1
32979,1.0935,21.1,75.9,0.05113,0.002901,0.02225,9.09,1
32992,1.1555,19.8,71.3,0.05102,0.003023,0.02348,10.34,1
33005,0.9965,23.31,83.9,0.05104,0.003187,0.01754,9.52,1
33018,1.0665,22.05,79.4,0.051,0.003367,0.02002,10.73,1
33031,0.901,25.72,92.6,0.05249,0.002931,0.02311,10.96,1
33044,1.0855,21.47,77.3,0.05261,0.003619,0.0196,10.25,1
33057,1.109,20.73,74.6,0.05249,0.003359,0.02044,10.12,1
33070,1.1575,19.74,71.1,0.05262,0.00291,0.02279,10.07,1
33083,1.3215,17.46,62.9,0.05254,0.003365,0.01859,9.22,1
33096,1.217,18.9,68.0,0.0531,0.003098,0.02253,10.07,1
33109,1.0405,22.32,80.3,0.0526,0.002998,0.01954,9.2,1
33122,1.0755,21.13,76.1,0.05199,0.002945,0.0212,11.21,1
33135,1.365,17.05,61.4,0.0512,0.003017,0.0196,7.67,1
33148,1.0255,22.75,81.9,0.05179,0.002979,0.01497,9.02,1
33161,0.9435,24.92,89.7,0.05043,0.003381,0.02136,10.82,1
33174,1.149,20.01,72.0,0.05144,0.002936,0.02117,9.43,1
33187,1.1345,20.51,73.8,0.05105,0.003393,0.01906,9.81,1
33200,1.282,18.14,65.3,0.0521,0.003119,0.02389,7.82,1
33213,1.1435,20.13,72.5,0.05191,0.00301,0.01926,9.34,1
33226,1.101,20.81,74.9,0.05198,0.002777,0.02077,9.99,1
33239,1.0925,20.93,75.3,0.0511,0.003093,0.02131,11.56,1
33252,1.155,20.3,73.1,0.05233,0.003408,0.02487,9.85,1
33265,0.9935,23.36,84.1,0.05114,0.003273,0.0154,12.06,1
33278,1.3035,17.95,64.6,0.0525,0.003752,0.01653,9.14,1
33291,1.034,22.41,80.7,0.05109,0.003811,0.02369,11.08,1
33304,1.228,18.89,68.0,0.05117,0.003429,0.02225,8.74,1
33317,1.0185,22.67,81.6,0.05098,0.003067,0.02157,10.2,1
33330,1.125,20.79,74.8,0.05134,0.003501,0.02101,10.06,1
33343,1.135,20.07,72.2,0.05224,0.002948,0.01856,10.63,1
33356,1.136,20.12,72.4,0.05129,0.003081,0.02247,10.23,1
33369,1.2085,19.31,69.5,0.0535,0.003621,0.02081,9.79,1
33382,0.912,25.32,91.1,0.05151,0.002723,0.01975,11.58,1
33395,1.208,19.06,68.6,0.05102,0.003286,0.02245,9.31,1
33408,1.19,19.84,71.4,0.0525,0.003378,0.01794,8.37,1
33421,1.0775,21.43,77.1,0.05153,0.003084,0.02108,10.44,1
33434,1.2265,18.87,67.9,0.05265,0.003208,0.01831,9.44,1
33447,1.215,19.21,69.2,0.05515,0.003729,0.01884,9.25,1
33460,1.1575,20.17,72.6,0.05165,0.003181,0.0253,7.81,1
33473,1.1385,20.14,72.5,0.05169,0.003256,0.02132,10.17,1
33486,1.1335,20.21,72.8,0.05278,0.003165,0.01474,10.46,1
33499,1.1,21.16,76.2,0.05197,0.002999,0.02131,8.55,1
33512,1.174,19.79,71.2,0.05174,0.003503,0.02244,9.38,1
33525,1.2185,18.82,67.8,0.05333,0.003224,0.02712,10.04,1
33538,1.073,21.5,77.4,0.05016,0.003375,0.01828,9.62,1
33551,1.091,20.9,75.2,0.05161,0.002961,0.02147,10.7,1
33564,1.028,22.51,81.0,0.05357,0.002722,0.01953,9.53,1
33577,1.0615,22.16,79.8,0.05203,0.00334,0.02201,9.73,1
33590,0.986,23.42,84.3,0.05259,0.003058,0.02099,11.43,1
33603,1.4105,16.5,59.4,0.0548,0.002989,0.02156,8.88,1
33616,0.938,24.59,88.5,0.05242,0.002917,0.02417,10.9,1
33629,1.107,20.79,74.8,0.0526,0.003285,0.02291,10.29,1
33642,1.143,20.63,74.3,0.0533,0.003479,0.01985,10.01,1
33655,1.147,20.17,72.6,0.05145,0.003427,0.02116,9.42,1
33668,1.324,18.01,64.8,0.0513,0.00355,0.02423,7.6,1
33681,1.105,20.84,75.0,0.05319,0.003104,0.01478,9.61,1
33694,1.095,20.92,75.3,0.05074,0.003362,0.02049,10.76,1
33707,1.203,19.61,70.6,0.05124,0.003551,0.02274,8.09,1
33720,1.0825,21.32,76.7,0.05303,0.003178,0.01729,9.61,1
33733,1.379,16.86,60.7,0.05207,0.003449,0.02617,8.81,1
33746,1.121,20.69,74.5,0.05337,0.003179,0.01782,8.92,1
33759,1.1365,20.64,74.3,0.05063,0.003669,0.02027,9.43,1
33772,0.9595,23.8,85.7,0.05143,0.002848,0.0202,11.57,1
33785,1.1895,19.39,69.8,0.05174,0.003158,0.02236,10.73,1
33798,1.2735,17.98,64.7,0.05132,0.002851,0.02234,8.96,1
33811,1.1245,20.66,74.4,0.05208,0.00295,0.01875,9.77,1
33824,1.068,21.49,77.4,0.05084,0.003153,0.01824,10.11,1
33837,1.0835,21.52,77.5,0.05276,0.003342,0.02075,9.66,1
33850,1.2975,18.17,65.4,0.05197,0.003599,0.02532,7.04,1
33863,1.1725,19.93,71.7,0.05149,0.003373,0.01946,7.95,1
33876,1.126,20.5,73.8,0.05152,0.003315,0.01722,10.52,1
33889,1.127,20.39,73.4,0.05262,0.003104,0.01682,9.71,1
33902,1.1075,20.73,74.6,0.05303,0.003107,0.02161,10.22,1
33915,1.2405,18.69,67.3,0.05291,0.003122,0.01665,8.27,1
33928,0.983,23.34,84.0,0.0524,0.002793,0.02383,11.15,1
33941,1.198,19.26,69.3,0.05198,0.003233,0.02818,9.14,1
33954,0.984,23.24,83.7,0.05225,0.003221,0.02072,11.56,1
33967,1.285,18.17,65.4,0.05181,0.003566,0.02084,8.47,1
33980,0.957,24.41,87.9,0.05178,0.003385,0.01407,10.69,1
33993,1.1255,20.47,73.7,0.05216,0.003344,0.01608,10.52,1
34006,0.981,23.35,84.1,0.05281,0.003256,0.02106,11.84,1
34019,1.243,18.74,67.5,0.0513,0.003301,0.02524,9.71,1
34032,1.136,20.37,73.3,0.05155,0.003332,0.02312,10.2,1
34045,1.323,17.69,63.7,0.05353,0.003151,0.02288,7.67,1
34058,1.0665,21.59,77.7,0.05334,0.002481,0.02486,9.31,1
34071,1.153,20.13,72.5,0.05144,0.00321,0.01902,10.07,1
34084,1.17,19.78,71.2,0.05323,0.002994,0.02084,11.35,1
34097,1.0855,21.17,76.2,0.05234,0.003694,0.01858,11.7,1
34110,1.172,19.38,69.8,0.05077,0.002832,0.02054,10.38,1
34123,1.121,20.54,74.0,0.05245,0.003141,0.01537,9.49,1
34136,1.1645,19.78,71.2,0.05173,0.002864,0.0199,9.43,1
34149,1.193,19.48,70.1,0.05277,0.003287,0.02142,8.46,1
34162,1.1725,19.63,70.7,0.05289,0.003229,0.01817,10.47,1
34175,1.0115,22.65,81.5,0.05128,0.002818,0.01945,10.58,1
34188,1.105,21.32,76.8,0.05106,0.00373,0.01874,10.66,1
34201,1.3525,17.34,62.4,0.05171,0.003203,0.02241,8.7,1
34214,1.1245,20.54,73.9,0.05001,0.003331,0.01674,9.25,1
34227,1.0095,22.97,82.7,0.05227,0.003011,0.01923,9.47,1
34240,1.0125,22.77,82.0,0.05144,0.003144,0.02387,10.07,1
34253,0.953,24.11,86.8,0.05016,0.002705,0.01824,10.96,1
34266,0.933,24.86,89.5,0.05133,0.003149,0.01577,11.33,1
34279,1.0775,21.41,77.1,0.04986,0.003085,0.02549,9.29,1
34292,1.066,22.27,80.2,0.05092,0.003671,0.02268,9.58,1
34305,1.144,20.31,73.1,0.05175,0.00282,0.01872,8.73,1
34318,1.093,21.13,76.1,0.05123,0.00298,0.021,9.48,1
34331,0.963,24.18,87.1,0.05062,0.003119,0.02111,10.98,1
34344,1.4385,16.12,58.0,0.05009,0.002842,0.01586,7.29,1
34357,1.045,22.28,80.2,0.05221,0.002999,0.01785,9.86,1
34370,1.169,19.81,71.3,0.05207,0.003255,0.02475,8.86,1
34383,1.205,19.04,68.6,0.0525,0.002939,0.01354,9.13,1
34396,1.191,19.08,68.7,0.05244,0.002793,0.02128,10.52,1
34409,1.2475,18.37,66.1,0.05193,0.003118,0.02773,9.66,1
34422,1.062,21.77,78.4,0.05278,0.003102,0.01554,9.48,1
34435,1.0755,21.43,77.2,0.05249,0.003259,0.0181,9.85,1
34448,1.1525,19.81,71.3,0.05182,0.00297,0.02058,10.42,1
34461,1.116,20.96,75.5,0.05261,0.003765,0.01643,9.47,1
34474,1.215,19.12,68.8,0.05116,0.003406,0.01909,9.1,1
34487,1.176,19.42,69.9,0.04967,0.003459,0.02055,10.9,1
34500,1.199,19.47,70.1,0.05306,0.003691,0.02033,8.52,1
34513,0.9895,23.38,84.2,0.05275,0.003015,0.0134,10.19,1
