wheelbase_mm,guide_clearance_mm,body_mass_g,pass,violations
190.27959920924408,0.3721014037984521,51.36504364803665,1,0
189.78567164798855,0.4578481179735577,51.36826805994694,1,0
189.82360309645213,0.370101457074107,51.79113224225975,1,0
189.90078882121932,0.5292627224987329,50.93525280192495,1,0
190.29560966125018,0.4215871485834387,50.80828372102213,1,0
190.07145394854402,0.33358487850318097,51.04500810843345,1,0
190.01339860451853,0.42147769897642934,51.012176231255516,1,0
189.9496194868738,0.5178573851098573,51.351963885841066,1,0
189.86106969734212,0.558242404921347,51.88156146840688,1,0
190.14233929363584,0.5251891581541525,51.91224339535092,1,0
190.13512118203656,0.5123372256769085,51.403477908202106,1,0
189.84113130903373,0.4306059203848531,50.250287486152054,1,0
190.2084821289138,0.49148709092596915,50.67626944800478,1,0
189.97373706775355,0.48415912788009335,50.67745637472747,1,0
189.83860872399998,0.4863906727034488,50.93411124104686,1,0
190.19461518605058,0.45482133952761356,50.874747808284575,1,0
190.0946509988735,0.5051934023406921,51.955088725139696,1,0
189.843999939451,0.4314479135111528,50.94454966366565,1,0
189.81908995688067,0.37641718128640034,51.61124651552964,1,0
189.8740166609596,0.5840282562089957,51.02694055120036,1,0
189.7523157711146,0.6055179313632992,50.685965395657455,1,0
189.78865124763016,0.3929549889780514,51.13575548254951,1,0
190.26758443294668,0.36522699758099963,51.46419035808877,1,0
189.79899522334978,0.3001397664898294,51.391252772083824,1,0
189.99505626313064,0.4114818046038919,51.5933715266736,1,0
189.74203189302295,0.40587008935362223,51.545273111700574,1,0
189.79709727054805,0.4352071641946211,50.91237918851608,1,0
190.04096352514563,0.43917745602374697,51.74005512316756,1,0
190.09376172537748,0.40594955084179196,51.13743273110989,1,0
190.13188822489795,0.4837650534746221,51.12607800770188,1,0
189.8883193052319,0.47842007586627194,50.68899405837138,1,0
190.22458387345614,0.5663125628576112,50.75603996931686,1,0
189.73846961527443,0.4405649333148861,50.986354383302164,1,0
189.7931554524154,0.44846014159672903,51.94260814787048,1,0
190.00779875314998,0.5424858167262709,50.29311731910721,1,0
189.9298701122881,0.4581341851051769,51.39584038424944,1,0
190.07380089763305,0.41255062849159296,51.75974245744962,1,0
190.01256879825044,0.5046620260840835,51.90213965314149,1,0
190.06043568419844,0.49905212899558343,51.38673246173527,1,0
189.9006164478361,0.41279089773798544,51.955720238623556,1,0
190.1118661085743,0.5984401161872991,51.35245997143563,1,0
190.00624085345052,0.4344136571521764,51.56508759516923,1,0
190.01853934933723,0.5302117286804279,50.578751482066615,1,0
190.01104036764337,0.4182874384819059,50.9833267883174,1,0
190.4923135091775,0.4404845390500391,51.24385559370156,1,0
190.1769429916453,0.39126790077488655,51.45076774480853,1,0
190.1270748405815,0.505974250382328,50.49864225253224,1,0
190.01289198994672,0.3450663789193194,51.08508530860451,1,0
189.85631885319307,0.45825420013868234,50.25067619253952,1,0
189.82101746382833,0.4227572859850017,51.60148511069357,1,0
189.71472928371816,0.5954575347364182,51.12816548224689,1,0
190.1770768057051,0.5995650857961563,50.59706560327596,1,0
189.96651828690665,0.39833207590591474,51.0955748972372,1,0
189.58202394697267,0.4610118167327067,50.59912488657707,1,0
189.77868112232187,0.4246408737020349,51.280592280113495,1,0
190.16982486647137,0.34932660460858045,50.87254223144994,1,0
190.0543802421879,0.4272175499725324,51.47021057761588,1,0
189.78822497050467,0.5389091651367295,50.98994691843636,1,0
189.82855289071443,0.5225054567996968,51.597564658323435,1,0
189.9690810111397,0.45058226722202094,51.92055046523854,1,0
189.8390180824321,0.46413391061309683,51.43385125520843,1,0
189.69462027482817,0.4020318889194485,51.43509457184038,1,0
190.06941121602742,0.4712174436273503,50.26652669434609,1,0
190.08626576508976,0.595929696076625,51.61294926088998,1,0
189.84362693136472,0.4632479225214442,51.4550405082273,1,0
190.06311461988722,0.4787241782856822,50.84431364402026,1,0
189.91048326028158,0.3346379578100613,51.002318430803236,1,0
189.97218460904503,0.5839944508709815,50.83056461655457,1,0
189.81442638584176,0.4533929801096221,51.502612242341684,1,0
190.12370731148073,0.4290705659336134,51.24333123573308,1,0
189.81524392821805,0.4935214847917692,51.442517048398926,1,0
189.99698104617846,0.3804904992528001,50.85677155042049,1,0
189.88520631124177,0.4494606811930402,51.59475537668229,1,0
189.89992418909313,0.4732034241728999,51.32207066946964,1,0
189.93090779969341,0.4748629990833604,51.40654590145401,1,0
190.18677126845193,0.4246204155194597,50.236064685914094,1,0
189.78211840573184,0.3553373506139543,51.448783123638776,1,0
189.843379411361,0.36465717731310304,50.48275539576755,1,0
189.9250126798097,0.4923918778528803,51.646411793852955,1,0
190.24276936862884,0.40702266738661896,51.48512252188677,1,0
189.98230442149094,0.42584854322138,51.01932504094431,1,0
189.95830066595596,0.452477158817636,51.28406021830248,1,0
190.06698626295335,0.3536431319797154,50.288951947885764,1,0
190.08927923456787,0.36934110486657407,51.57748350177323,1,0
189.96517800208554,0.4949439868238733,50.94713713740392,1,0
190.258342962401,0.5150696227033622,50.823506348730724,1,0
189.98655873072397,0.3865950470864344,51.672537052316855,1,0
189.75629518158283,0.4137755534513626,50.53547138360436,1,0
190.16878135480079,0.4111947668286218,51.37729701419522,1,0
190.0896087558736,0.39083456225055435,50.82186641875268,1,0
190.20225308464396,0.4261660858553266,51.1221857975887,1,0
189.87830929380524,0.49687453016805455,51.035993852419224,1,0
189.82233064227546,0.4567635052156444,51.947718969770456,1,0
190.04428957832897,0.5279003153965504,51.5356538401219,1,0
190.11834781247225,0.46206523056903753,51.97445553370903,1,0
189.8562082583666,0.5254080085264557,50.43454709036288,1,0
190.10766615280036,0.42154471305279667,51.11057487969005,1,0
189.80854982631507,0.5309388293536312,51.288670377817986,1,0
189.95118601334562,0.4195106367988834,51.52568911514203,1,0
189.90591471677112,0.5318640509762915,50.91218119863165,1,0
190.1115845585751,0.3541425794321733,51.96160967156914,1,0
189.91853557013795,0.39035997735211514,50.818262044922,1,0
189.8014226841845,0.5218274860225388,52.04183023504955,1,0
190.09156810053108,0.6296459948681897,51.28835879965921,1,0
189.9421296740866,0.40790418049748844,51.59207032411982,1,0
190.08433992059577,0.42953698949397323,51.32646847927968,1,0
189.95866770457968,0.45210636356554584,50.82711812031661,1,0
190.05285915404895,0.5055768315764199,51.80897026228567,1,0
189.972271429746,0.4528817374606233,51.255413248153886,1,0
189.77494144094425,0.4666052569654708,51.562471716850496,1,0
190.0610395673598,0.5113594846819428,51.71061182497819,1,0
190.1392509588974,0.3893147279695616,51.06658804464256,1,0
190.114378820106,0.45334394016124824,51.99172406736655,1,0
190.03085894030957,0.47628286889261257,51.08300968755763,1,0
189.8541796016529,0.40519674895715513,51.25375435276228,1,0
190.0678295835019,0.4992716186028087,51.049132838548395,1,0
189.809412011854,0.573918689274195,51.39839113168473,1,0
190.01078524419304,0.3895116953759484,51.32986605743601,1,0
189.94270077986826,0.4054540867821651,51.975156052470645,1,0
190.37141942422133,0.4165811689336826,51.946157079078105,1,0
189.9519789301805,0.2926789817464318,51.03368728846669,1,0
190.01166578031402,0.4453738718906919,51.850872965356764,1,0
190.03129718207484,0.5380423923000078,51.024205827594756,1,0
189.78532927149402,0.4744760950267599,50.67708341797013,1,0
190.21865433786937,0.4343062678224907,50.7904966585542,1,0
189.94924703069216,0.32962005720336435,51.26921225289064,1,0
190.2272084395147,0.35154246408178874,51.39266152169551,1,0
190.05963164039,0.48390140581405433,51.24327989253226,1,0
189.9990352207642,0.4957550132791313,52.18043254728417,1,0
189.96940683733533,0.4879411002296211,51.223985886516935,1,0
190.06844124876662,0.48605747934978216,51.28148172406226,1,0
190.0411207748559,0.4010384510602047,51.614649593476635,1,0
190.13383941862884,0.40331365778457084,51.10167644149825,1,0
190.1819401069448,0.40895811543690136,50.38364039287505,1,0
189.90753714670572,0.4219135801731742,51.58130724012625,1,0
190.23785243817116,0.3886512129435327,51.07493199541468,1,0
189.9035098057079,0.466620351733996,51.154780206631706,1,0
189.77786679989617,0.45088471653770673,50.06240314447858,1,0
190.1825183810605,0.5028746984315929,51.391449092885246,1,0
189.84393105007328,0.49644406214013814,51.52340213878949,1,0
190.19900646142025,0.5157910279270074,51.63352472211007,1,0
190.0357372297159,0.4845037147087965,51.64219210719322,1,0
189.9054675989433,0.3887912443979585,51.144126118836326,1,0
189.97286258587707,0.4638196577774259,52.03183001722642,1,0
189.6898810776767,0.4676648222512451,50.172123649354155,1,0
189.9190632057184,0.42657160913442077,51.92917448423441,1,0
189.99961181277078,0.39122701201394733,51.633707767215604,1,0
189.9126904728925,0.35894734509770326,50.43556442901328,1,0
189.924494249475,0.3471071780950165,50.64293394282985,1,0
190.08150367316426,0.43650822914698106,51.18109412495966,1,0
189.97303079937905,0.44252713503153135,50.68575469611733,1,0
190.13196683055807,0.3341482681773481,52.25763704416954,1,0
190.20886491138958,0.2937929421926488,52.2747335248444,1,0
190.19863915551377,0.4527185757394762,51.31751868504063,1,0
190.08623831311724,0.5291034279241176,49.86355174913024,0,1
189.82549057758632,0.4317590409944084,50.08229619468304,1,0
190.08010921872045,0.5140351358635292,51.319832213244425,1,0
190.1311028653675,0.37788173016972315,51.418170000158455,1,0
189.87884017806712,0.4538376644400664,50.93778505494917,1,0
190.12874560146864,0.49326303166747265,51.14402350583166,1,0
190.20936110399765,0.4901887791972179,51.26517788806686,1,0
190.03129771561805,0.4006149039523955,51.28153550317633,1,0
189.86621272712884,0.39931711834991396,51.117667778712885,1,0
189.85298829981662,0.3619614370407813,51.668847877246826,1,0
190.06680456630662,0.5151388134953694,51.00791895609766,1,0
190.08510990129417,0.4547000717922613,51.47692337430682,1,0
190.3513211683155,0.27737773429693113,51.28077005785397,1,0
190.06722139532815,0.4901343792881489,51.07843688372597,1,0
189.99272977096442,0.43003359430321797,50.70249628209632,1,0
189.92635994258396,0.3902901333489951,52.143753589411155,1,0
189.87515395180304,0.5136914725786582,52.05213727808031,1,0
189.9346770813602,0.4189305820181516,50.730949112548856,1,0
189.71011613237502,0.4745814696887689,51.099284878245385,1,0
189.898119195518,0.3897409745032756,50.615898735744096,1,0
189.99252330929977,0.4214448583002519,50.59417696794551,1,0
189.78264287147636,0.5030907660904079,51.67549416870536,1,0
190.09670661134786,0.47483114021906775,50.6635641059549,1,0
190.12165774473132,0.3805439777251197,51.87969124757483,1,0
189.92695794482796,0.598276517681056,51.685865890468094,1,0
190.18885101818995,0.4513660822958892,51.35973141867011,1,0
190.00260035926084,0.5182655683616945,51.039801846764995,1,0
189.7592181613344,0.4560181701548444,51.57424298194478,1,0
189.920606928483,0.5250888047137883,50.72906808753199,1,0
189.9974369864461,0.5198592067461688,50.76578661692793,1,0
189.87563911749487,0.4488616906171076,50.305398691210044,1,0
189.92280742076503,0.42840527875486023,50.4613288478667,1,0
190.04743356516053,0.4082936775099239,51.33518199354295,1,0
189.9650903744948,0.33045221940189967,51.62511093657845,1,0
190.09034518887526,0.3563049532540611,50.92374649876936,1,0
189.94090247701124,0.4994263446113009,50.4575543494598,1,0
189.72018598691625,0.42250659131967166,50.349767486643856,1,0
190.195004897075,0.48847962408820933,50.542096768597794,1,0
189.8847560180431,0.5469724952394308,51.36130218867036,1,0
189.99136373693952,0.352349695864118,51.432147985682114,1,0
190.117660196636,0.6017319120244649,50.30274248643316,1,0
189.8937718196044,0.4091052428532448,51.61679041046472,1,0
190.01641048358562,0.47367403239324374,51.74068280923594,1,0
190.09132519711127,0.5192394039153775,51.86419242504967,1,0
189.99180424518806,0.41447686608798257,51.12027884145567,1,0
190.41880781117297,0.48732793859589163,51.33395889538214,1,0
190.28843771401344,0.5287308862971543,50.795909079819104,1,0
189.96728102969558,0.5283829267988271,50.61662405677077,1,0
190.07376868304826,0.4193207750694901,50.68944859080636,1,0
189.84149835479639,0.4366590039753237,51.280019580745446,1,0
189.71409526850437,0.3570939772186155,50.75145077799255,1,0
189.7882373169033,0.4120559914007354,51.48501182020495,1,0
190.02442972387604,0.40614199166773224,51.21077553381537,1,0
190.1762168108241,0.5416648210049951,51.108121772275155,1,0
189.91314149084218,0.4650820819598701,51.57487743082646,1,0
190.07105917619558,0.40645900738731205,51.03258491746118,1,0
190.14740891186514,0.5441088277606998,51.45300835756451,1,0
190.1098478338349,0.3368533197450328,51.069599595759335,1,0
190.02492002019335,0.476055314549188,52.05420843137467,1,0
189.84196484277246,0.44015271584305304,50.91685253619555,1,0
189.88922530622924,0.47010533232604385,50.529340245031776,1,0
190.1263569926602,0.5641469617182545,51.59472477966041,1,0
189.70391077367802,0.281294139701208,51.408714650280785,1,0
190.0042034487004,0.45846242670251164,51.36230286481228,1,0
190.05824209853338,0.23881510363920383,51.70515189425439,1,0
189.89676367270326,0.37988501807211217,51.55980308561455,1,0
189.98060849900392,0.4701905081140217,51.10537751834218,1,0
190.13302111727793,0.5799710146584482,50.98151485075759,1,0
190.0116762865628,0.4747700402568641,50.93763414612046,1,0
190.18062842933912,0.5569484460334384,51.06460597977596,1,0
190.1132304540928,0.4313235220564696,50.61711633163862,1,0
189.9413050660217,0.4516855596739127,51.37555630367477,1,0
189.84440313785197,0.3800704980962489,50.495919892408196,1,0
190.1604918482251,0.4405840879326413,51.24948669291431,1,0
190.18974674651406,0.3707851355750202,51.112035030455814,1,0
189.93705079503033,0.593915896834806,51.1508777164678,1,0
190.0343244820029,0.4359403056718908,50.88255289257514,1,0
189.93758935880984,0.4425424366674648,50.42858306233062,1,0
189.95916447736,0.36443929293772004,52.3810112645229,1,0
190.11803024437683,0.4983284307008648,51.417262807860865,1,0
189.9533749935986,0.42589422656497705,50.280449081443265,1,0
189.87591290769308,0.5291107963472083,50.74099551088559,1,0
190.16618720413544,0.543823230661574,52.125678688567845,1,0
190.03452963669406,0.3211438690776976,51.30638676711659,1,0
189.9310475447498,0.40621193911105075,51.23512473868751,1,0
190.14125468216528,0.41720818756282896,51.04011086178164,1,0
189.8251160616713,0.425512432041305,51.192366596005535,1,0
190.27576240964564,0.48847928779184735,51.972608242906276,1,0
190.12223130134302,0.4266257323177475,50.66594047300908,1,0
190.10998707683999,0.45705058615167177,50.92941861643092,1,0
189.74004107176302,0.5147126505035926,51.13805803328335,1,0
190.08539809556592,0.42453398983581864,51.75872892404574,1,0
189.87079950290152,0.5295815537577396,50.6867904111769,1,0
190.11032622280416,0.4321459431080202,50.936157367496385,1,0
189.70555012024545,0.46772953630839814,50.4030362135082,1,0
189.62225365760756,0.3854681988680809,50.857711832940176,1,0
190.139260742328,0.4288001779244638,50.040887923473704,1,0
190.1955399787948,0.4908719035936122,51.489668228261216,1,0
189.83127129845977,0.39137888056734316,50.48427478940429,1,0
190.153487209639,0.4667321773406479,52.167360397305835,1,0
189.8904485932088,0.3988701964518617,50.7976562389475,1,0
189.77681320055652,0.4136597322042715,51.29731534927769,1,0
190.05502210677864,0.39614551190973174,51.35647620214134,1,0
189.9370558886049,0.4649725957261535,51.26218957310395,1,0
190.21962766195816,0.4698779900777197,51.28601786092758,1,0
189.5970419366853,0.4227512987706562,51.37774517442846,1,0
190.3527653899917,0.5379972983925745,51.062389838263016,1,0
190.2081789583138,0.4288506412464058,51.53507181034971,1,0
189.65344695599427,0.34567921805414864,50.994965216243,1,0
190.11744058749224,0.5000698346966231,51.73856564744601,1,0
190.02379777537325,0.4559061585011912,51.76578182632996,1,0
189.8016473564334,0.41405522349154567,51.50412576825848,1,0
190.06642303064825,0.4969981816761992,51.52246913593557,1,0
189.88403900955805,0.40295794662082507,50.81774817687586,1,0
189.73014123732193,0.4747618812300149,50.93261241478209,1,0
190.24529942070635,0.434580173428548,51.768234831799525,1,0
189.76936189915506,0.46042233360490514,51.86656580736621,1,0
189.94004918516674,0.3791945791899482,51.38604027344603,1,0
190.09687749747673,0.48209363438012237,51.037270305182474,1,0
190.1845573746208,0.43895892473286713,52.35799147835032,1,0
190.03957228607263,0.5742711332016454,51.61035153390086,1,0
190.13495325722187,0.4468367779001043,50.82302464339074,1,0
189.92156633589346,0.48284687228844775,52.082134761341464,1,0
190.02445129253633,0.3728518787819059,51.64534959756869,1,0
190.04034004450492,0.30379230045085454,50.8350168811665,1,0
190.1519732999184,0.39648228561647814,51.98638003639817,1,0
190.13940418545155,0.37664158612279464,51.2197839137869,1,0
190.04622339912606,0.43386097565438564,50.896278958973724,1,0
189.80205557593325,0.4685317410869772,51.35331351087168,1,0
190.07335218082343,0.3487277392127653,51.162258818472296,1,0
189.73515291264258,0.5144058705934179,50.93343155535397,1,0
189.83828656991383,0.4177776567878723,51.19763609741467,1,0
190.33532834951913,0.5003634144652289,50.353002442373004,1,0
189.81796918598025,0.45190855480130265,50.76388564220357,1,0
190.00225215265044,0.4907303665786564,51.4670791427383,1,0
189.73409971679104,0.38819743293257747,52.05301247731274,1,0
190.4114295276895,0.5006907522978775,49.9237872066564,0,1
189.9487431101613,0.3864310844646715,52.0646673354605,1,0
189.8421569758702,0.391010017866151,51.737046353361734,1,0
189.91957301023484,0.34725798760271964,50.794012209859,1,0
190.0339869422256,0.44093157373452,52.39836657837228,1,0
189.96480249051103,0.619561011747527,50.55095556336064,1,0
190.02389431005176,0.31763502351685713,51.54045711538814,1,0
189.94642759206135,0.4498005026976097,50.951561199269555,1,0
189.80635047156653,0.411155693609959,51.522755305326065,1,0
189.87743915276417,0.281995194595245,51.165634635061004,1,0
190.0197734872452,0.3662977927231174,50.55152677176969,1,0
190.03375421592926,0.5137556436674572,50.634070396281984,1,0
189.94807828680808,0.4053357521424324,51.177540205759314,1,0
190.07807851059528,0.44590238956373535,50.92452078398255,1,0
189.86764152184054,0.4797097316812759,50.871387323759265,1,0
189.76854367419915,0.398741657059859,50.97699595488425,1,0
190.0419291432901,0.5745407026186011,51.85033845776015,1,0
189.94587857800627,0.459770309043817,51.285993270262935,1,0
190.17566236471285,0.44257052415404585,51.51946764558643,1,0
189.97174543984173,0.4303038796659911,51.3959748027714,1,0
189.89095364728072,0.3393321624229659,51.58060697907602,1,0
189.9388826734297,0.5046913520165998,50.93804656015581,1,0
190.10434272108958,0.43841129461287465,51.423393603071524,1,0
189.96022532616513,0.43905064359834006,51.464611795349285,1,0
189.87690930420598,0.3781311426941768,50.95806082701297,1,0
189.7569468916477,0.29961841225246094,50.27557645035674,1,0
190.12868333082733,0.4214840630405069,51.306788612230356,1,0
189.89695773555738,0.5290846842758969,51.399132853410016,1,0
190.05393775632098,0.44652825467939977,51.680051754414364,1,0
189.790397543141,0.5412089790295106,50.91023140963899,1,0
190.07042537597854,0.3297927732229188,51.17949433928216,1,0
189.99764768363144,0.519034004241902,50.629888414912294,1,0
189.9902149536408,0.47498673887726095,51.25738139568119,1,0
189.81115679663438,0.4873746861108594,51.86625761888745,1,0
190.06745206918274,0.5301115568387174,50.392026891982226,1,0
189.89817770419464,0.4806638624650483,50.657874519799776,1,0
190.144622438055,0.6198007008502513,52.10907644678303,1,0
189.92162964636466,0.4593765604899746,51.87627721309737,1,0
189.99760551571117,0.46423260463987565,51.450184113144786,1,0
190.17454341574603,0.39647672992885385,51.98864683120675,1,0
189.98286580321167,0.3845887539559207,51.43625914028446,1,0
189.84558109938456,0.37650146566579606,50.56878351737464,1,0
189.96899217199422,0.4553584241152665,50.68458842814314,1,0
190.00251517665052,0.3714051289582945,50.945881552968864,1,0
190.04629240689516,0.45707454198180186,51.56499154195329,1,0
190.050831820049,0.42804189059918113,51.22322646104357,1,0
190.06009648577765,0.4558671420825581,50.37337569137771,1,0
190.14028334821933,0.312440486748522,51.995591907636886,1,0
189.94978625152902,0.44723111370195395,51.565378379963676,1,0
189.8974616900643,0.45814098014508425,50.05832843607749,1,0
189.93224027907186,0.5130954222782341,50.54448696529782,1,0
189.73840482104757,0.454728546531553,50.341244346897525,1,0
190.17876845428805,0.47061148083280924,50.70660431254941,1,0
190.0443216986593,0.30853857349347463,50.78074701869203,1,0
190.22799674469502,0.39000687547013557,51.69263965944149,1,0
190.1551478854382,0.4795124070473795,50.920651786974446,1,0
189.82231210805176,0.43809089358968667,52.34662994936282,1,0
190.01636657432448,0.3708442684497339,51.49763971962489,1,0
189.9887403976448,0.4447751524578338,50.85410636263149,1,0
190.10058875751454,0.4266155928861236,51.02285181186626,1,0
189.88729994284293,0.5102327608600684,51.580418478765985,1,0
189.98004904817418,0.3778159348658463,51.68453121805393,1,0
189.9025751351275,0.4104632745411981,51.37095840526057,1,0
190.059931033984,0.5100221618154553,52.03683878254007,1,0
189.99942308941874,0.4767426416194051,51.378660802846454,1,0
189.9068449615863,0.3824280241212648,50.80623568207538,1,0
190.00222568436754,0.5905738244486768,51.36860803880652,1,0
189.90805699399598,0.49385439560799793,51.33673652203466,1,0
190.03027740148013,0.561752509419129,51.677540233108246,1,0
189.9371913906995,0.3508514022830241,50.91622620504619,1,0
189.7868758416026,0.5112046424781754,51.13234970928627,1,0
190.07339410147824,0.3509541919977648,51.016877926061554,1,0
190.1955060911438,0.4131096180333661,50.640826440531356,1,0
189.78400134237705,0.5005344738089438,51.500425440777484,1,0
189.99803573173224,0.49104777489982504,50.855117390440455,1,0
189.9563385940216,0.49338848910973976,50.94435656007332,1,0
189.80511214837298,0.5786429984577807,51.1772891206695,1,0
189.87607154621026,0.5014615083289493,50.745035789437615,1,0
190.3198863116967,0.4007341650412145,51.08100293078708,1,0
189.91236330094114,0.4341569602126931,51.92160358458428,1,0
190.12635746720372,0.5089170203935978,50.491165443861966,1,0
190.00143616430532,0.5598359548457352,51.73103608207096,1,0
190.08701213259337,0.44648774882421016,50.87018862343084,1,0
189.7270495706718,0.31636741821995507,51.742137806575684,1,0
189.884008506118,0.3806493490224454,50.58179143074635,1,0
189.9897818307584,0.4190144385718322,52.24648716471449,1,0
189.89071071418493,0.5497328952337328,51.36684826099817,1,0
190.03033474137516,0.37974408904948886,51.640377913771765,1,0
190.05187893118966,0.5582323919342668,51.37930145334572,1,0
189.9176147644361,0.3918638712781073,51.24098326479188,1,0
190.02291018828595,0.5685322529880366,50.90884643840398,1,0
190.2676174312242,0.42759978022788014,51.864695918472435,1,0
190.38424265030687,0.47641869981389606,50.55782311778092,1,0
190.08286559674022,0.5507286191674163,50.836062292458536,1,0
189.89494579600256,0.354181184059562,51.0500736798123,1,0
189.78366091116496,0.47666353131591493,51.48161706835035,1,0
189.7774347226816,0.513844136085456,50.62187803032794,1,0
190.0407389268993,0.3927151942811346,51.144245130634424,1,0
189.8916278080332,0.38007694188838925,51.42235332893361,1,0
190.32928645375978,0.3929262501938666,51.62526313045354,1,0
190.06211832384545,0.49404679717171174,51.35031621816189,1,0
190.34795556490747,0.48566212287288857,50.60596500546333,1,0
190.04306633284574,0.4848089427758977,50.57881353105597,1,0
189.85602347595108,0.46859529410978984,52.69627451316641,1,0
190.19814354267214,0.48925905929497154,51.29842296402473,1,0
190.0744704321901,0.4869829564914192,51.27051064670092,1,0
190.0179204115924,0.507221317801349,50.46377704137073,1,0
190.14618216822734,0.5007493562093431,52.05999761097096,1,0
190.0514318020661,0.43317082227636905,51.09155357089516,1,0
190.22366134842434,0.3814258153130801,51.22518739873873,1,0
190.1955636424978,0.5040777839575188,50.942972213430586,1,0
190.13702372530295,0.41111966748161455,49.729264704830655,0,1
190.15103996390772,0.4162812017277763,51.17542445543416,1,0
189.73839313437884,0.4382317974636717,51.48833423513659,1,0
189.95144203242583,0.4232402812511792,51.93403414616098,1,0
189.7986133657789,0.34429039261131855,51.74128713469426,1,0
190.03898168155416,0.43238677936950387,51.44519839948066,1,0
190.1201178640813,0.4463614585588147,51.344688060023074,1,0
190.0397166028655,0.3833229032100348,50.842210250648186,1,0
190.20445177572307,0.4585831149824056,50.23259813801751,1,0
190.23259087900396,0.41613159376889486,50.70730244447441,1,0
189.9000141936107,0.3913528326274166,51.401951342312806,1,0
190.09853126972482,0.4035890768116594,51.25380647777652,1,0
189.97600520906622,0.5156544784501915,52.37967514130139,1,0
189.87870690838295,0.4026255343075358,50.74353262380845,1,0
189.84171553836,0.4223844963571227,51.51780769173198,1,0
190.20500758733175,0.46023918438552613,50.78158489694058,1,0
189.95752462334812,0.5670776640896309,50.719569027159395,1,0
190.14266216273407,0.3645011046978978,50.505255415397286,1,0
190.13168978117181,0.41862822625042084,51.95817153828719,1,0
190.01990432826904,0.3572569744653063,50.90276757848962,1,0
189.7936541728475,0.576253419053891,51.59514100268159,1,0
189.86100909350827,0.5099780378887916,51.97695873824478,1,0
189.9747548546798,0.5508963565389149,50.39141196074249,1,0
190.20249118717564,0.5489837291743714,52.1798753801168,1,0
189.64077321475784,0.5421222707790302,51.723995481963016,1,0
190.11470205223387,0.5760655789027586,51.761595640785174,1,0
190.0534989480779,0.46617012392448653,50.82791641877565,1,0
189.88951540412518,0.40944883595714154,51.17388728809123,1,0
189.70483669393516,0.4261728831738492,50.82252913407183,1,0
190.0135832602359,0.4078966384739966,51.73174138726496,1,0
190.2548401069811,0.3595602151504827,51.71636249653494,1,0
189.884507932132,0.6502787457929369,51.44546586353562,1,0
190.1229501758999,0.5434673630967213,51.30923681393191,1,0
190.2462674079794,0.5243311729510955,51.88027758998985,1,0
190.13476346964515,0.4300593309827363,50.84694980087688,1,0
190.07849301314178,0.4768160665332288,51.364163580965105,1,0
190.09361042012893,0.45033751131836924,51.21401679470744,1,0
189.90912701837593,0.4529974026675871,51.36470960155656,1,0
190.06705897435722,0.4639324335193673,51.42983186382927,1,0
189.64091273918382,0.47003777814071523,50.335082734801986,1,0
189.7882188681211,0.35269027754427396,51.04441897504003,1,0
189.92244676308738,0.451855182520872,51.88022144485822,1,0
189.9671436168841,0.43389799362561066,50.529049468911616,1,0
189.86586458650004,0.518193301047571,51.34462231503908,1,0
190.26674932572496,0.4557145801620401,51.842445424470526,1,0
189.65961743675882,0.54443025494911,50.358704276982984,1,0
189.99792347712685,0.3241560133346211,50.392532867129226,1,0
189.91370480262137,0.48526883605550497,51.838244012091835,1,0
190.021920422604,0.4629935219644197,51.00317920016455,1,0
189.94084447724967,0.34585740003293447,51.37967418003311,1,0
189.88712900920004,0.4933989160229143,50.0715268322482,1,0
190.1117206770981,0.39761152240757713,51.74831939726791,1,0
189.99531850304353,0.30282533172182197,51.32761602529523,1,0
190.09071210449633,0.4201242505953377,51.33000345485084,1,0
189.81543508735254,0.3995057900864063,51.3225038752972,1,0
190.01284944197104,0.4293551543149641,50.91437804427446,1,0
190.22499601449408,0.4187473133724771,50.76981734905372,1,0
190.1361178898391,0.5474120871205239,50.91414031557092,1,0
190.0230236871552,0.3496596169411984,51.49313300832265,1,0
190.02838512614412,0.5179839522916825,51.326787246427365,1,0
190.3376091624865,0.36702568675228464,51.43356950655323,1,0
190.07096946336532,0.4051214525865999,51.416145057390935,1,0
190.06762905114724,0.3727284313902915,51.24468841096472,1,0
189.86746108901585,0.39313328395608393,52.082842237481685,1,0
189.84410615701617,0.4000327719161853,51.13033657288025,1,0
190.04677310274732,0.3708009685058942,51.69051366226051,1,0
190.4086554166147,0.4829293157789369,50.65310238660378,1,0
190.12407349394604,0.5168612064739614,51.83358693169821,1,0
189.7718848144534,0.5674809504566546,51.38144906002506,1,0
189.84795078973806,0.34101381828325744,51.97988352581985,1,0
190.08668652646315,0.5016890389304508,50.889054087050376,1,0
190.2199129442877,0.547407027721487,50.921527334686246,1,0
190.01345760882654,0.4049566069570494,51.38411837661926,1,0
189.8461123704127,0.5312369901847294,51.57290642185424,1,0
190.09771714949727,0.5387772100996293,50.438422523363755,1,0
190.08404006074747,0.4085223276624658,51.78511807510007,1,0
189.94637828056872,0.5021991509907776,50.907227231986624,1,0
190.109168200945,0.43358017848000036,51.01461916371473,1,0
189.94756629331644,0.4307145689575888,50.24281910345444,1,0
189.79344892120093,0.5218960724811622,50.34262708538145,1,0
189.89243952139003,0.47371388599493297,51.326848587334325,1,0
190.03706773319993,0.5056501481576625,50.81564129616439,1,0
190.1574137602269,0.4553679236409684,50.856364183250825,1,0
190.04540933298114,0.45897148924017994,50.69702862951815,1,0
190.01982959661677,0.47045919758424726,50.813498352328985,1,0
189.68769999400587,0.5215731039378865,51.64013371576326,1,0
189.98867923096068,0.42618358309575044,50.60949442342351,1,0
190.19933032170314,0.37531880610286716,51.40843594332376,1,0
190.1457004241382,0.47522886601147973,51.59448950546166,1,0
190.011088587599,0.45646812239164186,51.66904610504852,1,0
190.1012485721001,0.40090664204483456,51.382126360957656,1,0
189.5014533316665,0.4098296901537814,51.84727280519822,1,0
189.84235507805317,0.41556510589624873,52.3010522960994,1,0
190.15711876380112,0.5290283506414012,50.74494395898366,1,0
190.12598595998375,0.37696135831895355,50.91233614034409,1,0
190.11149269866024,0.24815373352627274,50.991228825394685,1,0
190.08916617140318,0.45518711363154574,51.021441911310696,1,0
189.77432738929556,0.46760360896416386,51.91169163197897,1,0
190.02383979700522,0.550552406240457,51.433868258498194,1,0
189.9869181252906,0.5126118487843677,51.19310773775459,1,0
190.01324600594035,0.5496800673704342,50.43244980338392,1,0
189.60270701875217,0.4216487799585083,51.2468413764952,1,0
189.79432273937124,0.30700326175926096,51.54025677744154,1,0
189.60357138229244,0.45642056713440526,51.24665540478193,1,0
190.02308253100603,0.4070903503571793,50.82189000101214,1,0
189.989654632488,0.3852174039112234,51.868849128233364,1,0
190.21906695472978,0.5232466690182483,50.92991788795631,1,0
189.99070168201285,0.47470552617878686,51.36108980797463,1,0
190.01617721974628,0.4416788315735479,51.78150425663001,1,0
189.8342407612761,0.6521870984304474,51.50831872547759,1,0
190.1090422194743,0.3913479410892599,50.58318049243533,1,0
189.80498254047308,0.5025274882029103,50.71085111820868,1,0
190.1193206281222,0.44335610450637813,50.288051861645265,1,0
190.22715910038744,0.37844891771577016,50.897412149705055,1,0
190.2331519592657,0.4678045854827467,51.56647227185342,1,0
190.1175643204439,0.44853048502419673,52.29621999265876,1,0
190.22680993625335,0.3589441737272537,51.327534919320456,1,0
190.07674875075148,0.42329696012634993,51.6742560843211,1,0
190.0978628224085,0.5721006254163802,51.260085548858065,1,0
190.14343237134824,0.41750532444241945,50.49200735308797,1,0
190.10602432206318,0.551039893714368,50.53993177222654,1,0
190.041860588069,0.3856731561878549,50.792171004193364,1,0
189.85915456377163,0.42075334761235966,51.017536561603706,1,0
190.01329000928274,0.5488566210877259,50.37380316184915,1,0
190.01496754303233,0.3568075234625663,51.009796711775245,1,0
189.8454491434045,0.44285763454822896,51.14593028001871,1,0
190.14049058253707,0.4466166473023643,50.579389588120456,1,0
190.2185570617174,0.5255949481465326,52.000169131389235,1,0
189.9063967347922,0.3153742700576452,51.21075175652713,1,0
189.9799582210596,0.4703528515511709,50.92640432051821,1,0
189.9276097539601,0.41820630172511386,51.317199081287946,1,0
190.16718088746632,0.4670422032216155,50.674611853017026,1,0
189.96024551281997,0.4211019032337783,51.498089069137286,1,0
190.00952646583482,0.4806250162486721,50.933842211912136,1,0
190.11950860277466,0.4963939435673649,50.94569086584166,1,0
190.2222780209499,0.3533405464539237,51.44633446119467,1,0
190.06171388002923,0.5018525213664929,51.495164781220076,1,0
190.1017318222138,0.45291006803328604,51.2594669944729,1,0
189.9467141610024,0.5312404179399619,50.864322158274,1,0
190.07135561933066,0.4628676589521336,51.12817586744216,1,0
190.18426091359458,0.4128591019717492,51.55561241627048,1,0
190.01326514859903,0.3924972735398396,51.010718067350744,1,0
189.83912509314342,0.37621291215880387,51.187991236971484,1,0
189.833713461512,0.45954209823961895,51.84245566135392,1,0
189.98252361216555,0.49202719671409795,50.73078498064324,1,0
189.87375237437774,0.49599934475615404,51.372505628533126,1,0
189.91314552148117,0.41707870449334544,51.65638997897985,1,0
190.09326860769244,0.4460513448806237,51.92132482023319,1,0
189.83596684164127,0.40480227374278854,50.489450864821286,1,0
190.03706418591435,0.5351719491248973,52.223637562029324,1,0
190.03967643493718,0.3948695669850418,52.23477573795924,1,0
189.81543406139838,0.504442616038519,51.144836523670236,1,0
189.7016181351122,0.43802081235674734,50.50721799206551,1,0
189.86396356718114,0.5736986202789365,51.274008420713876,1,0
189.79405216070458,0.3056469636889744,51.80856079191434,1,0
189.8222090504958,0.39856675178904455,51.475306484044204,1,0
189.71983740016307,0.6450264045797225,51.16667031092904,1,0
189.99743832158347,0.45165086617449257,51.545420721923236,1,0
190.11247110185428,0.43382498275133896,51.55910799895201,1,0
190.0048882882289,0.5599869523321076,51.24143197463764,1,0
189.98769650401863,0.3790874290030319,51.92176764956299,1,0
190.09152880662973,0.4645830134324942,51.37247207810592,1,0
190.06287761939714,0.3390776608474375,50.173771779656406,1,0
190.12825418142123,0.4850507805374067,51.80835052835849,1,0
189.86016776835874,0.3509471688945644,50.761505094634174,1,0
190.03623790411655,0.4807454896413779,51.4707344756056,1,0
189.85489015026187,0.5000595323507558,51.324802524697354,1,0
190.09297998918396,0.5628005200728554,51.845993096356196,1,0
189.94527862386994,0.5148458483484164,50.91361921766817,1,0
189.92036246086255,0.5190504716702636,51.00581082492962,1,0
190.20109850091904,0.5367069773430382,52.05401312203724,1,0
190.06621269238917,0.5130377244950021,51.87364115799019,1,0
190.1524727161794,0.3709333482906935,50.48628210637664,1,0
189.70803163432484,0.415443285745946,51.30675678057193,1,0
190.03773831254333,0.42356574653119533,51.68070466980324,1,0
189.83009675342632,0.47610684009781845,51.06876022698359,1,0
189.56740039700694,0.48333034954882437,50.79017425128339,1,0
190.11192364034244,0.4416198367733585,51.16166478908607,1,0
189.86272778819168,0.38317887337331163,50.66205605658107,1,0
190.23741789534483,0.48854173982091875,50.8339863463137,1,0
189.98304672684742,0.3647460246787282,51.157711613265846,1,0
190.06236849777116,0.4615639433459359,50.6766743893593,1,0
190.0886149575501,0.3017460141487185,51.11929638506769,1,0
189.8758131796509,0.5306660602760473,51.785023736258026,1,0
189.94601006807744,0.4128450043865331,51.19669290672261,1,0
189.93767301329362,0.4955172083921432,51.614282307039886,1,0
190.09668613383684,0.565481994749982,51.11294693317354,1,0
189.89145503791926,0.5571311502776709,51.685194912594056,1,0
189.95882859584884,0.5788170231626717,50.43935461665277,1,0
190.09387950090093,0.4033019788723683,50.64255127532033,1,0
189.99407760619764,0.4666964977056104,51.246338970799876,1,0
190.34505927694786,0.3747217839611813,50.719734111228426,1,0
190.17526099037886,0.4224508299316482,50.75891627021348,1,0
190.14344446083865,0.6695845716463156,51.09762436887472,1,0
189.95141825242513,0.4944478554914852,50.52467452174522,1,0
189.83993474744312,0.5551105538108598,50.76038153390336,1,0
189.87141333007065,0.2891113882227266,50.62035987935252,1,0
189.9278957924371,0.536213852084568,51.17890822086306,1,0
189.8878987611528,0.505564642396962,51.50711863893563,1,0
190.09775462129878,0.5015995838408756,51.37482100765892,1,0
189.83575673583096,0.3866290896099328,51.640237547187105,1,0
189.88630622444626,0.3835352254572796,51.20117985234913,1,0
190.2955807474346,0.48254251888176475,50.29188863351181,1,0
189.93680915639857,0.458685617397151,51.383120041724936,1,0
189.93904039527644,0.5319313825703691,51.13487129835777,1,0
190.02288245280405,0.3495072628988792,51.35717880258496,1,0
189.9478621031925,0.39308895388433934,51.246235953743515,1,0
190.04327286376753,0.4150521383752357,51.692925020334826,1,0
190.00586954647255,0.4073014951265797,51.085680540402464,1,0
190.13210740119575,0.5044916853013905,50.626564587025264,1,0
189.8903239685885,0.4312569938155313,51.49745975295557,1,0
190.3516059326083,0.5293391767420718,50.811235954927206,1,0
190.33104009067307,0.46862524652943244,50.54703557682958,1,0
189.85240440922283,0.34357757260452787,51.56992584508067,1,0
190.04212874672533,0.2673725371386871,51.13436715591212,1,0
189.9707978215097,0.40832341175691217,50.97267149050921,1,0
189.7245487957939,0.437078513371132,51.22705042136046,1,0
190.28140756493545,0.479131378293927,51.388614016902174,1,0
189.95336710120253,0.37063273257472956,51.99983220939784,1,0
190.03534125615894,0.634889470583988,51.44264358227528,1,0
189.865360146773,0.4766125877120518,51.04579595852989,1,0
189.96031008375698,0.4416326671438155,50.99856823253508,1,0
190.0862147950188,0.45134814548303215,51.28690463204945,1,0
189.85263016394103,0.39391222027129286,51.71834448020051,1,0
190.0022005817741,0.4542459274809618,51.05536461476097,1,0
189.82685168790584,0.3975334313342895,51.492466030330256,1,0
190.16093255337745,0.5391351849677292,51.41542068838321,1,0
190.12880648029696,0.4807914076382647,51.134060745584236,1,0
190.20571126840943,0.5201106112340519,51.09174381743274,1,0
189.76252387158758,0.39839618328544174,50.830100213726226,1,0
190.13039143508897,0.3122655697035763,51.18425143374081,1,0
190.11678566487868,0.4343058419561099,51.696021526481594,1,0
190.2388444992389,0.3998715158554151,50.59833187691521,1,0
190.2343926576998,0.39837668538322113,50.450092772959174,1,0
189.76461238207435,0.46456335105254554,51.7656523856734,1,0
189.65833620492384,0.42080997551151017,50.82071397695544,1,0
190.08738580339966,0.4099089519734127,51.98937794210843,1,0
189.78655204520865,0.485191733999079,50.90773854931425,1,0
190.03886162336065,0.40305483694434047,50.62232121352607,1,0
190.18394560551977,0.377633988670398,50.500111751411296,1,0
189.88642225359382,0.5880185844298066,50.81125112394998,1,0
190.2844545282421,0.4955921509956888,51.249143154816956,1,0
190.0032721880699,0.41804506099476485,50.960661916928785,1,0
189.879475215107,0.46980000722932624,50.9449019874007,1,0
189.88876842237855,0.3603968376337151,51.639713838237945,1,0
190.01473966093076,0.5545036680990778,51.127647716369964,1,0
190.03844935759795,0.4941898244819013,51.27124417739732,1,0
190.17634574794698,0.5649946082209716,50.81876974297155,1,0
190.0661164654657,0.5408114603498549,51.433540477633606,1,0
189.8172493851136,0.3554279055050714,51.175148059551844,1,0
190.147892815113,0.48375430925248436,50.72353868762868,1,0
189.8837237306109,0.4122106495890942,52.049816406253036,1,0
189.76712685784557,0.4655981189071261,52.056954741473554,1,0
190.3557319169102,0.5166087631449221,51.9492843284075,1,0
190.05192191322357,0.3595202662855901,50.97816689722788,1,0
189.92494442871381,0.3848022617283932,50.434569110866654,1,0
190.2601774429074,0.4048609857858763,52.34222705274198,1,0
190.09329272019087,0.574024105340295,50.78981608365075,1,0
190.18504047120854,0.5069418994689824,50.713446982761276,1,0
189.72313787447678,0.36290509251778474,50.763629902347226,1,0
189.91236097966325,0.4840954485049129,50.67168211316585,1,0
190.28067524326943,0.49594464328322824,50.98790227654904,1,0
190.07785094809398,0.37995774113251585,51.58790466529059,1,0
190.00656899090396,0.4344859509113974,51.068323446792625,1,0
189.99221593704758,0.5891749154817381,51.44230525709315,1,0
190.36597628739463,0.5440668573920034,51.56209539028959,1,0
189.84700056338755,0.4604789123529143,52.15425593656473,1,0
190.0951282972656,0.38892279547267267,51.27474220246484,1,0
190.09060971815063,0.5058752460807514,51.20086024263659,1,0
190.2214402177672,0.422924434643732,50.67838529275964,1,0
189.72156838384754,0.5007513135637519,51.826566819972975,1,0
189.91403181404993,0.5457867306657808,50.815674870279075,1,0
189.93199815686484,0.6509752349192662,51.15336966109004,1,0
189.9033152330388,0.5107228159142965,50.97865244772247,1,0
189.95473021459014,0.36986198214563043,51.09665366985936,1,0
189.92760672348288,0.6270938982705644,50.47106715408827,1,0
190.06895271110787,0.48985780159936665,52.106395827473655,1,0
189.82268794746963,0.4455745321265331,51.27619253907393,1,0
190.26753962612915,0.4394510551942915,50.501033123024115,1,0
189.97157565773054,0.39798060229418997,51.99466039782227,1,0
189.7532288482928,0.41484339366802025,50.695045249673015,1,0
189.98503870113478,0.5435183036700932,51.1317425167106,1,0
190.03629437781012,0.41511944736384876,51.35142854527099,1,0
190.0375844378416,0.40613089104968547,51.83736380540194,1,0
190.0262992284782,0.49071173845273786,51.24132953906248,1,0
190.15722476945842,0.43200684501309344,51.69592050981733,1,0
189.87792641208378,0.4197586397418921,51.49357084877543,1,0
189.977368103553,0.41136592011776946,51.71898784423614,1,0
189.7095543688367,0.49510786006458907,50.86641717988867,1,0
189.96082047955295,0.43668230280606835,51.07038368250393,1,0
190.0491788936652,0.5141989655826982,49.9612234159892,0,1
190.00010631857674,0.4787838053009861,51.52295824133686,1,0
189.96040891908706,0.46426024499208074,51.288110768751245,1,0
189.82006806130025,0.42053448731000664,50.64173619408128,1,0
189.5647877751907,0.5311719068792524,51.20944552468933,1,0
190.13598604918934,0.15076039277736877,49.93770239941372,0,2
189.9770002824787,0.5588672573352448,51.31582985962988,1,0
189.8164550696573,0.48358252821896064,51.783603152260305,1,0
189.9903754826678,0.4202684843413173,51.12593096640411,1,0
189.94502121897358,0.4986302024510194,51.787836416801774,1,0
190.06183545809523,0.45257718661982216,50.761454473355336,1,0
189.9940090565851,0.5842906425790807,50.91850082785105,1,0
190.0797246382793,0.5483244537519358,50.971522046798036,1,0
189.90961883555147,0.37768500614311656,50.202890464718706,1,0
190.2001258927476,0.4516144573787365,50.13503023320715,1,0
189.94167181337625,0.4176279708727208,51.07181025561423,1,0
190.04284627850683,0.46146057775386995,51.43158755341652,1,0
189.87324077672318,0.4318482728211016,50.68696660731556,1,0
190.05442151636447,0.3695711794113375,51.26081045613764,1,0
190.03498266325005,0.4874708766489143,50.617378287540326,1,0
190.03872688555475,0.44535942586641986,50.92324722874539,1,0
189.92364237379908,0.516731838926029,50.34728197858572,1,0
190.28944488890198,0.5370828886753917,50.93065001549625,1,0
190.10427612839666,0.5739372331658542,51.26971426247646,1,0
190.12682857353968,0.46729687388380664,51.702456989253044,1,0
190.1436913811863,0.4716818869117322,50.81226582822967,1,0
190.11197912540968,0.37801607598018816,52.58333058913444,1,0
190.00010822984927,0.5360703411482938,51.260749001521404,1,0
189.98862539644895,0.4681774955875286,51.28894053253928,1,0
189.89957460372932,0.4418995923376437,51.53454564759746,1,0
189.87387542596935,0.4126531260421384,51.36830098483962,1,0
189.82162359516585,0.4565576903415348,51.56049867719278,1,0
190.15237890685114,0.5842652842517877,52.264904358320805,1,0
190.257652961984,0.5662075626879326,51.614953169642064,1,0
189.9984385009875,0.4215510228280034,51.53555450720449,1,0
190.03461113847683,0.33735411673691906,50.8060010684022,1,0
190.046089114732,0.37539761745884914,51.02738575939914,1,0
189.87660849001588,0.6161905551996844,51.03482548523236,1,0
190.25143472496822,0.3783938956841193,51.54887950278178,1,0
189.82781492455797,0.45707777396814264,50.27055177517021,1,0
190.07655599792903,0.5360622342316712,51.05949204782791,1,0
189.63247785757918,0.560348934436214,51.10383871741687,1,0
189.90640548021184,0.39190761653217165,50.88796353028616,1,0
189.5631114018692,0.3969786195854617,51.28101151387971,1,0
189.99858635036415,0.48415584424465186,51.15838056598901,1,0
190.03318507113718,0.4004913946361894,50.96552024703627,1,0
190.28012932083712,0.37761283533672546,50.652633846915876,1,0
190.11729954241125,0.5562115807072017,51.238031697053614,1,0
189.960423514253,0.510593342333323,51.34797842569421,1,0
190.19076226774135,0.43182256175452827,51.918692234991006,1,0
190.13222129675017,0.4272567087051147,50.35724599536776,1,0
189.9603245136427,0.6149638688075062,51.458636638997895,1,0
190.3071317782208,0.49160906815987687,50.641354837134564,1,0
189.93368347058052,0.5293129264799156,50.05537210884104,1,0
189.93353079166613,0.5380658298608708,50.54501091435527,1,0
190.01707019205608,0.362370387339389,51.01901153967011,1,0
190.09472411843956,0.4076429756568373,50.196305454213615,1,0
190.13541588363356,0.4708189703510865,51.47196520575759,1,0
189.85485924565623,0.4703311744381963,51.58024083786857,1,0
189.94455323299997,0.3507653664733754,51.69307816843701,1,0
190.18936041588853,0.4809539647456856,51.316161576960454,1,0
190.11056481955413,0.4607159897903903,51.43403585815033,1,0
190.00365739622094,0.4126470828799822,50.42584951494159,1,0
189.90185481455276,0.3478629565065221,51.99629396302376,1,0
189.69742944200894,0.4805042666875183,51.22665470461968,1,0
189.95385286514963,0.4732764891724428,50.94951448402061,1,0
190.07591799041583,0.5027882706239936,51.402817917151246,1,0
189.92111988881894,0.3693132286206925,52.07240799557439,1,0
190.10977181345515,0.5849590394189578,52.39332584494703,1,0
189.96964573299113,0.33236233641606483,51.22429026457824,1,0
190.18522993528265,0.4158219362643904,51.22301010255174,1,0
189.97496473955098,0.4675228573645367,51.35390706072262,1,0
189.98778031368587,0.46083549562630216,50.5280864004099,1,0
190.26732660267635,0.34423814348609394,49.82340797685273,0,1
190.0349391690193,0.3915550691815485,49.94895560034238,0,1
189.97768174922362,0.4248673695065197,51.049401945548844,1,0
189.77978522378945,0.33821938770367066,51.10778453682784,1,0
189.9724864368275,0.3240191819155892,51.08633696905259,1,0
190.09556547470018,0.5229834239993398,51.20062786063198,1,0
189.8996539990386,0.5405402015637784,51.950095673277914,1,0
189.59625275866924,0.42497312326491693,51.62824635266829,1,0
189.91091691273303,0.33174900657314416,51.3067737313018,1,0
190.16395035088664,0.49585441733245555,50.50014618084531,1,0
189.91842711165077,0.47141573629086136,50.17870086954533,1,0
189.939714354453,0.4817090166470753,51.11467031467153,1,0
189.9857688258165,0.32920321382349105,51.16026756424998,1,0
189.7681445342783,0.2984685311016889,51.343052045448054,1,0
190.240107146236,0.5511808609936765,52.37772959227857,1,0
189.66996917343428,0.43396011568002535,51.933138389113616,1,0
190.19678956045144,0.4039932314841822,50.85330170273743,1,0
190.19233173171114,0.4311911011290365,50.51528817867872,1,0
190.06587136607766,0.43082655724678987,50.53178325740256,1,0
189.78181221366435,0.3681171052668547,51.5751712551656,1,0
190.07897602855985,0.4738505190568217,51.52970548236886,1,0
189.99589547028677,0.5758648066621368,50.8182528539617,1,0
189.85739049244242,0.44435683438541534,52.3538834208603,1,0
190.1883237352851,0.3584219664227113,51.76789248499988,1,0
189.85992567792593,0.5196699909177669,51.204089851443385,1,0
190.20320239966972,0.47572664631266315,50.53943231323042,1,0
189.88283437446125,0.39880529129176306,50.74481406314547,1,0
189.85627079260087,0.3835678340652601,51.41665208153462,1,0
189.5771175518064,0.4152653640548706,51.325395270846464,1,0
190.04336301305406,0.22949077828591938,50.86179884685214,1,0
190.1832104150145,0.3500267831651859,50.73603007915714,1,0
190.01453644914017,0.4117754275918805,50.87537637922911,1,0
190.09910030517042,0.553087058633723,51.14061634542528,1,0
190.1127893537864,0.5743689259220723,51.53168388108617,1,0
189.70335463927515,0.5458810643101708,52.83920233352203,1,0
189.9695910034026,0.33616295867332546,50.55338886738748,1,0
189.90255573091198,0.3284825812496744,50.87356510119785,1,0
190.12087585424615,0.43279986495623624,50.90168944879205,1,0
189.8072995193385,0.36190520101021423,51.31317394956584,1,0
190.03297332592985,0.5999207342346561,50.728018704417515,1,0
190.17223316999156,0.44016072653435134,51.63926951540994,1,0
189.9574719796422,0.510568455747112,51.564848323617746,1,0
190.06610669342226,0.4261173329872095,52.0008290096844,1,0
189.82940393700468,0.43571648261036605,50.864930221193966,1,0
190.05964026468789,0.42362627694180977,51.59842285967984,1,0
190.14879354766444,0.48073283424147784,50.53460953845038,1,0
190.21194596455248,0.4984604331777749,50.825022769661835,1,0
189.788473598784,0.3150554332394903,51.060149976443405,1,0
189.91688231595796,0.5051768668491259,51.21245787922225,1,0
190.14722902448605,0.4391890655899208,51.221391891329375,1,0
190.14837512438083,0.5889270930836135,51.88222619667883,1,0
189.95785058688728,0.46706180887928833,50.94167866212942,1,0
190.0435847950152,0.4533244571129886,51.5041605346791,1,0
190.05977753729587,0.3984189087034352,51.008240356610465,1,0
189.91504656603527,0.37878429616172726,51.64804123742584,1,0
190.17951760813054,0.42416779872655225,50.781791146707725,1,0
189.88736426851844,0.5172432188739334,51.83402574122355,1,0
189.95584152782902,0.4726988708103686,51.355026292085384,1,0
190.18438194757064,0.4318799100205774,51.00294540608328,1,0
189.8552549258062,0.36670866824124154,50.79298084603034,1,0
190.15015025386478,0.5357395891940935,51.06813414879224,1,0
189.73519500067795,0.5224156917369106,50.890078535464184,1,0
189.9878270685231,0.4605597212452651,50.8357473796238,1,0
189.86581918898125,0.44714888265188696,51.52792415082524,1,0
189.6698413681676,0.36358901078672534,50.92329436999915,1,0
190.08615105677464,0.24219410584042905,50.03858973075215,1,0
190.0898400811539,0.29020581181225685,50.689491306291444,1,0
190.0188503459784,0.4774568246649258,51.51697042657099,1,0
190.04542256802424,0.4600759000820874,51.64448188258391,1,0
190.00558231477817,0.4429921798544112,50.93605361419983,1,0
189.95694941241524,0.5029698575345073,51.42458363801911,1,0
189.87252939376677,0.3666203390024178,51.28693193497069,1,0
190.24121355896588,0.5381142297178477,50.88676399905885,1,0
190.36912192127704,0.512414121782026,51.707705151955274,1,0
190.0717573564576,0.3981263669028424,51.124240481769526,1,0
189.95719786976545,0.4710058462067642,51.070414613536094,1,0
189.65296095556332,0.4494214541672825,51.15227345145894,1,0
189.79038573287693,0.3485930714540257,51.33645015252467,1,0
190.01392655139742,0.3533950299739789,50.64738012414527,1,0
190.18548539768702,0.3862236220568854,51.227011058158276,1,0
190.082397545266,0.4697911521563798,50.24519906075838,1,0
190.06939471539695,0.47909596001329713,50.163000683720746,1,0
189.97079514955536,0.37200374494531174,51.403217666048754,1,0
190.06683571932578,0.4597814348949938,50.81728568234372,1,0
190.26819546637768,0.4755392315659633,51.099764510994035,1,0
190.26694481952143,0.550085646969924,51.84420971180744,1,0
189.90583172179453,0.41259621012515346,51.56930581748539,1,0
189.97710446882658,0.4096867075911916,52.31949624865533,1,0
189.75743970942221,0.4024081824828014,50.42028946950486,1,0
190.09171328897355,0.3989985492129007,51.771350662380705,1,0
189.85749461722844,0.39979672199900584,50.923926802787726,1,0
190.066710102477,0.4396104893037435,51.723699571182344,1,0
190.02588034995867,0.5307431026143982,51.32728924796776,1,0
190.28979597675306,0.4211467499971828,50.577842814188216,1,0
190.1678923546339,0.4890063445953693,51.4529561896853,1,0
189.9270265107637,0.3430845646268801,50.94078537205313,1,0
189.98306462646838,0.5558568025369283,51.66428079741705,1,0
189.7550474642237,0.4097441508017418,50.77218874729885,1,0
190.17485768419516,0.4573406563538427,52.0091995403652,1,0
189.93908155803084,0.4880680538000982,50.60159997495421,1,0
189.9086959376598,0.4408926364909017,51.582088550464405,1,0
189.89089383912568,0.5235916692933321,51.69591624137736,1,0
190.01263542889455,0.5252237938954147,51.60737272928992,1,0
190.02476583861218,0.4086076471221328,51.29799495102387,1,0
189.89094593285176,0.4841052173856474,51.8974221464142,1,0
189.93775621665006,0.38283251179277433,50.34062748933298,1,0
190.04930595357968,0.436115721599469,51.05342148950564,1,0
190.0958986919047,0.37337114718301656,51.97087581864871,1,0
189.8598818560325,0.504732416686877,50.65079521980489,1,0
190.14801925265,0.44604449147305264,51.4173045573992,1,0
190.07168412116562,0.5474942556487272,50.97499833478127,1,0
189.94500149465355,0.35536421706547067,51.688177196858256,1,0
190.10364361067474,0.4585374546120492,50.86928827808552,1,0
189.65454146233392,0.5646785343812339,51.84657581849676,1,0
189.84221926836403,0.5195186839021689,51.37468497966865,1,0
190.048946059846,0.5203440655593867,51.858932860470254,1,0
189.82562344060543,0.48303511163028834,50.61855784306039,1,0
189.77488138846996,0.56981056674478,51.536806646517135,1,0
189.7487807497974,0.42345138282124895,50.57209054219,1,0
189.88228965630552,0.3560732958293073,51.488819705910906,1,0
190.13912741187647,0.49608563543061185,51.67218685179683,1,0
190.1504734543123,0.5300996959806761,50.83793206101924,1,0
190.05175424681954,0.5214231466332828,51.29288615140063,1,0
190.31952485081084,0.48992741714112376,51.58408982531127,1,0
189.98445014047857,0.4671731172333945,51.533468478232784,1,0
189.68165385082946,0.484603260291627,51.05248690329153,1,0
189.9106320215737,0.3525580107952549,51.36435031698148,1,0
190.13525609411028,0.4929347329420655,51.99285826981889,1,0
189.9302888712414,0.5040464935109681,51.20192018772083,1,0
189.99762532531352,0.4716677471189819,50.302396574455784,1,0
189.99839291159603,0.49849604598267844,50.78387866831966,1,0
190.0981113764276,0.4825307507430967,51.375083825380976,1,0
189.98359595089923,0.42181612977161503,51.41970365885615,1,0
189.68667712836856,0.4051638772074617,51.49814561545539,1,0
189.84997649382237,0.3659014339450091,51.45329741738441,1,0
190.07795130272905,0.49896413070476103,51.93696240226084,1,0
189.89228925460355,0.4617893108379231,50.73828409845183,1,0
189.89815183909673,0.42581853760869637,50.747609244819756,1,0
189.89011974084917,0.5129342634141234,51.223476370544844,1,0
190.0635668931753,0.4820054961832158,51.25184823456239,1,0
190.58695555769415,0.49803939509540224,50.917370130425105,1,0
190.06004495325615,0.33523748112088636,50.98546878777129,1,0
189.98621947265556,0.4883354413297307,51.70067136912405,1,0
190.21270459428658,0.5207776572130719,50.72020275153285,1,0
189.98491568728468,0.4403855687089201,51.35216887625296,1,0
189.91997496289625,0.4141136598294045,51.10551235092478,1,0
190.1274343160089,0.4841732934475634,51.53307826576065,1,0
190.1315844568405,0.3662964427385256,50.87402890100216,1,0
189.81513661810416,0.4832991218623641,51.506350520965,1,0
189.9510551464741,0.5466560336908152,51.160338334419976,1,0
190.05901262083304,0.5472098074542577,51.81202695707712,1,0
189.5899071226427,0.403746035096928,51.64597190706181,1,0
190.0411657236465,0.5530561231805337,50.92102271015431,1,0
190.30396235641118,0.4824936506521768,50.88894023869495,1,0
190.03504526080155,0.3000302026856627,51.004283381301214,1,0
190.10011243253942,0.37934938809600877,51.20960135428929,1,0
189.80362267430627,0.5049015214339,52.07561057078099,1,0
189.76699492436506,0.40172908692899134,50.64008877346824,1,0
189.8880118358177,0.3148990122754298,52.152741581815754,1,0
189.8739408479936,0.5234471189512238,51.085659026883405,1,0
190.18412049684653,0.4436529918251567,51.064291327621675,1,0
189.98395263471468,0.6455073584425833,51.65309251639999,1,0
190.00805787303028,0.3223094879823347,51.628228920033585,1,0
190.19976755257827,0.36847626620417373,51.19874254159119,1,0
189.9162329513656,0.6012293670639102,50.96443605117392,1,0
189.95748006009762,0.5346025245897343,51.28447184418371,1,0
190.01440545248093,0.3177195856237299,51.31753977546822,1,0
190.04719936967334,0.48677117708894213,50.94127236113511,1,0
189.79457006662778,0.502471123174589,50.83325900095126,1,0
190.13542121794148,0.547050975977701,50.710680184087614,1,0
190.084121262896,0.3747321577147584,51.19547601156795,1,0
189.7511046625437,0.374113194848219,51.49118624417946,1,0
190.03054385847383,0.4703185246800331,50.60095791045512,1,0
189.91819094884315,0.5456003350135519,51.48603697662386,1,0
189.90548878268865,0.5256026323969792,51.35713905320633,1,0
190.3580127147898,0.3333758475722754,51.25417206647536,1,0
190.23789858482743,0.3829161364512761,50.75394544426452,1,0
190.1037356749802,0.49625389419606797,51.73241816221582,1,0
190.1215605709567,0.511057363366041,50.6518030467523,1,0
190.19155746982233,0.5041784827997481,49.908589773528405,0,1
189.94436286604721,0.3689184673740288,51.50264452133775,1,0
189.96887117965417,0.4979556244495496,50.96026504626264,1,0
190.1694541919296,0.3917474245192413,51.93719487391959,1,0
190.22041573054284,0.5218378504860731,51.281173288540884,1,0
190.02782297339724,0.4390362870567122,51.090702417740665,1,0
189.86727730462127,0.38454258975744626,50.67508487303442,1,0
190.15898239875713,0.37517259322347807,51.93971038154182,1,0
190.15455093315666,0.4363787652587802,51.14501730905541,1,0
189.93640932618203,0.37338673152900564,51.277340017153755,1,0
190.0022647416562,0.47970264702586385,51.3723380010142,1,0
190.0351107945325,0.49517571696843254,50.486716733038705,1,0
189.92912063846578,0.40595938590677966,50.673416594252934,1,0
189.66100722318583,0.38170247031558474,51.135486658486265,1,0
190.44469128891402,0.36102508273873846,51.710116752237234,1,0
189.8796425650727,0.40500482717948894,50.749199081410154,1,0
189.76928007337668,0.3655887679169182,52.37380606551714,1,0
190.1467733813424,0.38734190891582676,51.98083619017248,1,0
190.15400300074955,0.42682970423592803,51.247348992844245,1,0
190.1260399440075,0.30561279566026855,50.8177214289726,1,0
189.91149365748984,0.331338204131123,50.41686516291179,1,0
189.8282354503714,0.4547390605441674,50.86931408042776,1,0
190.05576901111627,0.4141431035955928,51.720648943039755,1,0
190.2962353325107,0.4207396391668767,49.96655686551725,0,1
189.720886525027,0.464431401542415,52.11141064040196,1,0
189.88645237850633,0.5167490934722825,51.178277308479025,1,0
190.16370004547392,0.5078784690449091,51.763629384021876,1,0
190.09271130972868,0.47045638891328767,50.828035251670734,1,0
189.9019679894915,0.4710401396635121,51.56069067667835,1,0
189.8376915037845,0.4755494755189959,50.49849196906703,1,0
190.06791546210775,0.40899644328330753,50.4720055840041,1,0
189.67850697904498,0.3913661490405872,51.000353498368426,1,0
189.85469168936692,0.4313531232811813,51.0452456287266,1,0
189.77996713030817,0.4403454566319622,50.74378055724287,1,0
189.98429861599882,0.32132248372116307,51.207795403674204,1,0
189.95511887384194,0.3393177434012813,50.55137932026373,1,0
189.86217024305242,0.5026644582273603,51.68668726067829,1,0
189.9089265456734,0.47082369881742503,50.94794477383947,1,0
189.85666927512855,0.4566918418094773,51.1569361018757,1,0
189.7326137943577,0.4116809503243649,50.90077962526007,1,0
190.14373331052485,0.3643207930310468,50.918373377655726,1,0
189.8327162812833,0.43022827608384867,49.98385873110244,0,1
190.0201905296534,0.5316834485403051,51.085963106422476,1,0
189.98293824700588,0.41103943924523606,50.95175654329177,1,0
190.30432676035431,0.5114341601804293,50.37261775545838,1,0
189.86276938952702,0.5139406784155041,51.47097446726544,1,0
189.86906074739255,0.4894552172742192,52.015652248207466,1,0
190.0129304169108,0.5288200343778463,50.45298223331572,1,0
190.01586344558848,0.4637583448975543,50.890648262087105,1,0
190.1599662737721,0.5282406650738616,51.50390282321882,1,0
190.0756644966138,0.4804193761337025,50.83832679548926,1,0
190.06253318888,0.4136360541738359,51.8167785704029,1,0
189.87871709905045,0.5661403375105213,51.42908821048837,1,0
190.10461104105806,0.4377626758206884,51.66921427887715,1,0
190.09579347537627,0.5353816980446814,50.97117920883134,1,0
189.8935238981382,0.4005304510467463,50.983266102709436,1,0
189.99721249097405,0.41508971204382583,50.86428498246053,1,0
190.37666421470638,0.4537346562621615,51.06371308618934,1,0
190.22163298781712,0.3053017900359474,50.40142466124979,1,0
190.05538081735213,0.44087302275851353,50.53080321625127,1,0
189.89642541214027,0.46873480062124423,51.20934693749473,1,0
189.80238546438568,0.5849290763821503,51.10782296137985,1,0
190.09942091006815,0.42439078729600616,50.79443482389978,1,0
190.09796350787084,0.3877812318662586,51.179618982383765,1,0
189.99730005967615,0.48014203365430796,51.118845342139736,1,0
189.8261845548394,0.4897210256431588,51.24876481929471,1,0
190.13449193204895,0.41909545115961805,51.67829211751993,1,0
189.89654573052354,0.39616786358407563,51.48395095878575,1,0
190.15614424194908,0.5817879921805825,50.787238829781074,1,0
190.0434858135761,0.29521162651208094,51.366422336607165,1,0
189.9502861798801,0.477618402914279,51.28163902635584,1,0
190.0156153801328,0.4022523886736793,51.19860371291488,1,0
189.91259094783848,0.43370309400305074,50.685443001156976,1,0
190.20620350387077,0.4742185832286349,51.24364910849615,1,0
189.81576497718478,0.4172038690067587,51.10561651732106,1,0
189.99339629523152,0.28065065581285925,51.63259403516485,1,0
189.97137438318728,0.49653002822082826,51.70281179494077,1,0
190.19972018049887,0.5296076452736422,50.99985893725854,1,0
189.90282058713217,0.346500547910706,50.57457470736298,1,0
190.11403319768016,0.4868993869925787,51.48583064994606,1,0
190.15653000368806,0.5197913286768183,50.6485867090257,1,0
189.93900065430032,0.3926346005709244,51.757501139801604,1,0
190.09373138834076,0.4555337116579893,50.83078651349173,1,0
189.81437934560833,0.39787736031043675,51.2099557700689,1,0
190.02692129936756,0.34349949943355595,51.938558876978185,1,0
190.15350932097024,0.668820921095019,51.30926642682253,1,0
189.9562840044393,0.5454937990520303,50.513709942242876,1,0
190.06209661850787,0.447444350992401,51.13731046795463,1,0
189.9542311357571,0.41261814102353556,51.56398299803133,1,0
189.9437877111585,0.5066613234541401,51.157385142414164,1,0
190.32388465363834,0.42562043578438047,50.22037104268546,1,0
189.90311109683748,0.4135265876306018,50.766698001966255,1,0
189.78036639530725,0.4979232324064531,51.09712536931385,1,0
190.24641564010167,0.4211520872054537,51.50974618932163,1,0
189.93857442568986,0.389017041370275,51.33551557574231,1,0
189.77728262459453,0.4702898084933935,51.192742029893054,1,0
189.87040574908198,0.5506079915856994,51.06860257074505,1,0
190.19287066986917,0.5179743642480515,50.59904300298304,1,0
190.0642516761195,0.4306220276262783,50.672435600643276,1,0
190.0158145978825,0.45497517887454775,51.89316735424352,1,0
189.90441671098094,0.43828448459906316,50.220711117395375,1,0
189.9033642486312,0.48931657230681963,50.09765100316698,1,0
190.2470036527405,0.4609588234821743,51.455242811705226,1,0
190.04961691871674,0.3713137769463083,50.575504903750605,1,0
189.94659544560216,0.5949248910135941,51.90644696204048,1,0
190.1460941383412,0.4520152914898931,51.29237059488944,1,0
189.74411477468877,0.32640693832246653,51.02292405347144,1,0
189.8297182450104,0.453807651878037,49.91274190977801,0,1
190.11415776705493,0.3369231706272058,51.30978680020397,1,0
190.3001779967872,0.45994443877936103,51.409871339034275,1,0
189.67252071266,0.336416169104022,50.74590253363084,1,0
189.87079970323862,0.42433532770864085,52.101688049429285,1,0
189.9861139894848,0.4992905058931673,51.06331848036856,1,0
189.959518451671,0.5245748876566785,51.139071647358485,1,0
190.21124132243486,0.41654096946147995,51.72014181532506,1,0
189.91683622614053,0.3943712224862301,50.430111246811116,1,0
189.84356751186948,0.39887714559897763,51.08717967657612,1,0
189.89985357818662,0.35171912174818226,49.956611160282236,0,1
189.7050222715817,0.540361262134098,51.70499643396053,1,0
189.8538148883431,0.5029965166221889,51.62952760864898,1,0
189.79715323125987,0.4153402856624824,50.207560642550426,1,0
189.8247947689306,0.3854222243073018,51.5837020570878,1,0
190.16194574566276,0.3651145991502714,51.1430402542088,1,0
190.05915696930984,0.4062157505260399,50.27982229297285,1,0
189.86908246831797,0.3920423864748972,50.92821058330406,1,0
189.86613389748214,0.49729794186116116,51.23389648128118,1,0
189.94203910061992,0.4395298695541611,51.28577377803296,1,0
189.95477396712667,0.3774888635970505,51.180311711303794,1,0
190.06264738571386,0.2964357975952061,51.39802314150499,1,0
190.02641531110697,0.3498422523156115,50.20144369224391,1,0
190.1889376937628,0.4220324491536017,50.87547430227193,1,0
189.81907267659668,0.43997707972770483,51.7358868881304,1,0
189.91051030201555,0.4738225718133443,51.192020972016884,1,0
190.01844816082126,0.449873395822688,50.98245834655811,1,0
190.15340086958165,0.4287586132096253,51.144098225578276,1,0
190.2240763413502,0.3663071246956275,51.37139195868141,1,0
189.83934398427695,0.44624104938092557,51.435226729505665,1,0
190.00744418320772,0.36771495649500413,51.09580873917211,1,0
189.70518284369902,0.43671869266229474,51.00229376998369,1,0
190.12030627043666,0.48463383601900395,51.21213379371595,1,0
189.778083390549,0.3456865589666293,50.46436297113286,1,0
189.9236658094851,0.3915104973743231,50.8850943588017,1,0
190.21580246636537,0.3739330052845684,50.70244701657246,1,0
190.25794185999666,0.5686793879526062,50.45434446110179,1,0
190.03187030564024,0.36363955638748624,51.16804784355663,1,0
189.74569412054052,0.4860445487904105,51.41238833108054,1,0
189.92006200470823,0.47692484905936433,51.17624830823686,1,0
190.00179748930518,0.46973481135945633,50.37113005710661,1,0
190.12309666955724,0.37647661363074014,51.614634965221605,1,0
189.8428763886988,0.363068193532443,50.87628294649104,1,0
189.9957619497327,0.5244104639150385,50.450050022033814,1,0
189.9525888401288,0.4258923427421839,52.13457403378151,1,0
190.17694583297634,0.45950959681783454,51.59129906410854,1,0
189.92726650232237,0.43760229852765203,52.178150909642554,1,0
189.97597287329398,0.5289740306583923,51.640387580779624,1,0
189.97899260065907,0.4174231500892181,51.925869003070616,1,0
189.94246175016207,0.35837492646039826,51.29302077804927,1,0
189.97296087532422,0.47137460534456366,50.813135227361954,1,0
190.08697786466627,0.4538534141922439,51.137962420341104,1,0
190.03740771428426,0.5439439619150024,51.497527763806744,1,0
189.94084928295086,0.39283233557265185,51.08692275993798,1,0
190.08340204217515,0.5431097132771633,51.29894293864463,1,0
189.67625571608326,0.5385911999770561,50.34284611237194,1,0
189.90892864470487,0.4650409182426863,51.91146359797685,1,0
190.1782369643959,0.33144412325770933,51.1905617717568,1,0
189.95497056188867,0.5402091558347599,50.93281707261156,1,0
189.9775703489168,0.4959580075239707,51.094798291909434,1,0
190.24572748878433,0.5761606156535004,51.25168776135206,1,0
189.944026386096,0.37110158603870935,51.43908999204806,1,0
190.22754643320562,0.4332303845726997,52.13051467731469,1,0
189.85673192051854,0.4006552259861921,51.67634476055743,1,0
189.90635726339022,0.5512912094744082,51.428053410361706,1,0
189.91268507872735,0.50113775157519,51.398221019610375,1,0
189.9750753983086,0.480886041826707,51.71633174563757,1,0
190.44360518423386,0.3479445678682487,50.87288084566073,1,0
190.06496494780637,0.5193210569419208,50.82299397078252,1,0
189.95680744366288,0.41431926947930153,50.48824308552513,1,0
189.95285542907504,0.48216946203179195,50.488309989076775,1,0
190.14868108475142,0.38186769574275814,51.165830387006,1,0
189.79126525461857,0.43116478444614903,51.772668726406714,1,0
190.2110762503572,0.5661031919310124,50.839997543525165,1,0
189.9093822798418,0.4075695952608675,51.14630972674648,1,0
189.7107368594755,0.3735481185312166,51.00589741623201,1,0
189.89089427154792,0.41185742952263105,51.83412688536123,1,0
190.19949204289705,0.5204615397264,50.71113166030505,1,0
189.72278537753573,0.46638212774416504,51.16869413183347,1,0
189.8631920517305,0.412545779680141,50.833837306937696,1,0
190.02594752717818,0.46020208146843833,49.87004191483134,0,1
190.05668992339332,0.40340172105450656,50.80303523712176,1,0
189.85416478756102,0.4843243386124765,50.628789501670866,1,0
190.0721109750784,0.4237867801724186,51.50856777198501,1,0
190.167971870252,0.5217409108091331,50.798806365045344,1,0
189.83603212070506,0.48020471884535987,51.434789668388625,1,0
190.07952240668067,0.4209413013977704,51.59374321301353,1,0
189.99963473892518,0.41208008356505027,51.716875727274356,1,0
189.9800216785344,0.37243285217939376,50.7362923531767,1,0
189.87371474578768,0.616988411744375,50.10373481768576,1,0
190.40469261920322,0.44499560121958376,51.87651711624826,1,0
189.92259674402118,0.4773618924084443,51.182913484724295,1,0
189.89558032070954,0.3424418639828368,51.0934173553953,1,0
189.93079422990021,0.46794288077753327,52.01172353882197,1,0
189.91819426063086,0.4496410570541294,51.166047277496595,1,0
189.9160154347692,0.4877321273107927,52.663354214047786,1,0
190.10325997994974,0.4346767921609035,51.646054437738954,1,0
189.92512326141906,0.5138783114200697,50.985448902898085,1,0
189.83639197995672,0.45526790539490813,50.62388030673799,1,0
190.09373519245995,0.3292998177257173,51.42274861358318,1,0
189.8603721588337,0.47771426631400915,51.89755546757054,1,0
189.74944779342667,0.39255821656106954,51.17371862303944,1,0
190.29743695635514,0.5608676183443532,51.30517439897502,1,0
190.02944939611552,0.41053238935190184,50.99860790137184,1,0
190.23065890346325,0.5138948819775027,50.45893335140118,1,0
190.08920850350015,0.43368772494074553,51.21538419720929,1,0
190.0938164471207,0.40305888985749044,50.37082310901863,1,0
189.90601796240932,0.4982923205924376,50.85907852435922,1,0
190.12234920657954,0.39947167287458657,52.05354600102303,1,0
189.9094574750887,0.3751491509150265,50.67829476846588,1,0
190.02320733170538,0.525086886794737,50.84561550770404,1,0
190.09002187586148,0.5797042056427458,51.06072337556471,1,0
190.0603133865767,0.5781346749947827,50.61009770930765,1,0
190.1046620977297,0.46922790714226786,51.6985409342915,1,0
190.26791670743796,0.4495482500499025,51.577785380573836,1,0
189.67771803725338,0.5080492931804987,50.98898317365174,1,0
190.10963287343628,0.4995988648252087,51.671226501087304,1,0
189.90247297146695,0.36285456556398754,51.651893284769145,1,0
189.96055349441608,0.523318606403408,51.04935400842818,1,0
189.87965126969493,0.3655006751108436,51.35231386749145,1,0
189.9859528028342,0.4876689668211169,50.39155629018849,1,0
189.8279548018641,0.41483496231059724,52.03196098553123,1,0
190.17886670290585,0.47109832599297974,50.99109866866571,1,0
189.6400244258306,0.4780891864410969,50.83902228603269,1,0
189.9413905843345,0.4400902934995053,51.12025618223325,1,0
189.8515188870107,0.42863223074661144,50.195856518869356,1,0
189.78162367932913,0.6286667060792147,51.32850908422657,1,0
189.88701669058653,0.5221063583479703,51.47343857517744,1,0
189.78056346392918,0.4332856001871491,51.64711467220377,1,0
189.99276956411958,0.5636002104677383,51.32549680639951,1,0
189.65950614104315,0.3980334060187792,51.319193195084495,1,0
189.87771396648554,0.5100041288992014,50.80593953001795,1,0
190.06288566607765,0.4839341969670424,51.00031295066023,1,0
190.06632726513774,0.5126749715897395,51.41667413315871,1,0
189.44306774066797,0.3946481890058577,51.71691110520484,1,0
190.05611293812032,0.4878975000134772,51.644237170080345,1,0
190.15331987455016,0.45966471320635516,51.23216910787314,1,0
189.97068858811573,0.5036757579490178,51.36146816357356,1,0
190.0457244180025,0.48283604040375144,51.14863473439777,1,0
190.20496081835674,0.4652530186123078,51.61578277876689,1,0
190.07327888136666,0.4222769753826265,51.803371054219916,1,0
189.92014548722608,0.36284209535707135,51.41565839968342,1,0
189.89066047434562,0.4287965669160703,50.99444279699116,1,0
189.95288982953093,0.45532544012533,50.74599586424312,1,0
190.03786015383423,0.4576469791466286,51.26401480321351,1,0
189.86888823992382,0.4634029822658743,51.6113178688589,1,0
189.80042993271798,0.4158360197546797,50.25334527463289,1,0
190.09246972615563,0.43673670181710916,50.835426001872555,1,0
190.10818046165812,0.5570361646730643,51.27513977233987,1,0
190.17454557237642,0.5197600340654231,51.65833558258329,1,0
190.11190757348388,0.44945107432384446,51.22445349797805,1,0
189.99894942145752,0.48785878205966,51.65507570493482,1,0
190.11659268468458,0.4663709308204381,50.68891398788038,1,0
190.02297678680685,0.4984548537425476,50.8919189031508,1,0
189.7370373419378,0.4707148676141166,50.70962140549911,1,0
189.8844609872675,0.4971910089656984,51.53619744125474,1,0
190.20221276791904,0.5714926250932372,52.12418900293534,1,0
190.03803355808978,0.3962995928932711,51.72690012040894,1,0
189.8529333193897,0.5651546314334379,51.47422301095184,1,0
190.05877825394003,0.5800057767241996,50.42518800519497,1,0
189.9016080109788,0.36182626664782547,51.5935589949683,1,0
190.0246378999805,0.39540400516829605,51.37324223831222,1,0
189.92497341746795,0.5303807685278941,51.704226847297505,1,0
190.03204481582986,0.44556008838234135,51.57967163825686,1,0
189.9563518580199,0.40101388907700647,50.72230067839304,1,0
189.90679567035832,0.5041958758323111,51.401715332065066,1,0
190.01873533058827,0.5272143311513953,51.33343990027112,1,0
189.9399383391858,0.4356745225490107,50.54775782468738,1,0
189.55349489302407,0.33134087288927,51.390710720890226,1,0
189.68264567705646,0.5555709645435553,50.29877497130104,1,0
190.13090480276438,0.42275532520787035,51.86508274938688,1,0
189.8857225529656,0.4671694082960143,51.226730191742156,1,0
189.97511365443225,0.4325230474309652,51.443868326986866,1,0
190.15343343625062,0.4884091926659299,50.73870557467932,1,0
190.1393362780468,0.5151871744852656,50.5276392750206,1,0
189.99341454709628,0.38299807106006256,51.72365833810319,1,0
189.7054698631693,0.5097740196023182,51.12306851725915,1,0
189.86943250998453,0.3559310047352146,51.31782045944523,1,0
190.1779516165861,0.5165571607839456,50.60408484186271,1,0
190.2712781125614,0.3857423155302484,51.03001488199855,1,0
189.91529485721622,0.4309073795117045,51.95733993501927,1,0
189.98068208564737,0.362854206934211,50.73050897303063,1,0
190.09416391348844,0.3834853316476558,51.13893387498307,1,0
190.2779702254816,0.5006938077538018,52.36421585533501,1,0
189.98962367808053,0.47791488193276555,50.72225256901614,1,0
189.97061615296826,0.5029892169786847,51.63719139634691,1,0
190.17491205939928,0.49775725628918177,50.92423012394569,1,0
189.90560855856418,0.3878959107087777,51.336239926507226,1,0
189.8239945609036,0.5002517270412338,51.55642149906558,1,0
190.33633088300022,0.4450247894691585,50.540182363558785,1,0
189.85458639675363,0.36943282772020225,51.00504696182155,1,0
189.981057807434,0.5211171499243749,50.99602844442389,1,0
189.89178723437732,0.5177027577683464,51.054490771557866,1,0
190.0325054286638,0.47082416516707504,50.91598462960377,1,0
190.2548137221785,0.5570683641724861,50.971094715747334,1,0
190.09633519625442,0.40826350753894003,51.48586127251176,1,0
189.91684588766782,0.3665484504550626,51.82797455411992,1,0
189.9612554420323,0.4240655432129594,51.140207848654796,1,0
190.0950440310755,0.4431459021595238,50.45562617993876,1,0
189.8925444877044,0.46044053510097277,52.133372728151286,1,0
190.09429731585763,0.4454882070747624,50.977958321780896,1,0
189.98013322843005,0.4105629595853248,51.322829019867164,1,0
190.12021622057807,0.5384380762027887,51.42795889249247,1,0
189.9765913984787,0.3931200026772227,50.81874058027358,1,0
190.03818024490155,0.4862550151070087,51.671446779293355,1,0
189.73020791375387,0.41037575887557926,50.92640974650381,1,0
190.120224348175,0.42441534291263217,50.92907386408282,1,0
190.0191105306785,0.463507404009386,50.544415002579285,1,0
190.08642654478248,0.41424395317736445,50.961233633176654,1,0
189.854580002405,0.47857339362151824,52.17708854604295,1,0
190.1279816095928,0.4289399324822701,51.86632901823352,1,0
189.93931860289976,0.31228138462796007,51.21786599089772,1,0
190.3126337154239,0.45621713419286836,51.492599760758885,1,0
189.7975076473175,0.45049115289692016,51.34068651235889,1,0
190.21819109519768,0.33936634898781337,50.85824738957156,1,0
190.0265069987752,0.46583770536921404,50.60025368287841,1,0
190.10498047036447,0.5245343773879448,51.46789093187365,1,0
189.95620068524792,0.48532347629926925,50.20504855157186,1,0
190.02034404350283,0.46841022445456576,52.336105067893996,1,0
190.31676844310505,0.40792489581093944,50.94408163440159,1,0
189.6236416701818,0.5266543080392893,51.2791045287347,1,0
189.9612289056416,0.35568362234386347,51.29217571660942,1,0
189.99729182486985,0.5382693938040252,50.932719512281516,1,0
189.94407788067278,0.45961461873023296,50.61239598954694,1,0
190.26693692146276,0.3328377631621979,51.9416640069327,1,0
190.01549386062018,0.4038559529742452,51.01874730005592,1,0
190.02147116423458,0.4375616703596898,50.84359596715968,1,0
190.0650508946364,0.4052880087818784,51.334508488722804,1,0
190.1758884439237,0.4432948737742277,50.684562921342824,1,0
189.62611937658997,0.6090452888294279,50.96202501750991,1,0
190.30203767119642,0.377743304224842,51.55076643608577,1,0
189.95048612468707,0.4690309487234873,51.729718277515154,1,0
189.92095478408456,0.4146200087168743,50.70817360551822,1,0
190.16483555366105,0.5314043315096393,51.35080045276325,1,0
190.15887412071268,0.30866524274437407,52.15662601040568,1,0
190.10874568581121,0.49341832960858223,51.10048150457585,1,0
190.0801006389548,0.6216137572128685,51.69841076440865,1,0
189.86935201077884,0.4707534018059746,50.40544119729298,1,0
189.87931547784942,0.46809590071530605,51.73067750848368,1,0
190.05821426589438,0.5284365385449883,50.870706713953545,1,0
190.1055508662271,0.4852942860231906,51.092124296677596,1,0
190.08739715921712,0.40490724174471293,50.05094335646386,1,0
190.01880927427322,0.4454350460405453,51.59288401947606,1,0
190.05478573683678,0.4249792544668334,51.18237104257991,1,0
190.11642920127085,0.4083166895150934,50.65543317904281,1,0
189.65250352260972,0.4141978792593193,52.089327823882,1,0
189.7458066636106,0.47729784689800997,51.32990061831763,1,0
190.0233043336457,0.5375735910659409,50.59550253083721,1,0
189.99318384171247,0.4275033710046327,50.88144125435009,1,0
189.90580823503188,0.467808237205422,51.11868685340942,1,0
190.0478812333237,0.4878421714923312,50.993786625267546,1,0
190.14272642140847,0.45321091479253417,51.34267523008031,1,0
190.0705516136492,0.4406512381154657,51.383237429286886,1,0
189.9248365735194,0.4451434134420405,51.12201582934147,1,0
190.09180479836974,0.5806317954740529,51.73404995922995,1,0
189.9534930437948,0.5265633611692654,51.142667278940095,1,0
189.7960779242995,0.4544197097282823,50.935118805763814,1,0
190.04927801598782,0.5558499049344474,51.20946141462509,1,0
190.0770272318555,0.4762870409487382,51.28363840656946,1,0
190.05361472149755,0.44733294045192146,51.085236231614104,1,0
189.81998704394317,0.5017238747668887,51.346647658420046,1,0
190.07297929878294,0.42312570288052026,51.74239633343675,1,0
189.9406249741133,0.4342436814159587,50.9805161054997,1,0
189.882176403637,0.47173435597516106,51.01901927180893,1,0
189.97943765687404,0.3695351872388039,51.27010760715884,1,0
189.97931257991002,0.48299770288437927,51.21960918772566,1,0
190.08743303967248,0.39833639359891965,50.96560848270897,1,0
189.8206653600956,0.46142934297057425,51.12012374295094,1,0
190.0059652016525,0.45557547037020263,52.326414886713906,1,0
190.1720198644448,0.3473861348870123,51.27571118572067,1,0
190.1012732871145,0.5326703881150743,50.979942994673266,1,0
190.10451540343544,0.5703421598494663,50.62991792656445,1,0
190.1134382881928,0.3429415511240912,51.74629458969014,1,0
190.05872967322077,0.5451949316748433,51.15909246855828,1,0
189.96742840284423,0.536429907724245,50.86406614344013,1,0
190.02410132033893,0.49002405915318625,50.876145868614145,1,0
189.80473488320268,0.42101200326663907,51.542046098842924,1,0
189.8920734898436,0.34765882331388137,51.592095983532765,1,0
190.01401431155128,0.40499232904911414,50.78735436689609,1,0
190.09274305729173,0.3845999931284215,50.947593359936604,1,0
189.79267134456026,0.5118368405416044,51.65274437382976,1,0
189.87743985595432,0.4411557444318924,50.744558273514954,1,0
189.90077310804426,0.46095180694745747,50.59380918999021,1,0
189.995661057069,0.3386352615766896,50.341435085549804,1,0
190.0768078050703,0.5000670276959012,51.986226472713255,1,0
190.0006215953452,0.4879158368609834,51.716067512316194,1,0
190.07706266631362,0.4098742397691482,50.38846926311053,1,0
190.0363097400418,0.5598962440832497,50.30535819275923,1,0
190.1321553549023,0.5788747187731775,50.73904557817176,1,0
189.9278098364743,0.4604340340046718,50.72478970459614,1,0
190.26774217103818,0.4659214784316572,50.6684684051221,1,0
190.09292187064182,0.5610166961688194,50.293595014525046,1,0
190.11311587408844,0.46747857198474946,50.78711722578923,1,0
190.25751789704546,0.4397844328898089,51.52123767352658,1,0
190.25954988436968,0.480479295758074,51.92976880057618,1,0
189.76580442581508,0.41673282783931553,51.044767770439066,1,0
189.8369511312508,0.47446992059664983,51.3917559557399,1,0
189.990928544968,0.4917447702330292,51.31544566578356,1,0
190.1722351895276,0.6554637950899427,51.39418667509645,1,0
190.16220091893138,0.3878961264450694,51.282881126864105,1,0
190.01889446235114,0.43218072577195793,51.64062163265498,1,0
190.08376018405866,0.5101241666883408,51.31740466382197,1,0
189.81123746571038,0.3066022387406379,51.51286466620733,1,0
190.10323159048272,0.4766559529760643,50.81068165874758,1,0
190.0036291497637,0.4298386798773738,51.085239348729644,1,0
189.90609052767562,0.5989396874661963,51.15282039406676,1,0
189.97069383874197,0.5886552325910656,50.67946815932351,1,0
190.05101712630815,0.41335753195625663,50.93720742265644,1,0
189.96225734638583,0.35454741778204474,51.361951318537834,1,0
190.0480318285065,0.3492334836614575,50.478749431649,1,0
190.06934569165176,0.4549992521149406,52.06341424981571,1,0
190.14197418966825,0.4672618616211912,50.84261545899536,1,0
190.07108184334652,0.4594509123897291,51.8153720457665,1,0
189.65934841339313,0.446548716600259,51.03460791070217,1,0
189.97631403630325,0.4924849571626232,52.02762826915241,1,0
190.1969992781039,0.5725349382471472,51.57379392742854,1,0
189.9707790257649,0.387569985301434,50.887217288450096,1,0
189.77061472104913,0.5982162976796193,51.17861985291338,1,0
189.81169035489143,0.47289065134161073,49.985715489096684,0,1
190.2788048276323,0.3852730729865116,52.119413118142795,1,0
189.92420765785445,0.4598159340970192,51.074270212121895,1,0
190.07379594719325,0.4646514871291529,51.23496428593643,1,0
189.99388055923248,0.41224875640777975,50.50667815816057,1,0
190.03210077851907,0.3065035607518078,51.08447948663199,1,0
189.94388566647166,0.42522160054410024,51.81038161820813,1,0
189.94594164252518,0.4242356694698883,50.59739406351148,1,0
190.18347832859092,0.35093900004473344,50.94752351838427,1,0
190.22945034751632,0.2986230714551856,52.24424341731973,1,0
189.72048512018497,0.5022614582625055,51.0598372002818,1,0
189.8701651182392,0.4752116124169888,51.704086952645895,1,0
190.0630571215271,0.3592515194741011,52.336414269096245,1,0
190.21468038621276,0.5179506742568017,51.360886003181946,1,0
189.87492629576673,0.46641859426046306,51.161938648341895,1,0
190.16068182741594,0.5085602365291154,50.36070596895543,1,0
190.1623530631779,0.4410971594246689,51.20499355900787,1,0
189.93271508233164,0.4743711926871918,50.988320426574695,1,0
189.93241436868075,0.48099061282204764,50.885475968766144,1,0
189.93298164318878,0.31335463105598815,51.78529502024364,1,0
190.04214857909332,0.5441606437843325,50.998105083903894,1,0
189.96024805327679,0.4800418441462732,50.81338100773507,1,0
189.88443127102323,0.5456163263149335,51.18183995203557,1,0
189.8462213915882,0.3005423653314633,51.69389003188259,1,0
189.9913700800999,0.3707644108668882,51.569209766605574,1,0
190.07757441740594,0.43559000499663153,51.764523009023975,1,0
189.7973981558007,0.371308015645422,51.13167253375249,1,0
189.96544850164207,0.4177584324594747,50.94402526344287,1,0
189.80249752315078,0.3666617176398624,51.18652433373326,1,0
189.83800487869826,0.3749868559787463,50.27120661373899,1,0
190.00105976556665,0.5055888264978254,50.477447218121654,1,0
190.15915004968772,0.4716860857991713,51.195032462111335,1,0
189.89461311235593,0.5416281021884517,50.863364435342916,1,0
190.1203151797704,0.5130297392552376,50.77894702916288,1,0
189.83506702356158,0.4130314095958981,51.015262343405986,1,0
189.90023425760725,0.5078231369692371,51.95650927642365,1,0
190.1687433218005,0.45938229306110323,50.789790630591476,1,0
190.0251440356182,0.412191767581455,50.66336923449677,1,0
189.85845221900584,0.42346786802685543,52.10721796569371,1,0
190.10451543419632,0.3772067582355911,50.65969028993004,1,0
189.86432096507943,0.4507512228691358,50.25668084044164,1,0
190.0980402899659,0.3551688940529587,51.99715834679925,1,0
190.0035810744636,0.32639530316744786,51.52517442762824,1,0
189.90244745239536,0.545945693210967,51.433218231558634,1,0
190.13150721776293,0.45012983356768066,51.77994490119239,1,0
189.9842465932123,0.3896300250485302,50.348168744605815,1,0
189.78609561786666,0.4587497873512597,50.80971552432784,1,0
190.07696621439428,0.43821290826413234,51.47094058792099,1,0
190.16183964501224,0.4930499832055917,50.80591098693053,1,0
190.1047119869563,0.5125437220053538,51.61224178590988,1,0
190.10648170676433,0.32482745651402806,51.778301983041025,1,0
189.9763922922501,0.40325975264790714,51.14612882526716,1,0
189.87011924573676,0.4834441603026502,50.86486566506968,1,0
189.8387822550627,0.4134511232954455,50.937046690324884,1,0
189.77707540784678,0.5033800014929612,50.47336569930971,1,0
189.94153904193834,0.4890215754383003,51.878292993487115,1,0
190.01923767120542,0.3113740682279003,51.15971829598783,1,0
189.85497391900265,0.4463697777693732,51.3169553461923,1,0
189.8932441436373,0.4966962988740137,51.66093567953971,1,0
189.80646468661158,0.40016020893517,50.79681536810554,1,0
190.32178900943174,0.46813639657951517,51.442225241751856,1,0
190.38510804769376,0.3924972505093757,51.128282942366546,1,0
190.14855719728365,0.4384580360575624,50.87653270625641,1,0
190.05828553903763,0.4038450352280374,51.29444976074845,1,0
189.83685764640865,0.4278092480256934,51.42433185353198,1,0
190.0695835110686,0.5766956263534204,51.57824513012176,1,0
189.95203668882135,0.4784982684647473,50.77043893330834,1,0
189.76593239069285,0.516864908237357,52.712808212374846,1,0
190.1233676139679,0.4972666009917377,51.772566081601674,1,0
190.0159047931983,0.41050660343827383,50.7365807133303,1,0
190.0945518712535,0.3403047582782217,51.474815740958235,1,0
189.9054478790772,0.5218720669141749,51.42500245345858,1,0
189.84067657379958,0.5494987514403933,51.14255470598693,1,0
189.8910318644418,0.48939885532043703,51.03411796944826,1,0
189.96139208529237,0.3675556996683218,51.93859640865686,1,0
190.1651339942617,0.42375980281221254,51.207885016659034,1,0
189.93507733313163,0.36097549865566414,51.826349196727485,1,0
189.92091320034547,0.4026393855122424,51.694566084329864,1,0
190.07298863775458,0.35168701923579887,50.96182351144262,1,0
190.18266725232547,0.5768866051119598,50.9314386716602,1,0
189.83485312731344,0.3487242024530596,50.610079839633215,1,0
189.92956045846623,0.40929036901599564,50.74523984847749,1,0
190.00262234570428,0.4996145476262219,50.800538535272906,1,0
190.18023767240442,0.4300616359062811,52.442160580316404,1,0
189.93805443964132,0.4321626174794899,50.49552125887326,1,0
190.07695109438288,0.3971849296321705,51.169043835272106,1,0
190.07055355783203,0.42763029900742844,51.51584367388587,1,0
190.16439679345783,0.42471019857194003,50.621692962714924,1,0
189.95866521815324,0.4217392448558869,51.35335276840556,1,0
190.12718874311145,0.4697484555885773,50.68720170378847,1,0
190.1483390023616,0.35325948431499143,51.723798249750324,1,0
190.2135779127997,0.598978427310608,50.6358797994317,1,0
190.20803180689614,0.43512064268233497,51.021396053847596,1,0
189.71489759974048,0.3904135757479502,50.69501599701816,1,0
189.86254654789468,0.5684025262241257,50.495375016796125,1,0
190.2120539396021,0.4184794944277888,51.425896565163754,1,0
189.78780074635824,0.34862745797049627,51.56344242113966,1,0
190.25578769704322,0.40944991972281786,51.274762312857405,1,0
190.1917013223987,0.37843900949029124,50.92448149359478,1,0
189.99597446738096,0.49566279813455627,51.78851206323645,1,0
189.6305366237154,0.3420435283776284,51.724152858211454,1,0
190.0224848269742,0.4017829647898136,52.065907863322074,1,0
189.94303485928663,0.5118618682470576,50.62493318477917,1,0
190.02863655995986,0.5346443076316326,50.88739741432481,1,0
189.91845900845593,0.33985289762187143,50.94810460817835,1,0
190.04789489065166,0.5263903329477485,50.79861582225289,1,0
189.9312340626113,0.4965406054040722,50.41990838471487,1,0
190.19645755210365,0.4916983824993905,51.54991056956208,1,0
189.87617307551608,0.46636083527353106,51.030236400476426,1,0
189.92552628551553,0.5178581321945017,51.32485793379933,1,0
189.78879400888133,0.5446017698992847,52.06913200918158,1,0
190.09811526284645,0.49482187905608355,51.82927259714053,1,0
190.1255756210401,0.5270732224056656,51.2862240000715,1,0
189.97001390272797,0.4104713777548923,50.843132174032355,1,0
190.08632025711685,0.4734898163912656,51.387844846835876,1,0
190.23772015738618,0.43078115112489435,50.70409691147868,1,0
189.90381690588092,0.46624353109727007,51.70537743040146,1,0
189.98115109997667,0.4183680530335791,50.53321292022619,1,0
189.93941531171103,0.4777974603345379,51.09120115685529,1,0
190.03162810505174,0.4741804662475866,51.325316360116084,1,0
190.05245405862567,0.4197973000690966,51.8677743337093,1,0
189.96318740882265,0.5163424096365167,51.866741320717175,1,0
189.8053027419401,0.4594726868948109,51.448072882940636,1,0
190.08078624193877,0.501358028559467,51.51144846473286,1,0
190.08779870126926,0.4629299336979853,51.15315037193015,1,0
189.9289322467875,0.40395907418610344,50.598933223908695,1,0
190.2356541467569,0.6007764092263581,51.04904947668383,1,0
190.1230907245852,0.5096280865110798,51.2437975767502,1,0
189.7328075402566,0.4138532938335564,51.022250544059744,1,0
189.89764468402592,0.5636706120033805,51.201317357316846,1,0
190.07837526821956,0.4844630235367525,51.53828864055008,1,0
189.97389941996735,0.37138798632939213,50.585994034206564,1,0
189.73687916081795,0.48812431107693693,50.98600305279262,1,0
190.0007613443162,0.5024226793468903,51.63446860115577,1,0
190.2433031931114,0.569219186394079,51.57238488458852,1,0
190.05806345150606,0.43234442670336265,51.02239640055862,1,0
190.17227625859596,0.32343283734615247,50.914795739154144,1,0
190.15218177112413,0.5704619991375847,52.10874383405121,1,0
189.98788060686118,0.51198479450708,50.51588412637594,1,0
189.9082227710964,0.36375121386036663,50.76239547103016,1,0
190.01630784083832,0.4303665817800023,50.97708686047557,1,0
189.9153003358601,0.462456616888676,51.09968774264956,1,0
190.10111766485755,0.40189445172450344,51.56836567700339,1,0
189.9332715519153,0.4060634556632332,50.86185863708211,1,0
190.09761066921686,0.4404874351961138,50.90146968563317,1,0
190.06818858529078,0.4302833815681482,50.97314785501889,1,0
189.89623493534734,0.3657596002487178,51.45399556475774,1,0
189.64158205108592,0.5425945028394286,51.234710676502395,1,0
190.16865787108875,0.4794985439570132,52.240566451869945,1,0
189.87374534933,0.3603288542738248,51.93583091047784,1,0
190.25456597149645,0.43025053867706975,50.1321817879773,1,0
189.882565675389,0.43836895861094244,51.17468559079841,1,0
189.77419200798468,0.49414822746902615,50.128560386328594,1,0
190.10571900057147,0.4126098191669766,50.418977116779686,1,0
189.94724920320402,0.3278648499426884,50.67070728971333,1,0
189.90491202823736,0.45441389623588035,51.08615064684902,1,0
189.98004453974605,0.44215097387612434,50.32219288105947,1,0
190.03602336401744,0.5196466977565353,51.50691927010761,1,0
190.11283048472635,0.3694927900956786,51.90852061425936,1,0
189.9875826149864,0.33093886686573176,51.22597412721536,1,0
189.88660221441103,0.5050416117337224,51.277110696053015,1,0
189.91763761787527,0.5154896600237778,51.3952453294202,1,0
190.09191645637185,0.49703838521537513,50.151371465700166,1,0
190.26919149362067,0.446372569249462,51.12837058608604,1,0
189.95416808170046,0.4802818016893238,51.514627285753484,1,0
189.57646985118933,0.4958454058108876,50.44951933766325,1,0
190.12188571206536,0.4526806973398567,50.17927481734613,1,0
190.07506590295407,0.5351974270104972,50.9208070466613,1,0
190.14820789129516,0.45419447963334925,50.82181956487383,1,0
189.76463198326346,0.38051457148146056,51.477349669319494,1,0
189.7265508380969,0.41312616083073544,51.169681762626226,1,0
189.97730231153133,0.38460767320069283,51.450081129814386,1,0
190.0538878914951,0.41190594736136404,51.15412003419733,1,0
189.76335341280063,0.4693216130596583,51.39439020256503,1,0
189.72547883922962,0.4949611127048701,50.95749079816163,1,0
190.07457047806955,0.4702637184306305,51.00351610103303,1,0
190.0823669055751,0.3755328163705356,51.35260885881672,1,0
189.73302669912914,0.4496293965622486,51.6245941350687,1,0
190.03093249037488,0.37782692395911815,51.0180993772059,1,0
190.03263329223276,0.43587360781229717,51.363676384304924,1,0
190.14397565378238,0.4036819217128746,50.79158981025463,1,0
189.78943899490326,0.4846015744696416,51.360303904042006,1,0
189.9127455648226,0.5136768688328869,51.71821167857168,1,0
189.63154364523703,0.5341139080827122,50.79094081973518,1,0
190.33534770062218,0.4923851981830925,51.710503761323245,1,0
190.02876594199316,0.430311907656307,50.678054529274576,1,0
190.14730608042768,0.4641287198223632,51.11340562722846,1,0
190.20100600761143,0.39240819106894903,51.19449086297915,1,0
190.03433849589297,0.47160694319530144,51.747159948927326,1,0
190.02594084667786,0.4784544084436884,52.02901767381283,1,0
190.09536674596438,0.5102929732324295,52.37067958010136,1,0
190.01694113477228,0.48109196324510184,50.86776674985069,1,0
189.9862171248508,0.45350947819050036,50.82196201019081,1,0
189.93201066426658,0.3992123120877332,50.59250985970137,1,0
190.13530050239882,0.36566725929984895,52.19462465165631,1,0
189.9366220775464,0.415096233718968,51.306168628869266,1,0
190.1625891523016,0.523445750156781,50.93140978681419,1,0
189.946456117762,0.5270140324829629,51.036851312926736,1,0
189.92444725349463,0.4587483548901253,51.654143527567776,1,0
190.00906019223572,0.5205072138991247,50.87329404366118,1,0
190.11900776219449,0.5014959158385321,51.076961370972604,1,0
189.78644484292187,0.4883112775324605,50.6522302382854,1,0
189.87600149787062,0.44649216783773815,50.6452987997848,1,0
190.13393610472988,0.48730924165161904,50.146556150283935,1,0
190.37256028742613,0.3970601903389349,50.99888740410962,1,0
189.96833226135803,0.3864921664303425,51.020348123126574,1,0
189.59920415778333,0.49924752325671795,51.13817907198487,1,0
190.02955270239505,0.4753468468343134,51.73347461811273,1,0
189.91930516849428,0.38125671408514916,50.79441504454689,1,0
189.96562889108492,0.42801918730661376,51.59689441496375,1,0
189.93999446037776,0.3996526462173475,50.805581121036646,1,0
189.9778072218994,0.5455702381967287,51.082135361512925,1,0
189.92572621802327,0.39422024566029157,50.89698577808108,1,0
190.09363696230952,0.4366453278617997,50.52156670681013,1,0
189.97946721264506,0.5094815402004579,51.59914703597234,1,0
189.7223179048686,0.42153277941116335,51.92950170365618,1,0
189.7860351181894,0.5141819402699854,52.32756594083361,1,0
190.00079576161687,0.5338743532867375,51.494396169163885,1,0
189.976437015671,0.4799448787683538,51.08253826608385,1,0
190.09807258161862,0.4365980068139751,50.510774841913026,1,0
189.83342925266035,0.4074428869819937,50.577297527310435,1,0
190.0868993406834,0.42797865222793136,50.72749826192382,1,0
190.0359979993435,0.5397985629604009,50.91731006254911,1,0
189.87928856323413,0.4372704216334675,50.36704292652707,1,0
189.86201561149772,0.4822253401040308,51.07293380478747,1,0
189.81686402791902,0.4982231879653907,50.97658302034328,1,0
190.10996836197356,0.49760880297346183,51.33285257817311,1,0
189.9151405753283,0.5780575590977887,50.971111247031104,1,0
189.90264609026377,0.4287817677640632,50.58463236719165,1,0
190.3432405140513,0.4979880818842333,51.453988762776206,1,0
190.04629711188747,0.42882729146505405,50.609982198807174,1,0
190.16949814031733,0.40311125503571954,52.294267650703944,1,0
189.93268787837488,0.5239979385240352,52.05988223736208,1,0
189.82467431704913,0.3689141578549434,50.97202723298553,1,0
189.89281339505325,0.4957379337335218,51.903535547983495,1,0
189.8975271506025,0.559920875348915,50.767526065256504,1,0
189.94280944834205,0.5155649111822368,52.023569495230305,1,0
189.77490383982592,0.4293632200671281,51.553676766756546,1,0
190.0908780983556,0.37930270129989035,51.555471382089024,1,0
189.879173753964,0.5019519974235437,51.22371681166908,1,0
190.0723326736804,0.5482752176515198,50.69652477579412,1,0
190.1404285904758,0.34681774459723724,51.376777659696124,1,0
189.97013368147242,0.3799989446008042,51.61579215571106,1,0
190.13124702802642,0.45788085444132215,51.46157268515322,1,0
189.5317555437202,0.554947149764867,51.970342632372876,1,0
189.84523174338705,0.4172622413067444,51.255687039506256,1,0
190.08588562120875,0.3905059690369964,51.86923369267276,1,0
190.12881202925306,0.3666708156885697,51.76934542830446,1,0
190.2334904524924,0.4069102801815512,51.250036175417186,1,0
190.3001275989134,0.530316806492479,50.657514709341974,1,0
189.91889162532698,0.50758973867639,50.81095405298353,1,0
190.08731494177098,0.5422591460427647,50.528027127762385,1,0
190.08159461664226,0.4216295976009115,51.62071385345528,1,0
189.6878531804254,0.41036531866279363,51.28117418441664,1,0
189.85188257764497,0.46286226205233033,50.99422543681701,1,0
190.1472980499605,0.4030745056138378,51.17482360296809,1,0
190.16840569189222,0.39018744711590553,51.457407194310356,1,0
190.05214243098254,0.5302991438681836,51.443414685020954,1,0
190.13507022201475,0.4116814817226382,50.853893362206605,1,0
189.73910869131188,0.47299826254059296,51.1956513661106,1,0
190.04924538400937,0.5424939116761722,51.54821479462121,1,0
190.0166297544865,0.38718666343746144,51.33577509456109,1,0
189.9216480316067,0.4344080627122772,51.04823436657844,1,0
190.0140502527013,0.3550422322558328,51.34897427671045,1,0
190.18215114435836,0.42246094393050154,51.019592241093335,1,0
189.8302453259152,0.4253650323305825,50.517597810039646,1,0
189.97241437194862,0.39599105453349875,50.278317191981785,1,0
190.08797954761764,0.5243251772359203,51.35121693508526,1,0
189.67205571448463,0.4440324601476243,51.00036918818788,1,0
190.0788496051013,0.33597473740753636,51.12580530244874,1,0
189.98723619523997,0.4735168614243236,50.920638885315846,1,0
190.13659179258693,0.48395030250935733,51.23849045478872,1,0
189.9663347561405,0.4241298038349993,51.093582296962325,1,0
190.0968983514276,0.5078622113437933,51.91407329725849,1,0
189.62020057272713,0.5217194562447506,51.817849050465576,1,0
189.92620208388448,0.5998369085325376,51.9410745211121,1,0
190.0943243974018,0.4002472461745679,51.064519302924914,1,0
189.7811461273546,0.5134479827749937,51.73835945961554,1,0
189.76286359880157,0.4425899844087462,51.25174525695459,1,0
189.96309385962175,0.5491576049693002,51.3416868444111,1,0
189.9299653375283,0.5973493085930411,51.90704797679633,1,0
190.15226460355112,0.39149031984021854,50.88988112887108,1,0
190.26286082636116,0.5105342064480493,51.38941661412265,1,0
190.22741507215042,0.3282583148981322,50.6231219179938,1,0
189.7424274399984,0.3901979985816161,50.67390868868129,1,0
189.88384008373,0.48854264317689544,51.503998426900715,1,0
190.08251600428997,0.4182776400084032,50.81569710222123,1,0
189.99413190360747,0.46866960148770265,51.4548115257629,1,0
190.01705345106896,0.49492766740666455,51.47831272588657,1,0
190.00479488732446,0.5749744329184003,51.39225352624086,1,0
190.13212802880508,0.3094967817575405,51.44687995174555,1,0
190.11902987614616,0.4802437143682103,52.35985079204272,1,0
190.12726495962954,0.41552834162815466,51.86022708250432,1,0
190.08503954893612,0.4271987542553049,51.30444571333239,1,0
190.21056637667002,0.36203969537414854,51.21229529421583,1,0
190.05731307354466,0.4495344526139615,51.60154372646399,1,0
189.9923031708906,0.40297829183816414,50.93508385323308,1,0
190.09406977593423,0.5048332020109343,50.8904486335465,1,0
189.86836691475293,0.4995965359133305,50.51705122588067,1,0
189.93927697579025,0.41441657992002756,51.89163386770149,1,0
190.0804134859048,0.5215331440545675,50.84984202737165,1,0
190.12161341660547,0.4438847487537895,50.69267780352992,1,0
190.0349958250116,0.4735335979386424,51.17924128434063,1,0
190.04878038817438,0.3905653637662853,51.56055941128153,1,0
189.92275051981503,0.4652096194553333,51.85328525117916,1,0
189.78391210921666,0.630941827416172,51.064003394078306,1,0
190.00166169260393,0.487756944968307,51.2892337086669,1,0
190.04333263217444,0.5126927379820031,51.08738044896319,1,0
190.34090738407232,0.3543509444547952,51.7393508205289,1,0
190.05354206630477,0.4421172156293993,51.00687984591691,1,0
190.05939068663673,0.4166377067654991,50.742141351451274,1,0
190.28921177984628,0.40463227841712496,51.870862666780276,1,0
190.15052541351776,0.507967515010531,51.03994717800986,1,0
190.09632225274547,0.6063287016519365,51.3755922213245,1,0
190.12624096772944,0.5289765817362956,50.41166638258435,1,0
190.24605303000442,0.36311780208962513,51.10771709482526,1,0
189.82135301001188,0.5387297001208962,51.340598058360975,1,0
190.1314690392652,0.3857195664612227,52.23694729787865,1,0
190.01725549957763,0.4204579622276793,49.56110151975178,0,1
190.17567953357533,0.3821581590658014,51.31065093867714,1,0
190.23696866896043,0.41853641060006386,51.360842234884444,1,0
189.69326787804644,0.35782287763292586,50.89919622731661,1,0
190.0129668614286,0.41827120259900546,50.74966801037073,1,0
189.87562154779587,0.3870598602395409,50.48387822483619,1,0
190.04154995158663,0.5094466716619138,50.842539217245935,1,0
190.1117681655138,0.46788210694786464,50.703574344443695,1,0
190.31609517601805,0.41287528241229765,51.06575243145272,1,0
189.93916951393544,0.4745181389898258,51.10808731920355,1,0
189.9607647952507,0.257763024911715,51.87062351994186,1,0
189.81065957932017,0.4046803628654537,51.11460831440355,1,0
190.1366754349397,0.5785901630243906,52.631434210344,1,0
189.91740924937807,0.38362749318259814,50.06060107533169,1,0
189.94233455949072,0.5615062407031873,51.074240130905906,1,0
189.9089418395182,0.4132300913765429,51.93152434972237,1,0
189.8172854365034,0.45424366926919235,50.85234024645101,1,0
189.70308361406538,0.43594612333162963,52.58198173177072,1,0
190.0306065572753,0.45791696805560267,50.82578395566845,1,0
189.97180380629436,0.43599562387781343,51.599561537168455,1,0
189.80646822635137,0.4962596085534167,49.929472082668106,0,1
190.07613293275094,0.5015345308794295,51.84235172381928,1,0
190.02411871368216,0.4007706057488998,50.7235150599821,1,0
190.03274050879043,0.4825012611054345,51.45041529977196,1,0
189.79326093956945,0.3849233058151926,51.275163748330556,1,0
190.02781816828278,0.4934512258920894,50.278562797888526,1,0
189.8965933673145,0.4871217979927724,50.2093123868116,1,0
190.07826899361092,0.5069246280964472,51.31151968375257,1,0
190.2785444542265,0.42893192443289346,51.47943872386172,1,0
190.01414587876852,0.45352721083935066,51.91501089839692,1,0
190.225616881801,0.456131125162696,51.202769556890566,1,0
189.9378043500333,0.5508750176655496,51.329322259390494,1,0
190.24370038845657,0.4376395279892377,51.06626455835577,1,0
190.05392376975644,0.4433036120520143,51.394397504380144,1,0
190.0368299818209,0.4604996368559986,52.590465431537595,1,0
189.97029027661026,0.4520622888641255,51.92325925187903,1,0
190.06773163731927,0.48035762481423694,50.518533553116896,1,0
190.02290684344547,0.4824769842566027,50.86897289844264,1,0
190.07858465437064,0.34490337000495036,50.71611416785653,1,0
189.7957407924238,0.5618591492354935,51.44233103265855,1,0
190.043701870806,0.558061331114526,51.307983375636184,1,0
190.0962302513438,0.46596350937836034,50.94025626752166,1,0
190.18272290859423,0.5113071673106621,51.14048134912942,1,0
190.1805394068714,0.4560770212929821,50.57226668124927,1,0
190.11157457381222,0.5617308740937165,50.882668559029256,1,0
189.85333686180883,0.5203491131944938,51.76521530360508,1,0
190.08698051355307,0.381264271894481,50.65784988654448,1,0
189.8997560254595,0.46637989276621417,51.140393658343896,1,0
189.98339482734374,0.42728356821030067,52.4675218850099,1,0
190.2921148715198,0.37584253035649656,51.23093134295554,1,0
190.2468235810588,0.46675186691614634,51.751633851624796,1,0
190.13684948710974,0.4183585524033467,50.832523593352676,1,0
190.0240700270873,0.4845196307038151,51.37769920253504,1,0
190.06150911062568,0.36617106962387946,50.9932641723224,1,0
190.0193148801535,0.4128132759751126,51.9054108972779,1,0
189.75215316367985,0.4575790798954394,50.89917115740724,1,0
190.37013059433463,0.43024139975372383,50.92415352008606,1,0
189.8470234696935,0.4561875334016349,51.711048575574495,1,0
190.17060464875976,0.41976621448820567,51.184216482891536,1,0
190.02997601540767,0.44607119271812046,50.840399315563864,1,0
190.02840106039818,0.46923460620398905,50.84019758786157,1,0
189.96599168410586,0.38930681857306165,50.68848250386494,1,0
189.7917768388959,0.4406038061022167,51.12873662420142,1,0
190.07276952258513,0.4865890036060224,51.527691173072206,1,0
190.27626664024197,0.6483881675404717,51.85168463558818,1,0
190.14392907038496,0.5657462118367517,51.08825536055074,1,0
190.1673401528731,0.4025174334514713,51.76016482346657,1,0
190.02873464062014,0.5421592779254977,51.658456387415036,1,0
189.91141448458825,0.32935225718658606,50.93044682464447,1,0
189.8004502828503,0.5826177137652028,50.85339250158496,1,0
190.2872129191052,0.4508223752933379,51.069163053710895,1,0
190.12010202423505,0.40171786860565756,51.85636962564869,1,0
190.05937291174308,0.43471540449554075,50.7667336289837,1,0
189.74112107810535,0.35893314445684754,51.10621387559377,1,0
190.13690680238312,0.49595039471106295,51.38007139484378,1,0
190.02479090797235,0.41793872354781914,50.756943457667646,1,0
189.90788246844662,0.3057626098039065,51.13966893161423,1,0
189.9046368511807,0.3501198176703258,51.01392157770669,1,0
189.8608598329286,0.33943674692054315,50.20410435861878,1,0
190.17965365979106,0.4413056686390285,50.30650506750519,1,0
190.0542257953653,0.43358531680617596,51.25969202415473,1,0
190.05988273769162,0.4402871067916946,51.21754936651949,1,0
190.02788426273946,0.4574736912855119,51.29371613935505,1,0
190.07122831110058,0.3766673682727533,51.44320479155814,1,0
190.12231238946708,0.5113451218863828,51.30374427371479,1,0
189.856339803005,0.5809657054150408,51.21012239240832,1,0
190.3213177416128,0.401388237087298,51.79550529380644,1,0
189.90076441615642,0.4028843490713255,50.688188089246424,1,0
190.12124574692444,0.41169699010858946,50.66590326302856,1,0
189.7752699213474,0.34649594761614866,51.568343919195414,1,0
190.03277243279445,0.4692505762699744,51.32466733249637,1,0
189.99324635045167,0.4527750499187003,51.28996603149627,1,0
190.0389772877583,0.4011537880174838,51.20505104538142,1,0
189.86377275570786,0.4676450724222841,51.44031758282644,1,0
190.04487720414986,0.4445467815176777,51.29385706361215,1,0
190.07318416916166,0.3862487340812196,51.61851973825922,1,0
190.43172214272036,0.4004555428090263,51.30695181340541,1,0
190.08737696884413,0.6247401144139861,50.680778561117286,1,0
189.87758661444818,0.39224758551031547,51.652503399974755,1,0
190.22636220739844,0.4818375920454697,52.41922455649657,1,0
189.94409878063368,0.4164479881930364,50.726419486286844,1,0
190.24843636425476,0.426126391262995,50.6513932624905,1,0
189.86054450889955,0.41427602554897847,51.08484126524254,1,0
189.9579268822964,0.47475012404390315,49.99711647547862,0,1
189.94622778496597,0.4408694847259176,51.02600979063856,1,0
190.07981873752712,0.5541513605778069,51.27626313349891,1,0
189.9337630886561,0.4761412646808723,51.57682606669004,1,0
190.31999800737995,0.38593228676855174,50.441015637372374,1,0
190.1001361146754,0.47858161150130707,51.43008604483137,1,0
190.185571916764,0.5231142689544962,51.441344024289364,1,0
190.0129410980498,0.38065408337014206,51.0915068117511,1,0
190.27278181817613,0.3665878014961081,50.2115020964137,1,0
190.04812314298067,0.5747924932993191,50.0049059047885,1,0
190.20195926588573,0.4171516656248169,51.66615543109074,1,0
189.85031889507098,0.4846350489658478,51.45015593098589,1,0
189.96639956822582,0.28956607399712214,52.280440974141555,1,0
189.88873230512527,0.4832828793381609,51.50683422702592,1,0
190.23494025108147,0.4444687020173047,50.891715697201114,1,0
189.9388308968878,0.4707903309115861,50.66819725906866,1,0
190.07216510530657,0.48617506793327253,51.14762386773772,1,0
189.7976491444761,0.3849916584629009,51.76247413964153,1,0
189.93683068229834,0.38420086273496473,51.016321225243836,1,0
190.07941747561213,0.42440875146190576,51.514444358864175,1,0
190.06285882056972,0.3815206638932445,51.35816141917812,1,0
189.87038414990886,0.4662943080830071,50.15029379940688,1,0
189.9917802183269,0.41350628298821734,50.201053498247035,1,0
190.14253280750765,0.35742195449937986,50.60966594157574,1,0
189.5458478654465,0.4407941212903053,52.31307175651915,1,0
190.11415970354105,0.40502280243649497,50.760011939180096,1,0
190.1231677579551,0.43514710381096156,50.33295995196555,1,0
190.04534040848915,0.4709654104395828,51.20580199681817,1,0
189.77275071146502,0.4249451277318526,51.73812466421751,1,0
190.10675165462646,0.4282324681293759,50.854377501205704,1,0
189.89984346379387,0.43038679605661534,51.19316879192338,1,0
190.0403092409633,0.31922917023872366,51.31657900062984,1,0
189.8203591548093,0.3640856284283,51.07750752685056,1,0
189.89357220555647,0.46324983044131635,50.722119084930405,1,0
190.19112201722234,0.37599334152670383,50.75243915426427,1,0
190.39000827072806,0.4485342130601941,50.69419358911417,1,0
190.00576771732273,0.41540454563351464,51.40710014614652,1,0
189.8081792395765,0.33406128502977184,51.199262439148626,1,0
190.2055630281116,0.32036748464076936,50.96419062178743,1,0
190.0397178467791,0.531894583854623,51.81107187493334,1,0
190.23775419943746,0.387418275675023,51.94234030287455,1,0
190.0872228228413,0.46598369263358663,51.02395488438394,1,0
190.09937618569393,0.4906065302780915,51.58424727243555,1,0
189.96690148339644,0.4861460846079529,51.66022297290796,1,0
190.00016430608417,0.47111850718662307,50.93282780983248,1,0
189.71961638946573,0.39029917180774987,51.217738764670074,1,0
189.9157462341059,0.4390079985196118,52.41698244676796,1,0
189.74440929272367,0.5509045260828664,51.50000336241864,1,0
190.1083484825789,0.5606387581029668,51.13397146544647,1,0
189.91124930145847,0.4125397596344664,50.90994580631192,1,0
190.26394736324576,0.40632382965848163,51.65019150297247,1,0
190.09660882940528,0.38074277811167306,51.037974966828,1,0
189.86561599770786,0.345007502948896,51.034070366171925,1,0
189.803679028806,0.4857775580164382,50.94524419583823,1,0
189.8755556998559,0.46286263719789994,51.19084157997312,1,0
189.769352422962,0.40375410471968176,51.16351310999467,1,0
189.90755055461977,0.2695046172244666,51.39328605109897,1,0
189.89638495929222,0.44804269470051106,50.797454093397675,1,0
189.83120617817107,0.5036795018231387,51.10694756437685,1,0
190.01524840391312,0.4727290602337661,52.02989395144327,1,0
190.16078127563216,0.47147742460377745,51.97596792581162,1,0
190.0986854498684,0.43741288576406717,51.740494839917545,1,0
190.04083188223098,0.3587755675871554,51.00310795577905,1,0
190.23405648292788,0.48203787956352395,51.241939316410864,1,0
189.8059325454469,0.44988339785648046,50.7396179174037,1,0
189.97660463350533,0.45340953372956183,50.96797830772853,1,0
190.0202580272803,0.44542117877803133,51.02326620303663,1,0
189.94773289119502,0.4139314581761205,50.72371296794736,1,0
189.87481748503797,0.5376007431744111,51.79785643268607,1,0
189.9210357142177,0.4936810776999729,52.01645581073601,1,0
190.26058174270207,0.42689616309275974,51.228805462199325,1,0
189.86594523622878,0.39576163552285126,51.91446236194239,1,0
189.72180721637787,0.5236710653060027,51.819558675447496,1,0
189.83857459479214,0.43343565911725246,50.649592696552794,1,0
190.06543104685582,0.3861582029560579,50.87367268335847,1,0
190.21161537057017,0.42198079862964827,51.68024561634134,1,0
189.86986403161373,0.5023724003687047,50.775231094294924,1,0
189.70068028695414,0.42906813672686633,51.5961998639395,1,0
189.9843598750754,0.45336228150945634,50.81266003185401,1,0
189.83739703068343,0.27401167538122306,50.52577004926699,1,0
189.99703159734418,0.4148884001529161,50.364375566106126,1,0
190.10155889724624,0.5088608269826708,51.34233792770886,1,0
189.97725761862048,0.3964266542235422,50.826816074161414,1,0
190.15699038103645,0.44872883051983314,51.52885497561594,1,0
190.003677368023,0.29862931994301495,50.835080451670414,1,0
189.71727048388865,0.429891843857374,51.92030715414963,1,0
189.93954449916072,0.3939680398967596,50.72387348064592,1,0
190.11395480927703,0.3498750423667241,51.14146138057534,1,0
189.98634529930416,0.4802828672551639,50.45390765814166,1,0
190.17484266037306,0.44820170973567897,51.57060808762921,1,0
189.59838237494512,0.4015972510324528,51.52083321560939,1,0
189.92514105760714,0.46981245456362186,50.95504681857387,1,0
190.01530811073073,0.3892516387797245,50.761977259214945,1,0
189.8877181807319,0.4019447392936276,50.19174459115582,1,0
190.10996962886193,0.5427254533069427,50.682242977861904,1,0
190.1866384344599,0.4994912167580876,51.81424484178541,1,0
189.55003015703343,0.37813831437104745,51.14256740637691,1,0
189.92498549390072,0.4382385659021699,51.17098603402168,1,0
189.928327455038,0.42152074981123844,52.059932527865605,1,0
190.29428973766244,0.4697264292290652,52.093247990128305,1,0
190.1272931922712,0.4484514614260783,51.93314831677073,1,0
189.85649664817916,0.4084024758633931,50.77015397268044,1,0
190.4649054918052,0.534666272563096,51.054842239177056,1,0
190.07384110894048,0.5275545792498963,51.21557213540787,1,0
189.86085234130877,0.5238491303800171,51.20419745234895,1,0
190.16843942243196,0.36592335631015716,50.647498789853465,1,0
189.82458845982973,0.5148327633904198,51.529924294612044,1,0
189.7135573988764,0.5022298947873065,51.10105417537933,1,0
189.9185397923313,0.5417020661260248,51.38681502040292,1,0
190.15630930162172,0.443027547250496,50.61063907821704,1,0
189.5346402790091,0.2975734066584092,51.887138442558594,1,0
190.09531670298787,0.4401039628737188,51.851094893081346,1,0
189.69430825358506,0.3263414114629181,51.0300528299522,1,0
189.93306325443012,0.4168624131740618,51.79147026897915,1,0
190.12679947170506,0.46930433302630753,50.75933164127128,1,0
189.97191223250223,0.44619028605918687,51.09597037395437,1,0
189.6818094621756,0.4110079097108434,50.5017594045352,1,0
189.95786603264185,0.3792189705395173,50.68140265853787,1,0
189.82561292337238,0.47527741167747695,52.153944477876244,1,0
190.12877770330493,0.4216193781722181,51.38020232391654,1,0
189.87934574465953,0.5779107729536479,50.36400431052381,1,0
190.10402311185814,0.42499556230402696,51.068095631516925,1,0
190.0594955072122,0.36010341383288935,50.49190113080006,1,0
190.07123891085465,0.46034479753803764,51.11980414687795,1,0
189.91798323821203,0.36882005565403075,51.0341782429877,1,0
190.20091157919677,0.3960833204888442,51.661141072891816,1,0
190.0785705372162,0.3813641438255589,51.733655136231384,1,0
190.05854901419747,0.4647312016989367,51.665671356989236,1,0
190.09529146056926,0.4414724007053765,51.69052347293855,1,0
189.71399338438462,0.3924398823372568,51.62331263590889,1,0
190.07679279538425,0.5122401832768064,50.99246663028198,1,0
190.0365977481783,0.38433879102235263,50.91749268206686,1,0
190.46650329950896,0.4851835847640014,51.25560493838423,1,0
189.98648784971482,0.4478364235419592,50.726570519078734,1,0
189.96903509406738,0.3939889257796102,51.3162091979312,1,0
189.72471084447957,0.40473328420955507,51.069850991289634,1,0
189.8976776637747,0.4716135385257033,49.79013564885807,0,1
190.07002818303002,0.32362206424251694,50.959744993587215,1,0
189.983602889812,0.2965378192447101,50.96457848162765,1,0
189.80886903650787,0.4063337410520828,50.747671881438286,1,0
190.12628490792136,0.5592317910512139,50.233842305474276,1,0
189.90448832275325,0.4139458058614238,51.368724858473165,1,0
189.79190937490617,0.42803348555564036,51.1424347618854,1,0
189.83254395607813,0.5777390150756241,50.99575584862152,1,0
190.0256872561846,0.39568265837872124,50.199299804152524,1,0
189.9151918875444,0.6506932598620943,51.33010098305665,1,0
190.01615795200806,0.4144347910509421,51.44098735583052,1,0
190.12843286554974,0.534086542371205,50.80008176800205,1,0
190.21561036552848,0.48414867450112103,50.45625718306992,1,0
190.0269282573482,0.37697477903882437,50.47540020619292,1,0
190.00514847271074,0.47795902691674597,51.026224025001966,1,0
190.01062968147627,0.32714503361825115,50.881890561952304,1,0
189.96604628200697,0.40858336321876987,51.87096454585877,1,0
189.99094019073587,0.4059519572928153,51.03418872232721,1,0
190.1332215833207,0.4347233830231137,51.00775047626376,1,0
189.95138433603174,0.47341116276363776,52.475748865524345,1,0
190.0188765485683,0.37916399511393933,51.569403186851886,1,0
189.96455676835114,0.4352601211075807,51.25598627085398,1,0
190.19071412102602,0.5327654719000938,51.71745132786599,1,0
189.96684416431862,0.3569322727064621,50.8830995976174,1,0
190.13866626462277,0.4653624792132439,51.31521881691655,1,0
190.2116127105961,0.5420974091295434,50.99680400878975,1,0
189.89771047923884,0.44783324315852746,50.702888786036176,1,0
190.2208316423646,0.3966688059200127,51.12735182003771,1,0
189.8524469816284,0.43879034454048976,51.6947078132735,1,0
190.1650622451071,0.430005789332356,52.010069768011164,1,0
189.73504419965948,0.48058808883330617,50.219483652399404,1,0
190.0697952421198,0.5544195367937853,51.787013591309616,1,0
189.929393613843,0.4782473277595481,51.180481434656265,1,0
190.27792350820673,0.4884283307268491,52.428918113163164,1,0
189.92796366811464,0.5937874611843081,50.70469194756161,1,0
190.05700587705388,0.360957753271017,51.00320098324409,1,0
189.7225045818269,0.33967795206620355,51.02917369715788,1,0
189.8459050549496,0.5389943241572398,51.32188525279788,1,0
190.2112833887716,0.4476774495297558,51.66558820561899,1,0
189.90841966673608,0.49508513004636256,51.10237898620015,1,0
189.93941681745164,0.4585068337783456,51.170331958385205,1,0
190.10217761073844,0.46329369362443434,51.10478842813977,1,0
190.3560668901473,0.2607813275328085,51.046924697081195,1,0
189.88774747560691,0.3705949927408744,50.85992551668117,1,0
190.14515076695199,0.4633512877485668,50.92918942669383,1,0
189.8636795517513,0.5925672527754522,51.7483082408621,1,0
189.94777720026747,0.45757862463203297,51.960154578290854,1,0
189.87709361059493,0.5554234640248543,50.97583693537947,1,0
189.94819250233044,0.4208023217092729,51.598096267480486,1,0
189.82808293364835,0.3551913279632857,51.1738227773721,1,0
190.130368761292,0.43469044046610156,51.47040179651848,1,0
189.9320119862407,0.5473308450252377,51.66009044214358,1,0
189.87444744507636,0.292843787021746,51.48365023630471,1,0
190.03472456774665,0.30069327757006786,51.14480751673339,1,0
190.04811872940644,0.47960605481073504,51.519802154482065,1,0
190.0401060462958,0.49441935095223055,52.51261982028992,1,0
190.22303541276997,0.6045372928629195,51.5923562978226,1,0
189.71000899464582,0.44303941842633515,50.91874393649898,1,0
190.1018800032917,0.5205619347733962,51.00600165257403,1,0
189.8071920093066,0.39237223533803967,52.1159406694603,1,0
189.61361559116784,0.4021927967038416,51.08008032411239,1,0
189.96511195216385,0.43093403007025205,50.845652447291016,1,0
189.97239867317407,0.4304357335231407,52.48474770574594,1,0
189.8826112042251,0.43244050450974836,51.34217712486323,1,0
190.00368567881208,0.3880691161897576,51.44234905859761,1,0
189.83930330315275,0.4412491204156592,50.506070014398475,1,0
189.99558925061467,0.43483466044153557,50.88093928711813,1,0
189.86161386233667,0.43453146746793164,51.49853704113623,1,0
190.13475035240612,0.3991525046287543,50.60325532009092,1,0
190.03545507093483,0.46787625403264177,52.05265992847544,1,0
189.9703480510572,0.3769650098996657,50.96869014237604,1,0
190.30102783344367,0.48662651961844483,51.55764311636838,1,0
189.75846202493923,0.48518112362482957,51.851936465739556,1,0
190.00127014877168,0.5433214230801636,51.13597345943541,1,0
190.24803469566052,0.35845625607455944,50.964060532470064,1,0
190.30922330369387,0.44949641552810077,51.67588896121124,1,0
189.89974443835962,0.4309153763194782,51.509344310249006,1,0
189.80574458532504,0.5142971564889205,51.35050069207767,1,0
189.89740860403668,0.39471572734223714,51.41444769758921,1,0
189.82717820863363,0.4467601906609516,50.836515419497076,1,0
190.2661428381172,0.4095151240424657,50.674828005753696,1,0
190.0749337808528,0.2708638779504168,50.791366943117595,1,0
190.02480491936814,0.36850455647717517,51.18964100722559,1,0
189.87688995691994,0.46973778800560234,50.920971162720214,1,0
189.9442858329037,0.4793873657807784,50.938007418794506,1,0
190.13188396042588,0.4598381099529785,51.648772766880334,1,0
189.95599944471897,0.47489378366554197,50.716197020915985,1,0
190.0274963373349,0.5205873849882551,51.48167708607021,1,0
189.82740709834195,0.3808857836418452,51.107908666716774,1,0
189.99237766647397,0.5510953126127791,52.18069010516654,1,0
190.10589986726154,0.3968296904834457,51.074776131302,1,0
189.96835156209963,0.48439509506614004,51.255347055200836,1,0
190.01807042515898,0.3748894690690328,51.37786911829043,1,0
190.012897442558,0.4127998270374769,51.12689798897747,1,0
190.1057272097985,0.38902344465373584,51.89420383967415,1,0
190.05658306286747,0.42937161747062086,50.04207928003842,1,0
189.66054190101525,0.37343976294834075,50.379137346812335,1,0
189.8228613406586,0.4000977306405991,51.53712154395132,1,0
189.95151842990495,0.4586033625649967,50.04007068363842,1,0
189.98718267537055,0.42722318232985385,51.85344058968627,1,0
189.9271922428154,0.524299046985466,51.13604120402779,1,0
189.90835366482443,0.3827627482385033,50.940900657228184,1,0
189.808690557447,0.5065561759576664,50.76772646799241,1,0
190.06182969033873,0.4337511015637063,51.632790262235474,1,0
189.83433780321715,0.42618041473611024,50.42074478603612,1,0
189.78727312732565,0.5011264160410188,50.83045107890763,1,0
189.77096972598278,0.37272939784435016,51.217059712850606,1,0
189.8859451091789,0.3277807224691284,50.863113280188536,1,0
189.708451918242,0.4442220905272208,50.894268705166255,1,0
190.12017482199676,0.3456295350915837,51.081118021899506,1,0
190.06261935215235,0.5750260035637775,51.218679638006535,1,0
189.8239768155187,0.4864861002106053,51.16149056246595,1,0
190.32714991585965,0.47827750893068777,50.76352930743473,1,0
190.11249540106365,0.38648519165313766,50.85452709411508,1,0
190.19143933318685,0.4542704649737967,51.11936293360452,1,0
189.81938474022456,0.4853632322738729,51.2184458399123,1,0
190.18872908378492,0.3605751576310236,51.24680484128685,1,0
189.8988031130403,0.5788398235252951,50.89550235970341,1,0
190.06577461481865,0.4462640460949528,50.69806326464865,1,0
190.1122471405559,0.3973219630823557,51.54596639587566,1,0
190.25064770387013,0.3701409018272169,50.696136381005665,1,0
190.03093131546305,0.5636460732350227,50.36191668642424,1,0
189.89290121480886,0.4376503320186754,50.91567760061964,1,0
190.05840192191152,0.4639302067237717,51.143261352274905,1,0
189.68316849144267,0.5837250776934223,50.99697810653206,1,0
189.98501413067058,0.480757231172728,51.205111416797614,1,0
190.09083530324236,0.41286753474075577,51.35443904976944,1,0
190.17195735524663,0.49864187215377986,50.644879812686334,1,0
190.02558106197648,0.49115182625123066,52.34125284672114,1,0
190.0169407618335,0.3336417934033773,52.2700250920014,1,0
190.01132636825403,0.40391233578719055,51.58762424889111,1,0
189.84138657474952,0.390130416460054,50.45691065057772,1,0
190.14703135023206,0.5145413384294811,51.898103562639946,1,0
190.1458180674582,0.4610463049250781,50.807183518749014,1,0
190.01418079513758,0.414972134702503,50.519702479402646,1,0
190.0171353473123,0.4868108833388996,51.41752471776251,1,0
190.16251141266628,0.5140184813694799,51.114353242930406,1,0
189.9988056064801,0.5048320346313377,51.69860819147401,1,0
190.26669016635424,0.4185993044821373,51.3004552037658,1,0
190.0922977692447,0.3379138349925823,51.89138085021064,1,0
189.7024697977585,0.43470123395368254,50.932837353481894,1,0
190.06456783607118,0.37628984532223125,50.75400617233021,1,0
190.02437853359314,0.45925166910885634,51.90870834539331,1,0
189.77853137713706,0.4265820004898655,50.946477283658126,1,0
189.80067568813166,0.4235682364995542,50.72014504754633,1,0
190.31864215299228,0.2962075840691254,51.36869660158153,1,0
190.0511323364385,0.4647139799965084,49.969259661634126,0,1
189.9025361116102,0.46750553790754285,51.451514319861545,1,0
190.11365025062258,0.5191350075981859,51.46942227688893,1,0
189.82902096122044,0.43648668393423845,51.60600413296978,1,0
189.91717920432978,0.525653692925475,50.860956387142345,1,0
190.11515035526398,0.3899408402196012,50.658125355679964,1,0
189.91973649523084,0.428195643572664,51.64749573794338,1,0
189.95089335034686,0.3859109419722523,50.67826857865875,1,0
190.0886395972363,0.4277379907972338,52.05152228162163,1,0
189.7220848011574,0.37211983296088047,51.24886785170357,1,0
190.09788701208097,0.403397519540858,52.40134861915921,1,0
190.31490319625843,0.47699759109782036,51.389864001558415,1,0
189.86829340915614,0.41609965687276224,51.69901218032684,1,0
190.05445053672875,0.39214017327166784,51.73470527150281,1,0
189.75039095007415,0.5234486341706232,50.85247091816124,1,0
190.04020245985583,0.3259536084642384,51.46585915753898,1,0
190.0334809345056,0.5051462016880353,50.704038858111986,1,0
190.08369297718775,0.43416172941578396,51.26435868241308,1,0
190.0346704844379,0.46163952804244723,51.456115817540585,1,0
189.88142337760186,0.5096066257747011,51.35405906639301,1,0
189.93340346811473,0.48392323751107874,51.11139486336216,1,0
190.01755377879337,0.5252868255402258,51.20363125865952,1,0
189.85008566203817,0.43150416014701476,51.44791837347057,1,0
189.99235461240008,0.5936259648541279,51.45664323898543,1,0
190.17948811723585,0.41548364040476893,52.43258304995064,1,0
189.99815774912574,0.48482619730973786,51.72270506288535,1,0
190.27634298582512,0.4743050031021782,50.276987879276234,1,0
190.14405129779058,0.49482980829529233,51.90155139027953,1,0
190.12200259669652,0.48589871330899503,50.98612629857011,1,0
189.98586186197005,0.41213244920224634,51.311423731753194,1,0
190.00328653032187,0.44995542146098283,51.398091229751216,1,0
190.26113610200474,0.44011115890021013,52.26491250638098,1,0
189.9813256203612,0.5778854009947028,50.483632431469324,1,0
189.88708632347843,0.4812809906535141,50.0018418788734,1,0
189.9690349785955,0.4632877408291331,51.00409452109626,1,0
189.93050869740642,0.3586929642155435,51.15867922413606,1,0
190.04220782540443,0.29981372925187855,51.24961458058567,1,0
189.75499412058014,0.4411542086227818,50.84477045790624,1,0
190.07248279298756,0.4511896443089473,52.244264297537015,1,0
189.84100389553464,0.44936692462646455,51.14509795482322,1,0
189.9504431272765,0.4179346141678151,51.21396523799458,1,0
190.09081241677208,0.32997953487521814,51.07878289080695,1,0
189.91728159219826,0.6109279204770751,51.792871936866035,1,0
190.1336145529701,0.5022527316745021,51.83041276149148,1,0
190.11707475490752,0.43247090009046846,51.00688606465575,1,0
189.95230461844355,0.4575642077389257,51.4759882104429,1,0
189.8831273607483,0.5241906523280451,50.46544645212409,1,0
189.7664626355989,0.4309574354143396,50.60167357771357,1,0
190.06198754017123,0.4049842368053904,50.94974265176156,1,0
189.92607347288873,0.5120747089999798,51.513374779584886,1,0
190.0082901585365,0.41518650707463706,51.52409020414151,1,0
190.17540168750202,0.3922703643460182,51.568743291454474,1,0
189.77339677457897,0.47245205233993165,51.51666530226276,1,0
189.93047762186535,0.5110303393808651,50.89872184274097,1,0
189.92915105223003,0.5816996156759888,50.958812089507916,1,0
190.1368114808437,0.5550428282212413,50.843811068103214,1,0
189.74324534874637,0.4001338305777162,51.80544669338524,1,0
189.83188718842308,0.5891264375475547,50.86297940571249,1,0
189.77538979413526,0.45838733287551453,51.588923706169645,1,0
190.18170886130392,0.43935537223175847,51.71819177364698,1,0
190.0484118292073,0.5078937571865602,50.32721369396454,1,0
190.01764748110799,0.4197620709728143,51.68985860999416,1,0
190.01929604377113,0.5145937095629213,52.0519283810713,1,0
189.8670349906827,0.5261102205166697,50.790172704792035,1,0
189.77139594496643,0.4585794963303469,50.81698142207775,1,0
189.96252687725845,0.4081646692843859,51.10601484929231,1,0
189.78053613060314,0.5657502732572846,50.87512124728998,1,0
189.90799623150977,0.3757662369069273,51.20703292745083,1,0
190.20984367735298,0.4113704024840056,51.849525253383646,1,0
189.83762188478005,0.3481748039199422,50.76009857023918,1,0
189.7727110252493,0.5353874556854198,50.9968220763755,1,0
190.2625691665421,0.4445071565294922,50.28005339997497,1,0
189.81986486475435,0.5756319806636597,51.80970444381538,1,0
189.8824974373297,0.42910661864726163,50.89383480903379,1,0
189.98777009402443,0.5396103138234757,51.89014990629118,1,0
189.9855160588391,0.5334761045239219,50.531965588911646,1,0
190.0944119322937,0.4375710772645032,50.42238704179071,1,0
190.08943711545714,0.5953204745048299,51.14366308984628,1,0
190.16130603134272,0.5621158482552463,50.36583093280921,1,0
190.1263374121601,0.523949513678048,50.90988499399723,1,0
189.7610212947751,0.4948151387476735,51.333858767014235,1,0
190.1065927437049,0.523216985512685,51.57337247744237,1,0
190.1021737150254,0.48502669157336387,51.261414057212264,1,0
190.13736925360394,0.44111439665607394,51.055999886681896,1,0
189.98716156241954,0.40172644147369363,50.41195153228451,1,0
189.8729201390994,0.4193269999683146,50.67822701387198,1,0
189.7790628132147,0.4960047144032491,51.443024278453805,1,0
189.83219067362464,0.4831984899135859,51.20447178410706,1,0
189.86263804627734,0.4935823709642511,51.21847745410148,1,0
189.92565093339755,0.38438536505593585,51.62947939909895,1,0
189.80608745146597,0.4427756757314944,51.19237053449641,1,0
190.16409801568025,0.30267540640820095,52.08749317415459,1,0
190.04502096099102,0.42366228508402287,51.45934798390331,1,0
189.90592709379115,0.5472423262274817,50.808367139783705,1,0
189.76285771163464,0.3415065021365997,50.98890433299378,1,0
189.94504008608226,0.47042240259994256,50.64915785249154,1,0
190.22207538311963,0.4778986317751676,50.992747117108976,1,0
189.95685822502668,0.4974804802803692,50.96261004869193,1,0
189.7677652381511,0.4558580935506223,51.514781131470556,1,0
190.05517093103472,0.3736850866514915,50.991928127482836,1,0
190.04933554261234,0.4025094770434838,51.8832204696032,1,0
189.92993324646395,0.5032473924592991,50.92913133050321,1,0
190.18554723321432,0.5555726040605756,51.32301999008333,1,0
190.0087627402179,0.381576990400635,51.43815651134841,1,0
189.97544782491818,0.46268326032846313,51.187918805078525,1,0
189.8974967111749,0.41154268699761604,50.335290853303135,1,0
190.06998259783347,0.47131036874449606,51.71820106681,1,0
190.0440871653696,0.3583421043763322,52.062117390766296,1,0
189.9514277938179,0.3012825160663926,51.047428437452304,1,0
190.38328120216167,0.44378524026060207,50.92674234814175,1,0
189.77184109189287,0.5364985107545498,50.407433977071626,1,0
190.15984826024476,0.48628585587707446,51.7302085400808,1,0
190.1006639091919,0.4503836542753159,51.92314402332252,1,0
189.91966717094186,0.4035040520454543,51.801340792854944,1,0
190.08897486303184,0.4224610550238168,51.296751033957825,1,0
190.0580425920627,0.46825836663485015,50.108025315348904,1,0
190.05830602692146,0.5477613995720649,51.42332435295596,1,0
190.10565689643542,0.420099625907319,52.19201354853516,1,0
190.05372799313247,0.3447944776894178,51.51143792749988,1,0
190.09856439702065,0.5159774852113284,52.49652948347078,1,0
189.71357878945892,0.4597634653137719,51.97734896542758,1,0
190.0130604501568,0.44143312153076775,50.83659937657689,1,0
189.88099025448,0.35107292013772723,51.82993260422114,1,0
190.07098405554092,0.41260529271166385,51.41594652913772,1,0
190.17983999969306,0.2590155025310651,51.11917976173983,1,0
190.05544163210777,0.32597246520452866,50.947435428939855,1,0
190.02606315412348,0.3661236546096744,51.06505588537331,1,0
190.24971878115903,0.40580600208773276,51.01261999296094,1,0
190.3057139021662,0.5198303928692685,52.29334270483337,1,0
189.90679068304237,0.5117206173048572,50.8082610754817,1,0
190.0771044577628,0.44555174494417304,51.281030126411686,1,0
189.87267672601712,0.45818354445614956,51.883303597338355,1,0
189.85312002277036,0.5477425237714876,52.30396777768782,1,0
189.9326997329629,0.48127682136915767,51.39924144955771,1,0
189.63704520214634,0.39913259957815556,51.26740930311576,1,0
189.71499775068702,0.53005992741987,51.062744525526305,1,0
189.99511396144115,0.4775945490262647,51.19692804690731,1,0
190.12904620733264,0.5131167505396512,51.04061634154078,1,0
190.02595257834457,0.5719398450000798,50.926912814723416,1,0
190.05005764342894,0.5631304051247834,50.77141381449958,1,0
190.30843938398982,0.4931118228821798,51.81204322707139,1,0
189.88091817436415,0.38355544258976615,50.704115388021606,1,0
189.9303045329784,0.4168351824917775,51.02491154221603,1,0
189.93386875222552,0.301983831631215,51.076761530599775,1,0
190.228828031969,0.2927998722607384,50.55234727929051,1,0
189.86345191021866,0.49441638380478137,50.36878020567395,1,0
190.20528682306684,0.5230178150392674,51.18510295287481,1,0
190.05323852125596,0.4839148736286943,51.80841534091057,1,0
189.52820405366714,0.5055516570873065,51.71138707870591,1,0
189.99996178490764,0.43740547981208583,51.484526914998355,1,0
190.19862383593332,0.33826847914296937,51.473611282448246,1,0
189.59474667662613,0.41920186673014276,49.92309774892093,0,1
189.9673751614447,0.5283651337114732,50.58437652945147,1,0
189.99742668393685,0.43266601588138826,50.47787161967992,1,0
190.08712341761364,0.4091987375260019,51.28682571113671,1,0
190.22672045272947,0.4928672342509891,51.074770528511515,1,0
189.76524870267772,0.5090715750692498,51.26751546807738,1,0
190.10849859630903,0.5154227868286139,51.06360647221096,1,0
189.9034892094461,0.33726988168692484,51.14088931775568,1,0
190.13531563857137,0.3634460186273503,51.49617150175001,1,0
190.08848323053562,0.31716376207252844,51.34202198530929,1,0
190.01239206345548,0.41657834126030785,52.12203683751146,1,0
189.96622728141057,0.4404677181134292,50.96774579026087,1,0
190.1987476335024,0.4878763337121188,51.411939600027196,1,0
190.16785624434868,0.6028190055178632,51.15462224313316,1,0
190.03238295402056,0.4365215131141745,50.66485120989341,1,0
189.91121853330534,0.5216822659927782,51.19694725393678,1,0
189.9848159715506,0.49130347007601655,51.09551015458374,1,0
189.91548310707253,0.45792392100273166,50.78601505127244,1,0
189.83078983448894,0.37729654701550763,50.63871429515251,1,0
189.92195388045695,0.5572454714624038,51.246998257196324,1,0
190.21322744078233,0.3763032257005965,51.13486161289496,1,0
190.08055292592545,0.4472798845753238,52.12720923424323,1,0
189.9317977473656,0.4465084830671408,51.25546532194779,1,0
190.00221356681823,0.4987043986590619,51.01366950150958,1,0
189.9095837480515,0.38531860086536807,51.200428732234485,1,0
189.87614693767057,0.5555143990447935,51.23408717202163,1,0
190.2889541830832,0.5375854122382197,51.25190519749536,1,0
190.01142464884865,0.44012205067886506,51.339209413457496,1,0
190.18160257057298,0.43934723764684036,51.473572888264506,1,0
190.0490900074368,0.49707185672395976,51.37311381884583,1,0
189.92948024378614,0.4195062070672008,51.86107311750756,1,0
190.08519571725196,0.5271178124278483,50.99187112840455,1,0
189.8783474157327,0.39563954197525736,51.3599362285521,1,0
189.95790463576074,0.5078179323467331,51.22054983465206,1,0
189.98837123089618,0.44544471133222946,51.62416222075371,1,0
189.92300594998682,0.47378365895696295,52.096518112973534,1,0
190.0119076646706,0.5358328356726859,51.08075903016914,1,0
189.918538293632,0.35797967635186057,50.90242854733729,1,0
189.79249941928947,0.5021918483520579,50.89659581340142,1,0
190.29535755439366,0.46485537228328055,51.35205068897351,1,0
190.16992712159188,0.4171371514925894,50.817837063209595,1,0
190.0961512170623,0.44217614150581164,51.56155190232055,1,0
190.13798320228884,0.3092348539122232,51.524818793832914,1,0
189.92416951432202,0.531171987223742,51.00685615597149,1,0
189.93999383410588,0.47913137285255464,51.09084463827834,1,0
189.96697183210574,0.51074824634355,51.4276751145364,1,0
189.78843926828742,0.450028938858706,51.28849713230253,1,0
189.70399159064195,0.36902350316243737,51.08721746668576,1,0
189.78745216468528,0.3689942920751106,51.43096675367864,1,0
190.06724873293504,0.4670875030742005,51.056913237579224,1,0
190.01127821350795,0.47689790377086055,51.35976202706279,1,0
190.24433902810821,0.44399887473979616,50.81605035444601,1,0
189.82898653410717,0.43817855139123374,51.90972960373731,1,0
189.73236092526776,0.34970526720222794,52.043048477593764,1,0
189.68602759830145,0.527888378668254,51.705828219224074,1,0
190.05445358337087,0.41299836271166473,51.18590971941761,1,0
190.02181425055386,0.45477021044416627,50.652640382176635,1,0
190.29603545895534,0.4958264901350424,51.52185474335197,1,0
189.84828132481607,0.4700398698636043,49.940461353159016,0,1
189.7876153039432,0.5018167581423939,51.823177072386244,1,0
190.24612947169513,0.4689420632734239,50.419493679310655,1,0
189.61065162926624,0.5263093206380446,51.921236143754115,1,0
189.9644215161267,0.41293097695154246,51.11567622527233,1,0
190.28981753804752,0.46691905237781334,51.31534828952264,1,0
190.1788533651973,0.4739559096804383,51.62285617550796,1,0
190.00986438888333,0.5015552781325376,51.00201083808295,1,0
189.95579087707077,0.3737794400620839,51.50727973667562,1,0
189.94124847393377,0.38993568840885606,50.60077534526869,1,0
189.81047286621438,0.44261921129137277,50.80492670792312,1,0
189.7898487123778,0.38196789106884943,51.66035269857335,1,0
189.9346846538934,0.3703714886953072,50.83352219655413,1,0
190.0079959091166,0.39293164380015144,51.50223052252507,1,0
190.41660653877895,0.4029589087481131,50.70649060729163,1,0
189.8025809850487,0.4132925037135065,50.942010836211495,1,0
189.93877693706486,0.6000385973286014,51.61721063694394,1,0
190.03577395837672,0.3452014094369508,51.07012710118002,1,0
190.17073777226958,0.4415581636268388,51.139270610433435,1,0
189.99332988550066,0.5521298107259381,51.18005102215037,1,0
189.8842347602097,0.4495439117268794,50.50321014594797,1,0
190.0576650802246,0.43285381974104065,50.9419300355156,1,0
190.3234828575229,0.4921722237900011,50.91978955306957,1,0
189.97798471401092,0.4064576439239177,52.21375401921729,1,0
190.27962002310306,0.41873988913902793,52.70969997446974,1,0
189.8998458530761,0.3148402899994014,51.22818120642195,1,0
189.77849975341869,0.4390321438791572,51.75498052136623,1,0
190.2059409920174,0.5244192457309589,51.90566077465693,1,0
190.202426979998,0.35894678961749077,50.57701609308139,1,0
190.0141200857608,0.42697531591232163,50.735813958014354,1,0
189.60775288468213,0.4211800737024189,51.48037668986927,1,0
189.8808384268135,0.543637350188402,51.897866182317685,1,0
189.99998408205428,0.34524960711778685,51.25611206518405,1,0
190.0702586203425,0.2950699351671677,50.988423368207116,1,0
190.12349907718425,0.4587975340147099,51.56056691650585,1,0
190.2029771108899,0.4772318035404483,51.3066040745267,1,0
190.17813172902703,0.5505944524154956,52.00869850293209,1,0
189.91687874363114,0.548034607041881,51.07320209741502,1,0
189.92132641418226,0.4749574195708289,51.148656236611664,1,0
190.112941804678,0.4217278997131635,50.540761474794856,1,0
190.02184171395965,0.5047381578760072,51.750099684120805,1,0
190.23337708110697,0.47874418454007706,51.72268456754676,1,0
190.04742243884706,0.4835311531857375,50.45518428000516,1,0
189.5665820443249,0.5224740779510619,51.93052365317816,1,0
190.206789949281,0.4711602362866387,50.92431700834016,1,0
190.16578770142718,0.48018404186901276,51.419143256152594,1,0
189.86484482416026,0.5209073243451969,50.94380252669059,1,0
189.87905191034653,0.39607796659574607,51.01408177463147,1,0
189.73221833505082,0.27997553631208105,51.424090731168164,1,0
189.90765938324986,0.44812578591699065,51.08458239758395,1,0
190.0605666625939,0.36083022731280606,50.57089473922805,1,0
190.15189621164635,0.36710367896019275,51.564476139971966,1,0
190.0124380440128,0.3535733999024339,50.48271505572922,1,0
189.92053832326533,0.38809483397096506,50.90705003784241,1,0
189.87448051893625,0.35467827207657054,50.01980003326112,1,0
189.52052044580458,0.45026117555221257,51.751409520376775,1,0
189.92348633557827,0.3523284446078461,51.81899945945422,1,0
190.40666361897058,0.44893845868544274,51.84007758143774,1,0
190.0239872759474,0.35466601685436966,51.3980546863245,1,0
189.93321714364737,0.43900901509581425,50.708669155114684,1,0
189.88527908039742,0.56310482968202,51.124519693345334,1,0
190.0623952237427,0.3722381482722561,51.35503972559671,1,0
189.85501910361538,0.43158167048161783,51.4209299261772,1,0
190.0090798106262,0.4982116975759652,50.648128313478864,1,0
189.86214903628428,0.5317902830158974,51.16823590037954,1,0
190.0543976089657,0.4140102101056921,51.843189863552006,1,0
190.09457561299988,0.5265871380028614,51.863910403348164,1,0
190.1384197261539,0.46992758896921855,51.90566422297948,1,0
190.1269826841924,0.45223600818343157,50.45091879917339,1,0
189.96882547449457,0.4697998362957415,51.36781751790242,1,0
190.18876089850013,0.468858477799905,51.368599345907185,1,0
190.03816991095323,0.48659489881242307,50.79182196877599,1,0
190.00182940464066,0.45286435126466673,50.9943560571888,1,0
190.32606483244925,0.505502442360634,51.0602661262026,1,0
190.09236548699343,0.5126636982571907,50.427953346453776,1,0
189.90193829853328,0.4409294041129599,50.85778956531244,1,0
189.9210327909834,0.48396543111760815,51.73836978361691,1,0
190.1161452427235,0.4990545100126505,50.17496781566266,1,0
190.0671571053759,0.31837833196391685,51.170090427861886,1,0
190.08591813519226,0.33676264229435815,51.01443719469874,1,0
189.9260525941217,0.4221850087080897,51.13384975302336,1,0
189.91010465899186,0.4518813645405502,52.31191055051038,1,0
189.8323714135611,0.3891487944287731,51.234258131400765,1,0
189.6357028123727,0.40931286589426963,50.70428103120871,1,0
190.0887935093089,0.37560888140474663,50.892855693874424,1,0
190.13916176777695,0.43200138319727854,51.09675705423736,1,0
189.9466114893222,0.3354197894498609,51.057020881388674,1,0
190.1258543739178,0.3917356285275726,51.78101288673123,1,0
190.01213398036552,0.42756125917531984,51.280068219807745,1,0
190.13553521171923,0.38192249559391483,51.583371776487695,1,0
190.07407013795384,0.495658880661017,51.152283951570276,1,0
189.94007148833077,0.3851381773485492,50.84159856131742,1,0
189.8815767575722,0.5418318873690738,50.459606578993295,1,0
189.88677768374137,0.5004190520828724,51.463759307319044,1,0
190.08210703926676,0.5134837329763158,51.437474522915565,1,0
190.01540653787913,0.5085988871014098,51.310042364548444,1,0
189.85179894760856,0.4842058868966086,50.4796817226046,1,0
190.15367834981902,0.34885185123345547,50.59772217102835,1,0
189.89062287151032,0.42290247842006307,50.3999517040203,1,0
189.96319929542955,0.44963789570780555,51.13161688938756,1,0
190.04366564662394,0.3884911519038714,50.5026705026381,1,0
190.156477649552,0.4790166049683924,50.68044283225529,1,0
190.32468835854172,0.4569936299591169,50.95744642539637,1,0
189.95200185117108,0.5765603238264746,50.87526217137163,1,0
189.96970180542885,0.36088491943533985,51.350255003451075,1,0
190.11664388546822,0.39263391827031185,51.21869196514165,1,0
190.5510956402147,0.439622731773875,51.718099974677045,1,0
189.93397094362027,0.3243797613473053,51.74361529075943,1,0
189.7937784039181,0.48677765047923016,51.49033774473113,1,0
190.04222651125764,0.46306131111569176,50.279160738707795,1,0
189.9772832374961,0.43372287573769164,51.577792591190516,1,0
190.07343508931106,0.5006505387049901,51.43086832872504,1,0
189.7947118471258,0.43359534518024817,50.400920686351256,1,0
190.06280135626145,0.4146907009860358,51.581914675277815,1,0
189.97583711577852,0.4320728450361906,51.18348971377112,1,0
189.94372179519937,0.4335132358326047,50.99539115620333,1,0
189.96356904068244,0.5423163946066658,50.97612445723859,1,0
189.79490607433047,0.37486347958504823,51.226271521272984,1,0
189.81844217664002,0.4158669281287281,51.359597871663716,1,0
190.12791756637915,0.44659012849658536,51.74836425560701,1,0
190.11482077259356,0.5176780852243108,50.381207403678395,1,0
189.87964806378048,0.4668376912308043,51.49086849217825,1,0
190.2018870600004,0.5146961193166645,51.076014938556945,1,0
189.75383874545167,0.3738316628036073,51.3509641850977,1,0
189.89411732314724,0.4907480721946459,50.72534337245422,1,0
190.0576915190292,0.5168695923036093,50.854487601452384,1,0
189.99730670627403,0.42524122625572963,50.94598417106124,1,0
190.04994238512933,0.39721277530773,50.51160252348391,1,0
189.98289941765864,0.536017832385141,51.98467526264218,1,0
190.11436941433212,0.5149796872305308,51.340333767444086,1,0
189.98084429310302,0.4730574062898,50.88685544518145,1,0
189.9072885218262,0.5101468875009453,51.00233301483727,1,0
189.98629230858177,0.5633691839925065,51.510384420923664,1,0
190.13452196848132,0.43687705907552316,51.570582295351464,1,0
189.96455328072858,0.5090904744247556,51.062238422739185,1,0
189.86666058289728,0.5204359531543066,50.99330277594171,1,0
189.8539755833447,0.42155808728299704,52.14559909287101,1,0
189.88298006094843,0.44187734276784796,51.74623135369884,1,0
190.17426000665023,0.507415980688141,50.88474275745877,1,0
189.93093873773998,0.40829185936503276,51.63346432855498,1,0
190.0709312929817,0.5074115513756668,51.58508062718326,1,0
190.01214288057045,0.49983731546291105,50.693972520029426,1,0
189.87046072040104,0.4765952937023826,50.748382466657105,1,0
190.01748374769718,0.4388007598185685,51.48160599675838,1,0
190.0067657807509,0.5657792738397536,51.68562553728822,1,0
190.08872654771307,0.4678413305897835,52.31516295215194,1,0
189.81816856729233,0.40126738271919715,51.367936591245254,1,0
190.27588325761243,0.3921583070242217,50.46516121158538,1,0
190.0588980606366,0.3993915625480696,50.89510459319335,1,0
189.96605883091542,0.3270540015113818,51.274478064373014,1,0
189.77748631432374,0.5136683875198632,50.505770092262765,1,0
189.95639288418448,0.46977786180325265,51.41845052272724,1,0
190.13255450098328,0.37115132402606715,51.2420769146625,1,0
190.17564513736136,0.554122459288973,50.95389648369942,1,0
190.09090183511418,0.488878304339538,51.15424037742916,1,0
190.27624409310536,0.5852907918595341,50.92705123890306,1,0
190.05426119682977,0.41608644504918263,51.606028326459075,1,0
189.7442087849254,0.3670592753581518,50.831369268743885,1,0
190.04873619767284,0.4770110008985931,50.77761212049888,1,0
189.99769241023958,0.5414713377160794,50.99186151381506,1,0
189.90043601993926,0.41541093451592825,51.28441000912112,1,0
190.1880409443347,0.555949036852723,51.46921876245228,1,0
189.97354846271304,0.5024652065268067,51.46460970953477,1,0
190.20220029924812,0.44077889184367874,51.53176432530186,1,0
190.02683244193767,0.4772295420405316,51.37929193151088,1,0
189.86505163935897,0.4158242798346476,51.618869428686466,1,0
190.25445030765943,0.4215254470755157,51.76152532419163,1,0
190.00547644801583,0.45190439302840174,51.272315550733666,1,0
190.1149081850833,0.38701079139928746,51.19267818785918,1,0
189.55169204978196,0.5070547046138439,51.31125325296662,1,0
189.69426934818932,0.45957545818018847,51.4173976731328,1,0
190.01355325414133,0.5499968570093383,50.56309336835459,1,0
190.00568063234968,0.4509499076394991,50.9562681837057,1,0
189.91391505259548,0.46058164484213154,50.776746666279195,1,0
190.03263725161418,0.48464788374834733,51.84887837110287,1,0
190.21839838550116,0.5372724959692199,51.20769874623909,1,0
190.30093517742588,0.448754639151491,50.56020284922726,1,0
190.21615132953082,0.5245721171764302,50.266599012358974,1,0
190.0450636471271,0.5079173617279303,50.95698996166823,1,0
190.1050123907208,0.35848875184211537,50.648415141560946,1,0
189.8875418941838,0.4636369390273836,51.28332203731585,1,0
189.95849684206033,0.44968800166946266,50.42716507686588,1,0
190.03846920328067,0.4178886655622661,51.091709176543326,1,0
190.04959922409125,0.46772998559063644,51.33497347468349,1,0
189.94610678250868,0.454867567628666,50.098817562175974,1,0
190.12096822886667,0.3874851364495423,50.867102443487894,1,0
190.13950635097797,0.3864283022797672,51.00756538478853,1,0
189.66807189028725,0.278639097448313,51.34651640145917,1,0
190.04669494161922,0.4841208575282155,52.01759206453249,1,0
190.0748253840018,0.3263858093054549,51.768253984986124,1,0
189.96495969254187,0.3959288644303485,52.235519853684735,1,0
189.9825519338894,0.5182426895181537,52.032188669169706,1,0
189.69140105479391,0.44041083869081693,51.299446107696035,1,0
189.88037396774936,0.41661738765013656,51.278515658454786,1,0
190.10287655212701,0.5856580508794279,50.93235637689138,1,0
190.0716476326506,0.4479819560534142,51.05339444730587,1,0
190.210045238698,0.35487486949629315,51.40105002426422,1,0
189.86344805460016,0.39988795556399104,52.056430175140925,1,0
190.1756846034019,0.45155508796922217,50.98714131938077,1,0
190.0014995796655,0.4435478345030931,51.25182289530513,1,0
189.94006533886815,0.3441665887906631,50.797476593555224,1,0
190.19534914187287,0.4724195095155652,50.9647474480174,1,0
189.82460531879374,0.3188473762231373,51.285984550973815,1,0
189.74777441422955,0.4727429219639956,50.30453643429647,1,0
189.87489480116926,0.35332262228255945,51.78742447987979,1,0
190.30342536316311,0.4329208335751634,50.64392088145705,1,0
189.55783891104375,0.49649218528227246,50.89629337623559,1,0
189.8069510754664,0.4568262711952026,50.82612413081507,1,0
189.9993085840426,0.49561543810940656,50.706195999163704,1,0
190.10198271525104,0.3890960206499655,50.80506129575304,1,0
189.81042670005704,0.5613281813433455,50.591363540147704,1,0
190.1408104805749,0.46094531667113264,50.75767635439027,1,0
190.04203670896237,0.4208601726804501,51.16580199141312,1,0
190.3345351467405,0.3880476255829306,51.96595688874221,1,0
190.16534637459145,0.4045375189321913,51.53953308993592,1,0
190.0267952721217,0.5568612503134618,51.505998389545475,1,0
189.98305845737787,0.5211664280203575,51.18253076613022,1,0
189.70992653888226,0.3675317894395272,52.10571396816636,1,0
190.00235572955856,0.4841474153316585,50.98547830222652,1,0
190.10743457500243,0.5621992532367768,51.75182387675889,1,0
189.7058297025105,0.41723713762101833,51.07806540936553,1,0
189.80955124261877,0.47756515742299255,51.97241178199481,1,0
189.99969407993518,0.5410068419975772,51.875044290928116,1,0
189.87072307764407,0.37611669595096187,51.36417870393796,1,0
190.00663300656635,0.3556608599761137,51.25988578139553,1,0
190.13383732402463,0.49514301228147567,50.905076928118305,1,0
189.85033057499933,0.3489646163749351,50.7341200748446,1,0
190.291899772143,0.3777426383051798,51.24194494683362,1,0
190.14733334142082,0.44220368796085735,50.68403943164702,1,0
189.85215793695582,0.5318070822857223,50.8185622479479,1,0
190.09548858845983,0.4779471492132513,50.53888219048609,1,0
190.04637753608029,0.3925563786793961,51.43352560437316,1,0
190.03561387144677,0.5144154450378889,52.00815131199713,1,0
190.14987123622623,0.5024354097975653,51.05830081559651,1,0
189.93028752450957,0.4583279611047019,51.05448032204394,1,0
190.09293022804178,0.5505962578234419,50.65345129435661,1,0
189.87398865830343,0.39770374714375384,50.95675822524195,1,0
190.31230902487766,0.3729902574018239,51.14865750343958,1,0
189.93113093036962,0.4779324504126423,51.03157908580399,1,0
189.7360472610262,0.42364027476696275,51.92950057251761,1,0
190.05492261869603,0.38948512896141607,51.79277781425771,1,0
189.9468280736467,0.4315677779156703,51.48199981081801,1,0
189.95782100869525,0.4405624018934877,52.08235228720458,1,0
190.0113516078222,0.4133438828273101,50.911133127385845,1,0
190.14192150477854,0.607219901741919,50.3519259835183,1,0
190.41548027687887,0.5496728896113281,50.57253324653812,1,0
190.0101562146637,0.3148721208638331,51.16169190930429,1,0
189.96962879796496,0.5435398357730463,51.1196037751257,1,0
190.0514723843247,0.4876402284693585,51.292114763619146,1,0
189.8265540670332,0.5047425682071011,50.278640729793366,1,0
189.96352353478954,0.3521725779058798,51.48241779422228,1,0
190.03685557444663,0.3493061021383876,51.09077997615449,1,0
189.98464043975866,0.6611121025871092,50.910349266363156,1,0
189.8841338736595,0.477045602052408,50.40423964082431,1,0
189.744521589201,0.405690382713519,51.032311442131174,1,0
189.75024146226284,0.36744958288677976,50.136212937958454,1,0
189.85715189623548,0.4791317032592534,50.90810184511355,1,0
190.37859118672253,0.46030703826097724,51.74770809179258,1,0
189.78297573482337,0.43358280058229487,51.181288632961916,1,0
190.10196264342318,0.4816015330706515,51.06699072266367,1,0
189.9857086706811,0.2705334514131422,51.68863783887264,1,0
189.758369833073,0.5357382522772186,51.09210441566309,1,0
189.98036207396828,0.4398735939198687,50.817811167985795,1,0
189.9190773770966,0.4713070424370842,51.25401225287542,1,0
190.27629550780156,0.5260967972812438,51.17555149837273,1,0
190.0845734559319,0.4474564702324031,51.988592676749846,1,0
190.111437962063,0.5331060086514139,50.309791299733604,1,0
189.9399314574952,0.3862408010128527,51.10800192223322,1,0
189.91605470929233,0.5407145658783735,50.83971998144359,1,0
189.93525137665532,0.4537228431489332,51.043224975584444,1,0
189.9683120241101,0.4782535655498934,52.7302385371345,1,0
190.03196608625777,0.576764811165299,51.050023624498756,1,0
189.82996571551544,0.4782915538454833,50.9705286689369,1,0
190.1070166510865,0.4211109527889425,50.81266516585941,1,0
189.93244353640443,0.44881044853410806,50.79291166334623,1,0
189.71061132024442,0.5519979870466237,51.703219201950795,1,0
190.0106586455243,0.4700006909451459,51.64055308977978,1,0
190.10898706378327,0.39201964041280607,51.33082376850438,1,0
190.28657079037114,0.3906783787471019,51.4815031975812,1,0
190.13617665305821,0.5943494642741264,51.6650953469695,1,0
189.9372396368812,0.5338813836749251,51.50020840535854,1,0
190.0854496689843,0.4969552932289609,50.78218695525604,1,0
190.2070820748117,0.47719359967713065,50.58339981057165,1,0
190.23421083439027,0.5636835481902477,51.86781564827199,1,0
189.94814709906436,0.4335272876720625,51.14333498984873,1,0
190.06549626781143,0.5535139487388555,51.08710476774751,1,0
189.73571414324348,0.46789761049083456,51.19252271994899,1,0
189.97158854727292,0.43009818607099676,51.338034200846444,1,0
189.92601572532314,0.45990174940991274,51.152289078978555,1,0
190.15300861480537,0.4916544960911971,50.38436307170675,1,0
189.6451274913719,0.4775754831797788,51.84934541705629,1,0
189.94169464669372,0.40371050591866736,51.67097955098821,1,0
189.98340600804966,0.5448721962035393,51.717645478915315,1,0
189.73855842574227,0.3969411967448789,50.20093131417739,1,0
189.9874241267626,0.32853759095612706,51.8142525094159,1,0
189.82791319214155,0.4879079459929889,51.19052812391094,1,0
190.01590997436887,0.504486688674137,51.09526432179206,1,0
190.1335663712414,0.5461273502259475,51.13954352710991,1,0
190.1245518247638,0.5807099933306663,51.250943319819186,1,0
190.27450470712944,0.4804322288306223,51.104082769238055,1,0
189.82471682052955,0.4696063245655966,51.224214163183376,1,0
190.12525342069947,0.46296629606504075,50.69948605299678,1,0
190.1237991704458,0.43333492124777906,50.78000577603232,1,0
189.99144905919889,0.37729384867081034,51.44260787814433,1,0
190.08179610199142,0.5326399272242581,51.53160837357522,1,0
190.20230011235782,0.40334731860196643,51.48722630520959,1,0
190.13895702759828,0.46193480970188505,50.92514564104548,1,0
190.38009547375452,0.40721160657694333,51.29584771415281,1,0
190.16165574255888,0.4540813551207816,50.978615861574134,1,0
189.7867082666177,0.5337737612271983,51.37293544431558,1,0
190.06585846789986,0.5072098834634117,51.083968168914225,1,0
189.68078375957919,0.5968317135901459,51.5812354848557,1,0
190.18714969166942,0.5049767206757411,50.88800448062346,1,0
189.75972943679156,0.38445784349706696,51.7781690714931,1,0
190.1092375399115,0.4682547911062779,52.12261951437514,1,0
189.71541038903646,0.4186577629519722,51.3375216335153,1,0
190.0612805834191,0.49575877693806975,51.091076559804584,1,0
189.8905619861874,0.4997478456377364,51.31299427890523,1,0
190.10200494871816,0.45104622741353456,50.419491334036856,1,0
189.8819819461824,0.5158038821115584,51.09075128499814,1,0
189.7304285045589,0.4312824404452853,51.03976921896262,1,0
189.80407015026722,0.5442249040643169,51.41282207316102,1,0
189.84134293307983,0.4983549605519823,50.87601172351103,1,0
189.93233307451413,0.3683985915002557,52.451957399734454,1,0
190.08833572205833,0.4889584992184086,51.17711190983026,1,0
190.13771570340572,0.4727917577181761,50.9066783840908,1,0
190.15963244288585,0.44870475473266,51.46726752674199,1,0
189.8153106214675,0.5010831735810706,51.49256797207308,1,0
190.05698894983493,0.4934667278611128,49.294740789996304,0,1
190.0807039606397,0.4689484596404042,50.4727491374034,1,0
190.06607145721037,0.429696433499993,52.05783019396626,1,0
190.269003582813,0.37359380422812516,50.29976826595613,1,0
190.0115560307866,0.39962345786312337,51.38672223903022,1,0
189.91337006691992,0.49284343615524984,50.593804660683425,1,0
189.99013302402201,0.40128936714676655,50.75905489314286,1,0
189.94489197029463,0.35861751935334174,51.24151845853349,1,0
189.90412996981823,0.498186805579427,50.56857173119764,1,0
189.8570685563148,0.5150451680413073,51.26108980532283,1,0
189.7763089895197,0.4992733874968488,50.67407140919013,1,0
190.01198105367598,0.5153416140317272,51.31992303398283,1,0
190.05577224294774,0.4287292645067574,51.50993930116776,1,0
190.19811251479223,0.4943924410090821,50.90280838426855,1,0
189.88819830406064,0.46295211336138314,50.68870823485238,1,0
189.94924660685265,0.37144584775644085,50.03521279798113,1,0
190.2201458687631,0.38334697062644923,50.73157591679082,1,0
190.16451381261192,0.4841146637606245,51.43344779376924,1,0
190.00115147003586,0.39354590574156934,50.449728624638645,1,0
190.14779043479845,0.534161139174838,51.750594292688575,1,0
189.88385974570716,0.4218278249673138,51.420732687390654,1,0
189.7773355740913,0.4612336272905035,51.162112698809715,1,0
189.94584299827838,0.5116962180873361,50.78643430720304,1,0
190.02034741027884,0.6408029679860545,50.77208591750076,1,0
189.88168287891193,0.37633778240963034,51.25752594374353,1,0
189.89625202500827,0.5156517763880465,51.251774697514065,1,0
189.94475351162984,0.46014366317258526,50.832728373908736,1,0
190.22020301427062,0.5120608752118087,51.32663291580354,1,0
190.03063123623937,0.3535614914534327,51.02162311613433,1,0
189.870504242979,0.45622746169719075,51.49006630789661,1,0
190.05220740023628,0.41372437535806006,50.784743835747484,1,0
189.81533512344046,0.4551226067817443,51.26490323748229,1,0
189.93591963657823,0.4628835074640424,51.276588627137194,1,0
189.9642073109713,0.38140696051974193,50.892599163494765,1,0
190.16634100778012,0.4321877245731398,52.03933728272835,1,0
189.90691645588524,0.47219025903865286,51.24169425776242,1,0
189.88047790923198,0.47902067638595963,51.885840075123575,1,0
189.9526075590668,0.4790770367083805,51.55050185393299,1,0
190.19881572536474,0.39830915085476376,50.69959660631822,1,0
189.98887033426018,0.4570352061991687,52.14478352999738,1,0
189.83904639648816,0.49140852837075627,51.108675960391516,1,0
190.04269559426893,0.4306395535769938,51.557249774447165,1,0
189.8243412097377,0.47408761531072713,51.28963385071305,1,0
190.05192900192088,0.32377501957931365,51.37347149800188,1,0
190.01610214799712,0.4625617061881173,50.51436283668002,1,0
190.0917353821949,0.5315526959111125,50.34106266340689,1,0
190.2785283218429,0.5483821869965817,51.610031094698606,1,0
190.19129966133931,0.5145943687350203,50.893459152358474,1,0
189.80210426558867,0.376831438473809,51.56912680298278,1,0
189.88418309967517,0.4340710311616646,50.9363133138836,1,0
190.01568528426566,0.5727838432419785,50.86627002946865,1,0
190.02614798610563,0.4265407530665473,50.88810280233386,1,0
189.95674371604233,0.3230468312735247,50.65243020950676,1,0
190.0606643437338,0.5059639554073896,51.59470224904915,1,0
190.1538493670077,0.5867583553983382,50.854848529998115,1,0
190.1638487284189,0.5080778109400556,49.92027442788221,0,1
189.96295029374542,0.5062851318698396,50.70797373128059,1,0
190.21014701686428,0.5487861652519824,52.095471158421454,1,0
190.16029627327478,0.4078095653549328,50.8278132393936,1,0
189.9424826072699,0.489457253191146,51.214392214298556,1,0
189.84275262441662,0.40050889485303376,51.45786613394277,1,0
190.33060121792113,0.5378144311142656,50.128407110838346,1,0
190.0350945155025,0.5613852249312804,50.62914867666606,1,0
189.80819890607953,0.2906338669765638,51.491183869891074,1,0
189.94848123482498,0.4830700579590426,51.00361884599195,1,0
189.90731659314852,0.4071862143240253,50.57080735868782,1,0
189.74341122074887,0.43999891737407,51.243768305720664,1,0
189.8594806560004,0.3822175904204737,50.88596955256559,1,0
190.01941780470762,0.5453610478611387,51.20352838983571,1,0
189.9950256615713,0.37014679796941585,51.0251761051519,1,0
189.9303833702333,0.5602764309999813,51.315590950759486,1,0
190.04970735228818,0.516726751214493,50.80141921788468,1,0
190.0446630579996,0.3467923681724346,51.29166857430623,1,0
189.84666353915603,0.3921706126094229,51.54133234580958,1,0
190.0889027202202,0.4950119765157518,50.76030770817786,1,0
189.89012445055022,0.3018906334627753,51.30042336674222,1,0
189.98235302367198,0.4274815719124228,50.859300608806535,1,0
190.11673456795765,0.5661992322562631,50.91950535067654,1,0
189.91744374819262,0.5278920814658983,50.76697501820085,1,0
189.8125851061353,0.5783286933172744,51.96715954386879,1,0
189.92404392464667,0.41957846437340823,52.119171212183524,1,0
190.27356577675337,0.3678033199186872,52.15015548353047,1,0
190.29973013188408,0.5498823630257491,51.96598371909127,1,0
190.46878368935526,0.40871688033927805,50.411681663327045,1,0
190.24286131611615,0.48476972656017836,51.50582667206604,1,0
189.9858019337924,0.5046163945418194,51.706775349954505,1,0
189.90974558867342,0.3759683913455771,51.51184802325144,1,0
190.08144799228089,0.48045979722611576,51.072836640365765,1,0
190.05549740943493,0.5826328995108214,50.796052279930095,1,0
190.00482070450266,0.4841469170888423,51.98315021952729,1,0
189.9426984824841,0.4280144368773828,50.82646048121327,1,0
189.98855134697024,0.39460967956266085,51.20489574346144,1,0
189.98245890613393,0.36894981866572435,51.247310745617234,1,0
189.95027754092962,0.3591815569662029,50.53607600706763,1,0
190.16539767716628,0.32149488191738346,51.1073614528501,1,0
189.74611777538223,0.48662106073014527,50.96021741498964,1,0
189.75774457325454,0.4100391347628001,50.72011842644545,1,0
190.18466512855545,0.5197065283475477,51.22655037003866,1,0
190.12614253721858,0.47831669206318916,50.78281933976806,1,0
190.02083564540766,0.4269354825168703,50.697222621810475,1,0
189.78632984398243,0.43925467890798764,52.060911360247545,1,0
190.14469602334808,0.572961929500998,50.819277107955685,1,0
189.77971554694483,0.6256512333568184,51.15439425410183,1,0
190.02701171254606,0.46885121915455447,51.01655735408228,1,0
189.94293635018616,0.41135893296640996,50.364995563234494,1,0
189.88629067954457,0.5206022941952388,51.29206699603894,1,0
189.96556270069158,0.47852103831919846,51.01019275357093,1,0
189.83977852974547,0.39341832183448766,51.40765704945947,1,0
189.94961664088203,0.5601601028149976,51.932938312013846,1,0
189.99019748435168,0.4356692077796777,50.973301270541285,1,0
190.09163312792134,0.46658385143115283,50.876099934547554,1,0
189.69496538560608,0.3986993803576616,51.503055788578614,1,0
189.96069985105171,0.3434946294935586,51.22780451779772,1,0
189.8609254429617,0.4547872271026418,51.78058711394415,1,0
189.84058614928378,0.397463001599759,51.294986023907875,1,0
189.98101562584546,0.3503694036507768,50.979697080115066,1,0
189.8967218315048,0.37990989792461116,50.94300673039457,1,0
189.90165699898014,0.5636690394566164,51.2272149368433,1,0
189.7750443104962,0.4434751197423687,51.09954184472924,1,0
189.96967912713106,0.49770063382337865,52.0599536510447,1,0
190.01141458686956,0.5280821123098871,51.53666363318271,1,0
189.98607694023954,0.6096972134382053,51.50182539431462,1,0
189.96805329156666,0.4211532174107339,51.14779841077366,1,0
190.37359685752438,0.4565020033551419,51.903106183041864,1,0
189.84119497239925,0.4277484105910487,51.04789768041066,1,0
190.00979975825697,0.5660062736923367,50.48025785633246,1,0
189.86310238339522,0.3742228403774834,50.42396569683246,1,0
189.78067704758166,0.5560595009564856,50.37451286264696,1,0
190.33282893553317,0.4979167289614823,51.21714240895509,1,0
189.78909641588376,0.4095430457308208,51.7546101097147,1,0
189.93080839873343,0.5408750323139261,50.816608289801906,1,0
190.03235718159993,0.5013627363226528,50.50539626684268,1,0
189.8592842253961,0.4547117169898095,50.76090029426762,1,0
190.16223677672468,0.4630109902120781,51.07146510648851,1,0
189.72226537959273,0.5107885700633611,51.77259951007793,1,0
190.11202206223894,0.4054029592512863,51.22480855836574,1,0
190.12786328899844,0.3747764068548069,51.32498688736936,1,0
189.93757136725225,0.4344110324004265,50.818316319546646,1,0
190.03000639931253,0.3469269029088564,50.0213645591509,1,0
189.775394100774,0.47280118262001664,51.235939909496764,1,0
189.77546147938685,0.5008680835005365,51.39809800680484,1,0
190.10953213654236,0.4492340496565794,51.74935203903105,1,0
189.94398704540066,0.36609676886715753,50.88571808940595,1,0
189.8526221492713,0.3006766806358608,51.529936096645514,1,0
189.83176020284384,0.4844581795348001,51.43704791665898,1,0
190.00860425373173,0.4801759668781461,51.012210263194625,1,0
190.0393076252113,0.5414257050010012,50.98849735089978,1,0
189.95746196995728,0.3993046872792415,50.62708858019431,1,0
189.77390068719754,0.38533378437745686,50.65359341087537,1,0
189.83475130926013,0.36959134923143333,51.890012294332934,1,0
190.47202869341967,0.49214193541614887,51.02123127645771,1,0
190.02180487433677,0.405187549107218,51.04609079486902,1,0
189.94640426051424,0.48707530986915337,49.98172324095554,0,1
189.8805277316368,0.4712681007424152,51.382026107270185,1,0
189.90710256162927,0.6013178868243904,51.300886483870684,1,0
190.10469989536335,0.5101109990130044,51.383862336807276,1,0
190.27615160591967,0.44846928939241587,50.842868134808434,1,0
189.91264205777603,0.4507511794116992,51.59287146599791,1,0
190.24714723124427,0.49053321592884697,51.096954847366675,1,0
190.0438994401515,0.5161748166890391,51.337421824580105,1,0
190.0268111765821,0.47987505606354175,50.67952360061987,1,0
189.82245109557658,0.4808866981616836,50.87043871643232,1,0
190.00523417162532,0.41155954402403006,49.840658746183635,0,1
190.0796334766167,0.3710092938643809,51.48763794056726,1,0
190.12540331185508,0.4410590219060657,51.99898450980236,1,0
190.0617529816736,0.44857581570349875,50.897382587253816,1,0
190.25280655768833,0.3983244700898837,51.069771616428824,1,0
190.05199573196825,0.48965076062163887,51.93110380526437,1,0
190.00622314144013,0.46213232803921644,51.003332661076136,1,0
190.04018090340836,0.5584605608701735,50.76458768998781,1,0
189.87608029107093,0.5223303556228864,51.329400614778656,1,0
190.04363853948982,0.330058330507863,51.26710772749049,1,0
190.0565267812927,0.49051080910610284,52.047661990532504,1,0
189.94727357907294,0.46958491345141223,51.04814123431436,1,0
190.05133371881908,0.3932472647119107,50.960868744109895,1,0
189.64977662698644,0.3921191406833277,51.51876185750907,1,0
190.00549938694462,0.4146243707753155,50.68247377893733,1,0
190.09666104959246,0.49778094079418833,51.46476658340223,1,0
189.93393584417453,0.3267173852628814,51.53707599240559,1,0
190.13950947632256,0.47249712708878755,52.09587542902913,1,0
189.87710563547432,0.4540635016373731,51.04009930305781,1,0
189.94367555518497,0.3943979094686751,51.55469018525517,1,0
189.86314231472372,0.4346594828465276,51.30325029922417,1,0
189.8770241477413,0.4867209052535166,51.434674650333875,1,0
189.90056034765166,0.395714005114324,50.9396413996419,1,0
190.0136139267372,0.3948548144817932,50.89157332937997,1,0
190.12341991983698,0.3281335452079436,50.81852980298149,1,0
190.10780263689296,0.44301144709052,51.01536288832103,1,0
190.04772673930646,0.40827447133000183,51.43809882565633,1,0
190.06863436843378,0.41193628617203687,50.989106636999495,1,0
190.25416697007293,0.3201216117391257,51.0801267196613,1,0
190.0127473251669,0.5187964912357845,50.607592339828535,1,0
190.24915886808103,0.43827481105308363,50.829882746280624,1,0
190.1580632612438,0.5392531884402435,51.42255083617851,1,0
189.97901724898725,0.48850325246591303,50.34045603710658,1,0
190.19249974648605,0.43159613377952505,51.582345394262454,1,0
190.0658757500886,0.48698425270688067,51.118817370483086,1,0
190.19820580546332,0.42355743329343243,51.16320394987821,1,0
190.01939310289717,0.3508022665684963,51.451665864025344,1,0
190.0264902931969,0.43588465985831853,51.390427585477326,1,0
189.79854453242257,0.48460668318164485,51.09557325109846,1,0
190.11397975675507,0.42730401601186285,51.22572882729579,1,0
190.27956532164504,0.3756059998141615,51.329004462626635,1,0
189.88236120410468,0.45042068316687184,50.95625144875587,1,0
189.9049255799867,0.5104443732976676,50.68895548747176,1,0
189.9408727829426,0.5321769842631844,51.70398375431771,1,0
189.71027485205127,0.3639117013316501,51.809340263119665,1,0
190.1433261480787,0.3826663764031821,50.879960900481464,1,0
189.8675489757959,0.4972936837158993,50.2979840795083,1,0
189.89363055109783,0.42112884135665885,52.174817328232514,1,0
190.0079384900615,0.43966870891162124,51.498297797486494,1,0
190.15338111036033,0.4429652458976006,50.748780886724816,1,0
190.11927558327002,0.4350887995019789,49.788391999942604,0,1
190.11996995085136,0.4447259422585791,51.08662645415097,1,0
189.93968722548928,0.5386969105963312,50.84705375886396,1,0
189.67679003380255,0.39492509228010036,50.84171932847411,1,0
189.9092857674103,0.536536227625438,50.92414492940196,1,0
189.8949281850854,0.6099734781815156,51.518453356645054,1,0
189.91706552292015,0.5642172835286026,50.945366750813534,1,0
189.9490383986823,0.42873582790370357,51.010776899028016,1,0
189.9888487433244,0.47667245537638736,50.7617080436819,1,0
189.98766915684322,0.44039085921412213,52.61333875300048,1,0
189.9092706822181,0.4123469632744928,51.79790860807517,1,0
190.0185331856526,0.622133885394309,50.7762615433302,1,0
190.0040433166905,0.35517264340106114,51.873913389521306,1,0
189.86144496110947,0.49232956817709156,50.990687028439815,1,0
189.94701823441918,0.48281244667660117,50.93733499370912,1,0
189.89690895524717,0.454039701969268,51.89716759536628,1,0
190.07930088884547,0.5083056825466885,52.190679618035354,1,0
190.1184822490163,0.3588809052824834,51.730684760600155,1,0
190.20590728562743,0.3648067179081558,51.22766064288584,1,0
190.1079899400224,0.4330288679543583,50.54849085177471,1,0
190.023504111412,0.35859761104709237,51.64003978449401,1,0
189.80707729103935,0.4752649943821557,51.18658815330674,1,0
190.2146497078611,0.5048390179020847,51.6728567336947,1,0
190.14950217515673,0.487598395647022,50.25859741899165,1,0
190.11909140767963,0.5105612344732103,51.361094502882345,1,0
190.16470267081374,0.42502581722872196,50.744905273418205,1,0
189.92847190988613,0.44385495439502737,51.8645867771496,1,0
190.08964445705675,0.3268683772145006,51.51301356031488,1,0
189.70757090758966,0.4764629702396785,52.170145931165855,1,0
189.89227293230803,0.40656194877150514,51.66554161017977,1,0
189.98997924091742,0.49191330721609305,51.021392940870236,1,0
190.17823357668445,0.3260739409864439,50.96799025627028,1,0
189.90487134478704,0.373743533987859,51.17892585528459,1,0
189.89697022805134,0.4361507140016241,50.56522643392418,1,0
190.07954588201278,0.3668477427178632,51.85960620843183,1,0
189.8079559088478,0.37992895337814336,51.332529094157834,1,0
190.0721231733886,0.3940657424515905,50.56989169732595,1,0
189.81278976017128,0.4537046265619302,50.6039961851854,1,0
190.10866141550397,0.3214889165608822,51.11472988703577,1,0
190.06993129594917,0.46503564950755427,49.72984677050426,0,1
189.9722428167939,0.4030798337417651,51.59662045040122,1,0
190.01768825144615,0.3583906293493613,51.47916321153779,1,0
190.12424791470403,0.44352064721305023,51.73826526302136,1,0
190.24390797722276,0.394635505458546,50.626747494670354,1,0
190.147430214281,0.3325770223585913,51.79509864721102,1,0
189.97094195769142,0.46003968619667457,51.537374926777744,1,0
189.6641587217071,0.46430400680421524,50.65621463105927,1,0
190.0966271374264,0.446020223858869,50.604068718369234,1,0
189.74568371051228,0.4179966428370085,51.41973974879947,1,0
190.10187416623145,0.5700458647486144,50.3545458344512,1,0
189.8433837450798,0.5847502461388318,50.55919708165837,1,0
190.11599971933398,0.5411881611513248,50.85660096082255,1,0
190.08983356573356,0.5220594373065903,51.80414470569246,1,0
190.10702424689867,0.5009836772662898,51.20132764715322,1,0
190.19034194652974,0.5487428851664814,52.032023270315385,1,0
189.99225714917682,0.4720979001611662,51.03225267201287,1,0
190.31411798870056,0.49121633521420205,50.4117087675343,1,0
189.83458679875213,0.3881899922263839,51.091061779872454,1,0
189.8787386415816,0.4324491513665539,50.74593912577753,1,0
190.07953356743775,0.4561436342011579,50.832860401244844,1,0
189.7398026209643,0.6070434659512577,50.725450745609365,1,0
189.87943770176014,0.47389712597570505,51.40546255743335,1,0
189.8847918851684,0.36009671144696237,51.10123323157223,1,0
189.7777121066231,0.4001041842620048,51.64793053872188,1,0
190.03622598400455,0.42815348251376234,51.92732495765623,1,0
189.77144839250005,0.35865584387071153,51.29437644057428,1,0
189.92698248657337,0.5390880922511803,51.50231542227305,1,0
189.7592284609015,0.42993896862808745,51.751353085769395,1,0
189.88580287837348,0.39426319775015956,51.71791227666569,1,0
190.02627286779537,0.36755421081292483,52.11153737587647,1,0
189.91807248999703,0.4861632008420011,51.73950936134363,1,0
189.9944394476361,0.33973211953149784,50.55174968427757,1,0
190.1899391723518,0.45052353413809354,51.69463005985326,1,0
189.6996108040029,0.4346747973505673,50.78554413118708,1,0
189.9837147436203,0.43969005676277595,51.18372577931801,1,0
190.32382926535385,0.39522232066783725,50.90618238613459,1,0
190.04927419841835,0.5183721003803333,50.04525375776019,1,0
189.6355023199147,0.4514017279882907,50.789481333397696,1,0
189.8241751757718,0.4189596727520354,51.075627301174976,1,0
190.0947916277551,0.43180385335964033,50.89551830155137,1,0
189.86340944816087,0.5167369350885316,50.61793332321694,1,0
189.92010716736635,0.4522079896985102,49.82027380711165,0,1
189.83921454860737,0.47566753634881925,51.43305179423284,1,0
189.96197189365319,0.45096900679644575,50.92662670407791,1,0
189.93936459764296,0.4755189942843144,51.62252948195173,1,0
190.04256454870745,0.3969459682535793,50.945881668180355,1,0
189.8930547150746,0.5283087722481523,50.59892906215234,1,0
189.93461052578908,0.33854407188922725,51.109692996805975,1,0
189.92028474207092,0.3288368577215801,52.01665817326251,1,0
190.03729235323527,0.45265969350793844,51.54269174673068,1,0
190.1966073170695,0.432774155633491,50.991650837016614,1,0
189.89811148043543,0.43471562762854127,50.665946311429195,1,0
189.99107653771918,0.44614880674058943,50.57967706091912,1,0
190.04856088161193,0.46890208306090747,51.734776095398786,1,0
190.06146236193942,0.43824920369419357,51.35645646889443,1,0
189.8852373702176,0.5387222712924201,51.48737183175828,1,0
189.76750064986604,0.4965582431254676,51.68446673527133,1,0
189.96710335777814,0.4293771574476595,51.45866143718141,1,0
190.35953717280927,0.429846783337925,51.22453699009001,1,0
189.915946648986,0.2891605023518853,51.26455850593826,1,0
189.78472223297044,0.42984699302914187,51.21596498095003,1,0
189.99565219348264,0.3507056867601907,51.520492224660565,1,0
190.26726718707428,0.4865595475057118,50.393204719455184,1,0
189.63380709865427,0.34900559171923295,51.08971918613571,1,0
189.87206627144627,0.5407986275819211,51.28827655670143,1,0
189.949482941693,0.32518462708096874,51.751711168766384,1,0
189.93050371893523,0.30722929011136424,51.10520402658509,1,0
190.12142303023265,0.34456984884581926,51.28546637060532,1,0
189.76751428905138,0.48153887861790357,50.6635896828001,1,0
190.10646330073592,0.5317295420703485,51.62615593528674,1,0
189.89551537179287,0.48149327817709353,50.806190944961344,1,0
190.07709513553883,0.39538877708587056,51.41400440563227,1,0
189.78093722713606,0.5290066664670344,51.16540338702715,1,0
189.82047540741235,0.5225897028938873,50.90232459548339,1,0
189.88167514304467,0.35874007989108786,51.6797105704547,1,0
190.2589633370763,0.37130854515763384,51.0262695716237,1,0
189.9344349618969,0.5679809488464388,50.85655097227569,1,0
189.85529308836888,0.45961658276322287,50.82303374577543,1,0
190.2764156983862,0.3790605312409671,51.27802855897513,1,0
190.14258533757854,0.4653005134713431,51.03493136727885,1,0
189.92884028775464,0.519968156987212,51.497361820134714,1,0
189.96805144701793,0.3765760514261858,51.50435132436889,1,0
189.69996115247008,0.6083405214992927,50.7412155835195,1,0
190.21301459927722,0.41321963943849194,50.503976197315446,1,0
189.87324551830307,0.3976098878647292,50.361430604433636,1,0
190.1655020565218,0.37868862225646044,50.956400359434625,1,0
190.32540999216386,0.4736502291475747,51.32490425028177,1,0
189.59850255752986,0.49557064341633306,51.07298322483136,1,0
190.2220645243784,0.4241774905276692,51.6717389908575,1,0
189.4576214287118,0.40883220036905427,51.004865256595444,1,0
189.9729113208597,0.4528956157714542,51.46862887096154,1,0
190.38631141783617,0.4313193891036518,51.08520466337751,1,0
189.86665750498423,0.529858040992803,50.902813903041114,1,0
190.0112334950396,0.28170260897524463,50.36856638000942,1,0
189.84707398665643,0.49130379659626455,50.970896621021296,1,0
189.76203489959804,0.326183048679936,50.384983832305764,1,0
190.08896192071342,0.47625854300605075,51.569366138657365,1,0
189.73279675451172,0.4818649836377942,51.87497908792065,1,0
190.2014511679865,0.39989979371722445,51.18206139460953,1,0
189.8564756775659,0.32176471305344,51.32164357151822,1,0
189.98853821884074,0.447006655801865,51.76476493083543,1,0
189.90321830179508,0.46140180026563743,51.2489208822752,1,0
190.32072618106523,0.538664312273017,50.23081716207011,1,0
190.33276226977006,0.352174914650948,51.5004579774037,1,0
189.79887584162577,0.4642284513355801,51.289350700845404,1,0
189.8771179843927,0.49678461980298594,51.59123345020915,1,0
189.93111243398124,0.5451136944124115,51.659620768243336,1,0
190.03792941002956,0.4590865127139027,51.675394903931235,1,0
190.1563749951286,0.44612241246500983,51.53610003331945,1,0
190.0137920951852,0.48973528702529,51.38347642345148,1,0
189.9614234341296,0.4407250883487764,51.58877058165183,1,0
190.40288919585333,0.42154056442899623,50.49323947547535,1,0
189.83822579302438,0.3570611321694112,51.26393088598009,1,0
190.04946815740595,0.36751784672215915,51.24767554921848,1,0
190.18704300315872,0.42714468114311416,51.59723169366326,1,0
190.08428660525018,0.4815929069185787,51.92523853827604,1,0
189.93436492654257,0.5046859699233834,51.498772801363735,1,0
189.76182789463192,0.5761876222517738,51.51820098491207,1,0
189.7993912303493,0.44837307369065116,51.60671684954627,1,0
190.00978591205907,0.44863164420258284,51.07888568178378,1,0
190.04335495774197,0.5513686879414343,50.69536353949916,1,0
189.88308541729648,0.43625126869185155,51.53803938836574,1,0
190.05548126918242,0.61395871370011,51.04058122016756,1,0
189.7569023576605,0.5379394101481091,50.316720272264995,1,0
190.1088763437043,0.504214920423107,50.987310247588006,1,0
190.0389867156591,0.48264055902817327,51.4808086813799,1,0
189.79815009438383,0.519659427973542,51.629901842379,1,0
190.001406002127,0.4254979921172197,51.17504483976459,1,0
189.9307260822564,0.506908915254339,50.95505753510002,1,0
190.07857304595012,0.36750638349181064,50.78683400840607,1,0
190.1877810979238,0.3923304196900177,50.97730074783357,1,0
190.0031311295301,0.49373654038364256,51.52698859894316,1,0
190.04833477517872,0.4124650930005238,51.01562458209981,1,0
190.116905873855,0.4465796147877445,50.34862685482148,1,0
189.97224209731417,0.30567952088652955,52.01524781732992,1,0
189.9437741930943,0.4334751272944518,50.93051086386935,1,0
189.93481151016695,0.5387132315429395,51.1834953829335,1,0
190.04932215431836,0.39081110976889444,51.64708811654129,1,0
190.18551658607416,0.454169888812823,50.98496543813347,1,0
189.4462235997085,0.40022469081454654,52.00707678709738,1,0
190.21125653810796,0.5181801233434822,50.35452979431853,1,0
190.15793226620627,0.43864007850399145,51.73207385509509,1,0
189.77531023783894,0.4574888291050617,51.00196433622849,1,0
190.1178153058331,0.4726240918528688,50.73422410439102,1,0
190.1682263861158,0.5080746187382356,50.8571659400741,1,0
189.71335508824592,0.5034228981074627,50.80977851048488,1,0
190.14678558317135,0.3879377389162681,50.982643549304825,1,0
189.80275367542495,0.5323845964560262,51.27362729556068,1,0
189.98530593199436,0.4455248781836322,51.32231384231083,1,0
189.96029775424572,0.517953744589213,51.42517881550543,1,0
189.9988514484442,0.5759106813461304,51.04192378975881,1,0
190.14079122330978,0.3394515716987771,51.26873539366502,1,0
190.4671522660993,0.39754827807460036,51.340206425910495,1,0
190.03920621633438,0.39525916238773945,51.05779527912532,1,0
189.88097480628585,0.34302695442448766,50.80315982336346,1,0
190.05369147132876,0.41692810561238175,51.536677999995376,1,0
189.87950205695685,0.44226394503436434,50.88888360867369,1,0
189.91240253019393,0.5200550992901364,51.300167266271345,1,0
189.97694592529814,0.4521891941831379,50.25770145473354,1,0
189.9504353621023,0.4825183946714291,51.2079028021333,1,0
190.06143101753545,0.4434897021239797,51.17478727792924,1,0
189.84878044674846,0.41355847399411216,51.358209763664306,1,0
189.94495991252006,0.5159988108831445,50.81758822786531,1,0
189.83987247648267,0.42460105344262294,50.75229672939982,1,0
190.01667429143444,0.47665001042228977,49.85618602048147,0,1
189.77181017783982,0.5101230184673528,51.71396677363709,1,0
190.04378463716455,0.3166622193431139,51.50879368474437,1,0
189.93533579603928,0.4570971490999477,51.176696292364376,1,0
189.91847718507137,0.5272579506828907,50.955619899152104,1,0
190.26310522350175,0.4334479048915435,51.88385361289395,1,0
189.85585936753088,0.49432817957299197,52.11308245960515,1,0
190.0644295590273,0.3759604306249699,51.20347147820873,1,0
189.95992156899237,0.4498376233476881,50.73498753843687,1,0
190.10842952498103,0.5194123912860781,50.46626342874354,1,0
190.08062194078366,0.5614171259152674,52.114632837569516,1,0
189.6974331021286,0.3397049800995403,50.763285326537925,1,0
190.23924949851192,0.42677754164056997,50.74721268541896,1,0
190.1907883629435,0.45751182837959964,51.03617656883802,1,0
190.15986033392298,0.45787422121099675,50.48324524973829,1,0
190.12627858617887,0.4005226158180461,51.434092694073804,1,0
189.94438073039748,0.3867727377294726,51.489070454448175,1,0
189.83631774435335,0.4246185942317819,50.881194577961686,1,0
190.1374207131071,0.4506675404035719,51.17780187282848,1,0
190.33121805648955,0.5159768177739597,50.540991209902515,1,0
189.96730970091608,0.5410769351165857,52.09526235934711,1,0
189.95126286305003,0.4465021820836152,50.59832051916699,1,0
189.98657205624227,0.3632432588384522,51.568981793623514,1,0
189.8367993786273,0.47982445805553803,50.93304270639675,1,0
189.91312640685982,0.49648131745841706,51.82563416092262,1,0
190.15387288167634,0.41062304519985354,51.299844332741195,1,0
189.7205565215157,0.44545003674079964,50.57286845993547,1,0
190.0599613557961,0.5617345012751239,51.85836200800119,1,0
189.831157298522,0.5018560473986711,51.247993707879715,1,0
189.85596637168914,0.46214821116164345,51.23701108442483,1,0
190.09346453585593,0.49381323146331674,51.76993230402126,1,0
189.83479658745503,0.44308088644731575,50.71950153447339,1,0
189.9463741087906,0.4186863759664228,51.29014896178247,1,0
189.98387530964698,0.40687493941406283,50.85028066361189,1,0
190.07637925356266,0.44295975328725445,50.39367563478222,1,0
190.10775224062291,0.542230829916851,51.81501808082067,1,0
189.98610243489676,0.3895987625476221,51.4551705777599,1,0
189.84562143024706,0.3942406425343048,50.84298023290726,1,0
189.95602293293211,0.45932548683197644,51.54962976237525,1,0
189.93742074179815,0.3744789245264092,49.96529360203661,0,1
189.97514459174957,0.41886552907213775,51.59390162972588,1,0
189.94057687536946,0.48080635423222134,51.55982852918112,1,0
190.0509885848981,0.44681352537585184,51.029147089081654,1,0
190.01155309330613,0.33673013617507086,51.390087184063134,1,0
190.04053926936456,0.38363893277912087,51.30279100314122,1,0
189.92729800007302,0.4899847824961745,51.82257047812279,1,0
190.24128394632865,0.3217750793159666,51.039606499314004,1,0
190.0695505685,0.46166254589135197,50.47142556154304,1,0
189.96256289947084,0.34020962932662113,50.96797413748016,1,0
190.04856656705573,0.5126296758893044,52.22297896018164,1,0
190.00113586085092,0.5162307883912658,50.880414912085605,1,0
190.10154973107421,0.40028691061379007,50.94126290884311,1,0
189.99558704082585,0.44390551092987623,51.66159644359885,1,0
189.91787919438957,0.43478782782017017,52.245195050398074,1,0
189.9624118399048,0.3788835836243975,50.987935490283625,1,0
190.06250646942087,0.5606329910545347,51.44163887474058,1,0
190.04370453658976,0.5211659223930959,51.86133276160832,1,0
189.84239175940502,0.5271818017183963,51.14905284555808,1,0
190.20107501262,0.39544441259867597,51.62154833363259,1,0
189.62342305401455,0.3925130351179904,50.12997991762451,1,0
189.86098713918497,0.5043710433984242,51.40692742185453,1,0
189.89727938987238,0.33766849931156073,50.74023983395684,1,0
190.03117836103078,0.47910839967797825,51.43258017277394,1,0
190.07656432080003,0.4627719097765211,51.47260367963023,1,0
189.72882375962703,0.40454998590585894,50.65729834264103,1,0
190.43551515587765,0.4954837021884032,50.64636108797288,1,0
190.0608309931921,0.5308004109268718,51.04973930171678,1,0
190.22208311849002,0.5199599767149161,52.00672143775075,1,0
189.61489615129906,0.5596318721968345,51.377199285718405,1,0
190.06753477698868,0.3387010298242455,51.14280461139519,1,0
190.12472678937036,0.45043556724455286,50.80028365186609,1,0
189.8181852444794,0.45569259367573894,51.05578218862626,1,0
190.05360323277102,0.41727094005633225,51.76643821996924,1,0
190.2325743718846,0.34137994056723503,51.59852369445364,1,0
190.368343217702,0.4327599605984082,51.35522875455436,1,0
189.96291794877556,0.5362195169717967,51.12188454221228,1,0
190.19763864199126,0.4698763759061576,51.01037409195689,1,0
189.9685971853595,0.5221828794903618,51.229990076497785,1,0
190.13945217135338,0.38368812500526955,50.14193654438017,1,0
189.6501681834952,0.3061081760788543,51.10735032233311,1,0
190.01868668834996,0.4105561456791231,51.05531851914119,1,0
190.13465851143354,0.4290879270957489,50.38389591547129,1,0
189.9870903308372,0.402959112310685,51.49798964393275,1,0
190.3028887455339,0.40767605872060836,52.25361546480435,1,0
189.88884235852927,0.4690299299836727,50.94195651443316,1,0
190.27540848647098,0.434059858238305,50.70172504182449,1,0
189.99484569876662,0.5135835241072972,50.50225272110808,1,0
189.94064816557585,0.533091105969966,52.683120220961285,1,0
189.95785831860022,0.46268540555607696,51.37253162526775,1,0
189.90413472713954,0.45968303955826834,52.30840942587398,1,0
189.9226425658913,0.4051787521742759,50.721022352841274,1,0
189.93247572230496,0.4527902111598971,51.17075769782984,1,0
190.09918935442457,0.5444877166086122,50.79228861110645,1,0
189.59410746834956,0.3742892927100788,50.90673433130342,1,0
189.78545020266094,0.4782517966848278,50.68252625135505,1,0
189.7846085621694,0.39087692551216024,51.907062110636055,1,0
190.0932687342332,0.41032091304910745,50.884744096063336,1,0
189.95965569279784,0.3972635565265208,51.188328567821856,1,0
189.99210079472374,0.4627478153162203,50.97891560272062,1,0
190.29631422280232,0.46225598092748343,50.630362021526416,1,0
190.14128354990027,0.47650090267212664,50.77570054165341,1,0
189.81468991937064,0.5103171555016666,51.59472439500493,1,0
189.9221999903992,0.4210054504473245,51.217376308737805,1,0
189.90323216287905,0.5419242566497078,51.032789933451504,1,0
190.15998614725768,0.5565472745813634,51.62669141027876,1,0
189.9731119193739,0.3766431475009293,51.42041859013131,1,0
190.06320151336317,0.43439149580157155,52.471478991604506,1,0
189.82307864382085,0.3552005744416525,50.26043277738541,1,0
189.90887071700132,0.28527829193805976,51.44850943215726,1,0
189.81533486899994,0.47772758451032193,50.99118867238493,1,0
190.02143904408365,0.4984799607938176,50.9154838068422,1,0
190.0217022408141,0.40326783648559666,50.59409968570246,1,0
189.7638316287686,0.49110844901826534,51.60256186525135,1,0
189.80773895280325,0.48436848160281076,50.78421240571828,1,0
190.09802666208714,0.6126309209256865,51.1670506901031,1,0
189.93727884174356,0.3712931134379782,51.52980340025016,1,0
189.87884449742003,0.4119713149439552,51.264017233932925,1,0
189.94728902290592,0.47345763316079903,51.087955814316274,1,0
189.8354299339762,0.4818849827422861,51.031255531178395,1,0
189.93287729662657,0.5898871517654375,50.67480378911942,1,0
189.58974580572206,0.40719784016599975,50.848903938571915,1,0
189.82224315006502,0.38671471349747427,51.81731744381391,1,0
190.16932584777362,0.48439255228612077,51.11085922639389,1,0
190.1550809543927,0.42577205071852425,51.17363017456239,1,0
190.16243424200124,0.5412873541070872,52.03952030433242,1,0
189.99556617022162,0.4677181338287485,51.286716023469516,1,0
190.29925673220754,0.5004542238478795,51.208809057021675,1,0
189.82237412467344,0.36483990656940163,51.46309912746764,1,0
190.33883786282686,0.40729984574550626,51.660254282187196,1,0
190.13467414952206,0.4466280402892413,49.710114134821936,0,1
190.04820290539234,0.3951487103755371,51.673587206442704,1,0
190.04798301832352,0.3768908880113693,50.77111809875965,1,0
189.98883642225377,0.43495856571469815,50.98836218126178,1,0
190.05496007187816,0.46196029183616905,50.78500415390442,1,0
190.2102924513914,0.42698056125021777,50.76174462937111,1,0
189.80213186814802,0.47512314884409407,51.03718668894246,1,0
189.83526985077907,0.5085078095776198,51.81849185509769,1,0
190.01094199621483,0.45666478270779515,51.76822782198153,1,0
190.13255783338573,0.34429306795720505,50.237375528118264,1,0
189.72033855516094,0.46566635475102963,50.80453621315006,1,0
189.80575996248922,0.5156793696691451,52.30723296106413,1,0
189.83223975151708,0.5014512409619175,50.49044349977107,1,0
190.04511383456847,0.4255225567041014,51.85447881162873,1,0
190.05115393105112,0.4314946961697802,51.3934938606072,1,0
190.20775454403417,0.46305210678753317,50.53238988264108,1,0
189.80468400124957,0.34425119498889833,51.13283438125774,1,0
189.94096201479778,0.3810315441982847,50.98844324514333,1,0
190.10448494080234,0.4939683929176839,52.108369964646954,1,0
189.94764659074127,0.39867822987650525,51.72147944217014,1,0
189.95962904570052,0.40526768216988385,52.025647697561105,1,0
189.79562192679725,0.529108952670107,51.84427947523483,1,0
189.9523911245129,0.5227328131333696,51.71542340743545,1,0
190.49024488406,0.41375133553865606,50.694296553755734,1,0
190.1924045331466,0.4439491896764424,51.00037757841212,1,0
190.19047161103035,0.541943052313228,52.27825573408717,1,0
189.8954625597376,0.4074227033483231,51.62865684888606,1,0
190.07835998242254,0.45091629916501447,51.43155783959447,1,0
189.77980485675,0.5062795251760378,50.80635329181811,1,0
189.7845462608428,0.4350630617174104,50.57696896762616,1,0
190.00177430726328,0.41044859351859114,51.4859946383848,1,0
189.920236273007,0.5243744157941296,50.99846531820326,1,0
190.02684140695217,0.4741324234396576,51.34470435104762,1,0
190.1475800786328,0.3778344248533496,51.42322911424571,1,0
190.2799806221412,0.31010234990466334,51.08867686465044,1,0
190.04765256877207,0.48853528947655867,51.049692760265685,1,0
190.20197950659,0.47285754782629863,51.8452361741995,1,0
190.11704229296788,0.4453381296209613,50.8787292898692,1,0
190.0491300260652,0.4378866135974197,51.05401723709795,1,0
190.2494912393682,0.3998806562203544,51.14418418904237,1,0
189.63493099220517,0.43251825326126264,50.99265454953046,1,0
189.80042348600156,0.4370948800080479,50.8539297430531,1,0
190.02058378874042,0.44150347226253034,51.717866820386696,1,0
189.96357981647313,0.40161269966262964,51.038331207615364,1,0
190.31573992781452,0.3055092865261463,51.259606658077864,1,0
189.72728360440718,0.4406949231948564,52.2509143159192,1,0
189.6108125737482,0.4623710749819827,50.471241303573166,1,0
190.1313766759421,0.4307868662962904,51.00500450445768,1,0
189.7354002503338,0.5173208027524385,51.64807298093373,1,0
190.07177559238198,0.41760443625186855,51.484996561983884,1,0
190.1292435202841,0.5665177104708785,50.73163610554618,1,0
190.14272343532238,0.47516639537171906,51.99125832721351,1,0
190.18723236205113,0.5554921589219773,51.471130212709895,1,0
189.80785907296953,0.44686053717962004,51.41380252371169,1,0
189.8933736877477,0.4394086636739909,51.88306230970402,1,0
189.97746197767864,0.3965841031175003,51.484323580834946,1,0
189.5215348334244,0.4731242699637667,51.76444994210237,1,0
189.5797555155634,0.5405813897382877,51.469772230413966,1,0
189.98754166885084,0.3494085062377897,50.8950564602769,1,0
190.18284737995444,0.35145113104952946,51.632181838984174,1,0
190.02422612202162,0.5508133097625356,50.97238174774522,1,0
189.9497761255103,0.47105437247361986,50.9404628180103,1,0
190.03331120721012,0.40996317030706547,52.011588023453,1,0
190.2992379882776,0.48298342142031137,51.618391564443,1,0
190.1247789594173,0.4606437517527717,51.542962851674005,1,0
189.9218255522605,0.4533848032265845,52.40159136246113,1,0
190.0029975047423,0.49497584449920606,52.010649777899886,1,0
189.83616293864367,0.4808024385100757,50.0506731754005,1,0
190.13873512601563,0.4828555690345359,51.60612246619505,1,0
189.9970313444835,0.47708748510413546,51.01437134144176,1,0
190.01068376315726,0.44152479486663115,51.1567645686175,1,0
189.82090491567567,0.47708110128395553,51.51258903565836,1,0
189.91465193824044,0.4734631944083027,51.33988511479823,1,0
189.75210596417284,0.40286321337730907,51.30302562244802,1,0
190.09591308343423,0.4793617819184193,50.71838998600488,1,0
190.00127425081482,0.43629907516965216,51.66926278689391,1,0
190.0157688232819,0.4201238291231848,51.029504321634235,1,0
189.72197320742916,0.43308704694062833,50.51030195927811,1,0
190.2237596106462,0.504405211447517,50.54086308529665,1,0
190.0554609268896,0.5074563268151314,51.635829483406795,1,0
190.1386170313877,0.4471407665688226,50.77924160568719,1,0
189.88454222158484,0.40401468887401787,50.93829737148914,1,0
189.8662635620312,0.4504868102476597,51.11890867366094,1,0
190.1652557935488,0.38359446766220817,51.15450119016415,1,0
189.91632546296435,0.2744759272781177,50.59235630428195,1,0
190.09340218590262,0.30030201215814034,50.43330378505063,1,0
190.00231228566108,0.465962984956424,51.32270630379163,1,0
190.04289694826593,0.491971539525606,50.43119308982308,1,0
189.8767529773592,0.4668110219565035,52.18156674901746,1,0
190.26628108593667,0.4875809992840172,50.70536011338115,1,0
189.91457514431585,0.37740956643923906,50.954521398177086,1,0
190.14536308408302,0.5310346305636287,51.4442263817521,1,0
190.04265913992083,0.48877062856121084,51.42464368592614,1,0
190.01337849037097,0.5432639089683449,51.049279974663726,1,0
189.94613018887577,0.31287347609059135,50.739519012742306,1,0
190.18378583637545,0.3926925184413545,50.883991186338854,1,0
190.1163674051085,0.38230647515468413,50.60724349764979,1,0
190.03718315819148,0.3853712857618128,51.820949999511,1,0
190.07780169719075,0.37518534518468555,51.02125854056184,1,0
189.76850030015808,0.4502842631036089,51.266319449918804,1,0
190.11879298072859,0.5271461484136053,51.662469074022624,1,0
190.29520522562171,0.31713435222487596,50.9280036633711,1,0
190.0027552979791,0.314439056744797,51.93173546215473,1,0
190.39648822319077,0.5464285218194291,50.5523950640556,1,0
190.2831159435121,0.402788521152935,51.544826579784385,1,0
189.71386603084466,0.40701544504750414,50.97329183122436,1,0
189.73802382342473,0.43034657578346897,51.793181705329545,1,0
189.8782733239886,0.5505512659951912,51.08752938119279,1,0
189.9469919351755,0.5103576696610898,51.11324105357447,1,0
189.85837269415438,0.43257990794750967,51.03995178973509,1,0
189.89341338832753,0.49164562814010965,50.69508559234631,1,0
190.00983784116204,0.4429950156097601,50.880583356759225,1,0
190.1456286976736,0.5123367269406274,51.04699301354659,1,0
190.1927143780842,0.4849716357940345,51.74806897802515,1,0
189.9956940975157,0.5322111807372772,51.811687647765595,1,0
189.9754046954066,0.38488162208698573,49.982681207105834,0,1
189.82269142466487,0.40253855660495863,51.132103716057586,1,0
190.03671196792126,0.45826090580988904,51.505150972562156,1,0
190.054224519056,0.34701663432287655,51.184559527269464,1,0
189.80127437487175,0.4633906413774176,50.932400267264605,1,0
189.75022110869864,0.5120216015427832,52.39983521243511,1,0
190.21435026676815,0.5236036640619676,51.57970845704535,1,0
189.739884691701,0.4531392919791102,51.2170157893727,1,0
190.01478799182797,0.4617640466441491,51.014985662973935,1,0
189.90516946345105,0.45670614537610266,50.5892354915139,1,0
189.96072254741304,0.6227404199482152,51.562316760074886,1,0
189.92200562831954,0.41077263995065,51.12306595493939,1,0
189.71668392604673,0.5714066467541977,51.42967554746446,1,0
189.88308210253192,0.3974371875699778,51.474526550819505,1,0
190.02337152464565,0.5311727642276017,51.79409664466514,1,0
189.87022126044502,0.3266701974490382,51.58308907503656,1,0
190.16287645291266,0.46689472976923885,51.160075677960876,1,0
189.96076707555812,0.5135834272941305,51.34299635680778,1,0
190.11902129516372,0.45437407797389306,51.815164229651884,1,0
190.2532005920556,0.400370640620151,50.7912926005339,1,0
189.95538248074718,0.547721821544552,51.26007722794873,1,0
190.04895019353916,0.5444927236725325,50.59170405206195,1,0
190.08678447392197,0.5885037749557646,51.611750712819735,1,0
190.01097875683087,0.5332894795905573,50.21830426477495,1,0
190.18947561193036,0.3574621789037349,50.99733458828866,1,0
189.85851852783068,0.3849590589811496,52.080206047648936,1,0
189.99771237134863,0.4636511488313425,51.987940226862435,1,0
189.8075926226576,0.4937385681102076,51.444824837071586,1,0
190.2322399384796,0.3943985766808605,50.83450955169634,1,0
189.73388963312377,0.29713730587682147,50.53259467583326,1,0
189.8626271213067,0.46976718381379745,50.24459896291673,1,0
190.12206529653838,0.4649156371208884,51.26288894347296,1,0
190.12489112673347,0.4383735544632987,51.04925647336981,1,0
189.79882086104578,0.4646909293727315,51.68088236123679,1,0
189.80489910403674,0.6278508015116121,50.6342747993707,1,0
189.9164267726542,0.4336252878710507,50.54474942957445,1,0
190.01298596523063,0.4219208183306446,50.25989594745883,1,0
190.20477424107082,0.49422896974089264,51.66307015727426,1,0
189.93147748963972,0.3516297523827618,51.09253353266665,1,0
189.7623760314936,0.37111536436951,51.770541180101254,1,0
190.0843292458492,0.421141377105077,50.717243780638896,1,0
190.06795993094423,0.43252594799782307,50.168929253197405,1,0
189.79408146621722,0.4522614935968359,51.3073022829389,1,0
189.69626922860238,0.4644761167269171,51.26715870214047,1,0
189.8519045321002,0.4017811531438466,51.38414414183718,1,0
190.03886263133603,0.5097575865124104,50.32286717431037,1,0
190.0683167786881,0.5137822994422547,50.63805669899263,1,0
189.97636696450442,0.5022855065907975,50.84882765114573,1,0
189.90965109061833,0.48275540175096976,51.38329970078548,1,0
189.70490953272954,0.5835009283913489,50.73681926439685,1,0
190.2859364312934,0.5078054354831532,51.52467016622213,1,0
190.40068017928743,0.4294699060597204,50.90038178410651,1,0
190.05842171412755,0.4955932626115557,51.04725455923145,1,0
190.16071814714272,0.48221915941687804,51.47973716085929,1,0
190.18780581994892,0.4560330247129885,50.72802541985344,1,0
189.8565458220591,0.4592168739255985,51.8947349872066,1,0
189.83208489669022,0.5329360731873951,50.768103618599284,1,0
190.1482868300343,0.42706356260135336,50.817432080999616,1,0
190.09949223900668,0.39526654672679074,50.89591521204402,1,0
189.96697386367313,0.6193577432553097,51.28144336116285,1,0
189.7917002264513,0.3988176808551859,51.815251712101485,1,0
190.1527881578004,0.4678335267622288,51.272540041181465,1,0
189.8355390161101,0.5594243843273573,50.80176075399554,1,0
190.0082613723724,0.44792014563987775,52.46741107228864,1,0
190.06280164551097,0.4994057506454283,51.34253337578775,1,0
190.15156272586563,0.5839030271865899,50.726141813936934,1,0
189.829982673004,0.5008209045346573,50.96663247855175,1,0
190.06511647969288,0.5947094194460842,51.64306385869234,1,0
190.08559409001398,0.5051910482337564,50.511358401058935,1,0
189.84328393213417,0.5531665010008229,50.58211781212665,1,0
189.99448746644063,0.3345287449625611,51.532195489337326,1,0
190.00186463514427,0.43376055296341004,51.50681634196493,1,0
190.08710887003173,0.5055600035563832,51.2311836132495,1,0
190.03674634212572,0.4636291828560463,50.693469494492795,1,0
190.08032483454483,0.5020176292267958,51.435683432719244,1,0
190.13287961155203,0.6276428196577668,51.05876611218946,1,0
189.97479478057033,0.558958786860331,51.143397203584875,1,0
189.9627067780035,0.4874910323715036,52.038604384528035,1,0
190.26424413672407,0.5068951339202485,50.64563320445659,1,0
190.05081411793145,0.3714395258928402,51.167275849787295,1,0
190.29007685723118,0.375906074542735,51.351517157536726,1,0
190.0440767043921,0.43225456998656875,51.820617537741555,1,0
189.76993048558546,0.5067576091060924,51.1727660900962,1,0
189.94623855223074,0.4463813682461358,51.0334048251826,1,0
190.225668305351,0.4879673424262622,50.81243025658827,1,0
189.7463745542754,0.3846822082574729,50.79634584836136,1,0
190.0000734935189,0.46560150878767925,52.32397668091563,1,0
190.09294852377894,0.44788106412274814,50.97223047076439,1,0
189.8106707195385,0.5123978785462209,50.89819174543979,1,0
189.85770065162473,0.46297470371079474,51.63321366947159,1,0
189.97605029491572,0.5030467543396211,51.158722968971006,1,0
189.71266974233566,0.35739915941392714,51.021506650989174,1,0
190.0682371387047,0.4338229725134807,50.69130241210298,1,0
189.7478503175193,0.47357330947675413,51.63061252495821,1,0
189.79237138931182,0.49606514763977133,52.0993092340158,1,0
189.8437030478897,0.4810420009391402,50.84823175779971,1,0
190.03523832068433,0.4363719282361421,51.00544117315976,1,0
189.6692423963846,0.532771810523261,51.66221198216939,1,0
189.84043153856192,0.44413325175917956,50.75287771100063,1,0
189.90000265317923,0.4510411648254073,51.59206554007523,1,0
189.71560363240806,0.48893312179331433,50.04523130349241,1,0
189.86905082646834,0.4239251745563545,51.025460479735635,1,0
190.10262191617204,0.3798040288580836,51.06472023498847,1,0
189.77705243278308,0.4721977954394072,51.572341625858414,1,0
189.99007960269466,0.34387805930758836,51.352128650756505,1,0
189.98966945181215,0.530367711368296,51.84342246965266,1,0
190.06828442318923,0.5101003639857105,50.71433917542665,1,0
190.04121954525755,0.42355812801325915,51.60019358781381,1,0
190.06345307022886,0.4201909582964113,50.62835638824453,1,0
189.9569371003275,0.3656947537004728,50.61399935425685,1,0
190.04258068279842,0.4359929857015481,50.990211305185326,1,0
190.07884996374224,0.5861356399048867,50.86780409843399,1,0
189.990528359418,0.5224149729578117,51.790029658123686,1,0
189.78843229431237,0.4047005077788335,50.906928696734944,1,0
189.82152219209465,0.40561270255315873,52.09639022467183,1,0
189.9370385059022,0.3202609094464257,50.78709880549515,1,0
189.92938593176058,0.5186865569119387,51.31678990553191,1,0
189.8821845490062,0.2822955835775873,51.58987543961447,1,0
190.10948133193358,0.4215886646696472,51.47794598972858,1,0
190.02986912087746,0.502254771476802,51.14733331860015,1,0
189.5872681182469,0.3319486269615259,51.655636151940456,1,0
189.9573579549233,0.3573664879371936,50.820020698877556,1,0
189.91698656269918,0.4685827146953403,50.96145096942259,1,0
190.31057613100893,0.5207280246344566,51.051388857336015,1,0
189.8066676114349,0.489938500184927,50.22966139858355,1,0
190.16382310089313,0.3718668302909543,50.99077190999824,1,0
189.98109524360717,0.3772251367283336,52.10601536485897,1,0
189.94774193696142,0.4890638035193843,51.057654880006005,1,0
189.97461084872947,0.625452539667046,50.43261180508832,1,0
190.07829693727828,0.3452122270522612,51.3119970302443,1,0
189.6450813796233,0.5273120850890664,51.66550788261482,1,0
190.15524856925262,0.47782652749555793,50.90922625534136,1,0
189.723120396044,0.46309267778259117,51.04073325003254,1,0
189.7331836283764,0.47762829080664915,50.60693821028038,1,0
189.96485777845626,0.36741461250215457,51.51763709282821,1,0
189.8510423351305,0.6088792870358554,51.34835093556126,1,0
190.2163813772116,0.41767406322066364,50.84902524601421,1,0
189.81660584005928,0.4755386954780811,51.4474652733681,1,0
189.95350459934417,0.5053263658700364,51.2496251957527,1,0
189.9619583702025,0.4758838274260466,50.8937800747651,1,0
190.0580835762388,0.4629481399956951,50.7582386300147,1,0
189.75598237466738,0.44742970518098213,50.395984747060176,1,0
189.93066543642306,0.4718617636061335,51.33591036779226,1,0
190.0401481199058,0.38266809406862323,51.56031327061333,1,0
190.0723150626095,0.4883625650402562,51.29074032889258,1,0
190.11925326845497,0.3276277048950037,50.8574548082067,1,0
189.8535435489946,0.46416475541058605,50.056277771549624,1,0
190.06213743685342,0.47617437670036905,50.90650162730107,1,0
190.21218331212825,0.5275663571704131,51.5528138175739,1,0
190.02645060027228,0.537944521532596,51.102393901053354,1,0
189.88335952710187,0.434179195942841,51.17662344817313,1,0
189.93085257159026,0.4271621179750268,50.676501923351694,1,0
189.96905282348357,0.5285236487623077,51.21353673592369,1,0
189.99466272071652,0.4193202075035768,51.041955071625225,1,0
189.9596072086378,0.3994805287394403,51.39264740124754,1,0
189.9923826173385,0.46144832669033026,51.40654750109523,1,0
189.9254483622209,0.3433367575956099,50.62489728557981,1,0
189.90635926532767,0.22625191051064583,51.269282454867735,1,0
190.03036074038957,0.4503026375059574,51.137490583203665,1,0
189.94171350359926,0.5747324429180702,50.44581126552929,1,0
190.05452854772759,0.40389847356750824,51.18094351371623,1,0
190.07822299116404,0.507948066820875,50.94437482666543,1,0
190.03449206546784,0.38732085551654993,50.527835509313505,1,0
189.97117110946562,0.4513705846735292,51.14077537934906,1,0
189.91400304981153,0.5723360793398095,51.458772617317024,1,0
189.82986500111616,0.40902514208405855,50.56800195937663,1,0
190.43877652207973,0.44148061698493235,51.486193610805806,1,0
190.11988612429732,0.5529562804782369,50.36618347112543,1,0
189.94151827993034,0.46531486758078017,50.989980885125426,1,0
190.23324267408248,0.42408912830844087,51.5229728036866,1,0
189.97052678145755,0.5271383995771475,51.38221110250397,1,0
189.71322902307753,0.6066142369359497,50.651577562228915,1,0
190.1105079989209,0.49618556366393557,51.171209981482775,1,0
190.07234217840934,0.4936343575581464,50.17538191722114,1,0
189.7975278983349,0.49826612870221076,51.64463797013881,1,0
189.7972672684422,0.45761292860030844,51.381301936801194,1,0
190.15998128448632,0.5131987291488532,51.027260250125195,1,0
190.1393961520149,0.3543274175974219,51.22269899561686,1,0
189.9211294087481,0.36457904936467733,50.41178805136789,1,0
190.27904104962286,0.39631698132088666,51.59788458777189,1,0
190.2240871394812,0.42946060548617226,51.41104295605322,1,0
189.8352974537655,0.48003819229748174,51.34113756160066,1,0
189.99765697998342,0.3176249846381934,51.857877217522855,1,0
190.15719283545616,0.429013444438072,50.90533688845386,1,0
190.21274360734,0.26910503246594464,50.98639211624088,1,0
190.18149904670426,0.45827840501221057,51.92970184081132,1,0
189.95725584487747,0.4542079399029397,51.42277668919895,1,0
190.3273478750317,0.492653142202832,51.502601853860284,1,0
190.1775593456696,0.48812841755920044,51.29823107457201,1,0
189.93101222390538,0.46403503200489793,51.20023019027239,1,0
189.7706139612675,0.5099722413716143,51.78371399401488,1,0
189.96863738495145,0.3883967974592201,51.81866725951179,1,0
189.8872137645673,0.42259428585888326,52.167136917275066,1,0
189.9142751475122,0.5657641627712824,51.43830198488571,1,0
189.93013304717232,0.312022494047046,52.00713158046014,1,0
189.95572026327721,0.5191823822216012,50.945887035352484,1,0
189.7879076899578,0.44149648818210796,51.23905194024945,1,0
189.91230740217244,0.4932154133714263,51.4412145190216,1,0
190.11906271026916,0.37835193260347766,51.0445322162322,1,0
189.96388343165054,0.48856569652989723,51.89571344163399,1,0
189.92463201130073,0.5033811835599593,51.161513077685434,1,0
189.846037601124,0.5457734111399246,50.695532512935124,1,0
190.00463377393223,0.5190604520292423,51.14104793724768,1,0
189.8280451001864,0.3834532232876251,51.490565525117475,1,0
189.9906330714817,0.2894629109561398,51.13295379998296,1,0
189.87886337533186,0.44637104392895266,51.589720334849574,1,0
190.07361515014003,0.40989983961129284,51.90381994128968,1,0
189.78646018272514,0.4744024336260126,51.05140793867623,1,0
190.15116442848583,0.4927430501606939,51.2636947068825,1,0
190.17169528969765,0.5399644521019088,51.393624304932395,1,0
189.87070337505384,0.32009363824550136,50.833133785349744,1,0
190.31770726622295,0.4018633187721728,51.41577811704523,1,0
189.97048397447472,0.41542278888866674,50.66223616555134,1,0
189.77748299242558,0.4614319264418253,51.25030947587084,1,0
190.1500221025559,0.42448673467628406,50.70324154167486,1,0
190.2543803538384,0.5398862160576192,51.77637803740688,1,0
190.26309175388008,0.41633681251881804,50.28209676669643,1,0
190.22136397673185,0.5778787249436589,51.080908858779296,1,0
190.00878296671604,0.39847602044963093,50.66091654207715,1,0
190.23760614757302,0.3389249526196855,51.10462462838026,1,0
189.92167342408788,0.5142271205422569,51.4550229131177,1,0
189.95491688060383,0.42321721609931395,51.28717406323529,1,0
189.9010215266397,0.41002033022904627,51.63032058018049,1,0
190.22907286050878,0.4415176332305363,51.73776266583259,1,0
189.66883619834783,0.3695042457921536,51.61086703274405,1,0
190.0280065948618,0.49712241690296577,50.68936530752402,1,0
189.94936745730735,0.44773513075429416,51.56223430129804,1,0
190.02803344310672,0.4978683595383402,51.10391321185506,1,0
189.69053927074938,0.3738808994763085,50.4565518750577,1,0
190.1615505698902,0.4190235599550318,51.46635122964525,1,0
189.87047586098998,0.4665486987796304,51.39559782030018,1,0
190.0060335949292,0.5697238687004098,51.219930676110586,1,0
190.15730089754481,0.5470241379284284,51.66091767235541,1,0
189.81685954492008,0.3727130360731161,51.554293643463396,1,0
190.1173303277602,0.40291359106896935,51.357598594305884,1,0
190.5351572462847,0.33849000030882254,51.991377560835744,1,0
190.0745685248979,0.47279256042750323,51.43686318302178,1,0
189.83285606160126,0.4862622146970924,50.39274464059901,1,0
189.83037927489767,0.5442308857614373,51.016118484715456,1,0
190.13500691540364,0.4897044813310117,52.2374225050077,1,0
189.9355991760003,0.38987108982336544,51.51959077628411,1,0
190.01966323555214,0.39621388892353965,51.12974112063594,1,0
189.9728989955704,0.3537652747299449,51.3462502447502,1,0
189.96732087436513,0.46591583179064017,51.84855126576947,1,0
189.97866538384557,0.582454989541697,50.593177878811474,1,0
189.97948226029393,0.3361941125980039,50.93833168527006,1,0
189.89789273765703,0.5097105284225579,51.5645399017269,1,0
189.90742897900938,0.4419981050877503,50.6339017171854,1,0
189.73840671774784,0.5088774459832291,50.78953480432393,1,0
189.89434152125202,0.34029361620923687,51.09766804634608,1,0
190.10261340960872,0.4617487267763366,50.48536836673351,1,0
190.14435173227673,0.4649228759720271,50.51237658471579,1,0
189.80054286730163,0.5078102707340785,51.3590758413151,1,0
190.1466186642354,0.4358948919294072,51.20563603917081,1,0
190.01586203437202,0.42577313379371917,51.31616574681806,1,0
189.90153710922968,0.41867573497981997,51.27569877920982,1,0
190.07521090964792,0.4453208062113312,50.80240019138189,1,0
189.75445107966124,0.5186127170395635,51.28324696314718,1,0
189.93904801430398,0.31603872789487364,50.44157418117628,1,0
189.97567531742817,0.5360916370295001,52.709578687283724,1,0
189.87756060934768,0.31388536593855904,50.658993846535594,1,0
190.03896091801332,0.4627086355111898,50.440950501590194,1,0
189.73591179026587,0.2890126818403263,50.99045085963131,1,0
189.99093883020717,0.4628812343471007,50.72450749445793,1,0
190.15784283559958,0.5517344194850375,50.86621746970943,1,0
190.18920859383462,0.41286601041121784,50.68242898566275,1,0
189.78650086003975,0.46971555927499803,51.453705398550376,1,0
190.08622858693764,0.44054515368523023,50.69110622578918,1,0
189.96058574757495,0.3829883282180353,50.99322070455016,1,0
190.0322205882725,0.5198080303899429,51.54934851447745,1,0
190.07901894979483,0.4198672364073068,52.505719142510365,1,0
189.83014322659423,0.3655397594014706,50.70595911674692,1,0
190.0844469917168,0.4443610008241376,51.07147895148428,1,0
189.88660389321024,0.4512160952768602,51.137948800275154,1,0
190.03741337331095,0.35737003518514293,51.54233552709502,1,0
189.83002333791396,0.5027359086050935,50.774564238710965,1,0
189.99345929810457,0.30574821550914744,52.28413848948766,1,0
189.92631313257493,0.4586793369901608,50.803075965640595,1,0
189.8994031770428,0.3588245130163217,51.76258172807824,1,0
190.20025326345552,0.5605022098821204,51.94102058595545,1,0
189.9336405072534,0.458714920846184,50.707721923420095,1,0
189.92621707906756,0.4547684630302479,50.69864143434747,1,0
190.10965702470776,0.4498257834590082,50.69271040900236,1,0
189.81900529263882,0.4719815632338018,51.03388711334203,1,0
190.0723874100176,0.44271121407832376,51.39209717949519,1,0
190.16470044308997,0.45846232250094066,50.83806818105256,1,0
189.7985029234797,0.4099405123448975,51.63674154002321,1,0
189.99117336968672,0.4207463906287533,51.943964228763335,1,0
190.11825649346287,0.3412548499090696,51.16874018672553,1,0
189.94198348595336,0.3454012668146337,51.34473182199803,1,0
189.8710571867782,0.5276902377818332,51.44954104563293,1,0
190.1306163650216,0.4063335092794213,51.473264315941876,1,0
190.00911204454252,0.48427571661931595,50.87102263552999,1,0
189.89307771613306,0.5463877068984108,51.11031824287799,1,0
190.0535308604956,0.48376741240918114,51.828873062910965,1,0
190.11273964066953,0.45495333276043987,51.112951557491535,1,0
190.03669599475845,0.3692355844688251,50.146241650388895,1,0
189.9037458460679,0.3001447305557909,51.41985291583581,1,0
189.97293031405772,0.563733921752425,51.51831294843523,1,0
189.8977227034961,0.5100431500464144,51.451429758309246,1,0
189.9080416518728,0.4558994523386222,51.25071491902562,1,0
189.99685206289342,0.34334542688301345,51.81696872437608,1,0
189.9879968031375,0.5653126263586854,51.507776931376796,1,0
190.08806942060392,0.47672714759136975,50.877313432992686,1,0
189.9692145361229,0.49170574015907703,50.516902957498765,1,0
189.87414404234656,0.38769660560035857,50.68150729173427,1,0
189.85905816910568,0.5579620214359649,51.43855836393266,1,0
190.0481102876872,0.500023851762215,51.51827482013792,1,0
190.320331303149,0.5823879340357082,50.747646508044525,1,0
190.16644517742526,0.37157134374165124,51.218127734162145,1,0
190.11763471940947,0.36828812835758507,51.686596798998664,1,0
190.02978397447504,0.5306354541974871,51.52381034874209,1,0
189.78669149466413,0.41042263374832394,51.159626892159785,1,0
189.9634505035388,0.3952874389722581,51.02016386358972,1,0
189.866914466332,0.5478427379223885,49.88560224082594,0,1
189.8862628213126,0.4598562480681458,51.40134041936483,1,0
189.78637199136045,0.3538965268853111,51.15830642427052,1,0
189.97172548003124,0.5321717611081151,51.07054985185508,1,0
190.0193316008012,0.4815335294287797,51.06671373135204,1,0
190.26017011775875,0.46564128215656647,51.63289797644049,1,0
189.8939984393992,0.5244122781098434,50.38020367599921,1,0
189.94288953544404,0.3414532662678126,51.44973023020137,1,0
189.91208889700323,0.428684521217439,51.68450324236708,1,0
190.01064391197016,0.4838525393958161,50.870473608276384,1,0
189.98064963799902,0.46034376678258665,50.27456706639167,1,0
189.8338461619235,0.5231671920128572,50.90198270642407,1,0
190.3422716006475,0.4295600717519376,50.772398523989125,1,0
189.87323557930983,0.392102740480001,51.0281671045209,1,0
189.89842781524925,0.47872927788786357,51.48777323554643,1,0
189.97495409870785,0.4215867862420023,52.03496551770947,1,0
189.83215911374552,0.46547326178245896,51.96282665235457,1,0
190.0820670429053,0.5268548135210772,51.4762218066085,1,0
190.08949575880507,0.4475351894803897,51.65868764236918,1,0
189.75230099449644,0.42127210729337605,51.31621114554116,1,0
190.0229398851384,0.4018543049707555,50.80962572548357,1,0
189.97490468392616,0.3410020902875551,51.552152135290264,1,0
189.80294165709685,0.4879199085679964,50.106323510429064,1,0
189.84927430707978,0.29687658859632604,50.614552584414014,1,0
190.18985855458422,0.3397059386026589,51.16152063203443,1,0
190.09249261154048,0.49064045612491114,51.25483479190223,1,0
189.72662756491934,0.47180466319880576,52.70473371114152,1,0
189.9860629276481,0.39796496782436724,51.585070937374134,1,0
190.13541995736256,0.5388396350458328,50.94408621867129,1,0
189.9288511053867,0.45896393275304354,50.40482982284648,1,0
190.10835739491492,0.3679920940791623,51.17477855039677,1,0
189.87660916432748,0.38209426170831295,50.91630651090135,1,0
190.08497522805382,0.4881420586122972,51.12137627117293,1,0
189.83875179537085,0.4716910702564952,51.09866918806077,1,0
189.78471394452043,0.40565008576658257,51.96952140900755,1,0
189.87376154852362,0.4806842523408126,51.31085006332698,1,0
189.9563064059996,0.4919626056494701,51.338914375812685,1,0
189.85286799633127,0.5950721795140236,51.11281172808612,1,0
190.11054480341963,0.3769511053211443,51.395701612651145,1,0
190.28619483421096,0.35902381775715136,50.682293117798885,1,0
190.1888727787983,0.46990862622870067,51.65041896360785,1,0
189.860158120199,0.5413795624069061,50.89222750494028,1,0
189.89580496777583,0.2890722933892822,51.723657118661805,1,0
189.97163728256393,0.37759228309230936,51.56279989964591,1,0
190.12101715362377,0.3972932988837078,51.178764078233264,1,0
189.81691766589827,0.4178188118089609,51.44101509039937,1,0
189.9190530723586,0.5821892908547833,52.18762406416564,1,0
189.82717223329897,0.5015037827615095,51.59123167579389,1,0
190.1334525016153,0.3897404169038455,51.58894042211361,1,0
190.169903526656,0.5108974699777414,51.19215349553139,1,0
189.97570050423042,0.4395096511974515,50.57914324512207,1,0
190.04098976958105,0.33708490422126636,51.89496747506808,1,0
190.0358686307403,0.5311984008303766,50.83808067335161,1,0
190.08803113089564,0.488926946611532,50.75594341442337,1,0
190.0712476806751,0.381902160929308,51.72887956708482,1,0
190.10844330887036,0.3431190005587945,51.83157196416911,1,0
190.09471555263357,0.4509862426893156,51.44043842886247,1,0
190.0506851065959,0.5187282636723165,50.71963847591657,1,0
190.12471635868582,0.6777685562503357,50.90468148606566,1,0
189.85561434468391,0.4022503011493318,51.05810070408471,1,0
190.00088975300466,0.4418870692010865,50.426707673948954,1,0
190.25725576149688,0.46226024016657363,50.41184100827888,1,0
189.77719396440807,0.46138576863167224,51.60522496263536,1,0
190.09543390130816,0.513394299988987,51.114458953978016,1,0
190.0394774045369,0.4216800163082928,52.63356074287565,1,0
190.06701329007421,0.47519525460555645,51.527156585270035,1,0
190.23516862362447,0.4106031714962494,52.25712841882312,1,0
189.9266137239804,0.3719216639200216,51.41536117298728,1,0
189.97148213361953,0.5484661707079665,52.17180077110338,1,0
190.26468108977093,0.4895237330207827,51.394842922654554,1,0
189.8678661728193,0.32795656498945525,50.43892732071883,1,0
190.18547852669406,0.2638458264918039,51.615800739317756,1,0
190.05656840338258,0.4654645177897605,50.37212948138864,1,0
190.0940620762106,0.5126367188391459,51.99697953771138,1,0
190.04418006189113,0.5102799005235109,51.65561320382554,1,0
189.95930948031884,0.49071224120958623,51.571509879176766,1,0
190.32901643736614,0.49936843836445194,51.06726094304886,1,0
190.06389473827684,0.6038931371261652,51.71830601979644,1,0
190.01042924004904,0.5160684320525071,50.634793153905335,1,0
190.06297732572204,0.495189327047427,50.884740608872995,1,0
190.08185067258682,0.5147601529978005,52.37436943936304,1,0
190.0092830235904,0.4908061597052206,51.592004067656234,1,0
189.79955213082297,0.42696091577879314,51.90469296556545,1,0
190.1027931457045,0.328751497579263,51.05179965696953,1,0
189.815585942482,0.3987976457790777,51.07260246380393,1,0
190.0360879666841,0.6057195753355485,51.24272520928999,1,0
190.07936391014897,0.42087033624182135,51.025332842616706,1,0
190.11066924137555,0.4109988089934415,50.748614738115684,1,0
190.0523593509761,0.3406681972058088,51.059694624177766,1,0
189.9941940584396,0.5029495315524011,50.55647562348895,1,0
190.0199296433896,0.38329988716690533,51.14315883004316,1,0
190.1415397388115,0.39116231758741576,51.69872648044097,1,0
190.29375833099553,0.36644624271606,52.541263144136344,1,0
190.23782393718113,0.46295265940540153,51.44606158105278,1,0
190.01549718813106,0.40549593862495026,51.42868713176554,1,0
189.71323124942046,0.5016516167052921,51.25874355389917,1,0
189.9467135120304,0.4813504292658313,52.35152241077351,1,0
189.85476075530732,0.5675737185053444,51.153117014516546,1,0
190.11920446766624,0.3050106508950143,51.633933080204656,1,0
189.87895464374122,0.3581660454019111,50.39728310149939,1,0
189.85054679025077,0.3745813216082686,50.48651582890164,1,0
189.99409542138125,0.3802928293805031,51.41342421391078,1,0
190.194135541388,0.34241656442997076,50.55275984415941,1,0
190.18149183808683,0.4723839083313178,51.439627375195634,1,0
189.8736617393588,0.44337267488017273,51.054348326826194,1,0
190.0666411942878,0.4153143979296375,51.496156137211564,1,0
189.84848417890035,0.5568910076655333,50.75913991201112,1,0
189.76911289980893,0.37541503482602895,51.04382850918279,1,0
189.9744258920252,0.3189572899746975,50.757293294681155,1,0
190.1531144049531,0.39256962223466635,51.60105422490237,1,0
190.1728686372414,0.47682059792195103,52.60154671267237,1,0
190.22894773126072,0.5955989110266956,51.73672592065917,1,0
189.76702022901685,0.4553403780304753,50.426767581282675,1,0
189.9374097571601,0.510381262072785,51.150122206421905,1,0
189.92734835057112,0.47742187785534035,52.09346805968429,1,0
190.04586201214536,0.5396893923383947,51.576339020937475,1,0
190.12222130645338,0.5881629998889194,51.14418717312896,1,0
189.71280519357876,0.5408284798222542,50.71467439877575,1,0
190.12021272194855,0.4572817902819911,50.7847051767408,1,0
190.2374509001243,0.4043914428900917,51.107444652445594,1,0
190.03598576592552,0.4144466191501073,51.43600341285453,1,0
190.04061828627493,0.43356359414510537,51.10469097620441,1,0
189.82671304801764,0.5595933129824862,51.69617701697193,1,0
189.90636115858032,0.522508796525286,51.44849384792109,1,0
189.76194350628498,0.48187721154764473,50.0726821029819,1,0
190.29786645279904,0.24713046455543955,51.87002287741727,1,0
189.88778866452228,0.40880627948592796,50.784310894778564,1,0
190.1998666373395,0.37919229153390854,50.92345855627759,1,0
190.06500252803815,0.48387542313358434,50.95024686044618,1,0
190.03113754993558,0.552778288863652,50.24684351519485,1,0
190.1683473480762,0.48482163556417796,50.55092896998476,1,0
190.11492385061598,0.4815264342681227,51.37894425436281,1,0
189.82014071734005,0.4346970952073006,50.49278145125943,1,0
189.7687817111701,0.510558787367425,51.80221549198432,1,0
189.94179157239864,0.5086196439161026,51.02638774314957,1,0
189.9087199880651,0.38638799536418317,51.197067284663476,1,0
189.91302609059332,0.4547343397524231,50.23886263133442,1,0
190.07427237929642,0.6558707270329874,50.8971404861586,1,0
190.06015908392638,0.36364474147037995,51.39326076410564,1,0
190.08292605051832,0.5644921024134378,50.90787340599175,1,0
189.8995482274985,0.501705729893482,51.090814295801025,1,0
190.2221912098462,0.5174019114058344,50.86597542235778,1,0
190.13594633525213,0.45679703498740504,50.751244958623424,1,0
190.1569183052847,0.40314663150615326,50.70727226634947,1,0
189.94739041922108,0.5114901834299803,51.2353124773715,1,0
189.90789214716082,0.5592237613970714,52.068301544590426,1,0
189.90099767749751,0.5223413787054773,50.98961821842026,1,0
189.87478011416118,0.4224644960874043,51.383040327887535,1,0
189.94767183554907,0.4964415757965717,51.579621221889674,1,0
189.9799968526956,0.5157666988187616,51.46872939221543,1,0
189.98168356303532,0.5234333051749037,52.49154446498315,1,0
189.9769569640929,0.5231441429373309,52.25949514797993,1,0
190.13689014189006,0.4285215111930693,51.634810574563524,1,0
190.20430258933763,0.38224329609453883,51.46366776529271,1,0
189.93078852308022,0.4641533214206898,50.922910420596345,1,0
190.07998240808664,0.3919705711569536,50.70043832991624,1,0
189.95333287035464,0.3574437274752288,51.575471077333916,1,0
189.9722687707515,0.34263590900608404,51.50091564210087,1,0
189.85642196501675,0.5400052686974469,50.816885797109975,1,0
189.81313548324977,0.5689251052876675,51.44660957194577,1,0
190.03048222658802,0.45391020711047086,51.37936154348961,1,0
189.97535980152026,0.547644496716783,51.425636173615736,1,0
190.0879075291635,0.3814469757858334,51.902062775827474,1,0
189.94448089648864,0.4460699008721614,51.45703862956853,1,0
189.650096890628,0.3994367492618107,51.627413841957505,1,0
189.85063919609897,0.3974740051570077,51.20376079992909,1,0
190.1082851906654,0.5297623508308106,51.36638069953866,1,0
189.76817451670865,0.45511919975689913,51.038235451359355,1,0
190.05949237946157,0.5352137755151465,50.72917114643792,1,0
190.21086759023842,0.5780518619004474,50.68156396294348,1,0
189.84218692306112,0.4778886351055941,51.44833075994082,1,0
189.8867671064188,0.45026804886373606,51.1090190089822,1,0
189.80421696910744,0.4383751024295443,51.49156167828572,1,0
190.0902791316012,0.4102140364969321,51.536544743028855,1,0
189.87178544569477,0.40972733376763976,51.25615795663043,1,0
189.86049243858233,0.4960937313337532,51.44609355654855,1,0
190.0016043363959,0.4740038735472511,51.48794618717557,1,0
190.1444244476648,0.5075737443296335,51.15531781525898,1,0
189.9862762714606,0.3475505483541326,50.59625344891373,1,0
189.75781755905098,0.5894007653031987,50.943819958283015,1,0
190.01731357848016,0.40991120312543927,50.41208148550847,1,0
189.8121065305523,0.4267987904085544,49.96739291083682,0,1
189.9374988017877,0.4316293369324959,51.49849104285233,1,0
190.2507061693079,0.4753153771259984,51.82815826980667,1,0
190.02651098697694,0.33786178688270774,52.25448577699455,1,0
190.35517003626794,0.46433650404228,50.70117372537088,1,0
190.1272130549721,0.3215703995407914,50.576629362279725,1,0
189.84346110585048,0.501491625048222,51.40072860856021,1,0
189.74399353248086,0.5273881332157921,51.194119698179165,1,0
189.94734917093132,0.4421588750775663,51.24900941453835,1,0
190.0343002487496,0.4571215775909364,50.684830332088175,1,0
190.04662210746065,0.3623749418864332,50.70395086658999,1,0
189.61892091577388,0.349843169776333,50.38467217979372,1,0
190.1423244862785,0.5820691383970582,51.547005033689665,1,0
190.19247012624467,0.412792466705901,51.464033972213755,1,0
190.0640308591104,0.5152840216113498,51.068598888597535,1,0
189.9374409530421,0.47189129888320264,51.07939674396494,1,0
189.86563511167316,0.388485070669282,51.99205461900672,1,0
189.97363242291098,0.40297437652009244,50.16845476351176,1,0
189.92031487011596,0.4175917530895611,50.741231674673095,1,0
189.9528551071792,0.38871895553311514,50.92481131984303,1,0
189.88502167082117,0.4363819608938691,51.2842795530599,1,0
189.86022762560307,0.4737187069001071,51.46831152427715,1,0
189.72091505970627,0.36605521663213453,51.34495313601462,1,0
190.0443426451023,0.4411792408722608,50.62766321187715,1,0
190.17629855539187,0.3819374810716057,51.06250215037072,1,0
189.8575111541522,0.41126980593192436,51.67006035516228,1,0
190.07292124550636,0.5274006308652098,50.82187416342181,1,0
189.64710826227946,0.40270821050910605,50.80483645745117,1,0
190.14821263165368,0.32904886751940937,50.15178994781664,1,0
190.10814960176293,0.4226032672225578,52.071198227642206,1,0
189.9836488303216,0.4187040306895926,51.221887524943924,1,0
189.99955276349715,0.46661801772942746,50.561831902887086,1,0
189.79575371740327,0.4249675010384311,52.34951374238358,1,0
189.93332356979482,0.5483953817092723,51.190430614829026,1,0
189.90121036832116,0.5396130801965743,51.48794351860383,1,0
190.26690723214918,0.35942963674383455,51.327310223450276,1,0
189.82995800824273,0.38184055865135297,51.90325792076415,1,0
189.76497797180986,0.4259400617760184,51.137989885589,1,0
190.09136253274005,0.4287077330381473,52.334682252612936,1,0
189.7753192944126,0.4642587424559357,50.959253786495246,1,0
189.7749732850703,0.5322018579377054,50.846401849299454,1,0
189.58614403959783,0.39041842380047986,51.53026049784732,1,0
190.18490416911823,0.39835992032118,51.24997274876926,1,0
190.0649450109938,0.48703509364574266,50.89936013008852,1,0
189.83774808897837,0.43153164615543754,50.988295325567165,1,0
190.36676197336533,0.4318007256695943,50.71670152466333,1,0
190.0741859954235,0.5055905687372813,52.005975780752735,1,0
190.15653987820986,0.6066284199031984,51.81807947435551,1,0
189.95925865750135,0.31939090246898255,50.47311466977036,1,0
190.1567942319897,0.44070833612284394,51.46532617590126,1,0
190.0337439924013,0.47815637663904487,51.386649117689245,1,0
189.88847789542595,0.43834920027710617,51.18175171767145,1,0
189.83263268864766,0.41386039877447517,51.06615981303778,1,0
189.94115819065328,0.57574036507414,51.66558631225453,1,0
189.98100341688783,0.37558366979108926,50.82991565183327,1,0
190.20751321726678,0.32707842543542404,51.16424249455358,1,0
189.91346886137012,0.5021893511442175,51.0245773576154,1,0
190.2158148474632,0.5332056868131708,50.927283746886005,1,0
190.02719144593755,0.5048746757081681,51.13341764441739,1,0
190.0332789483982,0.33872958778037393,50.92389333463764,1,0
190.31449192655555,0.3705842715825569,51.66931646548055,1,0
189.89514604452052,0.5927262953381707,50.78494931450029,1,0
190.03356370096347,0.451161315076775,50.59181174843837,1,0
190.06323078528632,0.5327604914748523,51.64474761238772,1,0
190.04222235648768,0.5386095597192476,50.89465553457933,1,0
189.95915695211642,0.35741161632818175,50.779335592702715,1,0
189.59759007580948,0.5327241550800594,51.626218288381864,1,0
189.98549142822924,0.3908549338790149,50.73220651696987,1,0
189.87448260847356,0.4720425954499068,51.029732462274204,1,0
190.1511971647098,0.5023909356608051,51.28770767436433,1,0
189.8721787586827,0.44186758275753296,51.545836722245575,1,0
189.78922602018662,0.4706035663332962,50.94820234626636,1,0
190.0030221989517,0.3826249172635471,50.66144248355101,1,0
189.96778194877047,0.4233412047155817,51.26101344068131,1,0
189.96412897493028,0.3251732438399626,52.38186183263077,1,0
189.98325760277484,0.39278695316644724,51.34136954113068,1,0
189.9739401400655,0.4167541419842144,49.76720461897942,0,1
189.9471196003182,0.5087229350810822,51.145871840590885,1,0
190.11429714883118,0.5622530098741494,51.409891802682175,1,0
190.17508556895362,0.5095517664343644,51.59489371592798,1,0
190.0213368134166,0.3358934529730131,51.120999380040246,1,0
189.80814259983308,0.45908379608341027,49.72384160755528,0,1
189.76542932840758,0.40899275390794054,50.78975890474065,1,0
190.13369666995243,0.3791860790020798,50.62026857162462,1,0
189.98163558333562,0.4461877497363823,52.2832313583442,1,0
189.9722808737828,0.4410893081346118,50.67793239916086,1,0
189.82751779922833,0.4873323977973888,51.85678827110831,1,0
189.99130600335886,0.5968908422770921,51.20483669340676,1,0
189.95446474723786,0.49823134495456034,50.69657147073101,1,0
189.9398853112898,0.451453468506726,51.312999056367325,1,0
189.9954185348531,0.4555754068682947,50.568402021992526,1,0
190.0258722215933,0.3977750324652962,52.01629673848085,1,0
190.11470964144164,0.4424975335920615,50.97246499793176,1,0
190.04536145491022,0.46758444060034604,52.4183327775869,1,0
189.83253847699294,0.42758169992656736,52.0746763978759,1,0
189.72772124267806,0.3908592458697336,50.58993545854656,1,0
190.11601486817364,0.44194905872045237,52.5405713754678,1,0
189.92201875256777,0.4427137121956644,50.47098873229407,1,0
190.16367652729292,0.5041653044097303,50.988222099185826,1,0
190.09412396943898,0.3854446710935203,50.00274807536399,1,0
190.00523204357108,0.5923762709655276,50.64396272230927,1,0
189.97647115774413,0.4407215124842391,51.23643442510452,1,0
189.94186720637887,0.4606552835183088,51.24439883310311,1,0
190.07002186896875,0.526194670187578,50.87294791588295,1,0
190.03634250044004,0.4299184579779433,50.99382857852441,1,0
189.9986205597991,0.37905120312013246,51.1644100131169,1,0
190.10505479266462,0.35452862136411,50.64926344945207,1,0
189.84454773926117,0.4813131993810947,50.884409965398234,1,0
190.0680321155341,0.40530881142469294,51.128868838521,1,0
190.00503642203574,0.43997855688081555,50.90720231290047,1,0
190.05642235630086,0.36175473697205796,51.047161556801214,1,0
190.16070731813593,0.4554053282530589,50.73171183709994,1,0
189.8972921908557,0.35886931261071425,51.23570203171409,1,0
189.99032809295167,0.33597657240932566,51.18120828042312,1,0
190.07361221157333,0.4107701681864805,51.3826904655149,1,0
189.958583989857,0.3601658262164597,51.06676488595408,1,0
189.78951303926374,0.5800534834973076,52.35334230114583,1,0
189.95202676347301,0.3987263671665714,51.488692645874956,1,0
190.03918032728393,0.5264519717501711,51.758928783745674,1,0
190.06297869224696,0.3976987627609426,50.8341919959526,1,0
190.1016562457291,0.36242711342190376,51.11011563222146,1,0
189.95920336637874,0.4799323413299608,51.42733545198845,1,0
189.81204777501168,0.46820972417588236,51.6188435075356,1,0
189.9782520228725,0.4666531291769091,50.91825910582849,1,0
189.9296219159201,0.3472406574786063,51.286091092877804,1,0
189.89647374074988,0.4384413456110737,51.305109977521084,1,0
189.98548114136227,0.48263999309252886,51.59291219661632,1,0
189.9788109071707,0.6245483924500325,50.802167589633896,1,0
189.9585308959851,0.5588128102759937,50.892968785265445,1,0
189.74380952803776,0.41009596315217495,50.54619767438498,1,0
189.8213971901313,0.20959115302249165,50.86279105163464,1,0
189.82600404925438,0.5492756012710758,50.553689526246,1,0
190.12623475246377,0.4129726944381173,50.940573953138255,1,0
189.99206420235726,0.5080385433364547,51.36562501979588,1,0
189.8522447767619,0.40489574611072976,51.45969935626355,1,0
190.5117110208649,0.42538158139684346,50.91372870288885,1,0
189.81458529119737,0.42912096461761,50.90080618284033,1,0
190.14443358206267,0.33860951035741754,52.09078255172292,1,0
189.98617893722195,0.4838703081216325,51.20200273987108,1,0
190.1072312626732,0.40013587274535634,51.508916987135734,1,0
190.00652620437157,0.40932504089720007,51.8103668538329,1,0
189.83603570776958,0.34221900737527156,51.57343617517131,1,0
190.0886099112119,0.5249186635355808,51.20935732853538,1,0
190.07364498539638,0.4237040614762421,51.57818292093838,1,0
189.96848215545762,0.5060318716208229,50.958994014996215,1,0
189.9486834678108,0.4327491160226753,52.38423256101125,1,0
190.08423780181263,0.336170121798296,51.024989723723635,1,0
189.87920203682404,0.4638099580852394,50.58422452821124,1,0
189.7667677313185,0.4199593398976151,50.88042637330714,1,0
189.76354521442582,0.48161246127051194,51.74244278988023,1,0
189.83457960343173,0.4904831752047777,51.389929833578805,1,0
189.91690063099003,0.412233874708875,51.088233273498226,1,0
190.02642584508794,0.39237307036613134,50.69826116792603,1,0
190.20105514839736,0.36299607640466136,51.36933655129154,1,0
190.0753218618838,0.4073749749005708,51.29433266023705,1,0
189.8196764451993,0.35275063804524026,50.71332387306776,1,0
190.36550750460432,0.5726589039959401,51.411031777579254,1,0
190.10310956085755,0.46948231144077357,50.58261771097744,1,0
190.05982181282312,0.43947470807884603,50.021381671489216,1,0
189.9089864576667,0.4097202024832175,51.16367771818752,1,0
189.95170125079437,0.39731218157858883,50.54115968449128,1,0
190.10800636358417,0.4292315326991229,51.59541651801101,1,0
189.92982926960013,0.49123897414077355,51.417353385952744,1,0
189.67357529632565,0.4122936589039995,51.33073022484979,1,0
190.02627304507854,0.4721261892706075,52.25636422649917,1,0
190.06622319370842,0.4503134633166537,51.25176278858372,1,0
189.88306020937435,0.5608266917466502,51.03501537728252,1,0
190.03727529813395,0.4037577241907928,51.30475735941248,1,0
189.9970244793803,0.5194734501391806,50.96045427625936,1,0
190.05633938142358,0.45107559388075924,51.13520252331992,1,0
190.13522834498727,0.36206372013284815,51.20846571569475,1,0
189.9130486237358,0.48524580073579837,50.99551586188583,1,0
190.11504551502458,0.39652796350324376,50.96263169147573,1,0
189.93134322353683,0.5179569681948218,51.359854574534594,1,0
190.22342595474478,0.4958310415620008,50.60277354777524,1,0
189.9125398754299,0.4974044618302321,52.22993514810875,1,0
189.92535014784227,0.3753087982570582,51.30374656975542,1,0
190.05379663783626,0.3946797635819078,51.053347325925166,1,0
190.04809376633517,0.4191447818834869,51.913188403869604,1,0
190.348962564391,0.48540648522215046,50.07070130391856,1,0
190.014413179822,0.4461158239613005,50.9368241145464,1,0
190.14918813516687,0.48057905136930723,51.300425281262925,1,0
190.09892679621032,0.34797511980486845,51.49141251062276,1,0
189.99746455270346,0.4403193135626784,51.18366767239206,1,0
189.81349826873583,0.438524278468392,50.88623930875095,1,0
189.87305907332316,0.38449265510272557,51.72779778546956,1,0
190.0699251985146,0.4534347972066491,51.69223355611696,1,0
189.7938557734509,0.21839973829283638,50.64381422235546,1,0
189.9567946088159,0.3981687939237927,50.73433253698805,1,0
190.17104832099076,0.4602810495700047,50.90813324815596,1,0
190.1695925397648,0.44566930399807897,51.01314690955785,1,0
190.01302736018047,0.4234188561893249,50.85574967045755,1,0
190.1951221726675,0.49606507298063957,50.40630670876044,1,0
190.079281531094,0.40356916434931905,52.31139739351887,1,0
189.8608307645223,0.41850940437970097,51.458501591371146,1,0
189.92209024724508,0.577488627124511,51.387413543216105,1,0
189.99872804105544,0.4516719773654112,50.022088111021375,1,0
189.85437670273768,0.4218646679696749,51.117723738499464,1,0
189.99967364722696,0.3828557222607206,50.73003765152496,1,0
190.1102745949947,0.4824145194738789,50.76756561501497,1,0
189.83891336196425,0.49652828932708315,51.57974180311357,1,0
190.0380923828918,0.3987693628415366,50.04246963039576,1,0
189.88358576126996,0.393466351496243,50.48256356736837,1,0
190.05167890681184,0.43286254449078215,51.06079441544467,1,0
189.91176983172653,0.3950798130372292,51.027291287064045,1,0
190.11195160303606,0.2746085868809919,52.749176823740356,1,0
189.8032762756617,0.3775703120559257,51.409853153723205,1,0
190.08455793071727,0.5029320356356769,51.92497885047812,1,0
190.02453181260475,0.4582074209806182,51.90889834768967,1,0
189.79724666811026,0.49830224551794844,51.87005562445959,1,0
189.8553488984435,0.41648566649875157,51.18415734989364,1,0
190.0991031437049,0.3970435257166479,52.1622900651718,1,0
190.2503631249467,0.4920119137487241,52.358543960693005,1,0
189.89231641617434,0.46560364366424245,51.16151810843543,1,0
189.97981958786818,0.4877110948202759,51.31921132814178,1,0
190.07675381926165,0.4323321269503717,51.7449927171108,1,0
189.64669959869724,0.4534005776990154,51.040370886902835,1,0
190.24548824099608,0.3534182446147659,51.18761553458358,1,0
189.80158619376752,0.4739902644523783,50.90255350199378,1,0
189.8246936713169,0.44116195048444584,51.46389229840951,1,0
189.9460228551456,0.47913368038449344,50.16538890994959,1,0
190.2864266915274,0.4257155433299793,51.41853841191099,1,0
189.82166834247056,0.45699808132334385,51.28034100204291,1,0
190.10502361358388,0.4385743126311774,51.19451064121019,1,0
190.18594996056572,0.48306611310163344,51.37545653500053,1,0
190.02988715429976,0.4897727719104444,50.0359927193127,1,0
190.07368193954972,0.5168924328163849,51.68939232297368,1,0
189.99211163552712,0.5062871533491965,50.997491771450385,1,0
190.08988485301313,0.40090636912032995,51.23593294137367,1,0
190.04156515300144,0.6218888051367485,50.836896908292736,1,0
189.74326684395265,0.5218380863878253,51.02737193330884,1,0
189.86569535930033,0.4626371379360557,50.454759678627745,1,0
190.06147806326942,0.4616522456294306,51.17465863890548,1,0
190.18602363725722,0.5980935530653116,51.19041620791877,1,0
190.0333853680718,0.49883817402740754,51.824149684522325,1,0
190.0266576047246,0.3386722033589149,51.20454840276016,1,0
189.89580358941473,0.4617060093502746,50.66831749599382,1,0
190.17529856370516,0.45963247071441043,51.28026139950769,1,0
190.0497717469632,0.47229047103416577,51.01406305312569,1,0
190.0826404661501,0.43529414450974907,50.91319259227559,1,0
189.89219121696843,0.3899529644386435,51.28812931393414,1,0
190.16513924319776,0.4246665033660157,51.0109790768086,1,0
190.29924371431593,0.440532485914927,50.779289083211744,1,0
189.85016657988197,0.4335932096711193,51.385764248444396,1,0
189.97067511812557,0.44931269535145896,51.39439072736901,1,0
189.73413666877718,0.48938750481176924,50.49180980619925,1,0
190.16347269004592,0.37991820320913783,51.63411594333841,1,0
189.95798204817197,0.5101698758348908,51.59062968077596,1,0
190.23943750880863,0.49515153905223086,51.20486135456581,1,0
189.92093126124772,0.47401902758283637,50.31476205314474,1,0
190.0855741835836,0.5431694687920258,51.20020400134468,1,0
190.00966615339794,0.4488531058267962,50.54513089622714,1,0
190.0246863551619,0.4548894170826346,50.59597739391348,1,0
190.13128017967003,0.5779342727403581,50.95730628868766,1,0
190.0058839228667,0.5519400771753293,50.9828295264302,1,0
190.1680050060494,0.32709016360128,50.419040865005826,1,0
190.16172682548537,0.3769117399030233,51.71100886459926,1,0
190.05931433218927,0.5147442489971688,51.5428435320818,1,0
189.87757658459017,0.40157665929635156,51.27280889272145,1,0
190.1071189815502,0.36839249693060516,51.00110109933062,1,0
190.0685279578914,0.4228739019639977,51.90001738579457,1,0
189.87321794070587,0.47009687302101394,52.063784184443634,1,0
190.05338798804917,0.4659869489935307,51.23301208721364,1,0
190.02111640357714,0.4429552532318727,50.231083785236315,1,0
190.01086027043044,0.44854180475774963,51.2780957701083,1,0
189.82610899715388,0.40439497014091996,51.16380356045257,1,0
190.13169693762225,0.5614676848682463,50.73174954827901,1,0
190.0318323061695,0.4443654899724276,50.952031032496905,1,0
189.98574872694638,0.46367246935618683,51.69138623784194,1,0
189.85747534028008,0.415960271315572,50.99952346207975,1,0
189.83585494041253,0.5290578619205928,51.05780060539248,1,0
190.07676182778488,0.3766104850198982,51.62682048247667,1,0
190.02999146108135,0.5095485376888648,50.579399767554655,1,0
189.9026964083551,0.4846466524498079,51.68397168440255,1,0
189.71860666612835,0.5251873330632933,51.52702917727439,1,0
189.78471449741994,0.48053594425696383,51.67217870562836,1,0
189.89538154684632,0.28457944259621415,50.115599587404986,1,0
189.61743253121904,0.4684677623575571,50.659430943502116,1,0
189.7615844362843,0.44883003923736076,51.88706889999641,1,0
189.85203851986847,0.428163576247124,50.861589580667165,1,0
190.0677946333256,0.39415708548279427,51.63188629931934,1,0
189.78169723397872,0.47238994033792453,51.29257887127653,1,0
189.9426863699736,0.5505856678705171,50.408079474725234,1,0
190.1056747282044,0.44953153397970796,50.21626361117761,1,0
189.7554571475555,0.4336947110789486,51.73866859195533,1,0
189.87420313385127,0.5424338606514189,50.942683606303525,1,0
189.87660949519938,0.3450116362324456,50.47594027970894,1,0
189.94329874929093,0.3878294717901221,51.41464857879002,1,0
190.0661968924369,0.4444909261453275,50.72187561286837,1,0
189.87205543252003,0.5521193704440445,50.99379089806397,1,0
189.90490980632129,0.46965147098167453,50.71674064269094,1,0
189.77995236234963,0.4215192160038916,51.339622718717635,1,0
190.1296009438739,0.5017741420036835,50.45255831411391,1,0
189.94988269444465,0.3784734808861089,50.85995268877572,1,0
190.04271405033288,0.41960108890655573,51.33795360593562,1,0
190.19147771739932,0.4751829529192742,51.15912822217155,1,0
189.87363597683313,0.42479666475865063,51.34788247774404,1,0
190.1918561886383,0.46773688817592485,51.063064512130545,1,0
189.96939681982715,0.4468676437592576,51.84190434158879,1,0
190.11285210099004,0.39976278015645117,51.156100095761374,1,0
190.40897778078946,0.46401097026202665,50.53751976578413,1,0
190.1644712806125,0.42472506169485874,50.777318790254455,1,0
189.91304714477508,0.48869208855886814,50.62247683858468,1,0
190.13796581752536,0.4079565227789757,50.956978209513174,1,0
189.94204050607624,0.2692605792506064,49.86629363665172,0,1
190.12068791479462,0.3830958716151301,51.76733855454426,1,0
190.27912717846093,0.419310978127058,51.50643784463326,1,0
190.1169208514857,0.4325184295901219,51.60784931669357,1,0
190.06501080198407,0.42723626952061694,50.86822135031942,1,0
189.81581589930752,0.4156603020896405,50.88241970439153,1,0
189.94722674735618,0.4063946889644539,51.83474630601032,1,0
190.56206102012575,0.4694480009274885,50.38198776005967,1,0
189.9341307803226,0.39476088636028217,51.2300214065594,1,0
190.1028676692582,0.5204855374164689,51.057609915075176,1,0
190.06681876588183,0.505451428249777,50.891330544296764,1,0
189.8523072154005,0.5274195539471279,50.692153457163236,1,0
189.7803590280775,0.41966998780539044,52.02219237013489,1,0
189.97164031682067,0.3583635177361093,51.508765046205546,1,0
190.08184964759292,0.4744900521346674,51.37796468773726,1,0
189.91267857309902,0.5801277010804339,51.235752942829194,1,0
190.13207773414223,0.4441839117053939,51.0824323874216,1,0
190.13847490243256,0.43231177194363785,51.5560274327912,1,0
190.08806061968465,0.4587082737521397,51.23779630861042,1,0
190.23139128857503,0.5445446024203626,50.08896825372458,1,0
189.99705271016978,0.49437480209574763,51.4472240708087,1,0
190.00502709987836,0.4348665684261345,51.58405205802226,1,0
190.2157723319453,0.2620921199150291,50.327195916613235,1,0
189.97365829368894,0.4849268824959468,50.7938376768795,1,0
190.08141362631375,0.4680578030956258,51.4345173824488,1,0
189.98622440936055,0.41189453082647887,51.767733148219094,1,0
190.1473149004995,0.4320802561178708,51.38900595097532,1,0
189.5332211525941,0.5228200214104751,51.550856294923165,1,0
190.05840664708984,0.5722055010146211,52.108107013551134,1,0
189.9911691057627,0.4495429884352535,50.91736475338558,1,0
190.04417643393953,0.44878091223129524,51.2734624690511,1,0
190.22237107080986,0.445100231125394,51.52845806284682,1,0
189.7317888228394,0.3697330878983016,51.24375322129729,1,0
189.69612923288028,0.6370399639123148,51.87903686061297,1,0
190.1498384707805,0.4214477259258176,51.995724689820904,1,0
189.5939820913248,0.5156256163089706,51.05904669806708,1,0
190.15219259801572,0.3713664082540982,51.26178353909163,1,0
189.95364381698138,0.405670910238651,51.98937896805209,1,0
189.95124758223432,0.4891798110289984,51.34553848307888,1,0
189.63810422670005,0.3480155388307647,51.47975463022818,1,0
189.96527355370426,0.37422608831110954,51.0290592722715,1,0
190.1296165353512,0.5521897060013139,51.39745722689049,1,0
189.97745803172998,0.34249620990644425,51.33674430356208,1,0
189.98666953172645,0.4953066241345531,51.20833082023198,1,0
190.16702708238273,0.40910606253001647,51.14600807805958,1,0
189.82117275349074,0.46494986411949235,50.265228994992825,1,0
190.0006631588496,0.4926982736183533,51.10623772128675,1,0
189.96325504709046,0.44337113593215394,50.237591567272176,1,0
190.29863767819631,0.4064105708772397,52.053070828117264,1,0
189.84476895203673,0.33065907801050254,51.59685268724638,1,0
189.74655336706556,0.5650374212066245,50.63426668167988,1,0
190.04566054458544,0.3614304165019818,50.77994079319759,1,0
190.18504794908952,0.4905225592921342,51.04844410673012,1,0
190.02262420914644,0.4278394949285213,50.634675349178856,1,0
190.2676293157074,0.4497639508923397,51.88714139856357,1,0
189.9985545129259,0.3739165128586518,50.97583081291091,1,0
189.76538050635097,0.42378663936737115,51.71132981868692,1,0
189.82690959607493,0.25905129981283065,50.80285147331499,1,0
190.1663730456345,0.5198955455758263,51.19899088830639,1,0
190.10343254192196,0.39622567045771945,51.135230308893426,1,0
189.98582494808184,0.3436383931128993,51.80453325510023,1,0
190.09987674949733,0.41131331481632816,51.43009699608509,1,0
190.29228941796376,0.3873726160024441,51.15708334937321,1,0
190.03014433928166,0.5362334927520043,51.21799414591158,1,0
190.1875335325752,0.40924392026616674,51.62766797206409,1,0
190.1583435899346,0.5082280151671134,51.13691101973167,1,0
189.9596941329153,0.33366374223675593,50.9364996945432,1,0
190.0935974553214,0.3737125841876242,51.04282862712312,1,0
189.87290072382402,0.48337238842969454,50.95093945255213,1,0
189.82366777982574,0.49777694908890563,50.57760278453901,1,0
189.83995476006788,0.463549310004332,52.17516255645414,1,0
190.18930866990655,0.43261633373157665,50.508584362498034,1,0
189.91489295946369,0.4260384108331344,50.498837236343675,1,0
189.97467181057456,0.5740326756956328,51.31902519838114,1,0
189.89307997138295,0.5396373396850274,50.826310440094566,1,0
190.37977733145001,0.45706438778423875,50.4014837123563,1,0
189.93329403496915,0.35362287966075046,51.10899503883227,1,0
190.1274999088966,0.564751418474483,51.937535435627446,1,0
190.00038811137972,0.5814699273060482,51.78848607444972,1,0
190.0230490644914,0.5245925996779841,51.00371730296712,1,0
189.7763784405668,0.4078138667562641,50.847870738383094,1,0
190.0349340633307,0.5357567682760922,51.42549484056184,1,0
190.299111383077,0.49608722524893534,51.12948831737392,1,0
190.04442871014353,0.458057249084082,51.99083788563756,1,0
189.95606871558164,0.47344534716243164,50.460749819668116,1,0
189.92618488326096,0.5151203587299783,51.01300081446907,1,0
190.02262759923153,0.4260380055767532,50.67151378150994,1,0
190.14526145432401,0.46263759130762794,51.5384004190805,1,0
190.20191968301754,0.45222745083548244,52.01151942439408,1,0
189.740962291128,0.433359350890257,51.387470368273846,1,0
190.01472631761976,0.4945299855603304,51.46286138115245,1,0
189.66903671106724,0.36240760089779733,50.98336040961489,1,0
190.12742803899,0.44453345121647364,52.08763750311147,1,0
189.98433949023743,0.5124975383880066,51.80504638492382,1,0
190.0392780726532,0.598360754615598,51.786884579141706,1,0
189.7492201282034,0.41376566200083137,50.39185402843614,1,0
190.18717155696913,0.4759060499342272,51.41240378141459,1,0
190.0572929093518,0.3782544033372173,50.871722190029494,1,0
190.06145089675982,0.5463333713119628,51.079361564100545,1,0
189.78342835452415,0.46962312321505245,51.12294326631786,1,0
190.00093382458903,0.49722709324592507,51.134912722396045,1,0
189.7367169444489,0.2389592838950062,50.86347594030815,1,0
189.68088907586807,0.4501425439743422,51.855242682562476,1,0
189.77323724304117,0.436694031985747,51.37406961925562,1,0
189.9542633372443,0.6213493956591091,50.63311734426386,1,0
190.2535158474343,0.4097115907037903,50.79294488168071,1,0
189.94583717685322,0.4716103888016783,51.87874268736866,1,0
189.81817387230703,0.3724955600450188,51.49934276282009,1,0
189.89482515841533,0.4286337925288731,50.93594354630361,1,0
190.17282245529637,0.4785791955956547,51.19590428198772,1,0
189.81247994166876,0.46813246217218085,51.109493908574414,1,0
190.31709025444454,0.30719701623939244,51.01045339292154,1,0
189.92574742041646,0.4218519813912111,51.04155545180696,1,0
189.8268700242409,0.4421263465310279,50.62797038544708,1,0
190.2540384209635,0.4762547624118016,50.7979606076598,1,0
190.06314268477652,0.44746729269305074,51.33505384290423,1,0
190.1265406843417,0.4298888676321769,50.988057211854425,1,0
190.05330877825065,0.5133227700829328,50.54518030267764,1,0
190.1109467678682,0.4898959383608812,50.93641595224831,1,0
190.03642262675,0.39976432762951053,51.40224961805995,1,0
190.036206235009,0.4401682550688391,50.77443362064991,1,0
190.01006130028867,0.37519355068684385,51.5274861293278,1,0
189.99091624702123,0.4399943209404495,51.705656598959365,1,0
190.28310263389946,0.39473578391253417,51.1165499721798,1,0
190.02981330705182,0.4903207465481004,51.016842342966385,1,0
190.02136671579535,0.3949734586396103,51.539850653403505,1,0
190.04086064329604,0.34858308642985714,51.002071702200965,1,0
190.1227195631168,0.45613553292444364,51.66463822836305,1,0
190.14014657234668,0.4216363964916118,51.04950342228058,1,0
189.87897696029677,0.4733283615240378,50.53541066525317,1,0
190.2564040732965,0.41318769326470595,51.89501524075108,1,0
189.92046540705073,0.5109360651027857,51.67483691281434,1,0
190.20594724913332,0.4561650351689299,51.23345183798189,1,0
189.87739722994468,0.4694869699511981,50.64651620428224,1,0
189.92357383167655,0.5426359161468038,51.001221638522296,1,0
189.73438522713326,0.570158380632663,50.53901896796563,1,0
190.03015438311283,0.48108437490591466,51.1149069081476,1,0
190.05966386784576,0.3210653841796976,51.891963840576494,1,0
190.02507610281629,0.5450355261778078,51.99850789182689,1,0
189.78697594918842,0.48407268635004663,51.61241160621718,1,0
189.95846505349695,0.49300421396724464,51.69448949875774,1,0
189.71552564106236,0.35463635918497377,51.52043612857676,1,0
190.11874980814693,0.50657523618905,50.9144083149049,1,0
190.03341395002064,0.34311077569131404,51.44240520806478,1,0
189.82130902837528,0.5573843011264086,50.65267338059776,1,0
189.8749631882993,0.5722780852540534,50.836848037127986,1,0
190.08612319811445,0.37445213648203807,51.70670239562579,1,0
189.99094126069863,0.49354046268950597,51.27128849302617,1,0
189.96104433258984,0.4252433059219429,50.95320668695508,1,0
190.13102432337143,0.40058598541460505,51.586612689632524,1,0
190.23901697853768,0.33535310852281436,51.272532350653094,1,0
189.8032293456929,0.43280419539650744,51.94323700642386,1,0
189.92152237318098,0.3665446373458366,50.739959808688496,1,0
190.31089167736386,0.5057563489338938,51.16275569932019,1,0
190.07811336598797,0.4559519952968857,52.02791961096771,1,0
190.22730258734117,0.41927832811511356,50.97965453871159,1,0
189.8454575123629,0.3328143988628528,50.663665201087404,1,0
190.0092527925585,0.44475901844340204,51.194639682223425,1,0
190.20496477851782,0.4248730061250231,51.80082000703039,1,0
189.91470216329373,0.4822977159999305,51.859126962450034,1,0
190.1708651630925,0.4036661897374687,51.149459445099254,1,0
189.82046947913227,0.4280838742353443,50.58641567458394,1,0
189.88186778271603,0.32716195760478245,50.789798963416544,1,0
189.78321038285227,0.40628878807899355,50.597015673271315,1,0
189.87536969847582,0.42268896786756704,51.22161688260883,1,0
189.8566944393025,0.30564649081405953,51.417241284546236,1,0
189.85805922608276,0.40204199373444266,50.82690913690818,1,0
190.09470746847035,0.47404579079119447,50.7258231937733,1,0
189.94000174647311,0.5295676497792831,52.08290533287088,1,0
189.94083799714411,0.40331626506416673,50.917285745529995,1,0
190.02515107996516,0.415702965450429,51.25722909497239,1,0
189.96771253559652,0.49061284709486597,51.41108395361286,1,0
190.15742482713875,0.356918039238337,50.80923158924297,1,0
190.06928809865317,0.3374577681724491,51.231311971678366,1,0
189.944864226193,0.5300982807046098,51.21282368695331,1,0
190.12089040970739,0.4164594173042206,51.85652753567202,1,0
190.24807422634817,0.3814974523325976,51.222796345473746,1,0
190.1148007866133,0.30874763288706897,49.951691761128345,0,1
190.02173888267487,0.4668827707582588,51.96154035985854,1,0
189.78536985429733,0.4041078227150241,51.76028015720096,1,0
189.942104681666,0.5047521211466642,51.177830014335456,1,0
190.1873572119241,0.41802623332068056,50.9218468681568,1,0
189.98306364785586,0.4314227260953711,51.067535987633995,1,0
190.19640963204137,0.47502037914034273,50.36786052073844,1,0
190.09875839462995,0.5796101140687588,50.93831678188247,1,0
190.0103289787203,0.43462885435285126,50.84209322566124,1,0
190.1683629022788,0.4638995081442309,51.299235342426336,1,0
190.10132067267278,0.5112197528407474,51.553231231216756,1,0
189.94521379970402,0.5241379565948641,50.69075158498406,1,0
189.86163080723557,0.3177260543681536,51.75980485236816,1,0
190.22052404020283,0.4886483756299733,50.75754975403166,1,0
190.08661758373674,0.42787903699462815,51.80796921698451,1,0
189.96018869489313,0.4635508463123954,51.08091009270484,1,0
189.9886044923943,0.39518605981219684,50.88306956072814,1,0
190.13919866085206,0.4883986473317221,51.737536521420225,1,0
190.04043343911127,0.4284507750296682,51.24713528807808,1,0
189.90573266895427,0.40661163401519557,51.25340453314645,1,0
189.87230794475852,0.3674433835288214,51.11179451754045,1,0
189.83914002988064,0.48841566531310593,50.93725541971414,1,0
189.79685073307382,0.2840347150436829,51.23529077545377,1,0
189.81284277510582,0.39668208369714103,50.475797398851725,1,0
190.09806034918657,0.5002787496276278,51.36110095690643,1,0
189.9379195845183,0.4006996186994215,50.941759933606015,1,0
190.0357640848003,0.3990031569459818,51.1671712868442,1,0
190.1589826306335,0.4322380925853238,51.42480503705085,1,0
190.00295206195543,0.45458564358337544,51.773696220136074,1,0
189.9644692872869,0.45356704306748635,51.11073958318708,1,0
189.70578324604716,0.4371246209762322,51.13088844786919,1,0
189.75557229791426,0.4649574000325652,51.08911520163242,1,0
189.99729303356816,0.3481832068453211,51.29577723705334,1,0
189.96972946132524,0.34656485081808636,52.142308873141225,1,0
189.80591258842264,0.4304952773329462,50.21146808985626,1,0
189.97834774128424,0.5802517647627397,50.82770136823912,1,0
189.92406160340218,0.3611535223951681,50.41595059500873,1,0
190.18465013384804,0.45644051409888126,51.20535659944687,1,0
190.15545266935953,0.3355325931492754,52.24826474491818,1,0
190.15302391627134,0.37677679585663437,52.0489339446857,1,0
190.11194851703124,0.5279143458137923,50.973159728369595,1,0
189.69633160913926,0.441727519299521,51.07953034461805,1,0
189.94335021032725,0.5515283622577705,51.67021155088767,1,0
189.88318762120088,0.40672475480315795,51.30598915515606,1,0
190.2842462857216,0.48541222464124395,51.7638851443764,1,0
189.8369054481124,0.4060081443410993,51.564706756028706,1,0
189.6936773128524,0.46945127792717134,51.051001842294994,1,0
189.82992661488393,0.47852947361663684,51.890086357434335,1,0
190.10971556901288,0.352723115269671,50.38150901468927,1,0
189.9890116062236,0.48297805850231496,51.46093445506807,1,0
190.0592235485624,0.4159877697969368,52.01594788133246,1,0
189.97033715666782,0.38067743262085024,50.551050648809415,1,0
190.0226167920584,0.468057855102652,50.812874691263495,1,0
189.79241674468378,0.46585207343786134,51.625314067717234,1,0
189.7738829616402,0.4656810715421212,51.11228918047305,1,0
190.04288803525463,0.5132011383460211,51.534024256848014,1,0
190.1776135131441,0.5412758653968207,50.89567506514755,1,0
190.01633696272816,0.3454676484675358,51.099109670643415,1,0
189.94306265136078,0.5187455659240899,51.75726223632856,1,0
190.0452316108273,0.4767771955529037,51.32831407571723,1,0
190.24668839839538,0.461099887881067,51.357318348917936,1,0
189.91318737617428,0.5087583618274891,52.37731921759109,1,0
189.75514859679754,0.34760039737779547,52.00509769809267,1,0
190.06342180550214,0.4038245072073486,51.706619100124065,1,0
190.10293073395803,0.4531133312451146,52.17248110752062,1,0
189.9067050626602,0.44830662348038486,51.03179687539705,1,0
189.85522592875276,0.4589004346390857,52.12830358824629,1,0
190.11576118885455,0.49220049142463473,50.98544768795713,1,0
190.109526454029,0.3556933839346511,51.04374924218316,1,0
190.03913575430636,0.39716491591052794,50.680770466806315,1,0
190.0256474287259,0.4372739627459548,51.02934286041671,1,0
190.06822488719223,0.4133639733317414,51.93959188622107,1,0
189.8828202262402,0.35601121971496663,50.270775457792546,1,0
190.09622958235101,0.4305971660090048,50.7091227257635,1,0
189.95404563502595,0.3945248661567434,51.36077666288977,1,0
190.01256035285408,0.3515045876987676,51.72590895723093,1,0
190.08924783006225,0.41545882678056306,51.755151799072685,1,0
189.88663713760684,0.44799465638129427,52.05310806471178,1,0
189.81875277683946,0.49099051725067455,50.691202707209996,1,0
190.17231304966504,0.5253707823780936,51.12774826877271,1,0
190.02110262410898,0.42957527764548903,51.8506995691777,1,0
190.00474856388976,0.3968643788697827,50.81505258464798,1,0
190.11138052072343,0.47291830426503784,50.59768796928356,1,0
190.11435237669835,0.45425232287281164,51.32711460994582,1,0
189.94096368993962,0.43964769931887177,51.44415357482817,1,0
189.9442118549325,0.3875948862875891,52.02464865630389,1,0
189.82567481347738,0.43127531530165997,50.68347184864126,1,0
190.194971350218,0.5545877304375323,50.67149371037974,1,0
190.1086207788121,0.5374917638866537,51.39180782703015,1,0
189.93472346693568,0.4281027983134787,52.098489477728116,1,0
189.79439405894198,0.43532908212495125,51.5480328570733,1,0
190.13530035776665,0.47308492473133806,50.78714430511778,1,0
190.14279160684467,0.4584373193455903,51.083866329978214,1,0
189.77358721237724,0.4880081902294613,50.98561323777292,1,0
189.99157575575487,0.4694887157147809,51.659672369699294,1,0
189.76833494972968,0.4739852692674422,50.61207226198492,1,0
190.24690576962317,0.5080819635959031,51.48643662341229,1,0
189.93537964414793,0.43598183622340564,52.08750789659761,1,0
189.78757101043354,0.40887806426864154,51.36201148580937,1,0
190.07079814480875,0.3736050742825473,52.30250691520864,1,0
189.94146732245355,0.4583158687232544,51.104516511866315,1,0
190.02875755411097,0.5657289389720951,51.28409276050366,1,0
190.04190184022195,0.28451177764332286,51.27033161679766,1,0
190.09348207858133,0.3961997518872726,50.490203032507225,1,0
190.22867400249288,0.29955238238873555,51.15651119610131,1,0
190.05251349481367,0.40049256862260535,51.60800742630631,1,0
189.96428580412703,0.4308867198225114,51.554730256357416,1,0
190.0916939794138,0.4634870830758665,51.02531395487757,1,0
189.9361161739237,0.5001066950952713,52.50833015102245,1,0
189.90587782173927,0.40550880209775947,51.243031332268686,1,0
190.02487594754618,0.4054617220192941,51.334694292192935,1,0
189.88042670343964,0.4828780224375679,51.4546457062293,1,0
190.07179626250144,0.45695540979645793,50.839359998288,1,0
190.1391267083369,0.4907441627744035,51.33204719454585,1,0
189.8766015107551,0.4336160271264813,51.828428715549556,1,0
190.0863957899511,0.41031470426049665,51.2626948691921,1,0
190.13310598515412,0.39997289283374127,51.41734942604175,1,0
189.93008198081387,0.3697545578902966,51.3447788265743,1,0
190.3623389795527,0.49145772233487517,52.378649694361485,1,0
189.847949684027,0.35204527403584673,50.74864716778757,1,0
189.99851567445583,0.5251471034518012,51.526914849507435,1,0
189.96633152188068,0.42119311239520774,50.44524721163599,1,0
190.2676279749968,0.4997572458419045,51.45825422268493,1,0
189.9074897543204,0.44369266812764374,51.07155736618434,1,0
189.8802285872976,0.44165985401446606,50.773947506320354,1,0
190.12538114840382,0.5384294269729553,52.349728524458044,1,0
189.98525547357664,0.5721761971609975,51.16060866605066,1,0
190.0594490376009,0.4246504262545309,50.84032160933851,1,0
190.0396857252226,0.45364900886947873,51.61843244136855,1,0
190.03423211435378,0.43289768789376243,51.76079313919918,1,0
190.29980773781492,0.46280554009584224,51.41042367700024,1,0
189.7308755590138,0.43690427785039426,50.38660672733345,1,0
189.78428820296503,0.41661172955064363,50.47279333980495,1,0
190.3709669337514,0.6174001441152318,51.52551872456875,1,0
189.9010350063072,0.539948930129709,51.32986911355371,1,0
190.16958805279376,0.511429867777559,50.91400131761508,1,0
190.12919398002254,0.36775911802587874,50.76319264342258,1,0
190.09944252631226,0.47470846112715614,49.818566063091026,0,1
190.53406555793916,0.4903754234584066,51.49509319499369,1,0
190.21218846698375,0.4326248680294864,51.54381843630569,1,0
190.14314585227424,0.4344461854499936,51.38321806393926,1,0
189.7830191732138,0.44324385225797086,50.69124826211304,1,0
190.02728013645404,0.464142652428631,51.79513956725273,1,0
190.10831623179544,0.5037682027793144,51.40071463487517,1,0
190.02740394603072,0.42855152719992395,50.863493661177415,1,0
190.0985094533127,0.4508331898747193,51.060272650622586,1,0
189.83216687348502,0.33286231216296025,51.630846541903814,1,0
190.05291345046322,0.45475988140199747,51.37424719878569,1,0
190.02359107995028,0.32221376766971765,50.66564638266324,1,0
190.14762585846876,0.46222417557265827,50.67464469470175,1,0
190.10836920788486,0.4646770219286767,50.80555922946599,1,0
190.0111730589795,0.5180317562018979,51.00905293462592,1,0
189.95560526954227,0.5132882107997538,51.34929177389528,1,0
189.8928639367643,0.5367271085683316,50.46845486855556,1,0
190.1426302139878,0.5185884187684695,51.46402382278329,1,0
190.24686034954533,0.5676539105287952,51.146357700351494,1,0
190.0661827213779,0.2903986756882711,51.584506702476965,1,0
190.1065783630427,0.38496225549721413,51.31853061045749,1,0
189.98086802886033,0.48507508636166524,50.87910620034703,1,0
189.77620376558207,0.500444507543347,51.81190376621629,1,0
189.61494409900845,0.4830296327769262,51.5163515408938,1,0
189.8181945829748,0.5302550875994315,51.57524786479588,1,0
189.9758482808525,0.4126348759697892,50.999606156873284,1,0
189.89081761670778,0.5094574507779618,51.44467308640704,1,0
189.9573165287522,0.49991939377222383,50.677177161240245,1,0
190.0098660392936,0.4440346583498042,50.63367455853149,1,0
190.12829417951343,0.33526578633451887,51.7375844434513,1,0
190.07179863616173,0.4072837673456961,51.61754207107493,1,0
190.00339012798972,0.5070304446175604,50.176740638872154,1,0
189.81121694716165,0.558604911628363,51.99791639959911,1,0
190.08121097094184,0.37888381371898144,51.176757976820284,1,0
189.90176925296313,0.5422718654378419,50.66758305469449,1,0
190.05296056389224,0.5674320384790217,50.93956106136939,1,0
189.89641074956938,0.4497614919922404,51.58963591987561,1,0
190.14499007939696,0.4770481443475949,51.83951511941384,1,0
190.25070401525738,0.44532712609507424,51.26334817822712,1,0
189.96744224517155,0.45551623347440634,51.46310829747404,1,0
189.9062482650651,0.43591114476128556,51.695825445120555,1,0
189.97320739891057,0.46169955147576397,49.86859543945874,0,1
189.9516101752608,0.4766972166977789,50.90051925802917,1,0
190.0765907327708,0.47398722287805706,51.760787183672406,1,0
189.78521215309473,0.37475355498046337,50.786223152705894,1,0
189.9092363422265,0.45982264422066593,51.877292207659735,1,0
190.11852324487725,0.43644331234169076,51.192169215654715,1,0
190.0439425749515,0.38348101360681086,51.58977087352807,1,0
189.8517710125236,0.42253783267159084,51.30878977255406,1,0
190.03550812416327,0.5180798519477146,50.677375012053176,1,0
190.04696201104372,0.48470843622384574,51.36451118075623,1,0
190.31313979822707,0.3626688372392716,51.09095874158673,1,0
190.1004892235534,0.49082562614735714,51.54422619626188,1,0
190.0012140337634,0.43671481073399243,51.519300214310945,1,0
190.00320053861705,0.3598777492650973,50.679364848490685,1,0
189.8572468609628,0.5020726853435488,50.952023160014534,1,0
189.83667560255284,0.48397713374552387,51.677587102809596,1,0
189.82965365499945,0.3762025802208478,51.32480732297985,1,0
190.14521428878015,0.507718805771013,51.76966048584046,1,0
189.73036597555725,0.4237458877485118,50.76928618280539,1,0
190.02935435754196,0.372173011067869,51.79610621842979,1,0
190.04133905141552,0.4122805527237854,51.220971163825055,1,0
189.7353748544371,0.4543314763065804,51.71657002294197,1,0
189.91010838516013,0.45307759171270645,51.075725008334565,1,0
190.12615520132604,0.5164506079467894,52.374579818763905,1,0
189.9249087002759,0.330299589664534,51.307354545487186,1,0
190.18120873986547,0.3955346654582707,51.07366561670261,1,0
189.9531636452153,0.5067167094740915,51.63541151866114,1,0
189.85524756090624,0.5305529153577516,51.04010937035844,1,0
189.80998147283796,0.4300121910674404,51.07341773708537,1,0
189.9487813075205,0.46657319645884215,50.46701734775445,1,0
189.903003130828,0.40868969659605936,51.33203063279249,1,0
190.06288564441326,0.3886880517790131,51.051970162002235,1,0
190.16899648521846,0.33626898538058503,51.7795045883988,1,0
189.94398402188938,0.3584078748489426,50.64029666273952,1,0
190.05051811789946,0.4398888984462458,51.40483919281633,1,0
190.1848424950635,0.44273046290499724,51.13935851960938,1,0
189.92443658381265,0.45278323651017816,50.747218080237275,1,0
189.89739413233926,0.474782739180907,51.34529815145699,1,0
190.37005809761447,0.43727812707798486,51.032387809365254,1,0
190.22927630283561,0.5213723969779194,51.78015034541075,1,0
189.97396890724414,0.45219301245351706,51.10160276787177,1,0
189.72677451694375,0.5749679248694048,51.282949903417794,1,0
189.88503033775564,0.38059206998551554,50.89966484680483,1,0
189.81506333640084,0.4645124244795634,50.27066816600837,1,0
190.0811553541847,0.4768919271066737,51.24136028714482,1,0
189.99849741877608,0.5095424227218055,51.451355357670664,1,0
190.14541780325618,0.4397858910393889,51.28477799935484,1,0
190.24302530340927,0.5988135106393666,51.51816440277961,1,0
189.99649596073002,0.5092310736744864,51.24130892484022,1,0
190.06558196648,0.47515773981361165,51.00129232886384,1,0
189.99573564547833,0.4552348344473775,51.83437415591275,1,0
189.85064104596012,0.45022133906580825,51.05084827397068,1,0
190.06888037912302,0.47546875865773464,50.96538973803882,1,0
190.00936102322265,0.44430618842417524,50.95320730085155,1,0
190.0450116546993,0.4204265727888614,51.147787697859336,1,0
189.8999981198648,0.3462995758274362,51.117958505703264,1,0
189.90771764653616,0.5025009688930698,50.38759796510256,1,0
190.2098885918205,0.43300924785610984,51.626649556109854,1,0
190.08673815854493,0.4460810744930478,50.83083008300667,1,0
190.29625650781205,0.42032578672493853,50.99133432083155,1,0
189.92226805471668,0.2792469926964801,50.75119323391961,1,0
190.17478792791914,0.49940925311938944,51.90653470640614,1,0
189.99879472750246,0.4967507878014744,51.19371416511592,1,0
189.89073949095774,0.48347362118623716,50.441183952281136,1,0
189.9907252027848,0.47046991523211845,51.30658379568492,1,0
190.0111669010039,0.5771109723725106,51.49068610567132,1,0
189.7785953660537,0.4369253618236592,50.281911944680175,1,0
189.96835019245052,0.5860388673530571,51.48210186807046,1,0
190.01714435470407,0.5857873167983252,51.11065777839547,1,0
190.0888132592243,0.48715091861523413,49.845710636758916,0,1
189.9909428431002,0.3167342640410571,51.23089186878316,1,0
189.96002886460278,0.4246300755189206,51.111203020332475,1,0
189.77006715897105,0.5834593548412567,51.8895846223495,1,0
190.0317315185892,0.35417816404117436,50.914474704708326,1,0
189.4203627603328,0.5642142172144332,50.825218921350796,1,0
190.13319646892373,0.4892980712231181,51.070821945896675,1,0
190.16416348449994,0.41592660654667907,50.34865525224571,1,0
189.8882540115835,0.44832844106209335,51.32618632329845,1,0
190.0823907934088,0.3432415871564019,51.25952057665396,1,0
189.93589690266987,0.36689485021504337,50.32047279708322,1,0
189.92434617097751,0.4638927837862229,51.54073654971906,1,0
189.624481380301,0.4645164512982312,51.18316187900225,1,0
189.9182170137099,0.3272830673307672,51.28022418022904,1,0
189.82989701490536,0.39905981976671867,51.59503464994582,1,0
189.91322754740764,0.5431191743705357,51.629026518054545,1,0
190.11167616649684,0.5444736810545358,50.62735724659309,1,0
190.1112338936618,0.44768117924140816,51.54862292595516,1,0
189.718186264853,0.37353008892618067,50.78154420013478,1,0
189.88732701312446,0.47857747109822707,51.3832939044866,1,0
189.95937335227754,0.470205667352599,51.23298045735022,1,0
189.9355926744832,0.4556900470345373,50.822589020680425,1,0
190.15692216587263,0.5015948498302853,50.85174930259435,1,0
190.23956007380116,0.5914334296310563,51.73203152032021,1,0
189.89354131143125,0.5199925424164961,50.65308416596318,1,0
189.9206235189453,0.3585272195205029,51.30050445089488,1,0
189.88342740008292,0.51791773630437,50.40940441353952,1,0
189.96797830884412,0.4189365446573015,51.47475124732562,1,0
190.16630851015654,0.442325626693228,51.68769014898734,1,0
190.12039646839887,0.45504089901072065,51.17852485854388,1,0
189.97709790546676,0.5439536359565699,51.648469450751904,1,0
189.9496847897212,0.5937470515672366,51.24271073988484,1,0
190.21867090807476,0.4546137786855986,52.13874082426065,1,0
190.23614570801487,0.3346182625362039,51.27050098458836,1,0
190.2054550492528,0.27026824559395307,51.83238789945971,1,0
190.0739749688813,0.35541458231184836,51.68362233701736,1,0
189.87984935246558,0.533986854051536,51.05576976796238,1,0
189.83782833459455,0.36235931207680505,51.182766173936976,1,0
189.86863154605052,0.45626165410224906,50.846377643647386,1,0
189.87352080611234,0.4538724495231011,51.73649413328769,1,0
190.21772422950704,0.4260615814369886,51.76568481402462,1,0
190.0080614725655,0.4546836054697353,50.98183457898821,1,0
190.05454186572504,0.33156883610174,51.0296277399553,1,0
189.92755431438383,0.3069317509214928,52.06145424902276,1,0
190.3230297264959,0.31040608074784154,50.30609004092289,1,0
189.9292418957952,0.46813459693977677,51.248272029829906,1,0
189.8303100979509,0.4036518237612702,51.33953516777906,1,0
189.75787555062828,0.43599693963773556,51.52658246904796,1,0
190.26417473564197,0.3670009816908877,51.062683465838994,1,0
190.15757751727185,0.34577393358473396,51.22827719126438,1,0
189.71055960090123,0.449657424160917,51.84500040216212,1,0
189.77836926156644,0.4775587149288168,50.7788633970754,1,0
190.1904124777353,0.5157138579239631,51.075499449568966,1,0
190.04651236951338,0.48465406084846274,51.6987311837121,1,0
190.06361461057267,0.4732759273587348,51.44198021090436,1,0
190.03551351678325,0.5204826779077838,51.43992538100594,1,0
189.96377670541958,0.4767043988113708,50.71339211574981,1,0
190.0876962460131,0.6129994521218975,51.1154398651499,1,0
190.0517869044768,0.5022086535193038,51.258178246605716,1,0
189.70690556803308,0.3461015185467264,51.311756862640244,1,0
189.904273129682,0.341256780644174,51.4378034916545,1,0
189.96708873146338,0.43050310523970964,50.9625069243634,1,0
189.98274346150453,0.5150028169819415,51.974127617015974,1,0
190.1492079779911,0.4242543709108703,50.37635142673151,1,0
190.0434580931205,0.43829009442589534,51.202948763430854,1,0
189.9985882643988,0.4460271542824904,51.30229506948773,1,0
190.0985204546118,0.5652055329375203,50.87320238906681,1,0
190.1542909898571,0.4080697935410516,51.6440217598367,1,0
190.01707486741893,0.32418869989112725,51.66160221601686,1,0
190.1093688822909,0.45492420449699117,51.40542331934245,1,0
190.13006649687318,0.5165210056305677,51.08599961552215,1,0
189.76061654250285,0.4902948002895866,50.90816302590913,1,0
189.94682502144758,0.468200282241252,52.16699251964171,1,0
189.861135640253,0.43393383696698806,51.117644494351694,1,0
189.8937047134537,0.6041128917780761,51.108880455357614,1,0
189.6891391679878,0.4032687156024212,51.39155791771319,1,0
190.0766322256893,0.49637089062524986,51.03915630123352,1,0
190.14497372226296,0.4010230604607115,51.10972963190537,1,0
190.0560077715786,0.537723275164024,50.7650549458112,1,0
190.1302095074042,0.3709789209324978,51.592986666643796,1,0
189.9047131603438,0.4426798868183054,51.211893698401795,1,0
190.23543712887542,0.32229274000851266,50.747104579436744,1,0
189.8834122559776,0.39191329067226216,52.24452666908833,1,0
190.03536157462958,0.5078239990051188,51.045121518281526,1,0
190.13847801840453,0.47916412377148404,50.90121861837585,1,0
190.09562353958304,0.4385165854568609,50.662340589433455,1,0
190.1034147631302,0.46075228356744186,51.61014378135128,1,0
190.02148645135443,0.4665446747787234,51.607934592921794,1,0
190.16405264467542,0.48732972356433313,51.70319796023372,1,0
190.19533244063805,0.5447784717853864,51.71755082232676,1,0
190.27089333003593,0.4588664553326721,50.903603660964784,1,0
190.08810971241266,0.5306385361573648,51.53678069734729,1,0
190.12123685027686,0.3427577048615967,51.70589292961948,1,0
189.97187812306902,0.42797289295554714,50.88187394965693,1,0
190.11090609591392,0.47162015580119654,51.70282149561421,1,0
189.8996094708863,0.4676326663063938,50.78395240136502,1,0
189.7873996583502,0.40085026150937497,51.20172630633571,1,0
190.12151086491923,0.3557526309640329,51.74731907945479,1,0
190.09016418766268,0.4608615133763283,50.28076370801187,1,0
190.18069545708232,0.4561491073420396,51.64636947665969,1,0
190.12689981236093,0.45710747382382644,50.350181102260386,1,0
189.89617637660936,0.4557452014406074,50.34032393944453,1,0
189.76768177651985,0.4089283347031576,51.79775856768255,1,0
189.98444966122685,0.5205016066719534,51.31885770709629,1,0
189.80902973756682,0.4415671506903567,50.35590019520281,1,0
189.93132822545266,0.6080532366317692,51.20480208184193,1,0
189.8862275055555,0.39010852888211256,51.65882729467761,1,0
190.2269165148214,0.35177475846482437,51.25948789713721,1,0
190.06771797567245,0.422451059041849,51.07272914845737,1,0
190.166794470317,0.4539878763004569,51.982773972670635,1,0
189.94502842814856,0.4894645472441996,51.33917390026075,1,0
189.75997201237533,0.40234139520175566,50.823458585899814,1,0
190.0361789937749,0.3686003979945866,51.002659606051274,1,0
189.99871163038216,0.5009422224352068,50.743077195539975,1,0
189.70064467799355,0.42434440825845254,51.54264368445661,1,0
190.01837353492877,0.4132992775883177,50.67872390504925,1,0
190.04853999638573,0.4352351958092407,50.95075087158272,1,0
189.94630522058233,0.3944477565140034,50.77217030493297,1,0
190.35154773511152,0.4673127836816751,51.13527203346703,1,0
189.93856627719015,0.5220821266478007,51.19678682231463,1,0
190.14534900160638,0.41877345660574045,51.180857947141014,1,0
190.26634133792766,0.45298615804213843,51.852718844090596,1,0
190.1795474143165,0.3148992800452868,50.38487079744717,1,0
189.9095756928562,0.49649867812936066,51.17030503701893,1,0
190.10060599443673,0.4171949296143308,51.49173274118504,1,0
190.03333066494187,0.4644754766098476,50.60829912041767,1,0
189.71726251679272,0.2582978211885749,51.339429418482055,1,0
190.19568053992646,0.5439740539977257,50.79846788741737,1,0
190.152000901486,0.4761914902115938,50.67140237291858,1,0
189.96142335303009,0.43668330259978116,51.61056716026924,1,0
189.88578389260826,0.47079393308258594,50.93887081785744,1,0
189.763663968428,0.508314353942519,51.5277022820666,1,0
190.0078825154267,0.4822572626027696,51.69295157480919,1,0
190.02684798054412,0.45676309256161685,51.03183419385152,1,0
190.01158246971983,0.4541553199016701,51.752386141417254,1,0
189.94995625403823,0.4464234499892705,50.98279519489957,1,0
189.91695680937855,0.5019149231607919,50.9010371291118,1,0
190.21761200301077,0.47868865912364184,51.50027427783636,1,0
189.93016272014106,0.322716647086614,50.79609965329191,1,0
190.36655658193254,0.3265639088931252,50.87355098880901,1,0
189.83189012125203,0.3418254993607371,50.66054796552119,1,0
190.17691488354652,0.48117462596838,51.10993636993658,1,0
190.13353241182313,0.42761029648139814,51.861414188887906,1,0
190.09317646036783,0.4300712590689004,50.897617400177296,1,0
189.9945421824239,0.4822434644241821,51.67379804730502,1,0
190.27485825038886,0.40862121837550636,50.95690156175869,1,0
190.05374155366857,0.5005026658906946,51.791786022923596,1,0
189.9713039692749,0.3550321174310801,51.3897728012673,1,0
189.82618953043237,0.4405982139004158,51.53173672171668,1,0
190.02362674709542,0.6399490266331465,51.403650007899095,1,0
190.1336039131892,0.3800688002007082,51.55203664319709,1,0
189.94398272233178,0.5580448405548868,50.74875255937344,1,0
190.0527506848108,0.37333166824461866,52.39341253621736,1,0
190.2228975116987,0.39929796363667747,52.54945732436189,1,0
190.1079310848885,0.47702958814577573,51.415260988227665,1,0
189.93405836212645,0.5104402873393385,50.92368897379257,1,0
190.17298591875178,0.3695110006941156,51.26607863919345,1,0
189.97246774575072,0.4977828559911658,49.87472701911352,0,1
190.3578516833365,0.34352611833503,50.83602738690715,1,0
189.97309326454914,0.5258447405555471,51.626099878874584,1,0
189.8655138884987,0.4605198477107451,51.06086471157124,1,0
190.10637114342796,0.4541157902729577,50.95348113529643,1,0
190.04890124250056,0.25466767254311085,51.40648490894969,1,0
189.9488949078647,0.37079310262415865,51.237971212465425,1,0
189.83792393988668,0.37957686185594264,51.38362714080638,1,0
190.14190917101095,0.40514637625207556,51.23006825063206,1,0
189.96213756139232,0.37147263490459353,50.94354913174916,1,0
189.8048491882544,0.49257496930747396,51.049607387607054,1,0
190.2211980511831,0.4186893731856678,50.988729149712505,1,0
189.95988990717856,0.43927488392641506,50.76412669925103,1,0
189.98820032436612,0.49502460862974945,50.55686975416432,1,0
189.98005504253098,0.37193773216418685,51.487958984617734,1,0
190.20495854862725,0.4841948749178554,50.37890278074523,1,0
189.99284246460797,0.32381168997308346,51.53021421227802,1,0
189.75811254882316,0.31338391996222215,51.9957708861957,1,0
189.8604192633552,0.5152223163830717,50.80487648713021,1,0
189.9672814384217,0.49928281152011506,50.555075857373154,1,0
189.92851928709896,0.3898371944746312,51.32853266601712,1,0
189.8463956601345,0.5408280594039201,50.93397481784614,1,0
189.97463698222748,0.4608740319593206,51.202211731481576,1,0
189.76656409885138,0.37203576468899074,50.438360637099166,1,0
190.2418740177457,0.5104493241113189,49.83744222959079,0,1
189.84258958702708,0.2933286741895159,51.71156805451631,1,0
189.9179847987718,0.4419621073018855,51.23099146966109,1,0
190.1538889556973,0.49075571363596104,51.75122622838628,1,0
189.86657150412142,0.42354971593873514,51.56916606253762,1,0
189.8238058235777,0.46800914313645153,51.10331132283547,1,0
190.04731997391744,0.5176599769116166,52.016675519706155,1,0
190.0258436671626,0.4907910555099554,50.94957705209517,1,0
190.05512156731982,0.44067342430977446,51.544469774389256,1,0
189.79168445217613,0.3254897734541519,51.02165346346978,1,0
190.16903486360732,0.4457417923759169,52.05183993247706,1,0
189.83672329842557,0.4080480449029884,52.43219078166912,1,0
190.12075700733433,0.44888809892201376,50.57803159066865,1,0
189.78149083176254,0.46685351473249276,50.552911738292636,1,0
189.99335455564594,0.444410292359425,51.45930394802481,1,0
190.265964609299,0.38617480562528483,51.16624422807373,1,0
189.88079012670022,0.4425026480276061,51.23344570914964,1,0
190.22498945841622,0.4230302447070488,51.424897101847115,1,0
189.77859528426026,0.4593402033586451,51.10441526892155,1,0
189.91795313780764,0.5417092333887141,50.93303132163804,1,0
190.05845335999004,0.43725234791633094,51.590109196484384,1,0
189.91891167545873,0.3661390577644187,50.59817309249923,1,0
189.96593927671438,0.35265924173374635,51.1847356659979,1,0
190.19876266642433,0.4829866079538078,52.02491251419853,1,0
190.09471753467636,0.3921344730431847,50.28627657050687,1,0
189.93913787097978,0.4003387334221532,50.75731315419595,1,0
190.02994657488054,0.5388788463509746,51.05132052582443,1,0
190.06502626056917,0.3402177509775455,50.998103475438185,1,0
189.95710039915465,0.3837119790954114,50.15721446548498,1,0
189.9118343577491,0.4313878433860222,51.23587807556081,1,0
189.95781544735178,0.45625207798294176,50.64445444341227,1,0
190.19000343445617,0.44419136049700414,50.04547246019577,1,0
189.91004191456034,0.528910528460841,50.48635461161484,1,0
190.25611104037648,0.6588148787172042,51.25150111263156,1,0
190.04258271543756,0.28339633307861517,51.196921493876694,1,0
189.62955570396718,0.3810988917912053,51.371682009031645,1,0
189.91276650121236,0.4119600881725536,51.114926203724856,1,0
190.16267050029384,0.5013510361634526,50.97535883236322,1,0
190.10966945180508,0.4781632370760708,50.85117137739506,1,0
190.10502423208902,0.42123446082272537,51.904055865411934,1,0
189.84594180871434,0.42791843467197516,51.71347385503872,1,0
190.34952700656513,0.4129021471551666,51.573706283287954,1,0
189.98480828181278,0.4731582283500316,50.438224277608846,1,0
190.19909400647518,0.4446046369384675,50.512891172132704,1,0
189.96160116826653,0.5051040399131868,51.38304059985231,1,0
189.90245061372076,0.561394798851491,51.293692373782875,1,0
190.08068704942957,0.36425426862411536,51.886314721182195,1,0
189.7687560530969,0.4207178130598721,50.91297204170703,1,0
189.99176138569774,0.5129300262815237,50.834201520340685,1,0
189.78993329601488,0.5290535082671249,52.37359781789215,1,0
189.78093144736985,0.5046002977855572,50.93574892863034,1,0
189.81415273667102,0.4448978891846613,51.68290662851146,1,0
189.9144121365417,0.47046772583370505,51.422224631805,1,0
189.8714583184283,0.5391633781153412,50.70490364227476,1,0
189.8712009625902,0.38494448334144593,51.25263135100948,1,0
189.98368344281317,0.3060750680381745,51.29186146607573,1,0
190.20272665901328,0.31867085036579373,51.75504982306199,1,0
189.79786830769675,0.43388732147878084,50.30419197234881,1,0
190.18225511563185,0.39343281394462815,51.32802306595723,1,0
190.15892611828397,0.4639659240110528,50.80973353487081,1,0
189.98714410026227,0.4062088588229328,50.65280138844147,1,0
190.12836612221216,0.44205432009519935,51.16603502251547,1,0
189.9563614036794,0.4481016496510624,51.43818135778335,1,0
189.9082937353205,0.396601485781332,51.74154635192333,1,0
189.98928658876991,0.35192079567252393,51.204604256605705,1,0
190.00543727643688,0.48423952409674537,52.041755537707836,1,0
190.04053533482315,0.3853901793764618,51.45207295575125,1,0
189.8717293262946,0.4199782465984703,51.49309367031598,1,0
190.11427500091898,0.4726363500583997,51.16625868097636,1,0
189.99917693677682,0.36294985391215023,51.248852492624245,1,0
190.38240681616963,0.5617855436836705,51.40951377307656,1,0
189.8509401547885,0.3671681407046581,51.418933396319915,1,0
190.2543248358741,0.4759691006007711,51.24886764193416,1,0
189.9737483355032,0.47347155620626813,50.83193383681806,1,0
190.1119668501067,0.5150379383642038,51.03400915635089,1,0
190.07374181351395,0.38872533389282854,51.32034129977886,1,0
190.04349684766152,0.344312338518647,51.20145163240173,1,0
190.04551798354544,0.5733015490245129,50.867437696859525,1,0
189.785394761213,0.3205645593147719,51.116581712211605,1,0
189.87500860288475,0.5168249603851551,50.66878623645537,1,0
189.99894030194193,0.37608229093746043,51.31168271831368,1,0
189.8770636982089,0.37894577432012216,50.611662856155434,1,0
190.00743708621673,0.4867671748725792,51.6297933658014,1,0
189.97002157953253,0.33750466257477857,51.19690970439152,1,0
189.96982046369826,0.4181169669080241,51.230855749452736,1,0
189.70018112885543,0.536552871186061,51.20620130174486,1,0
189.90380368681343,0.5344140474001805,51.45407242450673,1,0
190.11610202908813,0.465493157564855,51.69998036978962,1,0
190.06823701019167,0.3988110498576948,51.56882253022328,1,0
190.2761950525813,0.3823663108926901,50.944572679830266,1,0
189.82879873193133,0.4886177011505891,51.6720458706547,1,0
190.0816377456392,0.39567520862999767,51.32711512684574,1,0
190.0684246156,0.42574330278199135,51.680378968193345,1,0
190.13995346791577,0.3255171343115353,50.3122678733891,1,0
190.13875964664004,0.49155621688400064,51.43921031320964,1,0
190.00342981270828,0.5115058059554665,50.0350357056255,1,0
189.7608983677325,0.35757504146648417,51.418874613832976,1,0
189.99587180272835,0.44866166662035417,51.3769320012442,1,0
190.01113233952503,0.43327266273968956,51.66292417857007,1,0
189.74824671458651,0.3343255424493155,50.07786610352062,1,0
190.22576493744515,0.47759711730381416,51.76347155258511,1,0
190.0083362442544,0.4408285386273608,50.472682282059836,1,0
189.99477350992322,0.41112920593040375,51.68146869926528,1,0
189.94106425963986,0.491795252847153,51.70061424636954,1,0
190.17168683700365,0.4380831718299039,51.83444715773437,1,0
190.01742443428535,0.3654164492686359,50.717257390960455,1,0
189.69427182418087,0.4459090868356887,51.79819626469674,1,0
189.9418945947613,0.43708018795588227,51.041930664712964,1,0
190.1301485142199,0.5251113480879469,51.14696656323546,1,0
190.04247188114505,0.5415405208047506,52.0478117912754,1,0
190.06712177607875,0.48201758897361624,51.88978958498923,1,0
189.8564220222751,0.28376786324717185,50.83759573361468,1,0
189.97026070572352,0.4254928066138992,51.80849551335259,1,0
190.02491046826583,0.46754954931071174,51.845800523884066,1,0
190.08185048251144,0.5940489185206346,51.447246194873834,1,0
189.95750584232496,0.46853074959721336,51.17832283404595,1,0
190.0476086561823,0.48217548816817424,51.32699219396936,1,0
190.11889091015652,0.40353700480848426,51.23183984173743,1,0
190.09243622944138,0.4643262619258945,50.43243828382993,1,0
189.91904336614294,0.48571714703307406,51.69630670383303,1,0
190.1185828921567,0.4721948058751349,50.93024932680398,1,0
190.28161795354256,0.47271421665709973,50.9321266883265,1,0
190.18861675125078,0.48324814791947424,50.88034925640327,1,0
189.91403010865466,0.5129121531446158,51.06166464140753,1,0
190.04215689218788,0.48571122852374343,51.705125155368336,1,0
189.91091225432805,0.3489316895817792,51.26034376540128,1,0
190.13594593982577,0.39170219682391894,51.29622658017595,1,0
189.98191179146966,0.5418468953759048,51.338817079977936,1,0
190.24188870652495,0.2746977661642844,51.74676690534387,1,0
189.95357369132327,0.5592158238889162,50.8199811473102,1,0
189.94434594890413,0.38601432677279107,51.88482674903419,1,0
190.00009500179783,0.43159157987646024,51.166528529377985,1,0
190.08053070275082,0.31836433732192615,50.76163508736179,1,0
190.05466944181202,0.5196649896696116,50.63236945747767,1,0
190.05327124067148,0.43877559142116546,50.60553487934507,1,0
189.94179494272387,0.4642636280786208,52.31539192618252,1,0
189.68883176873302,0.4820702684390757,51.61888670488861,1,0
189.98898565307465,0.40998476835698855,51.29996823373137,1,0
190.10865812647017,0.5018244116399513,51.651879691582636,1,0
190.23906175466416,0.48766244867485214,51.29203938965158,1,0
189.83092500220062,0.46375682398117785,51.94382752758994,1,0
190.09477868334395,0.446574025956151,50.7134247550193,1,0
189.8538395221364,0.5318139573575666,51.920085077869,1,0
190.29278064381128,0.3504535168164764,51.293138587301605,1,0
190.21335835718054,0.47218233887433647,50.72910655506193,1,0
189.92037856391443,0.35509820789521845,51.22549275682824,1,0
190.06649354593938,0.37193753309571465,51.41673478114332,1,0
190.06911609914062,0.5105068973572351,50.8215719626432,1,0
189.8007065277021,0.36798570201776215,51.04222683936002,1,0
190.299478245894,0.48689073047007975,50.26220503475816,1,0
189.8148268037658,0.5544395501627686,51.48234325165195,1,0
189.85594483471715,0.3197414198731435,51.454633494229995,1,0
190.03941815009574,0.47810182921860866,51.744833402940095,1,0
189.88021708932604,0.4851365563543351,51.31609621188111,1,0
189.9770080428599,0.3837974762731043,51.360670060947214,1,0
190.14926518211195,0.4916914274520241,50.39782665849245,1,0
189.70072625722582,0.4339334247347999,51.42716435408009,1,0
189.86564393663713,0.4552836319782929,51.4025791597425,1,0
190.0748852200633,0.3399716474453601,52.25410870995006,1,0
189.81233365583384,0.33664182071824755,51.433949808143126,1,0
190.19442114985685,0.45925418008326546,50.674573907545636,1,0
189.7406589013418,0.5457385103322038,50.91331817871815,1,0
189.78140024894682,0.39011502734769177,51.5624928171148,1,0
190.12124330614853,0.4134959649200226,50.696835556831125,1,0
189.66861165330363,0.4565470601218446,50.71864741980973,1,0
190.19289040182417,0.5787010625647414,50.42934535048078,1,0
190.0558537147413,0.34812799569870967,51.88377837449321,1,0
189.8977759871234,0.4571580235194419,50.962894717249156,1,0
189.96489505666543,0.39146767964710355,52.160888961805206,1,0
190.12810784719485,0.4164805428349235,51.030570123769735,1,0
189.86915111843808,0.3643020754617393,51.60507904542428,1,0
190.16671465066227,0.38901426865962285,51.92412816977104,1,0
190.08193503070518,0.5002648053634781,51.88337474556557,1,0
190.03824931853114,0.4836165526879217,51.09930244566034,1,0
189.99230413056088,0.48380180181532495,50.77041344711593,1,0
190.18866613427846,0.39767370408993263,51.023501493704536,1,0
190.070778364729,0.49929248842269325,51.21748688816784,1,0
189.9584796801877,0.5968270466552693,51.20454481815658,1,0
189.94601019759915,0.5657904198596965,51.0208116304615,1,0
189.89852687882288,0.41513232509385534,50.676085348785996,1,0
190.28190333101128,0.4607396041624865,51.91074008818618,1,0
190.18540165159044,0.3159588571640613,52.21805501342376,1,0
190.26433483422957,0.5125122668112637,50.408298429291726,1,0
189.87359205340914,0.3003646826226102,51.3845170529641,1,0
190.0325901334776,0.45213584276596847,49.87887472770391,0,1
190.1217771211872,0.4077919748562255,51.643744233247844,1,0
189.90509882071927,0.36822504434109743,51.04491731060992,1,0
190.216668338097,0.48857883661068857,50.744828038685974,1,0
190.2398847865653,0.3736376963650586,51.19809353600983,1,0
190.25129928391883,0.511336344146111,50.56886820966089,1,0
190.04508993334588,0.3651102903695969,52.086091088369756,1,0
190.24050929855014,0.4999687198333642,51.475860743912015,1,0
189.99637744588853,0.39310786407292003,51.39154876620004,1,0
189.98491854439044,0.48273561873129284,50.420118655696555,1,0
189.63216154748577,0.5430707613041992,51.338783163611595,1,0
189.94404291573508,0.46195099624531305,50.86393992988132,1,0
189.9021969929992,0.42788142354780717,52.14815699132399,1,0
189.94690451735232,0.4939876703154458,50.90485498246314,1,0
190.1669521427883,0.42881445516659555,51.61296352999435,1,0
190.12172128025537,0.4920833334584105,50.97421229318842,1,0
189.82393210586028,0.3706682718587625,51.06230311364862,1,0
190.04940015213953,0.5241503987751195,50.8288359852633,1,0
189.84188304415824,0.42456893905270704,51.41329148487949,1,0
189.81297994655012,0.4666071299137995,51.356346205707595,1,0
190.13579139988897,0.40356269790272925,51.84295629370554,1,0
190.20789663304544,0.3578462019432055,51.1688012116063,1,0
189.87877388562742,0.3032453999659914,51.59077913907301,1,0
189.81703344069996,0.40899606211586337,51.607238393248565,1,0
189.9884718618985,0.5105062863719251,51.47656930515631,1,0
189.80128872493046,0.4456903857323679,51.48343454375062,1,0
189.75401115926627,0.43027180319711905,51.37507920789861,1,0
190.31588048053948,0.4968027299945894,51.50342120284712,1,0
189.9957082339226,0.46969602066028343,51.105127146270874,1,0
189.9216858278961,0.45251546036814533,51.555407870228585,1,0
190.04724683043554,0.45754305721939614,51.39678688482791,1,0
189.74212489017344,0.43802169025185406,50.4920330821245,1,0
190.36010605328553,0.4545036052641447,50.96084279527365,1,0
189.98200159680786,0.4220648659382054,51.25901239845179,1,0
189.94898924209306,0.3182492648900336,50.8614335330812,1,0
189.7259900904309,0.3541129014296767,50.08589621454845,1,0
189.82172089383073,0.37118378491167336,51.954697761060935,1,0
190.03962970252698,0.5568954864879789,51.49438866990746,1,0
190.22896670986987,0.42760935344874984,51.09764674573526,1,0
189.95396062700317,0.44734508727811556,50.62385309549022,1,0
189.77151075176144,0.4605653303394044,51.741707798670475,1,0
189.92945019056685,0.5487757656526484,52.0247851026623,1,0
189.71791134405902,0.47650383089966175,51.24692664065601,1,0
190.03698060533083,0.33193348821309443,51.846411332220335,1,0
189.9961402721399,0.5249602248002089,51.32657445706602,1,0
190.00230409673773,0.516392855800346,51.06624101922497,1,0
189.85544798306088,0.5009980123930403,51.30128815934826,1,0
190.0064940148395,0.42691453766408044,50.85912698327003,1,0
189.86930214190633,0.5114118950104203,51.16994737545009,1,0
190.11054992105866,0.4542139574607241,51.90738297669346,1,0
189.93237883098806,0.5309547988745124,51.0188812427278,1,0
189.828272848833,0.3837227951459723,50.63299407008394,1,0
189.88929837514073,0.3502361854071485,51.51874087981232,1,0
189.66712311424857,0.5291058244553851,50.545772205996315,1,0
190.09715361096204,0.4023256487659923,51.40430246891622,1,0
189.9151649680756,0.5047039955960062,50.49381255081535,1,0
190.06490617299966,0.3894059656583125,50.92678887616497,1,0
190.030670327789,0.36222004537413993,51.46189179255,1,0
189.96031776358433,0.5090905726524976,51.17041589196255,1,0
190.2596993252608,0.4898175020148161,50.75349724900629,1,0
189.80727709122726,0.38221357255564303,50.71614922116312,1,0
189.76224194837675,0.5735778462602059,51.03611448233677,1,0
190.39643480497298,0.40189962812536717,50.87932028187653,1,0
189.9997867451465,0.48734512959368803,51.041365955296364,1,0
190.09002491409404,0.2934752982691012,50.265583834905435,1,0
190.01416792136828,0.42405377282727985,51.468515773560384,1,0
189.8617940035653,0.4178544193576817,50.951105044320926,1,0
190.02310740945515,0.42524651461005447,51.59170697854076,1,0
189.72437033500393,0.44194433157947133,51.558646901560174,1,0
190.0591317527949,0.4554200562407933,51.430899803234944,1,0
190.02371513888778,0.46627924223155703,50.967094916876086,1,0
189.8984153143709,0.4257690488738255,50.98908174825229,1,0
189.96991328195043,0.3682324827823698,51.51935978090827,1,0
189.73508304932534,0.4773644138396386,50.71096328449274,1,0
189.92692538729756,0.3599968037037581,50.72122937526397,1,0
190.10547352180407,0.3903750868941063,51.63502608291155,1,0
189.8723664222339,0.43489426544427134,51.83110375310036,1,0
189.98975292733354,0.45411950719659605,51.24257088000193,1,0
189.71171448190043,0.359183552269129,51.635685970898464,1,0
190.00291807373821,0.6444306381191454,50.30520189191656,1,0
190.06340774977068,0.5088450251391458,50.14478889128961,1,0
190.15188168389665,0.5046018738760585,51.02231263782846,1,0
189.8724858840374,0.44997040807066463,51.67511443580482,1,0
189.742155643027,0.553801633752434,51.61549113509169,1,0
190.24642211822197,0.39141429642632003,51.713384832047566,1,0
190.16800207294733,0.4668099114934173,50.78782124412126,1,0
190.02095166858066,0.4803946612119415,51.323614253214096,1,0
190.06259424661192,0.41539283811247285,50.904831044811466,1,0
189.8878859571643,0.4082869884692393,51.106528762877254,1,0
189.81013408680883,0.48151955747410846,51.22544793287312,1,0
189.91571967307212,0.49448192823869647,51.424703408338225,1,0
190.06412396976822,0.3677749038008464,50.66757044245439,1,0
189.89784622012888,0.45052941053052553,51.14060702089382,1,0
189.99296555102563,0.5530156481611558,50.927626083999,1,0
190.20481310556184,0.4253421452254333,51.81523747806811,1,0
190.017640911647,0.4149059664632465,51.46231796702722,1,0
189.94730134513713,0.4337706164026638,51.660923868294034,1,0
190.0035320808801,0.49270095839722566,51.18797350463749,1,0
190.04310549473252,0.4154284699518915,50.89760588790713,1,0
189.75157560718796,0.5135590769727845,51.19962157440205,1,0
189.9958174767477,0.44809136981600556,51.793452082707454,1,0
190.14361076034098,0.25408218424653495,51.363526305867055,1,0
190.03019179317076,0.3384880567680404,51.78820389269685,1,0
189.9253397172755,0.4822756178008679,50.7729550580176,1,0
189.95499392167886,0.5230312055357647,51.512496648370494,1,0
190.17442832262657,0.4826562203500243,51.08153915611547,1,0
190.12478162449446,0.45515256547606764,50.26222664154066,1,0
189.79390237581893,0.31643830509783344,51.51997036024865,1,0
189.74996682248536,0.4565345157554795,50.23888413453904,1,0
190.02168033065266,0.4497756257837014,51.35292956012414,1,0
190.07381500382962,0.4512619013982233,51.439521013225445,1,0
190.13150417720217,0.49320229112502645,51.433878177364306,1,0
189.9607999646829,0.3877148903590717,51.0886427322042,1,0
189.75917015691624,0.46453626806831183,51.939598895658854,1,0
190.2811984521422,0.3723650350676223,51.421462383255694,1,0
190.1187694046798,0.5129746614760466,50.808742532326086,1,0
190.2247533264841,0.3869276355094696,51.46356118155229,1,0
189.9211592253117,0.5602223429890666,50.85408735939187,1,0
190.12547009200966,0.45233248838585416,51.10765439538988,1,0
189.95031047568816,0.43540687700981334,51.6871435432436,1,0
190.1227002583355,0.5446858236174182,51.078659519754545,1,0
190.34818187385122,0.38276902222822823,51.166219889099146,1,0
189.8959797215523,0.5754631942416499,50.76197046157514,1,0
189.64314446538103,0.4074339092274102,50.71374784345665,1,0
190.12265752846517,0.4376284341294923,51.261847494647625,1,0
190.18501108440768,0.524189026693512,50.905627249393895,1,0
190.2326938901255,0.558693140201925,50.74253176684196,1,0
190.01719764328195,0.49105341092465304,50.64467142839655,1,0
190.06411375821511,0.5507293773552187,51.03666496265236,1,0
189.91227216303443,0.4648528508826427,51.288039188048856,1,0
190.02431378926678,0.40480302513302313,51.447642057475434,1,0
189.92748561584983,0.44657256720292027,51.554614145487264,1,0
189.69219383744996,0.4157643547499618,50.82591104171086,1,0
190.09352725080888,0.3984695751989641,51.302806717297535,1,0
190.1792617473363,0.41526270951967426,50.711046923252326,1,0
189.78215044336605,0.333971218558637,51.40023029453442,1,0
189.9775636477834,0.45709747793593286,50.85428140624446,1,0
190.2885628193213,0.4967466281028158,51.04680207851682,1,0
189.8419846706386,0.33599765714447116,50.928825468864,1,0
189.93503621265478,0.40707733940176166,50.42510416836771,1,0
189.96064453456367,0.36494189698290386,50.68424541371149,1,0
189.85426611738075,0.4116894833953766,51.797100362406674,1,0
189.80472705901968,0.40630717231292185,51.13730615804897,1,0
190.01851437040682,0.35978501649726985,52.56237021401191,1,0
189.79864199262036,0.37132998044899485,51.487135859011055,1,0
189.80544366081216,0.46844882733928245,50.68042883943145,1,0
189.95733002119096,0.3634547844040479,51.36262000641751,1,0
190.23593643093756,0.472686141194832,50.82795704875926,1,0
190.1037507392356,0.4518296537704011,51.629414530344114,1,0
190.27254983679984,0.443121693765916,52.98843966230537,1,0
189.91134560465903,0.3766100779446678,51.37060619518278,1,0
190.0522027212558,0.3767631911319338,51.08634678654643,1,0
189.54169710709743,0.4240950115681378,51.32328500418915,1,0
190.29323512354912,0.48870243104390904,49.969367127675355,0,1
190.1591028702042,0.382274312369852,50.975370616786606,1,0
189.8225158854431,0.5794872168815809,51.989281029590714,1,0
190.24389326063377,0.3893466459788748,50.013106529774916,1,0
190.17303840023231,0.5935093601778427,51.14234691936799,1,0
190.01005363442712,0.399111559476234,51.94485475207226,1,0
190.14941888302462,0.3261838336919804,51.23620997454355,1,0
190.0546826001678,0.2898486383267202,51.2590299388822,1,0
190.1389970739968,0.5370134268912627,51.24561233524006,1,0
190.14794660284556,0.4901078271660061,51.811524408064464,1,0
189.93921275825628,0.4767943033680973,51.58677067162406,1,0
189.84164011350404,0.41112514511470216,51.476440731917926,1,0
189.88329609481127,0.6327014931541945,50.69272187415151,1,0
190.12907327426532,0.4108810939356201,51.632484230817525,1,0
190.0072279638188,0.5225552720987934,51.63558225009538,1,0
190.08910681454987,0.30247208554578797,50.932630399846346,1,0
189.80335904366603,0.45992827416286747,50.5177910487012,1,0
189.8288122380857,0.36442977910418106,50.7654013065333,1,0
189.63816682016423,0.532063771153986,52.11038900815809,1,0
190.13418549713123,0.5994809728441743,51.439382057247556,1,0
190.1305133215787,0.4294697518089351,50.858369556714116,1,0
189.97378546948306,0.5368266908428824,51.16175472818412,1,0
189.89911811699568,0.25509490112589206,51.38633343528721,1,0
190.06602804853284,0.5034594928138586,50.52298351610385,1,0
190.01009208517553,0.5200530769303239,51.50316664785657,1,0
189.91643085460345,0.43960799807484335,50.82275699104271,1,0
190.3073845313638,0.6178358574903644,51.0814600330046,1,0
190.1501966158044,0.34404361698106384,50.41420322011525,1,0
189.9454437007001,0.4859706365431952,51.052825542551595,1,0
189.7403421648719,0.3918302076045583,50.73346284408272,1,0
190.05078100871233,0.44458040240120855,51.589907308306394,1,0
190.03376173630383,0.39926162628514117,51.156298244723175,1,0
189.8988677233095,0.3947290062023124,50.950909825186805,1,0
190.09933018861076,0.5224107519736392,51.64331898950846,1,0
190.0029036247845,0.40490026472852686,51.63784872729753,1,0
190.28391297777168,0.4447723483543447,51.10421825081804,1,0
189.94461424735383,0.34568364825890613,51.818588347401324,1,0
189.97352282897947,0.4208082413424933,51.293857769688834,1,0
190.15718502974215,0.46665506458268047,51.42925748698009,1,0
190.16563705674557,0.5019951690849458,51.41435331640539,1,0
189.93643059499593,0.49434430361710563,51.20290144115699,1,0
190.38589547734912,0.49123388425397757,51.78062224244052,1,0
190.33522723281897,0.44076802737985066,50.93715406851715,1,0
190.12718967694795,0.4601965365358214,51.52141787639511,1,0
189.69770079163584,0.4160669201008421,51.68904848076097,1,0
190.15870192520615,0.43062280749460885,51.19872506636135,1,0
190.14614438299685,0.4826148370234688,51.69570093820183,1,0
189.82015422182516,0.4929544046774348,51.93362148517878,1,0
189.96349138595403,0.28759852862494134,50.99355731824689,1,0
189.84724967935523,0.5318791794354125,50.956652703739344,1,0
189.86230084437221,0.37629229901463573,51.05334165842749,1,0
190.05673264565678,0.5722209558921979,50.83439812320639,1,0
190.04408339285655,0.43993415331447666,51.40970643139673,1,0
189.87524424522613,0.4643357305330325,51.35708010787051,1,0
190.2812967587281,0.405321514355119,50.889406205782564,1,0
189.82514806526072,0.4809880005022394,51.9048369038685,1,0
189.79167330557513,0.5480836503829871,51.30165709273241,1,0
189.90455004535085,0.4511898790921496,51.606204877149636,1,0
190.1138798474893,0.3970618299272205,51.6542276873512,1,0
190.03966172648958,0.45598888225996226,50.99163126398264,1,0
189.98382178609833,0.42998297183775114,51.73313803291814,1,0
189.59812148432064,0.4599384811326437,51.61151083057431,1,0
189.90855497970253,0.44851653876343495,50.912017537947065,1,0
189.92356551173083,0.4435217688390242,50.5071406352907,1,0
189.9174116915096,0.4478731549257059,51.34369847959472,1,0
189.84310331657034,0.42470532332753924,50.599475299225375,1,0
190.11114123918355,0.47629726712910636,52.116169183027694,1,0
190.08484055627198,0.5488898041166472,52.43765860328984,1,0
190.18270208296295,0.48208861341040293,50.58087463426878,1,0
190.0351356069326,0.3059814956185273,51.150498070649846,1,0
189.9297070400756,0.5706168896084459,50.92247994666064,1,0
190.03184709511524,0.4212443367888241,51.756272951489876,1,0
190.18804040827328,0.48281501744156075,51.733544764040936,1,0
189.83990982345165,0.37678482154950027,51.19247294974535,1,0
190.0735917131043,0.43722002543911404,50.408507675723634,1,0
189.84561152627677,0.44754582420773664,50.21842022160838,1,0
190.0790592808148,0.591441583198279,51.36092141515558,1,0
190.36009078426073,0.4019640833069843,52.048706398110326,1,0
190.0598469254738,0.3918136501442404,50.54759793223462,1,0
190.08396015279143,0.4578328387569512,51.21755778092231,1,0
189.9348896582771,0.5685613778503383,49.32895679159315,0,1
189.9557553803881,0.4572114948980638,50.98734689194583,1,0
190.36834782215527,0.3543977751818745,50.91810479071792,1,0
190.26450903591933,0.3831980805048846,50.74112137337853,1,0
190.38738597442284,0.4949027061457765,51.65887653645947,1,0
189.5693018017775,0.4130267155899845,51.284855225071475,1,0
189.91035042414848,0.42772268819439635,51.25288860431846,1,0
189.81285250103778,0.4222794409766805,51.30933398334209,1,0
190.02615674121125,0.42908276499598963,51.66132322537735,1,0
190.17566648291478,0.5864170986189805,51.40915655914324,1,0
190.30951957344482,0.39162233557839654,51.327222683732764,1,0
189.7391983196531,0.47393886372729793,50.94916434519204,1,0
190.156890967502,0.43486652719717883,51.80083817388522,1,0
189.9576281562456,0.43812543813766314,51.954488293385275,1,0
189.8276360745397,0.38596044467237156,51.350290775539364,1,0
190.11943451551386,0.4912241881963906,51.33917407834919,1,0
190.07288845282002,0.5973921454569078,51.91217019146966,1,0
190.07072114056618,0.5855662590360623,51.635781556508626,1,0
189.76999569766943,0.29855356699336605,52.19944931026506,1,0
190.00377162545217,0.4063247454093058,50.66841594172863,1,0
189.90859070631956,0.3604740247531569,51.86913981011676,1,0
190.02230538957375,0.4963482869316344,50.482451154715235,1,0
190.04104702902927,0.4005497766511034,51.04010822873152,1,0
189.899362662405,0.4217631944911947,51.135380291351325,1,0
189.85295094084321,0.42252494954258135,51.57082534416309,1,0
189.94691238868523,0.43962252507360444,50.820369603137365,1,0
189.9881657740762,0.3624299942743711,50.06905150234384,1,0
189.71291152635416,0.4809712854720077,51.65433236870716,1,0
189.89873895922753,0.3155291569443713,51.1867400272198,1,0
189.9860958334567,0.41156748808678145,52.096362887476545,1,0
189.58868372424854,0.6225225091909793,49.96173498077956,0,1
189.91373591216043,0.421570707422553,51.5928968552944,1,0
189.69968994012484,0.6004022873990508,51.128174188941784,1,0
190.19260487457478,0.48191493528940954,51.72807487859626,1,0
189.8871352280168,0.5096719444365936,50.685893350394956,1,0
189.93711925153056,0.37676487773453426,50.820798171302535,1,0
190.07339374729963,0.4434318899517589,51.44802861760894,1,0
189.7577639721017,0.5337691121415975,51.64986144000945,1,0
190.22524036857754,0.4691937177131903,51.30230682805114,1,0
189.9770953464259,0.40843055201730316,50.81862615438728,1,0
189.9536751089894,0.3814047960177199,50.44255421449974,1,0
190.23267330729328,0.3251733914304575,51.10029869158387,1,0
189.94632900251872,0.44715004910801553,51.1560550163519,1,0
190.10748448221233,0.4039262259416064,51.92544468193752,1,0
190.05975695693715,0.4683512480775588,50.69724251625043,1,0
189.6888673897311,0.33804498355440254,50.588490173439574,1,0
190.02393134011535,0.439660142553821,51.03366633987428,1,0
189.99786478479206,0.5020282076108238,51.895919587990846,1,0
190.0897970167619,0.4133162827178782,50.306106507706666,1,0
189.98137570373243,0.44232608449219,50.970660213290444,1,0
190.02052414113038,0.45688644567883263,51.10044909168707,1,0
190.2361945171597,0.3641964838903313,50.96620682589445,1,0
190.02332372084743,0.4151583516980591,50.899532272459965,1,0
189.75584447897623,0.4937525526499174,50.68594195009691,1,0
190.10570519745409,0.3894825107161621,51.08213450607541,1,0
189.83049633225497,0.46818126216856276,51.016238146842255,1,0
189.93496740734352,0.4410118835076949,51.92154090632779,1,0
190.29172862119825,0.3812147456410252,51.19404076015207,1,0
189.70173661742626,0.3690317108921632,51.36093466050024,1,0
189.7382417724012,0.38144893108765204,51.389296377643575,1,0
189.92359033784342,0.43442321122350175,51.1952735239786,1,0
190.05153735307263,0.480119278939588,50.94308494358634,1,0
190.092184412492,0.38389449691544286,51.56726895666077,1,0
190.25753672431864,0.5407756625012224,51.21670979308406,1,0
189.82628398007625,0.3176224216097668,51.02350719558393,1,0
190.11852191102383,0.5267004970588781,51.34882470580511,1,0
190.16854237082876,0.46827208550650523,50.977399298943546,1,0
189.90117288325237,0.512721961586804,51.244125096579374,1,0
189.758310311845,0.498040412439451,50.98678254621572,1,0
190.00422230960413,0.44809186794579847,52.08392228202722,1,0
190.034405392707,0.4526975906515769,50.77984597093146,1,0
189.9239413989007,0.5101400331437517,51.148768662745226,1,0
190.02545786832042,0.5183566977651494,51.198806136798844,1,0
189.81757854253945,0.485791923683145,51.99242522564334,1,0
190.023424646654,0.5996725727483747,50.79752760040391,1,0
190.06648053292105,0.5718207625880654,50.77350119237504,1,0
190.02412533403833,0.45405112931446123,51.24006001447117,1,0
189.97581440385537,0.4730829910428129,51.655181043912954,1,0
189.90303953954955,0.43300131972146494,51.79204789351694,1,0
190.63744073025984,0.3416346017932538,51.857434990912054,1,0
189.98137634679492,0.3139495218242288,51.92208495645463,1,0
190.12532413500898,0.5259896856436295,51.60796763038289,1,0
189.93217948087693,0.46380167179326526,52.02006103575338,1,0
190.1270105152787,0.35349473529734826,50.868278008484765,1,0
190.18432883602568,0.39496280437664893,51.54246983760839,1,0
189.95442937880614,0.43057561772732184,51.104729737532324,1,0
189.98511986001,0.5106917336146932,50.63165797292729,1,0
190.24058474650428,0.4789780768166956,51.36578116997816,1,0
189.9837184115555,0.3908911668995479,51.53970608378457,1,0
190.13148510972982,0.3741543699504839,51.87908289744087,1,0
189.82020333120224,0.3230149204191068,51.41549730440095,1,0
189.85288578026697,0.4529211953544072,50.80199296456539,1,0
190.05054492971558,0.42426844219553844,50.417403347308614,1,0
189.83729428027414,0.47088228332897225,51.484502188779445,1,0
189.82826922497503,0.3287668955415116,50.38692286102473,1,0
190.34966851711064,0.39112533921384696,50.26116538091861,1,0
190.13529439483668,0.49668310572469593,51.59032548496873,1,0
190.06179961250055,0.4852128153937497,50.65972076326432,1,0
190.38433289052867,0.3067989943681947,51.00768100434714,1,0
190.10249393424422,0.47129578382467463,50.9299641654683,1,0
189.80792968959906,0.31377412592884507,51.82111592423274,1,0
190.10115294628656,0.4181067104463998,50.725397102310026,1,0
189.88296793701167,0.4496289349839445,51.55013676574901,1,0
189.79519566656873,0.31825109785451766,50.38578203872612,1,0
190.29247836362737,0.3800777266759558,52.007450362139245,1,0
189.9659124197297,0.4478941992128085,51.475444778815145,1,0
190.11267820492,0.4832327571440138,51.32388383254438,1,0
190.30461608282843,0.4204742596699384,50.91571993132749,1,0
190.08282796046925,0.47761559607278103,51.33983136421356,1,0
190.20519316919643,0.3603541801100733,51.14787776315176,1,0
189.8033816216871,0.410510058957411,49.93951741871792,0,1
190.1622741904886,0.43481208820450074,51.45612568848152,1,0
189.9720408230604,0.49188628849207927,51.534672236560034,1,0
189.83014276832938,0.5752325935986742,51.728346090242226,1,0
190.09541004658064,0.3831250207411204,51.5736980679355,1,0
189.8874531330758,0.44410719402759935,50.904496579813525,1,0
189.91502233027137,0.5655466350773027,51.13126743290107,1,0
189.90078501055714,0.5738837140938395,52.22544004776153,1,0
189.93952789011007,0.3273298709403671,51.28251401954313,1,0
190.07733204571278,0.38221632239904824,50.73197810965497,1,0
189.89819224877436,0.49973751645254566,51.23570451482069,1,0
190.03215989289225,0.5159668729777516,51.65261526407337,1,0
190.37426059424118,0.4512621159451353,51.306985862841415,1,0
190.2583522110203,0.4355132492221072,50.7352430246142,1,0
189.96962630221495,0.462551215006857,51.12797025878666,1,0
190.01840284893265,0.3555774994037849,51.056491619144175,1,0
190.16521305295416,0.48449374393557726,51.123673565022074,1,0
189.9691007669246,0.4984137104787845,50.76710222831362,1,0
189.97895772093568,0.5549442551613786,51.451418025296014,1,0
190.07764020498126,0.42842496888731657,51.03383541950419,1,0
190.13192416491606,0.37555987688975734,51.35511774868211,1,0
189.9642566328106,0.4597794557047605,52.064025471654745,1,0
190.1026382850009,0.45262507184202516,51.132578058396035,1,0
189.6787727742111,0.4426242586759654,51.18302677595233,1,0
190.053927837359,0.4538344115454409,51.67283513115613,1,0
190.06907674925506,0.529432471757109,51.471781892024865,1,0
190.0910929602038,0.31692508847183737,50.853330253375994,1,0
190.19969427668863,0.374620568944062,51.18871109507733,1,0
189.91774814307814,0.3603620533391217,51.17460787095681,1,0
189.91126265842215,0.5233528435039996,50.64250686721934,1,0
189.84207102833352,0.45268165765268625,51.06011111971013,1,0
190.04260259052884,0.4420341625664661,50.85084485716805,1,0
190.1937068541529,0.3260580729972078,51.56664883011707,1,0
190.10419688984808,0.4107095600049062,51.40210945946674,1,0
189.85369569467827,0.2905744144954705,51.40152470892556,1,0
189.4716542781006,0.5747015394484365,51.643725915814926,1,0
189.99805806528397,0.5051003212565656,51.24992572418079,1,0
189.8361416673805,0.42894752320336027,50.379207487953295,1,0
189.80254079228246,0.5897362500505234,51.621297991768415,1,0
189.85711236150965,0.5268013448858431,50.05573062774517,1,0
189.96010467225733,0.47893502735193866,51.73208237929755,1,0
189.93210186071434,0.47604057342152734,50.77175335576069,1,0
189.88759143010185,0.362805467180018,49.70862251861559,0,1
189.89991220856788,0.5115089712335898,51.12743666170101,1,0
189.99832618507565,0.5179186655724587,51.529633125388656,1,0
189.89624755528226,0.5093155004658748,51.483153021505416,1,0
190.1635549522181,0.29385308685952166,51.4827379602945,1,0
190.06771866139513,0.3264434152760473,51.03205848259162,1,0
190.24087849591191,0.3023085823485482,52.464562367213645,1,0
189.90629536849625,0.43342142777237574,50.80682464922708,1,0
189.92909388211532,0.4662288658104615,51.65888070351388,1,0
189.99760817323778,0.44409111594545725,50.4873161330966,1,0
190.2355363796173,0.555929620231777,51.21891033800257,1,0
190.0635974485323,0.44176004016627163,51.172278050546836,1,0
190.29270532967067,0.5243920380258481,51.15779156477276,1,0
189.74090912541777,0.4058455195183408,51.63988165436711,1,0
190.1057476672344,0.43625339835669436,50.664448578988406,1,0
189.85353523544285,0.4616678043081834,51.19049374237752,1,0
190.22867102605488,0.46565064749665286,50.68992780830312,1,0
189.94966012281458,0.5649764579537992,50.92725222186283,1,0
190.07237977950416,0.6216999764717241,50.61898160282683,1,0
189.81166358826297,0.431535536047869,51.826304290110436,1,0
190.05004401900698,0.5002652529103827,51.71079766592618,1,0
189.9666002243125,0.4138558451223328,50.55086678780339,1,0
189.76515513704936,0.41395733084474995,51.687590051703985,1,0
190.00926746390886,0.5340802159360933,50.83832924673531,1,0
190.032263477693,0.4285562273389577,51.50223927077387,1,0
189.66962134431236,0.5195274238582148,51.458521214849966,1,0
189.80537223906308,0.4988586800363622,51.02145648637348,1,0
190.16526335294603,0.39194928976237864,50.801476684921376,1,0
190.0184869511408,0.5300490106881117,50.75680134276669,1,0
189.83794058086787,0.3477176231049141,50.08052968894321,1,0
190.07817630496913,0.46066495752828707,51.84410329269615,1,0
190.22178880659322,0.4118836108304242,50.94513953379739,1,0
190.19272225692507,0.618622882815428,50.73199669832109,1,0
190.1914006436779,0.40273233312903917,50.29462914050298,1,0
190.09278456043472,0.41799958353016475,51.045600864069,1,0
190.28661431369915,0.441812346647668,50.901098538077065,1,0
190.02403124608009,0.3842437753465609,51.4876267712747,1,0
189.97467082318303,0.5362754709670533,51.18470785253365,1,0
189.87510619766422,0.3871938526140014,50.674890251356274,1,0
190.00084931288347,0.39509875077706236,51.11969406455476,1,0
190.0709637287272,0.522999231059007,51.76234953977182,1,0
189.95593023867121,0.3808986001095238,51.35301673024462,1,0
189.75656126863757,0.3669556982976806,50.7857432960098,1,0
190.05025247536202,0.36602038747606375,51.56451774057785,1,0
189.836292596342,0.416134261195226,51.88370544338481,1,0
189.7172007793088,0.40684092409980555,52.033658695640185,1,0
189.96367406379684,0.4614688841114632,51.58506688309149,1,0
190.35147778590812,0.4155266773799592,51.94380137905715,1,0
190.03850107380563,0.4912652152332446,51.326022116268014,1,0
189.91822843201615,0.5350361935654827,51.3956699681977,1,0
189.9382978719978,0.5322037798872425,50.82344397211266,1,0
189.86185336035038,0.48467036764700794,51.56826251080884,1,0
189.95231804039156,0.4962135172514428,51.316832714461825,1,0
190.06388448834895,0.360010533089983,51.28701502566183,1,0
189.91280198243152,0.5823992210492699,51.34552308295019,1,0
190.03292560573527,0.5080948465732894,51.1349838002624,1,0
189.85544936284373,0.48097006948346915,50.919315324541934,1,0
190.22407285662197,0.5084747553545368,51.42864569400996,1,0
189.86252372766734,0.29844496397387194,51.99087817300701,1,0
190.00340691528513,0.571151690009525,51.593810687848936,1,0
190.07698840408443,0.5235005846308766,51.930928569423145,1,0
189.88840729983895,0.5258745642213447,50.86778148317571,1,0
190.1554419244404,0.37089452181945154,51.52500574359363,1,0
190.01790966633897,0.4744857321820818,51.281235656293404,1,0
190.04185812928839,0.47909669331701793,51.399204012971055,1,0
189.9285871672871,0.5064725931321808,50.38280397974412,1,0
190.06969713358464,0.46495843181458785,51.627457946933674,1,0
190.30965863346074,0.532352930115988,51.57300795216094,1,0
189.7076406062815,0.4366135829026669,51.013221395012835,1,0
189.9603847444323,0.47950218917809684,50.82877583822738,1,0
189.94566082529548,0.42865489061876766,51.03091969293697,1,0
189.92097738366294,0.3668391792953863,50.9571473937602,1,0
190.0161825503955,0.4307783421673403,51.738561797663145,1,0
190.07895386087043,0.4288434653696906,51.0610200185262,1,0
190.12935116028603,0.4061447984062642,52.424723567260344,1,0
189.9031372381637,0.4608512462890055,51.08284889846024,1,0
190.21115468177123,0.4357386318472615,51.32285859992855,1,0
190.07073407702148,0.534734476168532,51.489051025512005,1,0
189.765923428563,0.45105454884839685,50.456881280677614,1,0
189.6380054814847,0.4123474158200449,52.01344622676536,1,0
190.18664386186995,0.5940334110356841,50.814918286671734,1,0
190.03772380055827,0.43689840526146256,51.75584732951729,1,0
189.94664522559566,0.5108048944910685,51.84894835185204,1,0
189.72168803046065,0.5532027947927193,51.46428846496928,1,0
189.99715462802055,0.3610215892618401,51.15365807138974,1,0
190.26192565323035,0.39419232211484834,50.681003429007305,1,0
189.94292295264154,0.5588322320528063,51.56747424236844,1,0
190.07013357344147,0.40888665492492665,50.98418229198259,1,0
189.86142257259073,0.36867019946606383,50.521177031523685,1,0
190.0543841418467,0.37525906930944813,50.92076939452004,1,0
190.03091595915546,0.5195268352727214,50.809693563619916,1,0
189.8994361124431,0.46742316390886307,50.63651621289921,1,0
189.9792885372324,0.35064540526512544,50.99443735787906,1,0
189.95512436277264,0.46559483124048906,51.29194691420485,1,0
189.87630530169181,0.38912183645787496,50.75375363698901,1,0
189.905013570712,0.4878731097875655,51.544744149510215,1,0
190.0142221951148,0.3960751420440175,50.90628734392497,1,0
189.75207496889118,0.3027052240967944,50.62134332967262,1,0
189.94040309373597,0.4646992970680825,50.61535542051369,1,0
189.6987369652097,0.4965640586019804,50.81873621897004,1,0
189.91319001512898,0.4976525773318458,50.902371256089566,1,0
189.99595147475685,0.4257991175433168,50.49811804621514,1,0
190.05713457395217,0.4373844917684461,51.57777116000788,1,0
189.86203551403162,0.5411634584516761,51.59968099221117,1,0
190.12265274079266,0.48462352215978316,51.75461475957626,1,0
190.13140039696407,0.42304584531881917,51.812867941830596,1,0
190.08745828625487,0.4316259651740082,50.52797242289819,1,0
189.69434723902972,0.5023473386425229,51.20092769070392,1,0
189.62628905402394,0.4101516708157105,50.41083339558855,1,0
189.75707592868918,0.4125026468351363,51.12119986786476,1,0
189.8191175943383,0.40086896041435327,51.38437645483487,1,0
189.96703199797193,0.348124840463863,51.36367377854053,1,0
190.10826643267214,0.43186546672728693,51.47394430506044,1,0
190.0629523427092,0.44886472665233856,50.580861910000145,1,0
190.0009619897647,0.5921197060607104,50.3359802539354,1,0
189.96789990560333,0.5021787214498241,50.93848300922079,1,0
189.93991319290393,0.40899502862694737,52.08557188966728,1,0
189.8453222523254,0.43998761876378856,50.88663775093637,1,0
190.0868791716342,0.6198219909157922,50.34659686856724,1,0
189.76174553679573,0.46823441893729273,51.792581646540896,1,0
190.2051998898048,0.465003736826109,50.90980591462267,1,0
190.32034399811786,0.562229742372228,50.511103614596834,1,0
189.8815219665781,0.5724269616182792,50.65189607915091,1,0
190.14338023389632,0.4983440288797631,51.290009253946494,1,0
190.14966188850784,0.5065847029645238,52.02046440008656,1,0
189.98326715976347,0.29658936019135573,50.194112565700856,1,0
189.66384584575286,0.43175446384805594,51.84931500277532,1,0
190.08355390719967,0.4269794319616265,50.789964117125194,1,0
189.97696359032173,0.41090765942063495,51.45237928920009,1,0
190.18784949464907,0.5550904513750861,52.22084876162279,1,0
189.91750141747184,0.45617806627779883,52.52701000485661,1,0
190.22022281479101,0.5571448381901604,51.630952747876904,1,0
189.8548224174731,0.5098165061024669,51.16612302147951,1,0
189.79247620107088,0.38517216433955254,51.36323952899881,1,0
189.97079951982272,0.3946818504660436,51.224230641441316,1,0
189.91665451462458,0.5014099423678172,51.28021935107127,1,0
189.88505419886545,0.4534198693481006,51.982568608491995,1,0
190.10472218409987,0.4272764675067753,50.71949554828481,1,0
189.5390589938573,0.5692147122839869,50.79986407288419,1,0
190.0642396337543,0.47385409440670545,50.84950941429243,1,0
189.83862816095714,0.5014659008441535,51.91684093546208,1,0
190.23139693671138,0.5252453696880389,51.9434806203811,1,0
190.12428985596162,0.5004340959762944,50.59381067250976,1,0
190.03441143350045,0.47948156165907907,50.340428154264444,1,0
189.7394633809022,0.5098354982514958,50.94445596723434,1,0
190.02035999229054,0.44305101512347095,51.709683243868724,1,0
189.93732287006867,0.4489055489747925,51.29884488053348,1,0
190.08859144810899,0.4003437176424532,50.075664772275374,1,0
190.00677831451432,0.47467664354923433,50.59068517321471,1,0
190.2451456999163,0.3867139581206881,51.16689051368434,1,0
190.05867868961647,0.4988277649567584,50.5324565892682,1,0
189.86622349691308,0.36042257569372854,50.8047103600973,1,0
189.64576955595948,0.48619659457905906,51.682808237971784,1,0
190.13815131747853,0.3644850671452026,50.398616175475624,1,0
189.94497397885775,0.45194786296629863,50.97802029311211,1,0
190.05566715010016,0.4494163131423482,50.728166694078354,1,0
189.83021146241023,0.47172302564717883,51.614235749140725,1,0
190.1797128149996,0.4197579183585546,51.49666185685658,1,0
190.03776257360266,0.38155754158619737,50.2560149690608,1,0
190.09807311065828,0.416478011324687,51.03027614702156,1,0
189.96146228296902,0.4133790415132818,50.7534784505318,1,0
190.09100885899264,0.46736640851916506,51.326141353766694,1,0
190.04560887963189,0.4672752341535187,50.32727612193882,1,0
189.96185611262786,0.5784902035276015,50.93796805490604,1,0
190.0176305398921,0.4974547209423066,51.351908989701464,1,0
190.0570450587927,0.3645458929974503,51.488981530899515,1,0
190.17571539363377,0.4061527622247643,50.985908893642446,1,0
189.90556498582495,0.4460944947879712,51.336481133324945,1,0
189.91503817103666,0.4464557135402112,50.08876015339897,1,0
189.99071361544344,0.4724527811952263,51.56701643302851,1,0
189.669165984698,0.5274607181574896,51.70354707069505,1,0
189.95427362543177,0.5550777044466956,50.89852770276081,1,0
189.9847304004552,0.3873393495204532,51.28368008230909,1,0
189.7146632731155,0.42781140794298655,52.253385465002104,1,0
189.95992928664046,0.38604630741964197,51.224562312832205,1,0
190.01149451186848,0.47293901668486205,50.330662197987095,1,0
189.85351932060667,0.5791337001909042,51.34835950900876,1,0
189.84196559650056,0.3737593912711886,49.97311341883258,0,1
190.02900836839532,0.412969729047421,51.44462234617464,1,0
190.06752285682842,0.457890299144103,51.11542731467424,1,0
189.90914722781267,0.4684150336905365,50.83415662379467,1,0
190.09409921219898,0.4517692611889328,50.6270850805342,1,0
190.1532374068988,0.4122872613696613,50.27812408640367,1,0
189.87711467884188,0.4832411072887355,51.700944161295226,1,0
189.83081356327367,0.6004401119587092,52.10779256580189,1,0
190.47174420716038,0.6284904314603681,51.69473997610942,1,0
190.10313928877852,0.42156290582643097,51.054138209546515,1,0
190.07171946541462,0.5707185068958502,51.77897033318303,1,0
189.7940517506965,0.4955522994452389,50.81773775055496,1,0
190.2359705682209,0.3709867839234166,51.04159541818746,1,0
189.70637633177583,0.46352090849393196,51.60510297203235,1,0
190.12333114083262,0.5918143547105524,50.905925740769526,1,0
190.14677499161624,0.4440102227893929,50.664712302550804,1,0
189.60934747323532,0.5101053692137203,50.93509684940875,1,0
189.94793144289267,0.3240133906983104,52.276538868626716,1,0
190.2751208471301,0.313509024270862,51.426606087680106,1,0
190.28946546166438,0.45050777076293813,51.03062427112686,1,0
190.11072028431053,0.4960393951410277,51.20279736263925,1,0
189.94621084633766,0.5431286167146654,50.99170362087267,1,0
189.9315407128854,0.5851478751047713,50.794123917073165,1,0
190.29028200337376,0.5209719985327723,50.59592779898163,1,0
190.06335764631896,0.46155616874075245,51.049053431803536,1,0
189.93534400702666,0.5367914935041693,51.28205053687023,1,0
190.12356115819222,0.41708450810222025,50.95430353411868,1,0
189.91377822167394,0.3947439176602637,50.53831356619495,1,0
189.98547022922872,0.4442660960367355,51.945861383206925,1,0
189.94719174999452,0.42164389275412845,51.279362359549836,1,0
190.19480648387602,0.3823544173064993,51.55104157124769,1,0
189.6534922195892,0.48495777314859145,51.21618843823345,1,0
190.19636853230764,0.3646557416029705,50.782291210227406,1,0
190.05077686889217,0.4986623383256898,51.086545064205865,1,0
189.95392935816125,0.39156011003729363,52.678014368108144,1,0
190.05003422352686,0.4269040760100441,50.864848836190895,1,0
190.06882086979834,0.35968272568324783,50.94750404391634,1,0
189.885770083411,0.5378529477690898,51.333754297658395,1,0
190.20927186633284,0.4220457920756812,51.55050022763494,1,0
189.94368829244473,0.4042536357080897,51.256761592979025,1,0
189.81226277082686,0.3716922513876973,52.32394430522224,1,0
190.30278267552043,0.5401410643592952,51.23062085822884,1,0
190.00117637527856,0.4748161817482856,52.00447739383134,1,0
189.81925290784395,0.39296951465221636,51.61374411776738,1,0
190.15144213755698,0.4229532343237702,51.848345166890056,1,0
189.99185472963342,0.39298655971489693,51.300987483093564,1,0
190.00853013255724,0.3414725530789239,51.2639840952921,1,0
190.17162549516848,0.3449953429261503,50.431326033070285,1,0
190.07042619913196,0.38677979795653583,51.856472449102284,1,0
189.86036120884825,0.47109679267578136,51.69510367705812,1,0
189.96344224358393,0.5331824240644844,50.92819044156994,1,0
189.82102616877003,0.42079831402661405,51.60642353528506,1,0
189.88647470420509,0.4002629484490773,50.805064101731276,1,0
189.76184934744253,0.4033521005807297,51.22297515733315,1,0
190.03231935406015,0.4756232946743177,50.71629788754894,1,0
189.8064085803138,0.40014568906209247,51.64362722555141,1,0
190.10123539027833,0.4735800921025388,51.18478634553516,1,0
189.9855521895814,0.3596905847458649,51.48996799116196,1,0
190.12510896849966,0.5001153995837624,51.336526719363754,1,0
189.8568650436348,0.39683347962983123,50.52826277614713,1,0
189.85302407224734,0.4615406167131915,51.31614111227838,1,0
190.08552183149786,0.5063027303547649,49.77438007104061,0,1
190.08518592201918,0.431586103195246,51.576816686829545,1,0
189.8545724976692,0.4256343002070562,50.91925616996301,1,0
190.03072162641294,0.43304467255025125,51.32249937543578,1,0
190.00038884919874,0.4453083315162162,50.50498626894518,1,0
190.19440879396905,0.39534995536403766,51.00292216738506,1,0
189.99340394843992,0.37505027410259884,50.95851233429944,1,0
190.01177557227365,0.45409371512512714,50.24216551525075,1,0
190.03117807980973,0.5184677340318472,52.02210364955456,1,0
189.98095395763633,0.38570314344730233,52.064681244550734,1,0
190.25681695554434,0.4576988573635494,51.051858209907486,1,0
190.15268866197079,0.4581550347563845,51.309276306261026,1,0
189.99989808243015,0.4798254559410635,51.40906866989078,1,0
190.1418034577912,0.43587465820167587,51.16172716633337,1,0
189.95178560685926,0.48488963847188365,50.57124485242744,1,0
190.04752364963656,0.463356753047151,52.1253970419405,1,0
190.3832724063251,0.34611896485004695,51.515370298842356,1,0
189.85578669185867,0.4319475576459288,51.70031583974541,1,0
190.1496714188768,0.46662104697233164,51.88186372577138,1,0
190.22472698665516,0.42875611877844516,51.20208116038595,1,0
190.343195975902,0.3259863774537123,52.169556311473926,1,0
189.99996274152377,0.5504303083449867,50.662265749808434,1,0
189.89840435988893,0.3598190391330617,51.382189181476406,1,0
189.9669607976522,0.5275531363569081,51.01815571567068,1,0
190.0245798248018,0.5205610872637707,50.59833548088511,1,0
189.73016158717434,0.5564093450127992,51.356130052987886,1,0
190.0958083066568,0.45315061304394505,51.24226138289362,1,0
190.19940988993147,0.39458736035305025,51.16964402918228,1,0
190.0733736758323,0.44294925067099794,51.3320531580683,1,0
189.94666376767307,0.3735895664472348,51.693042665538165,1,0
190.18596415915428,0.48600860259860296,51.41970554040662,1,0
189.6633175358372,0.417927888138485,51.21872428241508,1,0
189.7001160060446,0.4035838451156076,50.13444934338174,1,0
189.8863691011946,0.4161578423666487,51.11509869616636,1,0
189.88369083523665,0.33518393464455887,51.01255491748178,1,0
190.00019199946658,0.4331601907931746,52.33030784788909,1,0
189.67812476236708,0.47829158379638154,51.18835637244891,1,0
190.03593623534766,0.4645774995031496,50.21741107448163,1,0
189.93004283965234,0.4400605048236809,51.04220387361522,1,0
189.84095404465074,0.4683020654669897,51.56007017512357,1,0
189.8157740739619,0.47917306384080577,51.028118578660376,1,0
189.86705691244038,0.5275444351737373,51.164263100952425,1,0
189.9954644729507,0.3725814330371488,50.94495514804872,1,0
189.999682305584,0.4934163642058191,50.88034736776354,1,0
189.85241722346072,0.3754724905746003,50.75756979259648,1,0
189.99470857664804,0.42379296891765456,52.05805023444368,1,0
190.12419128257778,0.5027562413803942,51.209780194963024,1,0
190.20504817980435,0.3662731041504826,51.23374314699207,1,0
189.81781102714314,0.3399864203774869,51.703727535227415,1,0
189.97534397031674,0.4197534566308467,50.73355073103724,1,0
189.88043994693984,0.4750122212796245,51.65965596453366,1,0
189.9067590014085,0.36238243656537866,51.672294907923416,1,0
189.8461446893435,0.45593439693376075,51.11606906591381,1,0
190.13583694301883,0.49537037608701495,51.302647937761634,1,0
189.9468113185983,0.33811467997560735,50.723633927290855,1,0
189.8423856756801,0.44483504019986086,50.93045350789487,1,0
189.73805305891912,0.5388443572529483,50.941286727014194,1,0
190.07390760885792,0.4297140814820134,51.134961418656424,1,0
190.08677684091506,0.46247428973397053,50.839064099481135,1,0
189.69726461585822,0.3246918478921578,50.6638139021397,1,0
190.05317369947937,0.5346476796228451,51.24328031294202,1,0
189.72665389490422,0.4078049570117178,51.350397272809076,1,0
190.1650410205586,0.5995770019114623,50.49456179707953,1,0
190.0014627000765,0.5091219484201182,51.20553129076422,1,0
189.85785362846826,0.5203890073525913,51.73891567760657,1,0
190.1091825037494,0.4239934684474683,51.47363545014468,1,0
189.86727084250435,0.3667263542046729,51.424220731092824,1,0
189.8805872485999,0.5368911893733203,51.73765157492013,1,0
189.91039816941947,0.3769829480822782,50.5063060782923,1,0
189.82476477049673,0.5182760440268508,51.37169948382171,1,0
189.68411769625112,0.4692516565030698,50.456698665267666,1,0
189.93563550532826,0.36723801507182935,51.12180491422986,1,0
190.1281304287968,0.3733079919139342,51.664611359734806,1,0
189.99927200622756,0.4709287088125829,51.69807699503143,1,0
189.84854860514557,0.5269861834126548,51.57928845811306,1,0
189.9755995321556,0.41016114897912254,51.287700459126455,1,0
190.05327749072657,0.40049333587676506,50.39100413272577,1,0
190.06205764948214,0.4282789948063976,50.86563377996977,1,0
189.90063022643454,0.5061602153206892,51.32588884605949,1,0
190.05771009416875,0.3651450909626619,50.18146625368283,1,0
190.0273705552273,0.5463761098373545,51.9102522010247,1,0
190.06833237171878,0.3731947058077735,51.09573043291502,1,0
189.8140140789713,0.5153856619516685,51.51959703689881,1,0
189.8346649093312,0.46917203456196194,51.589687784683974,1,0
189.80689049281042,0.4093125853413431,51.50407654328822,1,0
189.75938684927868,0.38938294921844185,50.83215378697857,1,0
190.0712418585697,0.45707647752163766,51.68206565516435,1,0
190.31729430520335,0.30522925313343463,50.27623441919716,1,0
190.00762256364027,0.5887061369710015,51.57723656462091,1,0
190.0346718817089,0.42124040426775466,51.12927257093503,1,0
190.2918660369287,0.49217772156665823,51.066041744779724,1,0
189.96869024854695,0.4595503288758299,50.453767049317776,1,0
190.01397634046262,0.35559835853379457,51.906561932285,1,0
189.92385163332233,0.538388289635802,51.81776418585545,1,0
189.7323515609618,0.37360139983060936,50.9945375148039,1,0
190.24167060060864,0.34507628582653566,50.480171863815,1,0
190.13942168535084,0.5495016067099711,50.84515219154305,1,0
189.95493568268694,0.5127855648755455,51.268386529418926,1,0
190.1231289447619,0.4190133016099304,51.18778431975613,1,0
189.8830359636963,0.4404126078180911,51.02548702852987,1,0
189.64141557241504,0.5355026033116985,51.25595085797268,1,0
190.1093923739796,0.37468435949370105,51.292481618057224,1,0
190.04108430974316,0.42801341797125686,50.36037095550749,1,0
189.7752462247987,0.45753521399961355,51.78084453436847,1,0
189.7066763639101,0.3969973928612936,51.129479971417744,1,0
189.92071625166844,0.44445417936293985,51.254199323342135,1,0
190.08388677783518,0.535229756583252,51.947283257812536,1,0
189.9685407595221,0.367722254767606,51.08797512615858,1,0
189.83721313523262,0.40421569652949785,51.970380812949585,1,0
190.42824595849336,0.44155368918133664,50.98689536925091,1,0
189.93567067035664,0.35184197786354987,50.148747952805735,1,0
190.04793395360613,0.3817569009518441,50.81570245368966,1,0
189.89474937165699,0.4875890740788259,51.47610404546866,1,0
190.2088832580986,0.5044883485982662,50.92260749504524,1,0
189.93536861521483,0.40735628284427816,50.72371482529239,1,0
190.04289684525997,0.4719616183784236,50.913853189979825,1,0
189.6949356157435,0.4136109159990373,51.05223807344243,1,0
189.74609321382468,0.4300857084393741,51.260679220199165,1,0
190.30533991233574,0.3842366581567157,52.16510469130386,1,0
189.98152796708135,0.3690117086340871,51.51286291559373,1,0
190.0791852672241,0.4978924173344987,51.205829598415725,1,0
190.24691318192154,0.485803140465871,51.31509246374601,1,0
190.07228380935322,0.4648110543354331,50.86647070403286,1,0
189.9413705568131,0.4127953426691259,51.80965941884154,1,0
190.0900774708655,0.5219344463098422,50.626344700541054,1,0
190.07445194346343,0.4608607896710184,50.87473818556142,1,0
190.000962169638,0.5351085255234889,50.58532823712695,1,0
190.09202712984353,0.42798756639521934,51.48335468409486,1,0
190.1111276429307,0.4539408512690492,50.72271248067319,1,0
190.04450052993136,0.5012748693641831,51.413676537055146,1,0
190.05698731483386,0.44354548014367606,51.13359126878833,1,0
189.82473684391624,0.5551290736229696,51.262876026317976,1,0
190.10442216977412,0.4536443149871089,51.6005532455835,1,0
190.17839625209496,0.43987963543141156,50.19003990552642,1,0
189.86990332934698,0.44422795143572186,50.108912052883014,1,0
190.38160253383558,0.5595713997412026,51.513673355687594,1,0
190.05702846565785,0.41771933475508627,51.47049373001755,1,0
190.1638725573053,0.4700072738881941,51.32602816342241,1,0
189.84997882841472,0.5154948730866455,50.732205162963986,1,0
190.08600025427376,0.473741523729133,51.01096110944317,1,0
190.16096064874392,0.46588933088245166,51.50099430210343,1,0
189.8247624458449,0.3799490528012336,52.29682661970925,1,0
190.25659101008227,0.4020294863164729,50.864583263593765,1,0
190.0021544043473,0.4695449453256488,50.881872899082744,1,0
190.0068834895062,0.41248932599285,51.45238962750965,1,0
190.21081541034627,0.3886811755270753,51.5793943179257,1,0
189.843860115012,0.42794132805146845,50.319378163278145,1,0
190.25534809242666,0.3639362135896839,51.42647713854215,1,0
189.84167187552958,0.5231350195799602,51.51513145522446,1,0
190.03084522658227,0.37707625584650656,52.03443803909852,1,0
189.77163359984272,0.3991067072203646,50.44754881699752,1,0
190.00526178358683,0.40205159463854184,51.7039242688426,1,0
189.91468307524266,0.43387189407763993,51.36449291081543,1,0
189.87752498597902,0.4790104458288004,51.09597393758358,1,0
190.19013067873735,0.43180549533717716,51.525211353929826,1,0
190.214053673794,0.5763924822982457,52.321173759737206,1,0
190.11737679147944,0.5558007829414181,51.59015645574516,1,0
189.97182817377876,0.4565498917351524,51.00425097357069,1,0
190.1852389383601,0.38953703309738663,51.207231694386834,1,0
190.06251976873895,0.42794813444978763,50.9011287619639,1,0
190.11842477312393,0.46613803035485674,51.23002285248216,1,0
190.20878161979712,0.5533942874098827,51.74526899710298,1,0
190.0719372209814,0.3552728912030415,50.44462863707881,1,0
190.23294577128308,0.3966093472689156,51.214912239873065,1,0
189.82530943875602,0.4561803660813054,51.013099670240265,1,0
190.09929859502503,0.536939026696869,51.27740089873933,1,0
190.03069387433945,0.44712172711020304,50.647198093328065,1,0
189.9199855998179,0.4113803895828191,51.68515847442432,1,0
189.8100828304827,0.40848417366992434,51.90454444365096,1,0
189.81958049251688,0.3799165962793092,51.19446278464087,1,0
190.0052110253597,0.46789326602675446,50.80458167450168,1,0
190.00737840953235,0.4379765490761618,52.59726670371782,1,0
190.0359645042086,0.3509650622315332,50.507488550924165,1,0
189.9083656558201,0.5441670403787673,50.48888164759677,1,0
190.0188252560186,0.4771878012210206,51.169534545681934,1,0
190.10792256685448,0.4241150051722679,50.185721412190425,1,0
190.02460304814082,0.39622497803276413,51.51209770187331,1,0
190.0041389401614,0.3667626197273022,51.12246719215836,1,0
189.759566047517,0.4277622138760147,51.1254948973961,1,0
189.99776912752466,0.5146584275147628,51.34310788560336,1,0
190.12892690488218,0.5873676867625822,51.43202249815305,1,0
190.02977463616932,0.3643947031998592,51.25389614843838,1,0
189.9075304792404,0.5321847247549071,51.275255338441085,1,0
190.03782548244084,0.35144205672062484,52.06076755485757,1,0
190.22366758517137,0.549094223022639,50.590244463474335,1,0
190.0523082161554,0.4575538305375679,50.97935144921103,1,0
190.01061491359505,0.40875922714952817,50.84724764195746,1,0
190.01867143131253,0.5381307499368165,51.272840231419906,1,0
190.0032730266124,0.5130188400255897,51.50903113789405,1,0
189.8553428400867,0.5026030027219699,50.78059550040789,1,0
189.89675710392984,0.3105236774853577,51.14992867295859,1,0
189.77063498091724,0.3133300032881477,51.37274454124941,1,0
189.9601170389885,0.5469787847215557,50.87942371267442,1,0
190.0078172898503,0.41244340516852557,51.145503527230346,1,0
190.13578057287944,0.4967040333054359,52.21879293908247,1,0
190.0991632130869,0.48434633266725424,50.63448223338947,1,0
190.1143957160344,0.4970047197378575,52.91100041341551,1,0
189.96788039239104,0.4253027530744847,51.29338269784898,1,0
189.83532353245036,0.3522633015020958,51.461231180527975,1,0
190.11846369635535,0.5320470154984711,51.34735120411174,1,0
190.3110075042147,0.5742723546982571,51.65624319021957,1,0
189.80048346069927,0.4778947649368439,51.10679436830949,1,0
190.0461562485184,0.4358206814956503,51.43886528640936,1,0
189.97381404927083,0.5144276690924372,50.20060852148553,1,0
189.7202275820556,0.5227728044542614,50.40564511011813,1,0
190.18541675733456,0.5999934297952477,51.457190529697165,1,0
189.88865492078557,0.44124230559855604,51.73168089948897,1,0
189.72043928269545,0.36740867049171994,51.341290306249775,1,0
189.92648493497384,0.4066537485984632,51.29546455232858,1,0
189.80628236519422,0.495354053072043,51.58488054825639,1,0
189.96374817507257,0.3789873210518932,51.566265302463826,1,0
190.24114034554174,0.4526247572830785,50.75643646868242,1,0
189.9212563385712,0.2867045689159366,51.951257286928865,1,0
189.98780790823037,0.3635447501451675,51.04805581111988,1,0
190.04098477983996,0.48158527878001134,50.86489962332255,1,0
190.05353547212738,0.5026862076960544,50.990288899992095,1,0
190.28753357473158,0.47723233366402346,51.01933297547431,1,0
189.9215116664379,0.5539654507036793,51.935894470707346,1,0
190.278426390844,0.48576740938468554,51.1122508402127,1,0
190.0842364119105,0.3917630085239569,51.26390445150559,1,0
190.1486401963281,0.48838458350278785,50.90224577925747,1,0
189.80701101566717,0.47004187559518196,51.519701763941285,1,0
189.81845711506648,0.4642137165380674,50.434316245757685,1,0
189.7059562145622,0.48681612175348915,50.689301802243875,1,0
190.09670360870146,0.5015622307559563,51.02708203350269,1,0
189.98805664861587,0.4366790831780307,51.46796286538139,1,0
190.18005752103517,0.43853960279707804,51.91151822560276,1,0
190.12148800849081,0.38781517357188616,49.23933722377435,0,1
189.74577465137392,0.4345022860745101,51.68057093951037,1,0
190.11802292221273,0.5143073421312812,51.06939272917101,1,0
190.05193908382745,0.44673195430121826,51.377641467850424,1,0
190.04131177725182,0.4418425456377995,51.10797812804358,1,0
189.96638921490404,0.4432621284838284,51.78694006725596,1,0
190.1884815539953,0.5397938168562397,50.972338155253176,1,0
190.0553580662217,0.5358007999252804,51.07803503524438,1,0
190.00899161417894,0.4796217454365813,50.96594369843235,1,0
190.31606396999047,0.39965061900875454,50.76006852936562,1,0
189.94356798582555,0.5061464074442655,51.77607949094018,1,0
190.09329831062246,0.39748298128180254,51.51723947655928,1,0
189.5398309227322,0.5358222781343958,51.15716914799978,1,0
189.83749701977942,0.43745249819705423,51.381119413244114,1,0
189.9658196635064,0.5012741180564365,51.847651677242474,1,0
189.89800298985568,0.48828706408316586,51.63262407632122,1,0
189.8190942818226,0.48758499308187603,51.53336630041546,1,0
190.26162582126204,0.4460232079783558,51.677929940408255,1,0
189.9404758512713,0.3681373525525487,50.633102952520225,1,0
190.0079971611095,0.4521199352014129,50.64879198981751,1,0
190.09086599614002,0.4304715646993003,51.20524527635306,1,0
189.90202154086643,0.5134542917931922,51.36905335357141,1,0
190.00571881295096,0.5490879191395033,51.159002220707414,1,0
189.90564099400012,0.4947791518858106,52.27313018468879,1,0
190.0725806821849,0.4931824143858518,52.215772943292045,1,0
189.81476764461107,0.4562543291842377,50.836411088456664,1,0
189.89293143022633,0.4306488050489291,51.140220869104766,1,0
190.19757122888552,0.38440101267886423,51.48042660971064,1,0
190.31085556009108,0.4550257514594201,51.38017828711546,1,0
190.1170747296261,0.6245545337799919,50.85018605612388,1,0
189.96113889572078,0.42060027041932974,49.979491329032484,0,1
189.66687781611154,0.5147278322958214,51.245550448968714,1,0
190.1266639913807,0.42548124486703465,50.69872984867814,1,0
189.94716075621605,0.44882428312168593,51.712731144803136,1,0
189.71571558844605,0.5839178463188808,51.08911133692692,1,0
190.26520513267374,0.49449531235361854,51.090521976889036,1,0
189.94427294619962,0.47948505734114377,51.32663334194969,1,0
190.2630516505027,0.39737823578415055,50.64364041310157,1,0
189.82718983387758,0.5068634313906631,50.613467177361336,1,0
189.87760491347984,0.5002509586650815,50.887724132644585,1,0
189.8383781792092,0.523807517784963,50.67184299084454,1,0
190.00056057849392,0.5468390492987542,50.857472431419055,1,0
189.95147435521807,0.5086068364088062,50.8643589925611,1,0
189.96159607271596,0.46714397183552675,51.598211558392606,1,0
190.03466450001034,0.48318186347126496,51.028104742593605,1,0
189.87245608354613,0.43511816058836816,51.012978564720136,1,0
189.83223324033477,0.4325422099618943,51.547793147006765,1,0
189.9638124834688,0.46075144916114746,50.923417251327564,1,0
189.96555399711573,0.4381851633786113,50.34118237515073,1,0
190.03458793564127,0.4713235082440127,51.44994501488016,1,0
189.92610460421545,0.4499219676873339,51.818224764579575,1,0
190.0856743227772,0.4125414413210642,51.374640566366764,1,0
189.94860497268365,0.35704744776999925,51.58033216080334,1,0
189.89398609265112,0.46392837072404125,50.92834462254252,1,0
190.10485218211926,0.43199680743608987,51.666457467025715,1,0
190.08366520894535,0.45160067185593966,51.00676605977823,1,0
189.83917327640873,0.45465093841831067,51.30713753905764,1,0
190.01730457473383,0.2979533465265655,50.64601090023013,1,0
189.93726783107311,0.592259176828031,51.398183775329876,1,0
190.19189153284282,0.34493457490573687,50.54808601285039,1,0
190.13961574583698,0.4610582224103285,50.70362737893657,1,0
190.00280523201815,0.3722342994845336,51.25851710545023,1,0
190.01248806179834,0.45946369767566014,50.29941352541355,1,0
190.04803414714453,0.5160896534201987,51.27785547551393,1,0
190.12734669918342,0.4696842477824237,51.09144619740515,1,0
190.02872232331805,0.4385431336737048,50.938931818495774,1,0
190.10053474978375,0.3088157586662695,51.224823352569594,1,0
190.0127826048488,0.43966203066015946,52.10259931258337,1,0
189.90799984659395,0.3764572730565735,52.15935120809059,1,0
189.99790790145678,0.47872224393873464,52.18814766313458,1,0
189.95945224997118,0.4064755463264138,51.74124804586101,1,0
189.94261035068754,0.4932594417512346,51.75936849142773,1,0
190.05621116548807,0.49591454677754915,52.08851902029866,1,0
189.96500657182182,0.295667042251038,50.650074169527,1,0
190.1190133210087,0.4538643552689441,51.66574509948169,1,0
190.01774558611888,0.4332825605591306,51.030859574771995,1,0
189.87694858583438,0.2983956782121551,50.506567634178865,1,0
190.32843267473464,0.47833090717140814,51.45998830926229,1,0
189.81109535129147,0.5220171804746269,51.387569828134914,1,0
189.9416534184399,0.31630646247263045,51.21411262926671,1,0
190.08249476417967,0.4333311989771303,51.249179491299316,1,0
189.9231834621296,0.5195268914489803,51.430717129698074,1,0
189.93455041759833,0.4893749042822583,51.36571742932393,1,0
190.02968861382456,0.44487831626735563,51.367174218728394,1,0
189.77519752345248,0.4075170545108138,50.783785050880354,1,0
190.10444955400163,0.3790019769786327,52.56864249285799,1,0
190.08301367695725,0.4056204263608974,51.0748992644756,1,0
190.05500814263434,0.33629399544299243,51.97508631783103,1,0
190.10123433190452,0.516930820943143,50.761551049277415,1,0
189.79310010007336,0.44141603701188414,51.076748070309236,1,0
190.1048668093807,0.42573668885179883,51.67407992313859,1,0
190.11451399711402,0.4494598061667628,51.172388163077706,1,0
190.06819608075085,0.3761525420537133,50.83656236935725,1,0
190.33957742095944,0.614566762265478,51.10721260508206,1,0
190.16847531430668,0.5705209189060644,51.88167612356973,1,0
189.90523314512745,0.41344779406950705,50.90717718127943,1,0
190.03312898306254,0.43650224600968585,51.041920751752706,1,0
189.9856442144292,0.5032496516844244,51.66188619996306,1,0
189.824870865307,0.5040168651651273,50.626753702472335,1,0
189.7772379293774,0.49045505471653533,50.91010258913921,1,0
190.37760040386007,0.5504512413767387,50.48024141690863,1,0
190.17897980033436,0.5675627873536315,51.928464185671565,1,0
189.94548995627724,0.5090792468437993,51.59836313138956,1,0
190.0282636265105,0.3666670966383111,50.98165401818588,1,0
189.91651418320066,0.3892905497797387,51.51898662707212,1,0
189.70368879030707,0.5304259395504921,50.77980596369454,1,0
190.12388285948785,0.4781842424069339,51.13487396140505,1,0
190.15781921019297,0.40373911344684893,51.25082156120914,1,0
190.20669852384614,0.4268543242475842,50.77994736294745,1,0
189.8523784823481,0.4755091432958415,50.96490030826326,1,0
190.21813748328722,0.45899415478491756,51.28684431656722,1,0
189.5862117485106,0.3647391292466535,51.72561856507951,1,0
190.24124331854006,0.3997681576479095,51.559557973126346,1,0
190.2822873042063,0.3288477657270774,51.314541236770566,1,0
190.19087315561302,0.46859734086400406,51.27852274205495,1,0
190.38138161437098,0.5201108763472486,51.110322283339194,1,0
189.95263238412582,0.3766272762369738,50.17124043023943,1,0
189.97760699131805,0.41984100349716047,51.77720003222444,1,0
190.0468161553267,0.509932676739819,51.17822938164742,1,0
190.10773973135932,0.48294157578556957,51.54757813664036,1,0
189.90442012537716,0.4630961861368931,51.320882401419354,1,0
190.0045724821743,0.4014034643803215,50.896217956204524,1,0
189.97970294868608,0.4356630008679524,52.21461926262839,1,0
190.05310293155733,0.4009892029499729,50.85857855635211,1,0
190.20586511912342,0.3909909805619336,50.98980093966534,1,0
190.08002554796332,0.4808785671374429,51.030468122117,1,0
189.7788329202981,0.41964272521477797,51.50402880441947,1,0
189.95531926411303,0.47218999788377525,51.296398683328924,1,0
190.1160990073867,0.47485714087769837,51.068937727458554,1,0
189.91925734111481,0.5314400684187501,51.555694793739164,1,0
189.95927677056946,0.4545829873414421,50.83630100285742,1,0
189.8601086929578,0.3864236497903719,51.190740953543184,1,0
190.0130935762021,0.40021266679196654,51.51310750659025,1,0
190.1412148780227,0.38121132871861607,51.66372209854504,1,0
189.99844152433494,0.4906522588954443,51.44490411486352,1,0
189.9694759877086,0.2567603974784416,51.31704145511451,1,0
190.02400034162483,0.3974165750594024,52.094639337734954,1,0
190.2066927802818,0.4602601895340233,50.693930437902885,1,0
190.70004067878702,0.45993379699888515,52.20207874773285,0,1
189.83710512598807,0.4023990440909631,51.18772683340689,1,0
189.8604181548549,0.5224674434917386,50.92430421721234,1,0
190.29379902509498,0.3970381599061492,51.24932409505073,1,0
190.12381432054036,0.3848623860462749,51.86757913125455,1,0
189.80541166977096,0.4867053342243571,50.99226326703761,1,0
190.26245471774607,0.5743948520446985,50.912780251657146,1,0
190.28665802134213,0.5404021539015545,51.73293532884626,1,0
190.07216645934005,0.5050140969048094,51.34092375715868,1,0
189.8440340626103,0.4248837017524365,51.32098899939281,1,0
190.0561315216907,0.425652840143828,51.201131710402805,1,0
190.08959024583586,0.43740207147553245,52.269878494880366,1,0
190.00785685924362,0.38216438377158873,51.11866975511674,1,0
190.00309616104988,0.4937433928452372,50.52781981246863,1,0
190.1020151870953,0.5744240467357266,51.642566328292794,1,0
189.7876324554156,0.5396993399762438,50.57396680802258,1,0
189.72751424515667,0.39798058762118294,50.66351296541987,1,0
190.34138899641437,0.4565353559947759,51.12556719531459,1,0
189.9701855182649,0.4794827366451143,50.89609871570896,1,0
189.8940987351376,0.4721180902864739,51.148724689195916,1,0
189.60992743623348,0.5809968672518353,51.01773824675664,1,0
189.65318358663993,0.4654423189014206,51.45023620091893,1,0
190.1291918933484,0.4460954853808244,51.49042218188494,1,0
189.93485636487537,0.4545944031048961,51.63267167646813,1,0
190.1350149645987,0.4495013342195702,50.51173887478619,1,0
189.9467001799575,0.514242402053244,50.677001368942165,1,0
190.10064501744912,0.5882153081255657,51.23600355908959,1,0
190.11625256621565,0.5576953746261146,50.87920960181603,1,0
189.9383789650802,0.5015370163869504,50.9956990563649,1,0
189.88288157984672,0.5027548714248509,51.39116713981023,1,0
190.00801452607263,0.3377094435966332,50.74959355227344,1,0
190.0040103848887,0.4412176496034955,50.902245229136824,1,0
189.8132147085423,0.6420504415767408,50.82105964425261,1,0
190.04703791002137,0.4205984912100109,51.87353877735727,1,0
189.9516258290492,0.5200893843185967,51.673434646612506,1,0
190.06467120408595,0.3976781679833828,51.48133272576845,1,0
190.09576906861756,0.4019265149115388,50.564751593371405,1,0
190.23447772944087,0.4574655724114469,50.45974597063089,1,0
190.01209599825103,0.46839760426348065,51.34399971747039,1,0
190.02837704049554,0.36275411084692355,51.31644837364327,1,0
189.99258166557038,0.4506935262813395,50.81931972566006,1,0
189.797885980692,0.4730590357655648,50.569736567497934,1,0
189.95947748487242,0.3562715324351838,51.56927738146507,1,0
189.93944443513297,0.48060208667406645,51.92505015236834,1,0
190.02079487926696,0.38906497794373224,51.27298506569303,1,0
189.8374185035217,0.4745364177271202,51.334663668592334,1,0
189.90955637286456,0.5278165655616996,51.08018762762203,1,0
189.9226574504375,0.5334748881019477,51.31409686402584,1,0
189.96386454872433,0.5001539855092434,51.54461755818816,1,0
189.90885465372594,0.4424829616898537,51.142385425882,1,0
189.9121390725288,0.3038512816043727,50.29216063546743,1,0
190.10899353367557,0.4766746296043511,51.29288581620861,1,0
189.79991681516768,0.41909994602294265,50.80947645833843,1,0
190.0525995271451,0.5409029142519266,51.11455844083804,1,0
189.9205484576098,0.46277601166951554,50.4010441391061,1,0
190.1364257043444,0.4775167437018825,51.37222858179864,1,0
189.9527834111215,0.515202747410546,50.71260100650211,1,0
190.07860256262347,0.43853812298166717,51.6918599644799,1,0
189.7986476046468,0.5067430693432726,50.662972972524415,1,0
189.94802317536463,0.45833868119865917,51.49809083442501,1,0
190.14350305308918,0.4280798674840579,50.821236424315344,1,0
190.06208297539246,0.48594089569655413,50.79396394885882,1,0
189.8989334059217,0.5083611587134196,51.937205154934865,1,0
190.07620561154314,0.3754706448057889,50.78313709389539,1,0
189.94688846574454,0.44095023328972344,50.98241405452421,1,0
190.0557872699743,0.4667300918837191,51.43042715521007,1,0
189.9606763142771,0.3955020163345285,51.12537229123935,1,0
190.06227126059866,0.42110263288389754,50.956706655196875,1,0
190.08190524645477,0.4434873894590939,51.672175768419955,1,0
190.03836185319565,0.5266106581971973,51.11061314279771,1,0
190.08477634416326,0.49602415904760033,51.792433850150125,1,0
190.1122987028618,0.31810317541651245,51.46367411695932,1,0
190.00553550934274,0.40660554154816153,51.45490379661083,1,0
190.26292654587652,0.37181669038207965,51.014722827896264,1,0
189.80263878277495,0.4406762430156753,51.2508147011557,1,0
190.09889266456813,0.5273728342250089,51.17969199372269,1,0
189.8191733431567,0.46196020143512273,49.90373383287695,0,1
189.98128771644957,0.30917881198979247,50.48574547676981,1,0
189.95575671136845,0.36372795824353765,51.533822741755166,1,0
189.97753330889674,0.5875174457563579,51.18759485912694,1,0
189.9740592193207,0.3682905128228623,51.08671483132334,1,0
189.9647203290211,0.3090515841351911,50.50734614129934,1,0
190.11806869903333,0.5000978096713191,51.07186002480238,1,0
190.4310108978465,0.4796539011347265,52.10968940121768,1,0
189.9789885880544,0.44601579630023586,51.35151637365468,1,0
189.8804527814079,0.5193887071746108,51.924240789176054,1,0
189.99456826135875,0.338820141493621,50.89035888884904,1,0
189.86254775728588,0.5626913880932471,50.96284713205248,1,0
189.94817721517222,0.6420834994924671,51.367362068946335,1,0
190.0106594654509,0.40167856088757037,51.06409095322958,1,0
189.64522932570046,0.5213814121963205,50.779360303623655,1,0
190.21551688591137,0.42615605607861684,51.01542244951721,1,0
189.96528318119326,0.3377268797300912,51.29983481731664,1,0
189.87129826966336,0.4644849786434785,51.14138686117343,1,0
189.79141484837228,0.4337028725780124,51.76051333995515,1,0
189.66500724979412,0.36094453948144967,51.269945283213055,1,0
190.2268733168478,0.4233909848538123,51.6549304128351,1,0
190.04597307071066,0.40802809329397294,51.486775045076534,1,0
189.9380003500198,0.43577144578348886,50.65024072679533,1,0
189.80716296285453,0.5081469131410633,50.82311868353559,1,0
189.99768810656434,0.39573695670934106,50.6993674222697,1,0
189.8099262218126,0.3840384105365265,50.85943966182652,1,0
189.75400637163227,0.4606731516517645,51.553273171890254,1,0
189.86048618787981,0.41709689776080405,51.05385203012406,1,0
189.85487097382227,0.34581698230730734,51.21914769597703,1,0
190.0622115858231,0.5006027978683629,51.53195254696498,1,0
190.17872290413877,0.3885662232636223,51.13617198029293,1,0
189.8523233015746,0.3806965031821187,50.672676584055715,1,0
189.88366560982305,0.3781759594889633,51.084438989154286,1,0
190.09261880969055,0.4689952919810055,51.23258976298677,1,0
189.88823157499348,0.403759025197979,51.369360427672966,1,0
190.17949853549044,0.4775390191513492,51.70032932940709,1,0
189.99778674396768,0.41602921827654266,51.452349652669845,1,0
189.9576877409267,0.49496020331130763,50.891338293523475,1,0
190.32628298603058,0.4413116639346122,51.36428704872123,1,0
189.88129118578442,0.4250805486731626,51.110016717302784,1,0
190.18672503757753,0.5359700686761527,50.734478535229435,1,0
189.82075792906772,0.42411479471215147,51.56703975399005,1,0
189.62812284106218,0.33526029950357933,51.18917094425669,1,0
189.61752221882722,0.46313699477602016,50.69712539786886,1,0
189.91499389945068,0.48447349639280535,50.47290159988473,1,0
189.93377731348772,0.32548198860319943,50.95289085672877,1,0
189.98256604747561,0.5324339460289522,51.29347463447256,1,0
189.80028074297348,0.5053088813690573,51.96378970412388,1,0
189.75856090026338,0.4179988557888085,51.349335450189706,1,0
190.1927462061326,0.49523160050407594,51.65228576503316,1,0
190.2841489391851,0.3731824605300516,51.85917781760666,1,0
189.8306737615967,0.4130574968541133,52.01160637926852,1,0
189.93955746424567,0.3836845823454219,51.76535571206647,1,0
189.99711854159963,0.37166965501766064,51.53044813702687,1,0
189.99985821490696,0.5477356403224266,50.53185025029667,1,0
189.8386716924884,0.4651098172437479,51.579552605293564,1,0
190.33142519170644,0.4361084115911691,50.813611934625776,1,0
189.8921234956612,0.4871198552504695,51.16099378411685,1,0
190.01905281281552,0.4417074948399492,52.08827440421585,1,0
190.0972526545214,0.4758156638738089,51.83383363002764,1,0
189.6965304180991,0.4637295915114912,50.79135795305209,1,0
189.97260538208556,0.5191905379345426,51.11789766544145,1,0
189.9921451092585,0.43135731062857036,51.30843773037088,1,0
189.99791427737378,0.37168587735812,51.611019430755654,1,0
190.08929935620276,0.40930790248008636,50.18867409647243,1,0
189.95747014281667,0.36393927776855367,51.055125912546835,1,0
189.78369970796817,0.4478814424218922,50.84864495920329,1,0
189.9127571814435,0.47321806610865835,51.54220666839905,1,0
190.24946393307357,0.3263166474563822,51.371454428071814,1,0
189.8571180643716,0.47301932930475904,51.38862686057514,1,0
190.0013253333801,0.508224041932643,51.416885723834476,1,0
190.02399823955093,0.2959204385395065,51.873545553011056,1,0
189.79964075108984,0.35205453282419535,51.30155303803741,1,0
190.09724556438488,0.624918146311785,51.34363195718164,1,0
189.94563346685194,0.4758978910929807,51.462910633348976,1,0
190.012850476111,0.4274070118203843,50.85178220422021,1,0
189.88875860256977,0.6451452991608061,52.06203019631369,1,0
190.00999664605715,0.3911007386468549,51.47287066086024,1,0
190.20164820167315,0.3584626928917112,50.89171876509846,1,0
190.111753365089,0.48856087578877344,51.052520271627536,1,0
190.07968539378163,0.3638159477250499,51.66302399264076,1,0
189.73653360668482,0.46500256880372387,50.536235481864516,1,0
189.90971841302644,0.3836321895582793,52.058264666248796,1,0
189.79725964432947,0.529791310627,51.19028210448821,1,0
190.13018977133387,0.4483701686185268,52.0112194193703,1,0
189.6154972673891,0.43316121332026664,50.973698290214635,1,0
189.92939804550917,0.5026509855417206,52.000205889353936,1,0
189.83203753411019,0.412663898222653,51.58456986841324,1,0
189.98738001475036,0.38783320243917885,50.99733118882136,1,0
190.24423816135783,0.39585880211550206,51.7838245604238,1,0
190.01964150414193,0.4747532225491589,50.955710038625725,1,0
189.97961773899817,0.4066397731585906,52.127087177389356,1,0
189.891422659182,0.4856835832220334,50.53551208350329,1,0
190.11175348442998,0.41137213593513083,51.31541903726799,1,0
189.68912870553214,0.5384877053314819,50.67839587169174,1,0
189.9966223310433,0.42483511902564386,51.254630561165214,1,0
190.0566717231769,0.5118776769561664,50.43209727832984,1,0
189.9575626809912,0.40550208955018346,51.31427665607096,1,0
189.8628205281117,0.5555298396413892,51.06527424963562,1,0
189.87917381630737,0.493146490172106,51.118608708032454,1,0
189.9659733342697,0.4198985516302748,50.41875325688737,1,0
189.86360355400313,0.41782560297837734,50.600294364212964,1,0
189.82000830043958,0.41683654991993724,51.7804066000274,1,0
190.19937812777047,0.41275701106386997,51.31658226098436,1,0
189.67914906371885,0.43713776599420384,51.53359614258071,1,0
189.84277599204395,0.43520923950460416,51.46509735906748,1,0
189.9174168629788,0.5090861870786488,51.256396145837954,1,0
190.00146499222367,0.44073023661171107,50.986170192979515,1,0
189.8321424977472,0.4083467044960474,51.159211600467614,1,0
190.35721782403704,0.5329655580717372,51.17453228297772,1,0
190.0543696162692,0.44875176339493883,50.84851675631488,1,0
190.11570388652447,0.5871451805072089,51.8156691194199,1,0
190.11443149027474,0.44694564891073263,50.42404930133762,1,0
189.82015054566645,0.34025931233754814,51.87717675685605,1,0
190.09812803218423,0.588384291000512,50.431379416199405,1,0
189.70773003975938,0.3689363931847969,51.207388464487074,1,0
190.13763452682525,0.4775160248292562,51.407746588546516,1,0
190.03779171516302,0.37788876828377693,51.045738976032126,1,0
189.92550768901577,0.4689947155497238,51.86891691164686,1,0
189.88436597810673,0.4440394785148924,51.81604192586605,1,0
189.997462043878,0.37305402103820273,51.51430557032868,1,0
189.92119855343753,0.3456439742350042,51.59251152702979,1,0
189.96225798060732,0.5658753219974026,51.73031389903259,1,0
189.88822742525733,0.40600329906195237,50.16668758388624,1,0
189.9468634819835,0.42079484388429,51.12752835223352,1,0
189.94283861300653,0.3841354230747872,51.160721430022065,1,0
190.01737766866566,0.39565304857989037,50.83192687200495,1,0
190.16999107516216,0.56278208080695,51.0222701176539,1,0
190.02031117831177,0.4129215980669319,51.016299405997536,1,0
189.8725092385606,0.5419666677843651,50.28145842322729,1,0
190.05177382877682,0.5273698892974966,51.374108248056906,1,0
189.92039363666706,0.518466831503077,51.38804035173385,1,0
189.73316382323765,0.4954808791967199,51.143594313535196,1,0
189.69599811652068,0.38832297935771276,51.80230951444173,1,0
189.98494987028818,0.4168429794240131,51.47245869765332,1,0
189.8344476795132,0.44580670986252374,51.30321833600769,1,0
189.63487705841666,0.5307431485505312,50.229471488931694,1,0
189.94382756939933,0.31962342984643854,51.88712279073233,1,0
189.77983125497968,0.3110857977975097,51.42251226124595,1,0
189.86905669615405,0.5145574280656946,51.27387458668721,1,0
190.15759810766932,0.22461838494286263,51.5106112867287,1,0
190.11383007336636,0.46012307854479795,51.82643540023365,1,0
189.72558114627537,0.3999278004074339,51.354604364021675,1,0
190.1882717317831,0.436411403671433,50.82673943132395,1,0
189.78817542735803,0.3914012556380193,50.60503206500964,1,0
190.11513892449076,0.40596191100713847,50.933414870914206,1,0
189.85916832846618,0.5718665513436116,50.75184653878146,1,0
189.7697327899228,0.3639037909359791,51.434753417014214,1,0
189.81080909999764,0.4945324133656787,51.02495374790759,1,0
189.96960325487706,0.5223057236803024,51.31977502623107,1,0
190.0721055799484,0.43824836895258695,51.55953050465269,1,0
189.77109986113598,0.4281856177362657,51.66457874377568,1,0
189.89192911376412,0.41119842823091496,51.517968329407616,1,0
190.30010975628892,0.44468570662966805,51.61738931381924,1,0
189.88550766908082,0.46933118383867856,50.88251184781477,1,0
189.95242842153374,0.4453238957858247,51.60496365207578,1,0
189.71629389811838,0.29334803959758643,51.5590612605381,1,0
189.95912163296776,0.48960289575900745,50.93432225550382,1,0
189.92554728954718,0.39445812123219104,51.25041992044566,1,0
190.0515181810899,0.4719775306843476,51.11221625000395,1,0
190.17744524507816,0.5457520882805951,50.806238399480634,1,0
189.9044399731303,0.5268763305894891,51.52219673011403,1,0
190.0092777412357,0.5226465453015768,51.54034882428381,1,0
190.05815089932577,0.4357544401839234,50.489595766480264,1,0
190.1259294261322,0.3588601865502303,50.612782819359715,1,0
190.05247739906605,0.3672723333874031,51.96217169056228,1,0
189.8546942106591,0.4335656130202693,50.88008787547237,1,0
189.97146370857567,0.506926606260564,50.671392018179304,1,0
189.73485551107962,0.5154647780178753,51.36060233376728,1,0
189.99495688704596,0.30142442138434367,51.81408317683626,1,0
189.96486865290092,0.4755002637385049,51.06491232707926,1,0
189.95297437664877,0.43833330473563115,50.48335274258864,1,0
190.09729769252164,0.46363894109558035,51.20680415654945,1,0
189.9789906194534,0.33544219848699613,51.16249856064912,1,0
190.1388612460923,0.40837028025375494,50.94215026750776,1,0
189.90407950228766,0.396269531616112,51.1447242763967,1,0
189.83749845372785,0.4102021924794689,50.986726815880225,1,0
190.33797896616338,0.3819026869523376,51.387916296688516,1,0
189.9792123359438,0.5629985893971854,51.09338831526206,1,0
189.91647851681014,0.46875724705942096,51.4677958613421,1,0
190.09447562610958,0.5000830409196679,50.35615467843891,1,0
189.94538953636035,0.41480051510667276,51.16317823352248,1,0
190.18112163058393,0.5314293925530903,50.712459172243854,1,0
189.92602231928024,0.4714141210521435,51.37668844374265,1,0
189.973380756649,0.4727125047858809,52.763871622781764,1,0
190.011108390958,0.4698368560422875,51.77285370898913,1,0
189.94200608478218,0.44916809314048206,51.38921632644674,1,0
189.99837012545035,0.4820754580247966,51.405874791969644,1,0
189.7990095906375,0.5105382449727893,51.28562116963927,1,0
190.0820029746639,0.29489180812795546,50.696717597280326,1,0
190.02673808086118,0.5258993774763974,51.56916393342634,1,0
190.01745691126558,0.27895277480311853,51.202047987238785,1,0
189.9261265611011,0.3456301815577166,50.8999740329207,1,0
190.0788925709526,0.5554458939353427,50.789315436821745,1,0
189.91240091540246,0.4109657771883976,50.870137163438486,1,0
190.33774462039835,0.3913280958286439,51.15169984559986,1,0
190.11242990821495,0.4309857320346041,50.84826754874619,1,0
190.03775888896777,0.48865190042541873,51.52598309551922,1,0
189.91049595659874,0.4365916208084925,50.7111550598713,1,0
189.9535011159168,0.5021584468992367,51.46068678487016,1,0
190.25433044298248,0.4311387863632172,50.455951980903244,1,0
190.0207934189499,0.46823814697475236,50.90945470642898,1,0
190.23256177919603,0.29557929510833436,51.27050879323322,1,0
190.09654835770652,0.5305558173656495,51.162814925641754,1,0
190.0127599826565,0.4260280250236872,50.562095909962885,1,0
190.42792433186182,0.41439625347917747,50.44060302049746,1,0
190.0163763110421,0.366632119596004,50.91158892320101,1,0
190.30760407673594,0.36874983405449824,51.281465257484626,1,0
190.36254788645948,0.4419065181698251,50.93639641698691,1,0
190.11484975068794,0.49102271027110156,51.117174264148716,1,0
190.23673548897028,0.5054947758049072,50.93752522389341,1,0
190.30006114642978,0.4079829388757754,52.11764677954169,1,0
190.02763831633456,0.5428851101638817,50.977221965438616,1,0
189.76116785338056,0.43684679401839044,51.55083941140647,1,0
189.7556104296837,0.468460606426742,51.20030580077061,1,0
189.99636847800792,0.5347136225103652,51.08382012816732,1,0
190.342326617097,0.5095415810956169,51.99429735210071,1,0
189.78402710559908,0.4119303485948615,51.11308112241097,1,0
189.98418859936012,0.44340936848322304,51.521657449588,1,0
189.77012099639254,0.4450064930119273,52.012425008337196,1,0
190.0710559727359,0.39702313394597,51.44371181949361,1,0
190.08414716214315,0.4579198345260412,50.88554740629633,1,0
189.8664891026905,0.5326103880533491,51.13945226101476,1,0
189.9126827132312,0.41243016756431994,51.42886391008481,1,0
189.8353940991156,0.6497290152543519,51.05601291963991,1,0
190.0463872140792,0.532922030605484,50.35322264963393,1,0
189.9900586784375,0.44968828315994125,50.831869187075945,1,0
189.83092180959773,0.48323734231842813,51.29791967516539,1,0
190.0996939128173,0.44785743550468754,51.916418653267506,1,0
189.92821915511445,0.45734955950498574,51.487456822411644,1,0
190.18207646259938,0.3313175294408961,51.47540976254213,1,0
190.33275328175023,0.5727758450053253,51.06935246511232,1,0
189.9124591526946,0.5502468073541991,50.96128809168099,1,0
189.94354214944806,0.36034919756732886,51.4564734320308,1,0
189.84772758714954,0.47338036808894957,51.21219110656103,1,0
190.19992635296998,0.28828753575952776,50.96943013924583,1,0
190.1805286201558,0.44166198245738436,50.80288379077951,1,0
189.92371444799608,0.5004546298856385,51.36975116454954,1,0
189.921437772693,0.40675214009048527,50.45569704562611,1,0
190.02765434848735,0.3525677513995182,50.69778103430739,1,0
190.0334170141062,0.48019572543278566,51.523997117389875,1,0
190.19382736616302,0.42338764144753094,51.67584120906089,1,0
190.12188578148508,0.4183131470698734,51.04092070644427,1,0
190.01622753842776,0.4169638703486304,52.13033187361468,1,0
189.91325717643605,0.4935226451307163,51.62820016444144,1,0
190.13030092888633,0.4281506125681119,52.076339732256194,1,0
189.97519269209326,0.4023448211404981,51.112262592643624,1,0
190.23237528092756,0.3932663313148189,51.83282314142825,1,0
189.93631671058836,0.49597172280010504,51.84859133762043,1,0
190.18901689610152,0.6099812724995257,52.04754708016958,1,0
190.15008431714037,0.41591785121007213,51.539973406501055,1,0
190.14320806869551,0.5602969495655837,51.187766554440195,1,0
190.15161250067428,0.4640098156322384,50.78891220880696,1,0
189.8708898259511,0.39735536682153594,51.74098771000332,1,0
189.9572951046302,0.5038132227588129,51.20928964898273,1,0
190.16410436755518,0.4787159777418069,52.35659413902228,1,0
190.05561210074347,0.478226914098935,52.08955343356518,1,0
189.96964346019848,0.5518784068714127,51.66218581800604,1,0
189.96402716888807,0.3545637669729809,50.57374075764252,1,0
190.37633563630192,0.439005783759857,51.28937237062349,1,0
190.0247856497618,0.49744950719299297,50.89478698995246,1,0
189.9160265475402,0.40233619902275397,50.4055841384136,1,0
190.14863868901392,0.4239621382534942,51.360572360797434,1,0
189.91159446636945,0.4319154788456434,51.85855263332205,1,0
190.32643425947006,0.513435040423697,50.67910250490656,1,0
190.08786271646767,0.5776940618544895,51.04923676530453,1,0
189.9711357185424,0.5270896995372384,51.05215164314855,1,0
190.19606217833427,0.5019869925847006,50.82766105726844,1,0
189.91944456020624,0.4501290523984911,51.28652408555188,1,0
190.06236622764348,0.38092021278104393,50.95769739807506,1,0
189.9829790823003,0.4558993019874209,50.60057253915496,1,0
190.00337333424704,0.4239119229952737,50.568575770634965,1,0
189.81990715351836,0.5452912250699722,51.710734946513455,1,0
190.06017050568317,0.39449196200424164,52.05154387547416,1,0
189.85161692501583,0.5343458448761896,50.45342004606487,1,0
190.24627518280897,0.46348694665972034,50.51516934552295,1,0
190.04456927549714,0.467371059987789,51.74505162341947,1,0
190.11611665340246,0.5883925905412686,51.10319007157167,1,0
190.05497104516493,0.46082117471632167,51.08856436403046,1,0
190.14622684581386,0.44931283557525914,51.76359123153828,1,0
189.94377428136764,0.4963793249860161,50.466561051615855,1,0
189.99792129680355,0.4141463035301742,51.46384400606101,1,0
189.89083865278724,0.3714078476166579,51.82878848975705,1,0
190.05783324705837,0.5095846325543857,50.717884542079645,1,0
189.85812532316044,0.28108337835444824,51.1329060510263,1,0
189.86582017363818,0.40528085607206166,51.633667461741766,1,0
189.92007634837617,0.46442695956963453,50.77014400844352,1,0
190.10630936119324,0.32232463609679196,51.80783187938057,1,0
189.9303570949315,0.4234879938965239,51.44698825817643,1,0
190.31879645393096,0.48863654097749093,51.627978107513364,1,0
190.0632340189915,0.5478529256540249,50.27609020393596,1,0
190.04598372287876,0.4295693014501675,52.216491973267104,1,0
190.23016432004002,0.43693304849296616,50.785974316379736,1,0
190.15029943473215,0.4151476345296528,51.26963157070999,1,0
190.25227037455326,0.3347747819972912,51.9126782551769,1,0
189.9177257773824,0.4175917121635479,50.19190045663721,1,0
190.30199155726228,0.46810091064982595,51.86963194993071,1,0
190.09465117793553,0.5483089709526829,50.814388260509894,1,0
190.30180220832847,0.43101574204698806,51.08765029571498,1,0
189.8615422752391,0.574157905096532,50.729219491846216,1,0
189.90206288908882,0.2710512489712197,50.641699486450946,1,0
189.86874101056492,0.5008259937492677,50.93060585783332,1,0
189.7237911978252,0.3845190381428322,51.099892782793155,1,0
190.099964901807,0.4204886298758056,50.8285694768616,1,0
189.97334260342492,0.4794976936322224,49.716949156359135,0,1
190.0066042165171,0.4138981498999627,51.879287541806185,1,0
189.94332703915555,0.4019038770491517,50.99086011595422,1,0
189.91835604084122,0.5353575882557603,52.007039822105504,1,0
190.00302879954623,0.31307489212558737,50.98785085480335,1,0
189.9567344400148,0.30908752855431876,51.67025368679042,1,0
189.91376199645563,0.5782452181826432,51.190265715602635,1,0
189.79637703375244,0.3606894238014615,49.764955386667,0,1
189.86145686427662,0.2709840717543354,50.62237981669283,1,0
189.9336053858888,0.41993336940434867,51.11859004152243,1,0
190.1279173139306,0.4180560292863402,50.75865007312814,1,0
190.34531851104074,0.4220516022689356,51.37176976260795,1,0
190.04121273829557,0.4177854858810128,50.50898746261076,1,0
189.93693443454447,0.37312314397957264,51.04106240811257,1,0
190.2983168572847,0.5417625346527645,50.89773500348003,1,0
189.85117251924,0.4547167263717767,51.5388016461589,1,0
189.8822894518236,0.3786545319245432,51.58517094996949,1,0
189.940160225707,0.5008400869521621,50.95348967361074,1,0
189.9893119100793,0.392647983661517,51.965544551428195,1,0
190.09243964701233,0.4432882155967803,51.410236782461425,1,0
190.11429216498155,0.49914720096905607,50.99382654207145,1,0
189.93735912015285,0.4846212326374778,51.16702321071483,1,0
189.7046926825188,0.40393259920614244,50.83896500366963,1,0
190.0817798551951,0.5726679857003741,51.41056138349555,1,0
190.0391650689992,0.47372964855241045,50.82567915358888,1,0
189.76773132065853,0.3714170650279765,52.102670041769485,1,0
189.72673451182953,0.4848526757843682,50.80083221823722,1,0
190.0742133671052,0.44053207060611993,50.86767483138658,1,0
190.2257089227691,0.5690770276495073,50.911322557378654,1,0
189.74487049406605,0.48295320905338945,51.7009079832601,1,0
190.0735414278516,0.4795672408895247,51.19825083989846,1,0
190.14573715419536,0.6054787645713181,51.595978072763984,1,0
189.62368699769794,0.3955650478619937,50.778627369530874,1,0
190.1709011207261,0.3879637512627494,52.206278939543175,1,0
189.71739701079093,0.6382476287439085,51.62672803845649,1,0
189.79724159858,0.45802432382215896,51.18936925672848,1,0
189.87250233130948,0.35439456372126366,51.3241636910513,1,0
189.740909939266,0.5608634514656836,51.21773156014343,1,0
189.84490650749532,0.48051838702318234,51.76661379579596,1,0
190.03597676671203,0.42060978704623514,50.22650884583097,1,0
190.02177772820744,0.5456436776925169,51.05005035127586,1,0
189.99929792470863,0.5832147951089548,51.29289524207549,1,0
190.24711121744528,0.526689136159165,50.61260584315598,1,0
189.99170180113381,0.36966137374817515,51.86066522646445,1,0
190.12461175818774,0.3544546592547932,51.055821251255765,1,0
189.71899992401185,0.3731220004084006,50.79403155758388,1,0
189.85767149652966,0.3850874742270933,52.09680805895649,1,0
189.92993989525164,0.30846445169768766,50.97224708814114,1,0
190.34314719829277,0.44904595121540786,50.87717608093429,1,0
190.0903841987455,0.48340471069265584,51.03595001719988,1,0
190.24971101165212,0.41669639887363585,51.12280175590901,1,0
189.80314720961314,0.3849246177693507,52.03051308738667,1,0
190.26263829705118,0.3628595613408651,51.55664298176749,1,0
190.02956505708232,0.4450063126910679,51.768124862601496,1,0
190.29203328524002,0.3422880756369073,50.60098125884027,1,0
189.94668122570764,0.5950927906377209,50.99366163471618,1,0
189.93145221518563,0.46499327889221437,51.54250966562283,1,0
189.8412565876534,0.37783723554028575,51.121499499323704,1,0
189.94906904231203,0.44563057210975116,50.50248523005384,1,0
190.05791927637256,0.3407082429710389,51.36304554608309,1,0
189.72521597119064,0.4491685823042297,51.977668049295595,1,0
190.01834324063546,0.5138697638330681,51.46485272390911,1,0
190.25558362804588,0.3449105934084135,51.191360620956466,1,0
189.94262881216005,0.4605148407873323,50.16577923640844,1,0
190.1732809352557,0.48885003666007676,51.20895104466505,1,0
190.13485413515656,0.34822364627703506,50.88880017260426,1,0
189.80470667275043,0.4467240416754268,50.651855429144156,1,0
190.03217664912773,0.4154814509304591,51.47960964217365,1,0
190.11151571294585,0.6308147980118606,51.22123068899364,1,0
189.87559059700718,0.35887509045186045,50.69095681311752,1,0
189.80435717839558,0.5054395698042246,51.0474821680731,1,0
190.2546402381705,0.47120771164128245,51.44275190930529,1,0
190.09070869270835,0.3623343753212921,51.34197460623573,1,0
189.93063169575782,0.3231521350992453,50.2127201055661,1,0
189.78505379289822,0.43034370059527804,51.266039395820044,1,0
190.1247419994504,0.44498336243692255,51.19923500322967,1,0
190.26374984517386,0.6374529132064878,51.747164828196105,1,0
189.80401862829024,0.49599073261044907,51.366399280445314,1,0
190.00805976990264,0.40272687669122825,51.142413638219686,1,0
190.1295217987399,0.4803617215337087,50.966338115592826,1,0
190.03351016026377,0.4282995119648992,51.522881902236854,1,0
190.00434528153403,0.45650027034546603,51.00749052081849,1,0
190.16380192054663,0.47103484627161607,50.85221998320208,1,0
189.70271796611732,0.36039216738671287,51.183314495671546,1,0
190.17213758913167,0.4392317416210972,50.78505330254336,1,0
190.13393283849982,0.5432902235957758,51.48144249419434,1,0
190.01635834280228,0.45591657335619445,50.67271210414413,1,0
189.8582344316914,0.4157648589529259,51.187465519138605,1,0
190.02346655924794,0.5124888597540147,50.87262864343961,1,0
189.817045404869,0.4121349014078982,50.974920535506286,1,0
189.9873862456815,0.3633257765005936,51.40132651113685,1,0
190.18420574112844,0.43372361147981325,51.5703767959341,1,0
189.952912525996,0.47354797499823315,51.47670010338979,1,0
189.93474871893343,0.42713082569123123,51.98454473621894,1,0
190.06820246737982,0.5102332517976579,52.45316812693326,1,0
190.08841139664378,0.4008720142207917,50.83479887645999,1,0
190.07359719176245,0.43450577453753125,50.78043356595167,1,0
190.01653425047564,0.47348968369849725,50.979292378142745,1,0
190.04267578282014,0.49499844289656125,51.33455542793536,1,0
189.8720167226564,0.40629044509376383,50.62991223846496,1,0
189.74308699212062,0.44332625711481655,52.48096379754443,1,0
190.00383908392428,0.39122531342051126,50.845374093115105,1,0
189.61134525862562,0.44761537417205827,51.71741392715009,1,0
190.04398555443294,0.42548375716566844,50.81625097664942,1,0
189.91822333324617,0.47266594905045073,51.02339475453633,1,0
190.06482971898615,0.5165353354498655,50.76654227733976,1,0
189.84037218253755,0.3952721467649136,50.410039967410924,1,0
190.33068250908022,0.3358951987942714,51.54857450552963,1,0
190.03463764906027,0.37267164791595453,50.56486037788939,1,0
189.7356886091891,0.5462259441358611,51.188379223377645,1,0
190.13655529831584,0.4937965402406965,51.12901874723867,1,0
190.06380067668843,0.48901404868115617,51.2821993301239,1,0
189.96756461819334,0.47772657251703576,50.799793080785975,1,0
189.95790806729235,0.42219099101773955,50.933973554975935,1,0
190.06583079235025,0.4718061908043818,51.23057203998247,1,0
189.78487692218377,0.38792430840628533,51.2350489678716,1,0
190.1128531555842,0.3906087513099076,51.96046706062085,1,0
189.86368038741068,0.408200261770974,51.588870234266494,1,0
190.01642855043542,0.645600254109155,51.81753652458237,1,0
190.10046874886973,0.4003629625533638,50.69460251831374,1,0
190.0486402214208,0.4354422170959314,51.36539832007604,1,0
189.88751644511677,0.35449230900829765,51.64598731074269,1,0
189.95990076962795,0.528679478171417,51.71102992439487,1,0
190.0899702873608,0.41645524820463886,50.80595784017145,1,0
189.83742490660484,0.4681611619904462,51.07718208859026,1,0
189.94613578434658,0.41588775114435417,51.95715345564259,1,0
189.9373129539526,0.4269948019348281,50.889335426985056,1,0
189.95332606488097,0.43466876094342294,51.349695143555294,1,0
190.0116910596481,0.5150296799547727,51.548854654301174,1,0
189.80360839283654,0.4119849514089322,51.407503274483766,1,0
190.04708591833696,0.4548065263181926,51.38817351803197,1,0
190.0362144076244,0.43630290960099705,51.6715286543333,1,0
190.20610811394624,0.33646111944523166,51.51878625216629,1,0
190.1583023875189,0.45914513013881475,51.63736344259752,1,0
189.87716177425247,0.3624637759907796,51.038281294568456,1,0
189.97272331996203,0.3996045044707757,51.77481943529015,1,0
190.1193637908726,0.4570161718327751,51.14465394849755,1,0
189.93959719631462,0.4818752569093119,51.41318577967964,1,0
190.1197246893702,0.4395997777004597,50.831918474787585,1,0
190.05788561541334,0.4796896744054243,51.476860291953706,1,0
189.81067376139572,0.4914358318073551,50.871458435537065,1,0
189.82936702008286,0.4812782539606081,51.53391134556197,1,0
190.07049325261752,0.4232898456354071,52.231945470946194,1,0
189.98023628506178,0.36518909656119597,52.04808002541709,1,0
189.8516740305633,0.44180984564775005,50.57375561158093,1,0
189.94081646945932,0.4633928212136369,51.47013808025133,1,0
190.03258407397612,0.6583805629424732,51.13087605648093,1,0
190.1444173730019,0.36142699642064025,50.98799023967138,1,0
190.17576040792014,0.5146244462448293,50.76150230055253,1,0
189.81730837188613,0.44462602258009415,51.77903853723391,1,0
190.05032710844202,0.325759777318769,51.42857163557298,1,0
190.21048599313826,0.48946572243985753,51.75200792077045,1,0
189.86198109841848,0.5015194878711765,51.52257313299547,1,0
189.85689694115453,0.3028157525670038,50.8458648884131,1,0
189.70589350799628,0.4031591535117957,50.780795816500124,1,0
190.07372179419133,0.44036536613715205,52.15963977701756,1,0
190.1467939073338,0.5110998320631266,51.715767561328505,1,0
189.94513297620256,0.35143714142132354,51.604859298952796,1,0
190.01307523014722,0.5102926648248893,50.4434817960985,1,0
190.0098614873607,0.4261388522155906,50.80033704133874,1,0
189.95332647853633,0.3684828314692355,52.62365690912318,1,0
190.24761780541314,0.4484012051756266,50.89899232920659,1,0
190.27180094468207,0.35829932486399896,51.129008456419,1,0
189.87181163355018,0.4144757179726515,51.32559672011384,1,0
190.08845524793233,0.5386184969400626,51.421743137222194,1,0
190.00058818123253,0.49348490429246805,51.673068244551686,1,0
190.26006759297118,0.4620643742962381,51.00681837230649,1,0
190.1052527929776,0.38560047232972083,51.43215970070378,1,0
190.09789570718382,0.4981804218079236,50.69517772593161,1,0
190.01608857128804,0.5037944658541726,50.77360456674629,1,0
189.9209015064328,0.49764590178140505,51.80529587040701,1,0
190.1764622055862,0.43148940458218527,50.81974763002393,1,0
190.03281853778296,0.30321127606058634,51.2251482466821,1,0
190.10926289022598,0.49516032883497696,52.36639665679045,1,0
189.9068709314369,0.4778499460197565,51.63344138302865,1,0
189.83888240704735,0.31417932910846724,50.992407589171314,1,0
190.0129709087372,0.49599925310053106,51.22397243918272,1,0
189.9354109819729,0.508954290503768,51.362284240340124,1,0
189.96659478448277,0.5122452257965484,51.78908182315012,1,0
189.7567091666506,0.45815007123723606,51.177228201744704,1,0
190.25381797111217,0.3584030890294484,51.2904211206644,1,0
190.21467068722558,0.32696142378056603,50.4826379074627,1,0
189.99931221760215,0.35626096533785917,50.91992637508787,1,0
189.76997051491693,0.5552999262101509,51.56548642073063,1,0
190.21651946726936,0.4079840311968732,50.66936235815785,1,0
189.81024061341404,0.4368486235495748,50.53733935320857,1,0
189.8951660738549,0.46123945945868583,50.51217529569534,1,0
189.90722001878177,0.4979336686913974,51.26642967981045,1,0
189.53033002954993,0.5599182685468154,50.76006744855679,1,0
189.923376496034,0.3612948113183328,51.46165294997747,1,0
189.81013420722027,0.43248116451035634,51.08139146606994,1,0
190.1596430151883,0.5582696231707569,50.70694764112342,1,0
189.8604124497861,0.5421418033630168,51.952951954980506,1,0
190.08204590613525,0.27310666168053854,52.07776520377466,1,0
190.1248788920475,0.5710384579040184,51.41833793754273,1,0
189.93577337586092,0.4869383709450996,51.52107204356821,1,0
189.86769125197253,0.43235345521806073,51.131723605566876,1,0
190.08915884629937,0.45105971617546947,51.907702027469135,1,0
189.90501164556832,0.516791925539681,50.578538963696765,1,0
190.09849708815892,0.4233362724868261,51.409696084068706,1,0
189.88783274123782,0.43476521842141624,51.66398880314833,1,0
189.8286929755901,0.42081220046178336,50.97173564633062,1,0
189.77388960586217,0.4215465895148879,51.55643135231775,1,0
189.81696527093496,0.5237879502881458,50.944757525826546,1,0
189.94586548948982,0.49247319647262566,51.31566670778772,1,0
189.8772172683772,0.48304381864071616,51.66322936380057,1,0
190.06723003616685,0.4678767521700298,50.85321657993547,1,0
189.97101808319854,0.4282757821616637,51.40746866880321,1,0
189.96309680947988,0.3823199555693794,51.1022281830889,1,0
190.15123147408866,0.48799193734781143,51.70235941455654,1,0
190.14650254989795,0.36165515520202923,51.10954678134723,1,0
190.04694538741933,0.3752144361712656,51.851463264821156,1,0
189.86106729857391,0.37520345281007506,52.33803396194597,1,0
190.06877431939873,0.46580279842197814,50.52872638343302,1,0
190.21158062952105,0.5746314568586178,51.13011722999508,1,0
190.15640600970292,0.35639371899341227,50.359240215246864,1,0
189.7525770133413,0.41331344676671505,50.19420601021513,1,0
189.96082735810356,0.41340556669261574,51.38315919536499,1,0
189.95821441317105,0.4372478672860905,51.49798505175012,1,0
190.14663051587988,0.46554392083287305,50.85762945903736,1,0
190.30487847979717,0.328314340372273,51.26269026467515,1,0
189.71472779993252,0.46569673289834806,51.33167406866308,1,0
189.68121330007602,0.3688344537201902,51.545332024378475,1,0
190.12315458463667,0.5976679418133868,50.24728509182087,1,0
190.07042974641698,0.4057247444405976,51.89963754318042,1,0
189.98829083059,0.36899184948651786,51.07610921722349,1,0
189.858089944316,0.5266574357612329,51.01334877699547,1,0
189.99151543877943,0.5332769515706661,51.230662140840586,1,0
190.2886118460498,0.4746679651671522,50.01241137149927,1,0
190.0043885611544,0.36678669857483753,50.93101950588515,1,0
189.90928045136016,0.3401155723967689,50.868250963343776,1,0
190.16079216936373,0.3558691011811721,51.08782220780426,1,0
190.08137369615613,0.42168420479223956,51.87955569521622,1,0
189.90875372782767,0.4624640225787563,50.66369101223123,1,0
189.6617756251261,0.529132431084819,51.32273953090135,1,0
190.11518143298824,0.4821312998971723,51.175803179074244,1,0
189.87347870554174,0.4064385100386226,51.417290179684876,1,0
190.2803609406924,0.4720810641777369,50.75316795456377,1,0
190.05557439268807,0.4233532213564327,51.760028020200444,1,0
190.11780063708875,0.38681966600218437,50.647533017217725,1,0
189.8637238029857,0.5904404553421462,51.16297321985044,1,0
189.82871238308633,0.44726837674409065,51.49975789865961,1,0
190.10309785246847,0.49716316487824175,51.22674642143124,1,0
190.16888193868496,0.5777958502459252,50.846649724797764,1,0
190.16273411266235,0.46499077141357287,51.34622531923092,1,0
189.87076505323856,0.3151548029156995,52.098965661142536,1,0
189.99152326288367,0.5213611226966595,50.33747540060417,1,0
190.31881011452953,0.4409517599854882,51.18387362304886,1,0
189.71503856013047,0.4574860230578713,51.557397085255346,1,0
190.05063995005713,0.4150722504179086,51.68705600745428,1,0
190.10984306096393,0.4256614065908966,51.45580670834762,1,0
189.94594002973014,0.45446618895319973,51.15928188090607,1,0
190.09147899359812,0.3331654253062545,51.51470688808803,1,0
189.81879310368726,0.5168876962262176,50.87809470507602,1,0
190.1482738102244,0.399885289281176,52.038789159782716,1,0
189.80892400628156,0.4459828930684358,51.68613137918022,1,0
190.06216445298918,0.33717406879742423,50.420820685073885,1,0
190.42596383834962,0.41715239509031526,51.29534303426055,1,0
190.00561776843378,0.4240023808088647,51.359066651346055,1,0
190.0982467127055,0.41522690904825327,51.040373814117594,1,0
190.13615227095002,0.5213129378324242,51.33614660172029,1,0
190.1741233295389,0.464285895080421,51.32596092319474,1,0
190.0624837210888,0.5608158933290744,51.582762516516524,1,0
190.103351149802,0.3808567479131003,51.19701396307242,1,0
189.81180460483168,0.4401772923817222,50.608215008699226,1,0
189.99083004537192,0.4860094561485081,51.050519128632025,1,0
189.8748094060475,0.43864381579913314,51.742616354117224,1,0
189.7725341631034,0.46991637599221375,51.62676721910574,1,0
189.91498136031436,0.4520694583495705,50.759817086402514,1,0
190.16699500848787,0.5872698969521054,51.338686570361965,1,0
189.99839611997467,0.4514837527980797,51.00559215097159,1,0
190.20993512241333,0.47149151172626474,51.61946756366259,1,0
190.02371854771664,0.5687924105253401,50.74116124749112,1,0
190.12970881095595,0.47297679602279685,51.09179538828154,1,0
190.0647948067893,0.4388341605296969,50.80165834506545,1,0
190.03191483623888,0.5453925602192653,51.4959929874264,1,0
190.1038009250922,0.45162836648391436,51.23674529262273,1,0
189.91523209788613,0.4973431943854496,50.73735618170733,1,0
189.95248209939447,0.3639570711204611,51.30933506983917,1,0
189.66553270077324,0.4496839394008242,50.84193653037216,1,0
189.9963793614996,0.4790238957054803,50.75554896631299,1,0
189.9045037852285,0.4964838374494671,51.28147590736671,1,0
190.30285827597365,0.33391579357388507,51.1131291107643,1,0
190.21636819474594,0.4295845820650645,51.61490017242341,1,0
189.94899137875504,0.47473930583390545,50.950105646366985,1,0
189.98949185685697,0.5631801602047939,51.597051743658234,1,0
190.16953236114196,0.33235898740516284,51.571838394211696,1,0
190.11939478773482,0.5626308577175304,51.717600890053255,1,0
189.91671242175318,0.538415086766976,51.51244108895449,1,0
189.91575317432273,0.5167310682800623,51.47751436292197,1,0
189.89893569827368,0.4194554236444416,50.60439096263984,1,0
189.95594293820005,0.41728068551871583,51.98234669809789,1,0
190.04325548697398,0.3449745223332848,50.98953553062682,1,0
190.37314052412847,0.5044853418969552,51.153519280655956,1,0
189.8635767055759,0.32817841623530936,51.301822739310516,1,0
190.1060886137607,0.5773732644509871,51.34792309373894,1,0
189.45509446118757,0.6008832955378165,50.5303669317757,1,0
189.6615341086913,0.3362748176173841,51.251660005092795,1,0
189.69634602575346,0.4976497278979219,51.653299128829154,1,0
190.070272625108,0.34728838088844266,51.27418010556514,1,0
190.12748668366368,0.38539677843237274,51.022330899233694,1,0
189.77578327367948,0.4681180051099574,52.20008204241684,1,0
189.7071454366461,0.4530332404971449,51.463878064202305,1,0
189.72007164620908,0.4820886635530338,50.97223052265034,1,0
189.90546395803497,0.36065094342824633,50.81415763882033,1,0
189.95649817674004,0.4426351220638525,51.928954953236946,1,0
190.05621808368218,0.47084879619010406,50.31624991498249,1,0
189.79061905823795,0.44668672124979947,51.139892321815715,1,0
190.33699842757878,0.3107102819154423,50.27174096292875,1,0
189.78618888955867,0.36606310302445866,51.176009333787455,1,0
190.03315877465448,0.38126915854690047,51.37593160140663,1,0
190.11936850089495,0.5018219546819042,50.63196142085022,1,0
190.10060550735918,0.3740470146464948,51.17173616081529,1,0
189.91234052149122,0.4948374608311192,51.340807324615874,1,0
189.90100967771875,0.41740857062565,50.52745627644237,1,0
190.16378274776193,0.40691104124204963,50.911816555740806,1,0
190.01092497739435,0.465314717969133,50.77397811951322,1,0
190.1275412239345,0.5094253428736655,51.04510996257912,1,0
189.9025482803934,0.4332994058249168,51.11246451120588,1,0
190.12008180456954,0.4266406721545332,51.543627809140744,1,0
189.98805995114427,0.38352914183373715,50.80038072842905,1,0
190.45679851097717,0.46451036435404347,51.463791962166084,1,0
189.78282904423378,0.4852355406783169,51.24841803083872,1,0
189.8934458710895,0.42242057271865674,50.82704153608842,1,0
190.08057784603466,0.40602304203740447,51.47553276591238,1,0
189.91088811028095,0.38642173852539374,50.654506560779595,1,0
190.00241735957803,0.46953580178472704,50.890823748379454,1,0
189.83093779821857,0.4249154935473143,51.43610142445671,1,0
190.36958977034905,0.35157069159426213,49.97044708691671,0,1
190.04087815933747,0.5678705070410441,51.28834828991234,1,0
190.1164004258268,0.46419544657454603,52.08667415290202,1,0
190.16579481894485,0.37126380043202867,50.796085447331016,1,0
189.8705193632073,0.3804490190390881,51.456975587704584,1,0
189.51385455103627,0.42242267418296797,52.21347365639174,1,0
190.1970609139266,0.4364925459323293,51.721921610973766,1,0
189.8934768532544,0.43254487180629214,51.29980988316331,1,0
189.95198845319115,0.520708845370031,51.35892047690357,1,0
189.77287139365146,0.40425630869144763,51.31825323689654,1,0
189.92296807049513,0.3656275532841417,50.54119307167778,1,0
189.84113910969845,0.4289370897675854,51.97004041217108,1,0
189.8384664665779,0.41668470529153057,50.94683275842302,1,0
190.01288335772097,0.4666618984097319,51.55277673171144,1,0
189.85129661637177,0.41825675996608125,50.34872022805503,1,0
189.9154420230815,0.32146694086962835,50.39427525020484,1,0
190.07408811434524,0.5523571375669869,50.66665527386368,1,0
190.0027383481588,0.38659450874206014,51.46872066966076,1,0
190.05530289431735,0.5215904555292173,50.87872837400074,1,0
190.14849936781135,0.45791126731026327,50.70011626164861,1,0
190.03444751765454,0.343395927160135,51.17753980714231,1,0
190.22036401279786,0.44781177876461076,51.48414249286936,1,0
189.9897993084815,0.44047798578073294,51.51790709993285,1,0
190.20523717225134,0.35151534918376204,51.944414347323786,1,0
190.02490012061384,0.38488608041417915,50.35578612439544,1,0
189.9331300518652,0.5540445733518691,50.71946327364675,1,0
190.15906633973148,0.42659403695992193,51.54726012327843,1,0
190.03314677476908,0.5095785669994835,51.52178098643786,1,0
189.97662207184334,0.48986752558550295,50.65766326447998,1,0
189.74301789042417,0.4891292974546007,50.53496428656109,1,0
190.02425169417083,0.3938268175646918,51.59099412663477,1,0
189.94520577871702,0.4001911059363752,50.90970652571932,1,0
190.22500887637565,0.49379395190710507,51.73533438262069,1,0
189.98985656057053,0.46735032465179005,50.480067268625085,1,0
189.99701616538957,0.43044389736074873,51.08082262052146,1,0
189.9611609982004,0.5376626317820068,51.45789389741111,1,0
190.03121691709936,0.5283970777145192,51.72529557598148,1,0
190.0418267923175,0.3857234521359141,51.307882158016945,1,0
189.91259058688198,0.35307402703270224,51.338308189423,1,0
189.70933478645432,0.4774896590569483,50.91564848796019,1,0
189.9740781708217,0.39761307173810273,51.1942450793073,1,0
189.75348794941442,0.4524839933966752,51.133185526273216,1,0
189.93697841104026,0.3968187564539285,50.84920978126022,1,0
189.98084025528016,0.4043476091669643,50.61186725114444,1,0
190.12431252392847,0.36043025191348527,51.361645169250615,1,0
190.04084774794455,0.46714691371918954,51.28983869110363,1,0
189.63996369485656,0.402071385827614,51.81180013941353,1,0
190.25182081122594,0.41256607233242176,50.85093883937709,1,0
190.39519916474077,0.6648748604325576,52.227654799761844,1,0
190.14724292529604,0.35382225063116524,51.15302097964566,1,0
189.935911592778,0.5228644512686182,51.51715313161432,1,0
189.98391480432244,0.43930216155748203,51.22464274981676,1,0
190.24958693943563,0.3946669346873676,51.21708969761375,1,0
190.0654388984989,0.4608994060020245,51.419884855323446,1,0
190.23071534822913,0.2993866113947357,51.94185212450369,1,0
189.9638475189488,0.4005567798503726,51.86690750160083,1,0
190.0563518631105,0.3238398656616374,51.10139747609745,1,0
189.66408423135556,0.3562337821958607,51.61854273705476,1,0
190.24858024305925,0.5573088915029071,51.98988801851784,1,0
190.41265774225994,0.4094302238549995,50.86061353838907,1,0
189.83891911110658,0.43175986928699034,49.96756492956926,0,1
189.9646827794457,0.4733675548644872,51.3010579299921,1,0
189.9462136831056,0.44970615187714935,51.048814684541846,1,0
189.87729278173862,0.4958791680771644,51.1482584259659,1,0
189.8159832781269,0.4157045453602809,50.559704087369894,1,0
189.88593408322507,0.36442087538920387,50.79352016347112,1,0
190.03934439215442,0.25945698240441967,51.4820473653114,1,0
190.14261676795064,0.385823042743418,50.647811329055685,1,0
190.30605129288136,0.4356505936514786,50.13578570032259,1,0
190.02885910645847,0.4877825927443655,51.59340880636934,1,0
189.88283809963497,0.5377632924869123,51.203585050819925,1,0
189.85416794981046,0.5189241083168448,51.93283155973979,1,0
190.0039886232741,0.5063241317786202,51.70980891118614,1,0
189.85081053860856,0.3740739890131789,51.457738849256536,1,0
190.14137929843636,0.4778795915330918,51.56416341295727,1,0
190.04218548689596,0.3786043190412368,51.837446962295694,1,0
189.94048589313314,0.4346039672609032,50.4705497030911,1,0
190.08010657997025,0.5104036692346977,51.15702525059322,1,0
189.83698538247438,0.4591782287206328,50.505310946949066,1,0
190.18478453157581,0.44797993345321724,50.92115199117513,1,0
190.08105271589224,0.28896011499873253,51.3419152431826,1,0
190.11212720633674,0.3342566172249823,51.36553743866962,1,0
189.9475436362054,0.45453274382256137,51.51282531546479,1,0
189.90952363813508,0.3418553345488782,51.58457757649376,1,0
190.08095787022324,0.49711196184321704,50.55257458884512,1,0
190.01101087514064,0.4404630438437088,51.669256910324705,1,0
190.08791967629458,0.5417120726028597,51.45626035661472,1,0
190.01496107060646,0.4003726984279876,51.48431303679713,1,0
189.9245175342961,0.3994716721927477,51.30088798078406,1,0
190.18636065772935,0.37410309151109916,50.90625942664197,1,0
189.73991191499707,0.4230482107071222,52.83408781352763,1,0
189.89324493366635,0.4363024899991998,51.314696890556995,1,0
190.0931061270749,0.30176446423960696,50.54260705776129,1,0
190.22985901451082,0.6106505913081952,50.17999521373366,1,0
189.7335228104412,0.5004074706683443,51.32014657605382,1,0
190.0465029881508,0.36417844572040503,51.66112499128495,1,0
190.26065894096368,0.5289291403041934,51.6106937934759,1,0
189.96129734345612,0.36548276128418894,51.65018248001349,1,0
189.68526601460516,0.40532819319774377,50.954101691888184,1,0
190.0438335220205,0.3832024420728188,51.86724482851983,1,0
189.96663172184324,0.4336806219908037,51.161709755459256,1,0
190.21180211820564,0.38304910750389404,50.5985698632414,1,0
190.10295703301767,0.4309891322195207,51.803960006954696,1,0
190.08939759384407,0.5077294306093096,51.62786639078766,1,0
190.02127309721402,0.39404342149708,51.65848093897829,1,0
189.9840854110353,0.4637432116854146,50.885445341607266,1,0
190.1405908130341,0.4285073004644347,51.184947431669634,1,0
190.14192337618334,0.5878461277808583,51.24641591348246,1,0
190.0695097050935,0.5442153582722925,51.569435735592435,1,0
189.98857922691147,0.42398819936974325,51.32921414261028,1,0
190.22529266273273,0.45337839380363604,50.79001664643171,1,0
190.18686321137872,0.37773373858438897,50.23481395443755,1,0
189.9914565933769,0.4979568450718082,51.40894547277357,1,0
189.74454108518603,0.4621554720241716,50.80431196498207,1,0
190.0373118442249,0.4578237928242355,51.46456906409265,1,0
190.04547471031086,0.4064594180553071,50.98522570731764,1,0
190.04826426924905,0.3670963765636939,50.90443287504426,1,0
190.04858414645125,0.6539869917561842,51.48170515859175,1,0
190.17559085838252,0.4769829563784115,50.84232546880246,1,0
190.0959928120389,0.32186846725836804,50.9135790692724,1,0
190.0369894413052,0.4062202515044488,51.31488302579792,1,0
189.99630142680834,0.5595784180338024,52.15994226389036,1,0
189.98537936538136,0.5004121897284737,51.34537410920173,1,0
190.08359925234197,0.5179255898334465,51.40162736018172,1,0
189.88636066482047,0.39117102718955354,51.29522720092324,1,0
189.88601313503992,0.47528871386208943,50.5626640983217,1,0
190.00492796965491,0.45726979491804365,52.051605900431106,1,0
189.90155522288222,0.5304600275015184,51.06631316417521,1,0
189.8390369303263,0.4185931264913147,50.56813369802397,1,0
190.0526850600025,0.4113514552933078,51.34608595632847,1,0
189.68111731514793,0.38532042352047896,51.457147835862955,1,0
190.0612287254233,0.4484018207411339,50.13885952447374,1,0
190.01664006664436,0.4334859979038105,50.59407304710662,1,0
189.90410336189214,0.5434734080901219,50.65572278334234,1,0
189.98323735326565,0.41739925285587814,51.74417880064153,1,0
189.9398067694361,0.45625121757338283,51.44280657423113,1,0
189.9705085012162,0.48525561196587896,51.59191711769518,1,0
190.27192331134432,0.4925838328303059,50.68871721167287,1,0
190.09647354235705,0.4783217159650762,51.151728242001205,1,0
189.7272860073579,0.5395715041031024,50.87538787674804,1,0
189.82445936257122,0.41045835976559086,51.56817437132506,1,0
190.05041648147252,0.5798079468268366,50.93461730863229,1,0
190.115560460202,0.3525798761614819,51.37616512582192,1,0
189.8306876703822,0.4834744333420068,50.00153043091738,1,0
189.81527166993422,0.5768018256522668,51.61906180340585,1,0
189.98558061381962,0.4321071009700276,51.48203073225849,1,0
189.98722595337233,0.53667762794744,51.30913862417545,1,0
189.64839954951591,0.44842931561331933,51.21164483031077,1,0
189.7387592892505,0.5480861904475297,51.447280705555755,1,0
189.9559318826717,0.44985461999836945,50.58288921452025,1,0
189.9546197079922,0.37459287333020075,50.45399349823637,1,0
189.91235029665665,0.38316151141122645,51.98459382126283,1,0
190.01471646979581,0.5709473134396077,51.375701488423395,1,0
190.05478936994555,0.33770188160949305,50.756403799692826,1,0
190.12074998288622,0.35621140195868295,50.56828758881261,1,0
189.8306548598655,0.4534148664703896,51.06204809487249,1,0
189.921973597023,0.4423993436977844,51.19355761438424,1,0
189.80948516551814,0.49015009661803854,51.93000804247543,1,0
189.63744646156704,0.42392196191927634,51.70125076946903,1,0
189.80123341902885,0.4600040629741302,51.68195069091522,1,0
190.1519256329141,0.45466434865888883,50.3900232424301,1,0
190.07706101585256,0.4659501132998949,51.27930807796833,1,0
189.73263412699012,0.5705089947259967,51.156654877754185,1,0
190.27101216393046,0.344706806031293,50.783943508010005,1,0
189.95988591542744,0.32474687003823377,51.488374481070245,1,0
190.16457636033581,0.3822491135703434,50.77354054999372,1,0
189.826597107217,0.40844858253796945,51.73832892037253,1,0
190.1242981447711,0.5170069511230706,51.43332499145989,1,0
190.01124303848067,0.4293708252972421,51.3517914127369,1,0
190.07862267530555,0.5652162073101067,50.656916121986576,1,0
189.67291034775852,0.5880774836069432,51.83047050106397,1,0
190.1996526573836,0.39901204553809744,51.412503215042825,1,0
190.1609728565807,0.4228643702382105,50.6563479142703,1,0
189.77968254038095,0.3282774348834285,51.20008044080472,1,0
189.8412474040959,0.4091909884199027,51.192235961265105,1,0
190.20111417744582,0.39445334847455243,51.13161950032386,1,0
190.170095583238,0.3585743796587245,50.719770683556156,1,0
189.97158435091805,0.47688621901144745,51.47879071446523,1,0
189.9596951941488,0.38183572786606834,51.281204807529,1,0
190.2780338253639,0.517356106511188,51.07261566373094,1,0
189.98027113428827,0.30899725459257243,51.40486896414971,1,0
190.15785537377937,0.4941437124319037,52.32870606557107,1,0
189.7807389324318,0.4512106051171142,51.32475679976578,1,0
190.10720605549764,0.3811735151248522,50.41756716455623,1,0
189.9474512658846,0.4729841298071245,51.03599304770301,1,0
190.16570007325944,0.4213748588900604,51.531450252168,1,0
190.02750464360506,0.43785319682776613,51.05335623587126,1,0
190.2385422864289,0.5527239003231714,51.37263091415715,1,0
189.89551333997363,0.40226920863311993,50.21570730917763,1,0
190.19510343720214,0.4295886649760092,50.32355512960934,1,0
190.0152613444391,0.40620151198115784,51.213641329863165,1,0
189.72856338875314,0.32095004610278444,50.98274186422722,1,0
190.00857712152833,0.36008822328286244,51.58233422896703,1,0
190.23718054076676,0.47430679095420186,51.60370181765898,1,0
190.05780172716055,0.3803003825211561,51.46691663734909,1,0
190.01545237288,0.47482759990916706,51.15673687491965,1,0
190.12972200463247,0.35562752765152905,51.062717879107474,1,0
190.23308177831535,0.46748994219084244,50.90778281745725,1,0
190.11633696131457,0.27050425427754765,51.3118006112496,1,0
190.00206451600732,0.5205355692229418,50.8074394797919,1,0
190.0914599088126,0.42403570160253123,50.99852992462992,1,0
190.03230848816207,0.48654820637079904,50.56821851445131,1,0
190.04284650564588,0.4610247478604892,50.79490865075297,1,0
190.1540680046609,0.21368212683335894,51.30060010562357,1,0
189.77681645249345,0.5858503757537517,51.429321794275616,1,0
190.0899454556194,0.5128896091147834,51.36741256263574,1,0
189.86241283878047,0.4214217590912211,51.70260973530442,1,0
190.1294983001698,0.46387890911385504,50.72257123089202,1,0
190.05220781776958,0.48637400862722646,51.69692823427912,1,0
190.21200446912226,0.5292602543544758,51.31913420594795,1,0
190.3219561990739,0.40452409538487155,51.173170316848605,1,0
189.98845164678394,0.6032531021998822,51.89949506553065,1,0
190.09090764190637,0.3795590237941721,51.84830357937029,1,0
189.94472503580482,0.48914269886727835,51.97061503352907,1,0
190.1616868690311,0.48152623401998396,51.4240626496924,1,0
189.88671856368757,0.41302918881977685,50.413933760777276,1,0
189.82715211643588,0.4071402848402855,51.15713341006708,1,0
189.8862927778721,0.4285824443958109,51.0884585153439,1,0
190.1190464658405,0.3770778062601106,51.83304465742389,1,0
190.24678960365728,0.5264465903577403,51.343416569830325,1,0
190.16506285140002,0.3572787329711595,51.277630435967275,1,0
190.16860721307285,0.3906889498288106,51.47110618188295,1,0
190.16044108616725,0.3904541026627648,51.271315783799864,1,0
189.75911926505327,0.40722640422054196,51.21951345991588,1,0
190.16365014672905,0.3252584300442024,50.69316339075856,1,0
189.80721300745168,0.3808452869178974,50.88208516305326,1,0
190.00903201179585,0.4234407570295034,50.372907191290786,1,0
190.0556495633068,0.5493497045100976,51.031573179460835,1,0
189.84773793294164,0.3989906508565277,51.42102498599104,1,0
189.76276817903926,0.44577127826893687,50.52140521539957,1,0
189.9743375709121,0.5101402490173862,51.42931387631508,1,0
189.75901800295873,0.5817184932242679,50.718629930290035,1,0
190.0938407112589,0.41937510235886255,49.754452335351814,0,1
190.08899325308113,0.41299465414669967,51.368745165803794,1,0
189.93720725533728,0.4837353353953785,51.42945550922186,1,0
190.19461911231463,0.39893756803460684,50.62407100774708,1,0
189.99851439655387,0.4473355844651431,51.72936366887613,1,0
189.93023064374728,0.43091146575039607,51.53556784081583,1,0
190.08240560892102,0.44155904417052305,50.79179585240666,1,0
190.10308192374498,0.46942760558275837,50.999790272242485,1,0
189.90789341091266,0.39561456871800765,50.7066984397273,1,0
189.9049114310531,0.40834147730611503,49.59872075806471,0,1
189.92904801461978,0.4195885377123588,51.8942486082597,1,0
190.100816887642,0.4174387382002276,51.98536075872625,1,0
190.18741884258668,0.4982806927549145,51.73817397675036,1,0
190.1453637157692,0.43777038688323666,51.83615501893858,1,0
189.60491766423476,0.49451673700888316,51.76474465201686,1,0
190.2554123450743,0.4976638321530844,51.36102391289652,1,0
189.91250398363223,0.35175839874658166,51.27990412439384,1,0
190.00038237402697,0.43368817252023767,51.55455865874771,1,0
190.143128823378,0.2804682651205474,51.13723154816673,1,0
190.27517340328762,0.41171084974286354,50.97937946330928,1,0
189.92329529813594,0.6580212767044065,52.518178934160105,1,0
190.18761745326324,0.4013905122189885,51.1912334661481,1,0
189.72836637830525,0.41877879796017237,50.546855533790904,1,0
189.9694040708024,0.4188371299921192,51.530117499600266,1,0
189.700623119877,0.45209382369417667,51.11994910561067,1,0
190.0408963123638,0.41075617488423694,50.87320073261631,1,0
190.17792976020593,0.39557176572006425,51.943930094456505,1,0
189.96949011872047,0.3474021912514768,51.13168991441508,1,0
189.9208589361133,0.4520772143264666,51.061975408928745,1,0
189.57738249067967,0.5211030936514548,51.06306729864201,1,0
190.0066135407779,0.5748780246673925,50.95743733072682,1,0
189.98312543656624,0.455306274977414,50.7636489564346,1,0
190.15142265962677,0.4746014537658372,51.356719623133806,1,0
190.01677929645,0.39422260805050846,51.7083515015146,1,0
190.10257074334237,0.36358211252016137,51.092834014573455,1,0
189.92340745981764,0.5142162699826701,51.93537242272229,1,0
189.92919716562344,0.44213741255404343,50.75507505047404,1,0
189.85820609580577,0.3798083146967848,51.34584355963514,1,0
190.05033311675254,0.5814304284201263,51.51807688820419,1,0
190.16057108275524,0.3664891112958338,51.196928375721605,1,0
190.0559564997368,0.398075758500627,51.113896772378666,1,0
189.92835269409846,0.3247492246769994,50.195068523397715,1,0
190.1569634282407,0.4449489663243117,51.08997070174829,1,0
190.2016727399875,0.47335581740736515,51.34447147537617,1,0
189.68887528315915,0.46874211031091323,51.28215153528596,1,0
189.99626623301285,0.4317760376318787,51.735797526482386,1,0
190.16113590999205,0.3730347345214428,50.683620945292525,1,0
190.028680425061,0.38614631847695224,50.421342157152914,1,0
189.93492276337906,0.49127589483775547,51.65072126347927,1,0
189.91460130302727,0.35099104262033953,50.59959473824478,1,0
189.88074028057585,0.5638136025058418,50.671079294469884,1,0
189.82803513121462,0.5291832772363978,50.408927398022676,1,0
189.88402489560212,0.4853391975329762,51.25523510582657,1,0
189.92448469642235,0.5275854065428133,52.13930568102759,1,0
190.07067625113118,0.3238021559511038,52.54754830780037,1,0
190.24833782567777,0.5654164588929789,50.74312303649513,1,0
189.9310768625694,0.645951760867617,50.90854970919754,1,0
190.01127028127937,0.5209614133558624,49.984181280613036,0,1
190.19719245147198,0.5598727721152889,51.872175886534585,1,0
190.07786350211174,0.3980967043580448,50.998717040040205,1,0
189.85484950314375,0.564520488081879,51.56184263853548,1,0
190.04910412258727,0.44260811841890285,51.076687597527005,1,0
189.84153957802465,0.48260069459969085,51.5746315387335,1,0
189.91229541277104,0.37118625012418605,52.13174824700973,1,0
190.09531101030032,0.35806264765011203,50.57464307085737,1,0
189.938533002044,0.437630073186145,50.82810086032642,1,0
190.41191569606787,0.5056693254375566,51.064365245595425,1,0
190.23679180762795,0.3902955947185532,51.71999582896731,1,0
190.16759769164963,0.43597739611663766,51.59174159980847,1,0
190.0245937844756,0.5210129026186177,50.97884860478436,1,0
189.96958153553936,0.4655649528079963,50.925883150477944,1,0
190.0720611986703,0.38482151448708624,51.278718817168084,1,0
189.90702170111663,0.45834431517395846,51.34657005756433,1,0
190.05199853718543,0.5403428488883363,51.41051944016098,1,0
189.89748269716034,0.4308806644378626,50.71334165271575,1,0
189.99577241086433,0.30789366925431644,50.74559565782049,1,0
190.21194825960154,0.5085508121042337,51.129774108569684,1,0
189.92882297215598,0.3406099162577829,51.03185230410941,1,0
190.08168761830515,0.4797240659362821,50.465241889455655,1,0
190.16383627286777,0.43280594041438203,51.31205219013865,1,0
189.8230660918015,0.5975572648667313,51.51747952425596,1,0
190.0784660030363,0.46933075147382525,50.75247166039913,1,0
190.18684746082366,0.48090060593467965,50.585258516056456,1,0
189.71081565754466,0.45614418642809906,51.422601584450206,1,0
189.950547551402,0.252231036970786,51.39666173055805,1,0
189.8406534211106,0.3929882038838603,50.799176870549545,1,0
189.90189577920316,0.4805538854213857,51.27255904399306,1,0
190.11394271381988,0.550486691990843,51.44179041972944,1,0
189.97163641079842,0.5146520265641058,51.21065335134774,1,0
190.12834663474214,0.3701456258831831,52.704928899444056,1,0
189.84357226489195,0.42150210656884446,50.24777302606396,1,0
189.89270708541392,0.31591844859153745,51.549172035539996,1,0
190.05460141336536,0.541629525443067,51.77306145894576,1,0
190.0144121540956,0.44400901937246606,51.71708476770991,1,0
190.10263068729563,0.39162585784768944,51.16609690991962,1,0
190.21200488178906,0.4789234470130936,51.369111439070316,1,0
189.94965290991013,0.4197270616232103,51.627353623658685,1,0
189.9608996415175,0.4347729507596488,51.84442984004641,1,0
190.04161726785955,0.3245365640037805,51.70979451941219,1,0
190.12864257046297,0.33997085291348783,50.87886858315811,1,0
189.8510797669555,0.44425732661709505,51.45967708247774,1,0
190.07194543245672,0.48334321744932046,51.609508883801595,1,0
189.9311057900151,0.5210980968663917,51.69823617147852,1,0
190.0711258159309,0.49853465881094705,50.99786465792201,1,0
189.81520558840745,0.49443841206092615,51.112356163946075,1,0
189.98625621629873,0.3831418570424949,51.45967988569155,1,0
190.02272973834377,0.3888253859704058,51.09146150130618,1,0
189.51110067093487,0.5554033121863435,50.88158107089836,1,0
190.2504053005619,0.44266201136656746,51.155257938540416,1,0
189.96426991388577,0.4155415626407224,50.944970018787615,1,0
189.8376511415155,0.40675240277204355,50.46236305203026,1,0
189.8962109066639,0.3834263714731223,51.96537199813648,1,0
189.9811033335324,0.5177094678936734,50.95497968558658,1,0
190.14920850961698,0.49580128300767995,50.70822527740779,1,0
190.21494016765982,0.44742875746207733,51.36462934804106,1,0
190.02209699686455,0.4464651181844474,51.48268997391476,1,0
190.05602518905303,0.37538227057628965,51.11147973768468,1,0
189.79856514764836,0.4839615720942939,51.39937816439955,1,0
189.7293175300104,0.3486720663401146,51.61435183794864,1,0
189.9037677257551,0.35293028432555534,50.91302034039396,1,0
189.84508336363513,0.47804331839539566,51.22551727725411,1,0
189.89063360523295,0.5474803278644073,50.924881258750716,1,0
190.13719067382198,0.47576840407908627,51.7646074453174,1,0
189.96723580777046,0.4517088289130349,51.77816493288602,1,0
189.9224915317459,0.5671946116351432,51.04415605737399,1,0
189.9880213242495,0.6651127206358236,51.47022745634853,1,0
190.1628775367513,0.4892192336745631,50.93235554567769,1,0
189.95727514832723,0.3896274360175583,50.63774906929133,1,0
189.87835051947502,0.4256068744850419,51.48517222245955,1,0
189.85383192728298,0.3264533186458626,50.77330362990641,1,0
189.85098707082906,0.44564702908520104,50.93502753076667,1,0
190.04076271317481,0.4250250639091023,51.08533240999643,1,0
190.04132541921157,0.38858369629929085,50.526197289987344,1,0
190.1415581668449,0.4647041060957534,50.21619330555264,1,0
190.05520470876792,0.22586137550795765,51.528382965322116,1,0
190.13069341319917,0.5208926300663672,51.39761555509756,1,0
189.9353520571573,0.3454173701450201,51.46130711570619,1,0
190.14339087033943,0.47251927593162285,52.142210110376396,1,0
190.03457119681073,0.4481695962463946,51.39629847867118,1,0
190.00277389629744,0.5606496632597271,50.57166060460436,1,0
190.0967605091194,0.438604095554947,51.0079877432435,1,0
189.78023296362161,0.4317355925718674,51.434213742256496,1,0
190.15577660995362,0.5171353796622518,51.67094654396813,1,0
190.09475310117878,0.5634589019307928,51.395051054674965,1,0
190.027389918646,0.48543590296673617,50.893304219712036,1,0
189.84094775399163,0.48989834688980083,50.229573457394075,1,0
189.89977388643317,0.5263535172407242,50.73532174973364,1,0
190.13470058566216,0.5234800701644123,50.85755958467498,1,0
189.9629802766802,0.3552483278436171,51.398462665166754,1,0
189.86661330079517,0.5390055749064834,50.79063632438257,1,0
190.17570228427198,0.608094214695359,50.617344614532854,1,0
189.88984467861252,0.450550568003347,50.96917162604468,1,0
189.92305009809792,0.44547652589602055,50.59881315155901,1,0
189.97187354526955,0.4314817757347794,51.14454475317194,1,0
190.00459847191067,0.3708440757044625,51.182630216763414,1,0
190.02421388472672,0.5043604084373343,51.002276337343844,1,0
190.25526958010656,0.4005640918067235,51.5103567678231,1,0
190.12697131603002,0.43983457327856584,51.559357660633246,1,0
189.79745518434106,0.5144923623163447,51.34749320159325,1,0
190.19731339143897,0.5211545882387637,52.224882449624474,1,0
190.06956166259255,0.4445143358007707,50.48946580958382,1,0
190.15383938562354,0.46718231923654646,51.00667502330494,1,0
189.96044027006795,0.43039854071575523,51.58264211806652,1,0
190.29874502096015,0.3402227817311823,51.22254639486573,1,0
189.89111789331452,0.42125115595558293,50.806877419991416,1,0
190.10141722611803,0.4301887764155504,50.84331688772433,1,0
189.9093829519226,0.4626884802503039,51.35195926562513,1,0
190.17829165547693,0.3810434992157698,51.14393415516662,1,0
190.21738060664444,0.4845993333882762,51.734738901425445,1,0
189.8943028642297,0.4652949582294614,51.55294163192123,1,0
190.18730085055827,0.5794072073631903,51.3460395032187,1,0
189.90526575940933,0.4221852260542531,51.278682102727075,1,0
190.1253316436635,0.37742833112344853,50.79746723577584,1,0
189.7584202955717,0.5289906845188355,51.47549120119154,1,0
189.84760137707048,0.41336589549560293,52.253366754948956,1,0
190.14042495848682,0.46208630537919476,50.69355802792859,1,0
189.7944835735959,0.5245106048678568,52.42189304014986,1,0
190.23851281235522,0.43056379871006467,51.282119830186424,1,0
189.928250331318,0.43717995627955614,52.42911131559311,1,0
190.0845199425324,0.49352714924601926,50.88223677609092,1,0
190.10682823335608,0.36098368046027307,51.824266631108394,1,0
190.06272187171768,0.426440849016024,51.115742157852544,1,0
189.6627513919466,0.35023137331038096,50.77694887649894,1,0
189.94153739542597,0.4260864260960005,51.19963964685181,1,0
189.91398541421773,0.41748648052222853,50.768583009079656,1,0
189.75306337645452,0.44943470262426793,51.163668148800866,1,0
189.89732958772095,0.5292499058900736,50.28548956867834,1,0
190.21800212261567,0.5263313024220365,50.97666231107592,1,0
189.7977900412303,0.40618281214308566,50.43660592463474,1,0
189.82945804643276,0.5318791943094056,50.14475814881335,1,0
189.93542723865403,0.41595280337181295,50.288439665345294,1,0
189.75475872575353,0.49717098283218686,50.367593498593784,1,0
190.22740780288098,0.45319032058873226,51.58921585414199,1,0
189.8580317235944,0.5482860555068517,50.866529964284844,1,0
190.13980176964864,0.3923926396088066,51.33440895201182,1,0
190.0146185407418,0.5722186544843603,51.84502785624681,1,0
190.03500526909002,0.46893846509820986,50.56106932229546,1,0
190.01240633575918,0.4889048357536389,51.003606101700676,1,0
190.0530373649025,0.5254885339149852,50.96423185203375,1,0
189.94837078705547,0.5048635644563155,51.85923252689501,1,0
190.03063627627762,0.5190558048887278,50.68904693158311,1,0
190.10237914811034,0.5523068942374992,51.57858702670229,1,0
190.09765301818587,0.49874080616716066,50.56228653162441,1,0
190.0819961170813,0.3898327337435476,52.394522644070655,1,0
190.11755067060932,0.42963397457282027,51.00252047644316,1,0
189.93732515358417,0.43255678485048266,51.869749179891464,1,0
190.33296553806773,0.4295046129951734,50.861440822398556,1,0
190.1596570387108,0.3158327180987793,51.627480279154724,1,0
189.9587475177274,0.42532049796426474,50.94595306889288,1,0
190.3480256011263,0.40263557639381276,50.41810680394054,1,0
189.61827527750467,0.4051060621851851,51.01976150558412,1,0
190.0866789976587,0.4392590834999921,50.618588929525195,1,0
189.91628861452472,0.39728905937695114,50.48672351651877,1,0
189.74397349287003,0.5279936230254652,50.798234144025116,1,0
189.9102043235356,0.4901833091045699,50.3166317115339,1,0
189.9700880477665,0.5405394490661408,51.205980213788116,1,0
189.9429546553529,0.5152665916870185,51.17286706897284,1,0
190.26285090358056,0.3940733037901979,51.19861940002203,1,0
190.04383296251865,0.5720824843820213,50.94853960681976,1,0
189.94949356257197,0.5146901815985622,51.93426754574835,1,0
190.11778225366197,0.40929868718396467,52.13900820868839,1,0
189.9410486455048,0.35881459161499235,50.517568769539295,1,0
189.83227916934024,0.3954858973374714,52.07833948515911,1,0
189.8352166146811,0.3217460757286474,50.89032639092832,1,0
189.9911100015209,0.45509739439683905,51.855340504906636,1,0
189.87373273921853,0.5202448383718933,50.938729876484324,1,0
189.9802254411886,0.40513153084957654,51.40665412892094,1,0
189.88379778675267,0.5718002854241606,50.92687067873024,1,0
189.38273782828463,0.3873645860371859,51.83547304902669,1,0
189.63040909219924,0.35324175465010804,51.065005437027715,1,0
189.73342973310184,0.5292641969622919,50.559442794813464,1,0
189.9727051618357,0.537186621816231,50.710519493791395,1,0
190.0120764367877,0.5096290641932445,50.96382643859329,1,0
190.2083461825452,0.4598752391742097,50.83762919035353,1,0
190.22111967681673,0.47106420492194895,50.79802191322973,1,0
190.11809857405927,0.4728497830231148,51.41410854506709,1,0
189.50697929053484,0.45710528738892703,50.93199591897935,1,0
190.1089256275921,0.5788295911741026,50.769534865024745,1,0
190.03721856242362,0.3844443958350716,50.933534784123296,1,0
189.81295705812096,0.25605938001183526,50.9909390784863,1,0
190.2165248840278,0.5085799252701821,51.76262899449205,1,0
189.90719550269586,0.39801512431978847,51.20189385509351,1,0
189.78934815165485,0.42861960473021443,51.114815729787274,1,0
189.78333189945,0.3523319206632043,50.97588795595851,1,0
190.177519698404,0.2942275687757826,51.42710049724259,1,0
189.73921524781176,0.5402442437199289,51.4597509336098,1,0
189.7860539822708,0.43575132571587233,50.70259218205101,1,0
190.2510957471321,0.3955676120712241,51.33049303294347,1,0
189.556164157324,0.5200415022870349,50.58797102472676,1,0
189.99622948854037,0.5028834907822901,51.044440825617585,1,0
190.0156720151176,0.5042645281474936,50.79930932536022,1,0
190.28527331694252,0.3630788988328553,51.11650204165565,1,0
189.99835540105067,0.5361998909242583,51.251328355003736,1,0
190.08009228595213,0.40549183171394976,52.6629666095521,1,0
190.12676253569182,0.36824944899363,50.63179516851438,1,0
189.94632594609115,0.4563193326593126,51.351256929229955,1,0
189.91328162423116,0.34105460134032384,52.013684237145064,1,0
189.85287055809627,0.47568559453626047,51.13608666863236,1,0
190.02079580705836,0.40598756614296444,50.822347110308016,1,0
189.9586739142432,0.33557745823044044,51.249925353115124,1,0
190.47168052018068,0.6205327399702967,50.63206635873824,1,0
189.8639799919499,0.601429334211974,51.518086874295186,1,0
189.84496888400665,0.46833183803187833,51.41564099290742,1,0
189.9729708912249,0.3761595891858992,51.99232813931883,1,0
189.9275269475573,0.34974989045379345,51.15886643743426,1,0
189.97618038080623,0.4764021788339628,52.38984164158504,1,0
189.98225612559796,0.39103924000958606,51.11227993527895,1,0
190.1020077257696,0.5248831082770196,50.58263369981987,1,0
190.0874904821507,0.2587489841933125,51.46167566087663,1,0
189.79757661981276,0.46811859172471737,51.20165119722655,1,0
189.9177993561498,0.36748606432804565,51.01600652117902,1,0
189.96607809954875,0.5225640415442905,51.529450242061934,1,0
190.0166088481876,0.43341980694701393,52.57574087959065,1,0
190.12433741193823,0.42362393644882623,50.43010280332407,1,0
189.9924322743309,0.4242988824969435,50.71365052410064,1,0
190.02188488592716,0.44035586490978784,50.67464747479266,1,0
190.00935067632625,0.39881711136403797,51.10795928452733,1,0
190.04215918307693,0.42101268569848427,52.086491623947396,1,0
189.92988530205648,0.4919629546245517,51.252360316593126,1,0
189.83064025584196,0.4419701113378465,51.198739402262014,1,0
189.81551942944193,0.4797947879735759,51.04981085967797,1,0
190.0559756329602,0.5243356170010957,51.36463764796,1,0
190.24472205247508,0.3832772928298812,51.49842900710915,1,0
190.35950860194495,0.47344688172738303,50.76482911655023,1,0
190.20383548618133,0.5005718046632821,51.088589956792354,1,0
189.82182491531793,0.495312164695774,50.75202317504196,1,0
189.9754894580755,0.47211652002595067,51.48877399672006,1,0
190.18969119680014,0.41270773687310813,51.8027938375703,1,0
190.24826805033342,0.25831015461905454,51.93016920299255,1,0
189.91943517280257,0.4943157260443835,51.17012002709633,1,0
189.74048059485938,0.3931123875704688,50.35084413942586,1,0
189.94051529522616,0.5054574085768131,51.618469778210915,1,0
189.866383960867,0.3947567234269813,51.70044263730787,1,0
190.0496148032122,0.468282075730407,50.22236772874644,1,0
190.18927213318656,0.5742597829300722,50.942281266607914,1,0
189.90592314310882,0.5154897784239191,50.64527343112148,1,0
190.18288396676837,0.431622074672376,50.43979606278285,1,0
190.03481046791478,0.4239946643077476,51.02202737337855,1,0
189.93461896413632,0.5137135879237786,51.40120086140539,1,0
190.05359973035883,0.458719900626141,50.4269995725631,1,0
190.1188534865752,0.40183017581033087,50.68917843369559,1,0
190.04192099877065,0.4319598755862841,50.96296848042219,1,0
190.19266741349605,0.4926423856865053,50.626558441470564,1,0
190.17269340163313,0.5548505145788878,50.664770842319555,1,0
190.09050192316943,0.5136210234041505,51.19242466738443,1,0
189.9841034101696,0.45300644262870876,50.785143527595075,1,0
189.9482848544134,0.5410956548879383,50.961557061613036,1,0
190.34502849022095,0.3274632115402784,50.88291194654485,1,0
190.28431691085808,0.4480858200344725,51.82040999142351,1,0
189.90150996198275,0.3867664899897861,51.741470621947464,1,0
190.20594646431758,0.4135984864230434,51.865913620238786,1,0
190.00182109760314,0.4783559821286937,51.78646917186549,1,0
190.03877946043923,0.31445796525777486,51.80394179768382,1,0
189.6792026328247,0.5318803236181524,51.50071500347085,1,0
190.01683180582816,0.4255663476833303,51.58868197083028,1,0
189.9555387192111,0.5120829834523505,51.064986782328425,1,0
189.89818404027545,0.46231422355655233,50.49230777913747,1,0
190.09032594888873,0.41185209932403005,51.19412098728856,1,0
190.04857856481217,0.4105772317013284,52.205738960969185,1,0
190.0726313823257,0.41808664498986875,51.37544334018328,1,0
190.07472760181776,0.43505799837450543,50.64229406635234,1,0
189.9618509010938,0.42374345180152306,53.08013584290848,0,1
190.0844333863643,0.44320854749367755,51.11358859592597,1,0
190.24816383893275,0.3287702263945496,50.83922566846087,1,0
190.01210158139406,0.5419997018844877,51.08968273277153,1,0
190.18306105080222,0.5272038503046025,51.4104369768786,1,0
189.86038340024487,0.4116385653595768,50.491643959278434,1,0
190.11532638145906,0.5487192229770376,51.16068225613531,1,0
189.8590252650178,0.51401057044727,51.14117056707775,1,0
190.06084728438523,0.4136603588824979,50.199680672090665,1,0
190.34433840206114,0.5445558561889903,51.82231532478335,1,0
189.76418074390259,0.41027344149894657,51.066954529093884,1,0
189.76722433593767,0.4042400563733243,51.29546215832182,1,0
190.1691256152167,0.4057351416834007,51.220296805737995,1,0
189.7256135935423,0.474372483718333,51.553857700771836,1,0
189.63018604099412,0.49818849649384295,50.83048341491381,1,0
189.95186466301314,0.35421822402577935,50.46897474067381,1,0
190.1899292776797,0.48483317193655734,50.49246072270184,1,0
190.07047467872295,0.5078865336526328,50.731828187227485,1,0
189.95164346143483,0.39608895957282475,51.51856429941828,1,0
190.28464555388067,0.3906941150453325,50.25288907485194,1,0
190.21421694618488,0.31970887800995373,51.003955701301194,1,0
190.12185562989362,0.4378329259907528,50.43235094147481,1,0
189.83061010482913,0.4709291827124145,51.06802971702385,1,0
190.01612961698788,0.47449836577663795,51.00313780527985,1,0
189.961167402393,0.4073632469117357,50.6288762385092,1,0
190.3515099471723,0.5234115521247803,51.46471020429355,1,0
189.59172237180385,0.5897144580273518,51.234321452280234,1,0
190.00634694405915,0.5435588979045838,50.98183095907816,1,0
190.09407424711958,0.46749352135064065,52.195651466151645,1,0
189.77236903183072,0.5326757801303241,50.76254314075869,1,0
190.21375787362004,0.3886303911019787,51.51334918377701,1,0
190.00480125109488,0.361780698346256,51.50342206227819,1,0
189.96760777880095,0.3050491119101697,52.21540262883442,1,0
190.03383932796316,0.4593058958271896,51.057491692061355,1,0
190.0425731753285,0.379700741405089,51.87467011263872,1,0
190.1494840847752,0.5911364621454852,51.12873955349548,1,0
189.82582528356895,0.4893115145201772,51.07687184884386,1,0
189.83521527950782,0.47847779716150574,51.28754384020474,1,0
189.93491082384963,0.5378639110610077,50.88229139602941,1,0
190.0279235815193,0.38930126236657875,51.27886244111035,1,0
189.9181143590099,0.5598605000711481,50.82809981762036,1,0
189.93674909235,0.5156154823080012,51.65042366749601,1,0
190.24238185883172,0.37153069158508767,51.2427557728412,1,0
189.98360004769447,0.359313843225631,51.18813002932599,1,0
189.9600299674268,0.5015598801518912,50.71083933011355,1,0
189.98465945644543,0.4809077050617802,51.133967260786115,1,0
189.96020299815225,0.42272050680748674,50.53390722665316,1,0
189.77488576557704,0.482996731482781,51.057841631740786,1,0
189.92547322239213,0.5442479863765436,50.46767107829957,1,0
190.0651338807292,0.5172614223129931,51.9594697725933,1,0
190.17905350542384,0.5118878541911612,50.96872045174243,1,0
190.06143450499533,0.41426710794260174,50.233210009175885,1,0
190.01672931126822,0.46490428570597814,51.166268096255585,1,0
189.95365006731063,0.5038795105907686,50.932764682887786,1,0
189.97370365245297,0.5478082625513572,51.41622789236402,1,0
189.97826599617994,0.39974776764907943,50.99071231282104,1,0
189.95557246449158,0.40989414945407715,51.34453272098399,1,0
190.00555209200155,0.5436384711050246,52.02247752725764,1,0
190.0498629989463,0.4849447026759571,50.876593793627706,1,0
190.1079613921188,0.5159427418629873,50.443206639072876,1,0
190.06247272055697,0.47465638110120456,51.356918963083345,1,0
189.91405342620314,0.45386673274794775,51.56382581027301,1,0
189.8371425137521,0.5386874008415988,51.16481830617033,1,0
190.11187317549863,0.26528383891578466,51.7519146165665,1,0
189.87537195872434,0.48306527991023784,50.32816670050862,1,0
190.14958447771923,0.46007244085995563,51.06410891195483,1,0
190.02974006695686,0.5151864402077041,51.05537950897668,1,0
190.09810854411907,0.5107536833596354,52.15563306338224,1,0
190.35072584043562,0.3804185485463768,51.15688285772318,1,0
190.33691901638295,0.46695730849706735,50.73708559836582,1,0
189.9811912970556,0.465708431099266,51.018032240601016,1,0
190.01424284548452,0.3517221382276426,50.76490454754923,1,0
189.9179452419662,0.3793855088702315,51.024673325233,1,0
190.21821423102725,0.45421100926728286,50.791904667688556,1,0
189.8722515282316,0.516727090975778,50.105285490937945,1,0
190.0603424891087,0.396844357231752,50.644957334687554,1,0
190.0376989686124,0.43296129085736795,50.58758522698147,1,0
190.06908477843962,0.4326684522438008,51.827075472239116,1,0
189.70392008565466,0.35822049420406915,50.667752050417924,1,0
190.05988517919576,0.39803238345803765,52.39392358129206,1,0
190.02632490129454,0.44469179969922495,51.75544602253015,1,0
190.06923373496687,0.5286342166400476,51.580574068629915,1,0
189.8845780490146,0.43544891984442324,50.56752315056872,1,0
189.90012831501053,0.5165908637141615,51.22174998636551,1,0
189.84143426356573,0.4239762206482092,51.1503862548913,1,0
190.22134556818966,0.4542330034116438,51.841025945107255,1,0
190.1327484982475,0.4167374089739175,51.30344670138747,1,0
189.74848020606282,0.4731480865839287,51.5985538954099,1,0
190.09421313490574,0.36159270892980855,50.61227809690328,1,0
189.8454945547116,0.3082333539129992,51.54293150125268,1,0
189.9061794740059,0.5236768504376551,51.144450978658625,1,0
190.10277423040338,0.5146719102082448,51.32604373250654,1,0
189.7514149125147,0.4584533094896612,50.86544266719845,1,0
189.93361845601734,0.20570894049873667,50.328087678695,1,0
190.20978412078387,0.4707033097937934,51.871711567918894,1,0
190.12646981370386,0.4944035674309339,51.322418578287454,1,0
190.28959241649875,0.4805490695927129,51.70906760690089,1,0
189.9941362409275,0.4482675326815448,51.71857299166334,1,0
190.02973629640965,0.4503426842480289,51.113857133470034,1,0
190.11939330771753,0.3733342064193641,51.1250843133142,1,0
190.14768218097032,0.39485904803559696,51.2865119075428,1,0
189.81976400828293,0.40910300495949153,51.3268649402076,1,0
190.113683011043,0.5253540503160752,50.900242967835176,1,0
189.91950308935836,0.4708531140101226,51.47910513416439,1,0
189.69402796067385,0.46964596648219126,50.87475438013017,1,0
189.98333804486762,0.41989673577894426,51.00869895813077,1,0
189.94345222966217,0.5018851098735668,50.74692938019089,1,0
190.07589909088074,0.5125497918592328,50.995914960261,1,0
190.1710074406352,0.49746581301952914,51.83524902047941,1,0
189.88121522966804,0.5408869185944374,50.801310806179174,1,0
190.0182820419789,0.5262209023105883,51.19317743550629,1,0
189.97502118771504,0.48839906242167175,51.35833619549368,1,0
189.90516674149174,0.6034061528573321,50.509949704759656,1,0
190.15320488943505,0.5189632235134859,52.28419519493727,1,0
190.17172670455065,0.5530104275169637,50.813018606225086,1,0
189.6522784606884,0.4381723069572706,51.73387843517473,1,0
190.11045145479497,0.4978293472740859,50.35477679628437,1,0
190.1209854887652,0.457188059895112,51.12329526506689,1,0
189.9937556980697,0.5220333230632372,51.15571881502056,1,0
190.1255421833105,0.4814522587647941,51.23946338492169,1,0
190.14002841251846,0.43813226623869905,50.83239473689186,1,0
190.13003211556057,0.5540657774687563,51.09107999995636,1,0
190.18762300628916,0.3954331446842986,51.02772898538664,1,0
189.64540884582553,0.487835278072089,51.312922191647274,1,0
189.909813393738,0.5060949006393889,50.80393004851086,1,0
189.95374428922793,0.442855290091678,50.12381698321935,1,0
189.96149174451378,0.3717615277426931,51.35402962677344,1,0
190.04021374419176,0.5150873127797447,51.10240448576396,1,0
189.99777003035067,0.38939142567260965,51.307866688857814,1,0
189.99359822257796,0.2978932189608257,51.075438977741676,1,0
189.51370671337537,0.35025789687188846,51.32162825881766,1,0
189.90062056727444,0.4983681111147506,50.42590694308282,1,0
190.04884701398103,0.36262741301939255,51.002723109396484,1,0
190.06703259410386,0.4864438723513504,51.10626078297638,1,0
190.1751180578448,0.46686683479737273,51.42625961340896,1,0
189.85064147477854,0.4565320620053214,50.529412786677874,1,0
189.8818319469236,0.4367676081271428,51.55054695307816,1,0
189.9100473051205,0.5486492680267199,50.45165567282035,1,0
189.90874315337388,0.25159501959552477,51.51853662656648,1,0
190.01047958339188,0.4622227025800067,51.581496685887856,1,0
190.0723913819485,0.5178390801564081,50.72428706302057,1,0
190.14526739861057,0.4284448213176818,50.81560482709797,1,0
190.12669540610938,0.4749262215777483,51.27483633010159,1,0
190.07430056638836,0.4356669030325733,50.68264285114144,1,0
189.92128603664514,0.4343240940174896,51.529457084235055,1,0
189.9925671723641,0.4530175584754387,52.54704840040016,1,0
190.04133639425294,0.38001992078574337,51.88688901381524,1,0
189.77942059716727,0.41382773158943237,51.79999738165328,1,0
189.9347822318815,0.45342736419128793,51.0046827276604,1,0
190.14452229377264,0.41629597504208316,51.94254620740802,1,0
190.0081412437948,0.4724438013416051,50.5826477237952,1,0
189.93024795745958,0.37504702732277573,50.98367131402342,1,0
190.43037540300915,0.39624142324855915,51.220289617496604,1,0
190.0889639323295,0.505964587120586,51.05085541562181,1,0
190.05163191341174,0.5097971672956955,51.002658861629136,1,0
190.02911153007386,0.4516191670335321,50.64472808250401,1,0
189.90968559223325,0.5015040386132285,51.889242015768694,1,0
189.9667383730078,0.47381999711610356,51.25965192266376,1,0
190.06766343337688,0.5585584998213947,51.636569550732105,1,0
190.05603203964958,0.510196500872274,51.06656605010545,1,0
190.00914743437298,0.44990553479057505,51.83613292475906,1,0
190.0035826603002,0.4430072388052893,52.12883471633246,1,0
189.86881659724153,0.4138217698027658,51.252330154582836,1,0
190.1240290043251,0.48135851558535414,50.676893494493875,1,0
189.93194360390046,0.5442533788036282,50.87438380185073,1,0
189.99297742652993,0.5500551340567041,51.6526444627106,1,0
189.8751025867482,0.48743218977153907,50.84217196268243,1,0
189.80903190472876,0.48352568982911126,51.4088554882538,1,0
190.08741559986154,0.4664579968358869,50.934898775929724,1,0
189.92275833266993,0.5009907678759954,50.48157090381546,1,0
189.94623329197935,0.4803464816003628,51.22307710359807,1,0
189.88103466899614,0.4433187578128118,51.63038576347492,1,0
190.00437428923934,0.4552022973899251,50.51358253934568,1,0
190.04025745871317,0.5302737710714361,50.52660909256639,1,0
189.8601636055044,0.3921639900227718,50.91903546172236,1,0
190.2326551896077,0.45994510686668805,51.89510767771544,1,0
189.6699387499498,0.5085246705506388,51.11660272513033,1,0
190.05094962925108,0.4307664522637491,52.097585461491896,1,0
189.96547880294844,0.3686800986020058,50.73838458390602,1,0
189.93828482468916,0.39536480849276,50.885365196240706,1,0
190.36997071286592,0.4671536997110754,50.831453253778584,1,0
189.87257222603745,0.4963287576386347,50.61077094817229,1,0
190.0790788086852,0.432359154172925,50.98430389920503,1,0
190.25790113989504,0.4054917783625817,50.431300826669364,1,0
190.33742544677133,0.38848316804793404,51.67981043481696,1,0
190.03613162072054,0.4865205362782208,52.21447384607244,1,0
189.85741492226117,0.5878273927039345,51.160556806775794,1,0
190.06241590987503,0.3927868453526969,51.97691297993919,1,0
189.7296116027024,0.5008436444746102,50.51825957611696,1,0
189.90889526456132,0.5516951061713313,51.58749894345612,1,0
189.88496072146756,0.44601531638355557,51.02687050628891,1,0
190.1145300246537,0.4995325300667186,51.93969102327084,1,0
190.05454718625532,0.40170728763521785,51.612451787083955,1,0
190.01723523098778,0.5184177508918797,51.15152218241103,1,0
190.29711480182206,0.4767151986159833,50.69048091861004,1,0
189.72583059828253,0.4151365286444837,49.96823508902444,0,1
189.89859774344822,0.5886409929236338,50.819320662935624,1,0
190.24622453293713,0.6014860887258479,50.842335343129136,1,0
189.89328700222018,0.5112367443490935,51.57351319594936,1,0
190.22936106930626,0.4256417914997783,51.13052447395749,1,0
190.0125483247912,0.4716630547362213,51.732785406781574,1,0
190.07142221962906,0.5226551375285581,51.02258717687708,1,0
189.86120754489252,0.43066740688008665,51.70733361729117,1,0
189.78755233351768,0.5443465010439505,51.21483497987225,1,0
189.87478460242528,0.40655100729446053,51.324585138119296,1,0
189.84823104722182,0.432357194462789,51.28727049844319,1,0
190.00073851186315,0.523066160385704,50.571487536900605,1,0
190.06248328162246,0.3988504284948296,51.09257705577822,1,0
190.06961614176439,0.5011483002004934,51.64709215641149,1,0
190.12146584021335,0.5784269846903614,50.99577629166074,1,0
190.239181907347,0.44020017723636,51.44036939774774,1,0
189.9919775030481,0.39747210574708,51.5376878163257,1,0
190.08682397132546,0.3843472646936432,51.22464074852997,1,0
189.95892908455951,0.5312992177489819,51.03693482865627,1,0
189.7598096725014,0.44206783872973143,52.023838200988735,1,0
189.736997396863,0.5646132119720316,51.800841580947754,1,0
190.00989134141687,0.4673416096143912,50.67424366934151,1,0
189.89387914007395,0.4518153751232283,51.22839067201918,1,0
189.8185575872292,0.44517816912831076,50.47132652827296,1,0
189.88214868655,0.41268938622536017,51.16112438290968,1,0
190.08472841099592,0.3636433544158668,51.42494615330061,1,0
190.16114003205988,0.37145517752835383,51.436595558684054,1,0
189.9471140374116,0.43259389788123365,51.123012202858945,1,0
190.10123774362145,0.4303670065853882,51.771058369679814,1,0
190.0029773843319,0.5566076643821712,52.17741503747515,1,0
189.65553324846104,0.4816256344788555,50.683853406593755,1,0
189.85048489390817,0.3807170632560021,50.93318750278491,1,0
190.09350814183384,0.4452404011702952,51.1020666371089,1,0
190.19248814064508,0.49688664722492054,51.90247380961005,1,0
189.81642926290675,0.48903994256175315,51.35921481702126,1,0
190.0370478258543,0.44430023251908846,51.93435590448367,1,0
189.87325744144005,0.5217284551694292,50.344859301492036,1,0
189.95476896588744,0.325967761661184,51.2555957408528,1,0
190.02745953617674,0.4389819456650621,51.724850264640445,1,0
190.10420718709597,0.5073321063436209,50.52770809998412,1,0
190.19250594626774,0.4678390473258457,50.10677536393989,1,0
190.0192089464229,0.415980201716634,51.120441121111156,1,0
189.8084595732648,0.46818226399153184,51.47646285147729,1,0
189.7366249349756,0.5503822534897774,51.039079322591746,1,0
189.92931168205345,0.4063771930995801,51.03364180941753,1,0
190.4491212921484,0.5639889147658236,51.100554432223696,1,0
190.13461960796835,0.4412536643844852,50.98753521503705,1,0
189.8682108597144,0.3199673825157843,51.01754802503403,1,0
190.0871353361128,0.3873712059107417,51.057155775732426,1,0
190.19498146704777,0.4917602829365298,51.82129759201874,1,0
190.29627933116976,0.4631789327434334,50.92088744172457,1,0
189.9124440822232,0.4636847507896984,50.54480019681985,1,0
189.71542982727888,0.3189101284664135,50.50466361494195,1,0
190.01275514817345,0.44070768961878426,50.713046128364084,1,0
189.96608834128807,0.6057799551840327,50.66241701130117,1,0
189.92185249088888,0.4008956269352197,51.85995424014748,1,0
189.72559200162908,0.36129852056858286,52.21918915069364,1,0
189.91635860118706,0.5180892187776649,50.920071411926806,1,0
190.02303098415803,0.44641591936306424,51.35710164937828,1,0
190.1112771053602,0.46237969588217986,51.34124687073284,1,0
190.08101601308954,0.5123072153900666,51.63863997766628,1,0
189.95878470344692,0.4824328494560439,51.7699588365098,1,0
189.9651134895544,0.3842267731881692,50.757806778118756,1,0
189.80744842483244,0.46585036473815883,50.91980262345614,1,0
189.8936696413294,0.5965082705235073,50.98788994394718,1,0
190.0485948736423,0.49103448042183323,50.315681470041795,1,0
190.0201014802677,0.41254518831598735,51.14891615161819,1,0
190.1981009975939,0.3545087107860132,50.34740083754637,1,0
189.91430720573584,0.5847241027348457,52.072745137366674,1,0
190.15667324628924,0.4718288280598879,50.805602407150246,1,0
189.88155823873825,0.4932685341246311,50.38983010286936,1,0
189.9217190623586,0.4357477982389684,51.51399502875116,1,0
190.09540743006917,0.43412163879375426,50.78737077917125,1,0
190.01925609257628,0.4703440404180005,51.461638211777185,1,0
189.79902433460842,0.3688085729639493,51.336777830950425,1,0
190.10920619516975,0.3915223375390404,51.12683969330057,1,0
189.67750870440148,0.5217351896021928,50.16486322226784,1,0
189.91632474036965,0.45802758444787167,50.71461114375103,1,0
190.0767302905959,0.4680189013890897,51.62074336458337,1,0
189.93305464736525,0.38982234857640535,51.57518925760613,1,0
190.01809609309493,0.526644790987965,51.19516376798165,1,0
189.7945851766279,0.4739495262243555,51.399406066840115,1,0
190.03094583451957,0.46309678201587423,51.43161543306609,1,0
189.9204391076901,0.5411575432605437,50.79359635749604,1,0
189.82037196758728,0.36997449715589453,51.12884144211463,1,0
189.87573836261396,0.5467653454156503,51.26196946856339,1,0
190.08436849141353,0.5053393932459417,51.261979645521585,1,0
190.1021135370055,0.3121549136168936,51.67209269653738,1,0
189.88759308093364,0.3253796682986096,51.23580301872227,1,0
190.08891314540097,0.4053394793541963,51.14771771215445,1,0
189.87327405656305,0.48635746350488634,51.38594893370444,1,0
190.01347083205053,0.4432213921572243,51.01835875310534,1,0
189.84440285651937,0.5046832250355673,51.15969801635199,1,0
190.01865677013245,0.423309131484164,51.574773413800784,1,0
190.10272056098302,0.4516514455429246,50.787612554775905,1,0
190.05985699600947,0.3688885783105719,51.19417731030808,1,0
190.24387000223075,0.4808031533972526,51.67620430535327,1,0
189.94535855562665,0.3039278847186818,50.88726878416327,1,0
189.80104520426374,0.5221544673293679,52.00563814333729,1,0
189.77110185273366,0.48924665837441167,51.63621622217127,1,0
190.06783597944164,0.46266107157278347,51.90533607811126,1,0
190.06969830476476,0.47700232758676125,51.04683067324645,1,0
190.08447406390493,0.4973154589409905,50.02785479717019,1,0
189.87758122671585,0.44853819478313645,51.03842331258088,1,0
189.71907849742962,0.4062427942754228,50.854861060339616,1,0
190.20061743375956,0.4946913195852273,51.717251161317385,1,0
189.89371243718293,0.48536438623810585,50.66404499100445,1,0
190.0340791138058,0.5125984739086452,51.330626974589606,1,0
190.10967660904012,0.46544174461846866,51.43404316665746,1,0
189.99185438492998,0.4401263486390198,52.32564260910805,1,0
189.9236143199393,0.3895525253280274,51.05763973386811,1,0
189.756504062945,0.4092243983815682,50.84036717813747,1,0
189.83653076866833,0.3906449513989462,50.928320410882456,1,0
189.8337711251473,0.40577228270339605,50.77303251687208,1,0
189.84216266010907,0.4740772727021589,51.10691997308413,1,0
189.99293649883293,0.45156976019489325,51.42448754371931,1,0
189.92649934268957,0.48577510773232024,51.72089878608695,1,0
190.0355728419014,0.30325545518197966,51.19742733748328,1,0
189.8465695041803,0.4441796023896845,51.91286812288919,1,0
190.20876484851766,0.46594178057371255,50.817245324155074,1,0
190.18385362487382,0.5747894102888429,51.19745108445541,1,0
189.88790798167543,0.5164187780623819,50.86893202659081,1,0
189.96333891268094,0.42424836789231374,52.037678925978824,1,0
190.0166349081662,0.4159721996794284,51.57207213208637,1,0
189.86792693099306,0.43908396249791426,51.537376068522896,1,0
189.9275085986709,0.5141502085223137,51.09860443254498,1,0
190.24396083204803,0.32596552285999425,51.02947406990485,1,0
190.16198430587903,0.5445976532509565,50.60083744471421,1,0
189.98160512583425,0.41638982608050706,50.66779231790303,1,0
189.68322309061867,0.4532914742708059,50.753761961557494,1,0
189.96936832306022,0.4500188393472759,51.41674997011441,1,0
190.29344531272073,0.4186560838249574,50.77075069523611,1,0
189.88041292908474,0.34275295963509417,51.08184319064983,1,0
190.09158656959787,0.440603354098831,50.37480801335391,1,0
189.90697260587723,0.37830666288201714,50.610190543858685,1,0
189.91949808521397,0.394866494565335,51.01309907822367,1,0
190.19745620956635,0.5830657842118322,51.60339249014749,1,0
190.18574747514185,0.3217934385135341,52.14192250286726,1,0
190.04582081102456,0.5099613236208757,51.793518637480965,1,0
189.69058780304638,0.33659117101588437,50.926953355500764,1,0
189.99749858902754,0.4190515123925294,51.02617738418618,1,0
190.1131322785744,0.44848644753629585,52.01174208069039,1,0
190.1774084544604,0.45312321457144844,50.61145674142286,1,0
190.07262396991095,0.41452454450953974,51.055145069662295,1,0
189.74594970470474,0.3420940635551635,51.308667192124105,1,0
189.95362428610105,0.279791029627033,51.14673275578384,1,0
190.05659101685208,0.474588807945598,51.52826762445515,1,0
189.92273639172188,0.3306922539502115,51.9462824834003,1,0
190.21588178738773,0.5355733935578167,51.22973061924396,1,0
190.1312852353776,0.3579251566339569,52.0295039933755,1,0
190.0188070147911,0.4593866234760314,51.04639859564668,1,0
189.9918979666114,0.39366565623052413,51.76121964968058,1,0
189.77344385356864,0.4093803675810039,51.52246596933191,1,0
190.38910579619733,0.3699901025284329,51.43217521923076,1,0
189.93982512242658,0.43917912436999745,51.377997232806706,1,0
190.29554478457834,0.41903039179781754,50.83326681052447,1,0
190.0837566311066,0.5358740631835599,52.055217374862806,1,0
190.08711391575525,0.4935694563650958,51.310199222741176,1,0
190.34510926213457,0.5093680685241774,50.187781157625864,1,0
189.91663087291192,0.4482142628882838,51.17685734172367,1,0
189.97920692620497,0.44497091202454764,51.63079667732124,1,0
189.78349535139398,0.423689061015921,51.047007183331424,1,0
190.01736942993756,0.4558741453527975,51.46262514145259,1,0
189.9246146721747,0.5475852063326158,51.9446194600831,1,0
190.09799119087458,0.4854784265622662,51.154071130705056,1,0
190.1524653291728,0.4208158522267948,50.48280454397897,1,0
190.000866405285,0.509491052121453,51.58929939306288,1,0
189.8817950856846,0.4817137653251248,51.601596140388885,1,0
189.94059338230815,0.3915129787674669,50.476062561510666,1,0
189.70984178118277,0.45102234258864404,50.70927407664499,1,0
189.9895425327881,0.5148419433422726,51.30140728823277,1,0
189.9935518695046,0.4674466312730453,51.385492844664526,1,0
190.07030060450168,0.3667072818717735,51.6676193284345,1,0
189.6318783184441,0.35927872159070684,51.94126097677084,1,0
190.08028275253048,0.3825944641468359,51.26207560991982,1,0
189.95776546316503,0.39226185111852085,50.586967547089635,1,0
189.99814215363128,0.5608536782566436,51.49406306493607,1,0
190.1694028680264,0.5175052227837196,50.337887234484356,1,0
190.01997127408967,0.4584452287386387,51.21660511092992,1,0
189.833397509779,0.523635503877923,51.60716578313412,1,0
189.62520590516738,0.47125862902987864,51.31246712381153,1,0
190.08683591756036,0.5338136556107684,51.393919259218116,1,0
190.07108464896814,0.4501820221633883,51.84101247370777,1,0
189.98734689766147,0.4505911421845648,50.9349048175854,1,0
189.90416717900555,0.3769017305925959,50.71784109714447,1,0
190.08325863220435,0.29883140854399176,50.95502781924485,1,0
190.02729719682947,0.42622051373686537,52.181307715450636,1,0
189.91636298921853,0.4938435235257196,52.523920558158984,1,0
190.09751851271764,0.3724710147897824,51.32973144987466,1,0
189.86482821538283,0.5046392144824325,51.59372442416928,1,0
190.25148139850737,0.3974913279397188,50.328578669747586,1,0
189.9437762265883,0.43423876456528254,51.33198954808494,1,0
190.05331579665807,0.49363522771112395,51.368415326044705,1,0
189.84912437622853,0.39646754345923285,50.785374716279364,1,0
189.98582634995665,0.5525281074307814,51.47618786463507,1,0
189.8409782621494,0.5307945871080333,50.63617687168183,1,0
190.05771994896912,0.5078521650190385,51.29699154268096,1,0
190.11692094556835,0.3822463324192559,50.9492982022677,1,0
190.25040346663243,0.4399099901314269,52.12118278337396,1,0
189.39006465053762,0.4218897128404389,50.12400994843342,1,0
189.96348194196383,0.35196874096207953,51.307778677369186,1,0
189.98758985503972,0.46870416095354595,50.76703356565874,1,0
189.83361079762705,0.41115552952840206,51.43095675646746,1,0
190.2420278285882,0.5044610269258073,51.660160091039835,1,0
189.98086124928932,0.51439193990679,51.02222050284893,1,0
190.22948989150424,0.33640350826408505,50.6803228791262,1,0
189.97939652097335,0.4403497816136949,49.935778716623176,0,1
189.67363160234837,0.6252942834182376,50.79070967242373,1,0
189.92409246429534,0.32950803438788767,51.07108341033503,1,0
190.40698510022307,0.40931459061653563,50.537376043756566,1,0
189.95594322213947,0.41763263365089925,52.0469991960488,1,0
189.8363971024799,0.5445968706115256,51.607793868080016,1,0
190.04407371771939,0.5709003129136254,51.69548042571061,1,0
189.84501195376788,0.42612849728835184,50.97815735414037,1,0
189.83562688078828,0.4978921421607443,51.458143524241805,1,0
189.81580714308416,0.5242618675012789,50.997102676388096,1,0
190.10322638887203,0.5659792129287551,50.77336665616907,1,0
189.89638289868194,0.4005305700550827,50.42851971869628,1,0
189.9636228808404,0.45312416734298877,50.96868400194031,1,0
190.0434492494797,0.48902497569536363,51.190495398528924,1,0
190.06858845474795,0.3386755347913412,51.37768355226384,1,0
190.11080219747507,0.4584746397779807,50.13033146383266,1,0
189.95005693772168,0.518040336253387,51.40912153640874,1,0
190.13398263547873,0.5363764521524728,49.85983953905473,0,1
189.88155855477092,0.37587743589556144,50.7338741774933,1,0
190.09349110788065,0.4800777428947602,51.47802063022725,1,0
190.13202666101222,0.5435343040742759,50.17718634687648,1,0
189.87461399240001,0.45628527779264816,51.8205057974134,1,0
190.32049679435826,0.54888230832371,51.3918354934589,1,0
190.03229633555284,0.45535940744760567,51.053382016649124,1,0
190.26709137537614,0.44373030598860574,50.78431592080452,1,0
190.1250402955973,0.4844636706650938,50.1331687171616,1,0
190.05148021267243,0.38676669911663675,50.7187353528973,1,0
189.91633688869769,0.4347306379794102,52.16883808595033,1,0
189.86652228026847,0.5214376102893452,51.29639717617467,1,0
190.06695441633144,0.5370802236236563,50.87071204707934,1,0
189.84767779520536,0.4363637904566597,51.16655970367609,1,0
190.05029572146321,0.5093048969951592,50.4644096047061,1,0
190.08451740624247,0.25601652606387754,52.26088384411585,1,0
190.03174745380505,0.44540753287015195,51.56227615941617,1,0
190.18369264302603,0.472256207584647,50.89214390307753,1,0
190.2264186741795,0.4718815587458436,51.32739715693481,1,0
189.95103535653405,0.4822908879348753,51.08439555526348,1,0
190.33826091759903,0.47162048808252915,52.14950703335764,1,0
190.17926353682213,0.48428314673642464,50.91178621402958,1,0
189.96628091896204,0.43025450852638764,52.1361677802796,1,0
190.07749924192873,0.32524487338152264,51.290773952907784,1,0
189.87356941977217,0.4806456646485655,51.40084048054782,1,0
189.90217649041372,0.4330987367895549,50.92560005485708,1,0
190.064224861081,0.41474701370775713,51.088983766897655,1,0
189.94860312594196,0.5230636573114267,51.19965086383776,1,0
190.24876405897075,0.4344117248156568,51.62286305544665,1,0
189.8773999185909,0.48337750366881843,51.41035781891565,1,0
189.99118461221553,0.49951403353112156,52.459540567719294,1,0
189.71241879261208,0.4775258743056607,51.04033466915088,1,0
190.00284921888942,0.35295394258802865,51.12121687396631,1,0
189.889714752822,0.5597707528572312,50.8573313604955,1,0
190.27769693486164,0.2996361156746289,51.02184898727007,1,0
190.05940240764573,0.4756336420091075,50.9026995128742,1,0
190.00906374635366,0.4032730253085297,50.74050285544568,1,0
190.09981172790944,0.4190297493262743,51.25205801664789,1,0
189.85018523553586,0.4207768032396313,50.55293172967935,1,0
189.9148577302134,0.47850822990532216,50.585794642370296,1,0
190.23319937821603,0.4460350751175053,50.935122260302734,1,0
190.23281945504613,0.4577284114216849,52.10982496767509,1,0
190.08623427727443,0.3447513573271809,51.49087428006192,1,0
190.13191459101571,0.5217521873997069,51.471555967826376,1,0
190.07861173858745,0.5355684629950055,50.85013620352763,1,0
189.8254853970895,0.4317604051495808,51.2610550754132,1,0
189.9167484607481,0.37157720647675063,52.13531192547653,1,0
189.81415492958854,0.4787542730389291,51.374853229770736,1,0
190.14588233562145,0.4420600251692246,50.89089843493573,1,0
190.10850584809302,0.4887401743657397,51.582144222008786,1,0
190.021428037567,0.41765268679265927,51.45080262568187,1,0
189.9239203923622,0.32522932357291306,51.89043158234769,1,0
189.9295623912076,0.4255757270679918,50.55338947476725,1,0
189.9262934059359,0.43735111595644016,51.15442151079061,1,0
190.132813626181,0.5520774337492127,51.295264675982104,1,0
189.96927427264353,0.41018855701372015,50.267879936986134,1,0
190.13772050126443,0.334212169479959,51.46796999868479,1,0
189.98198197593678,0.40782830424587535,50.6507989100438,1,0
190.1374557496777,0.6174144202673141,50.324738483026046,1,0
190.12650092979837,0.39657338513923784,50.93412716507651,1,0
189.86331960302084,0.36466152769428356,50.547978601285614,1,0
189.8164698383479,0.3475158634270234,51.39939812665114,1,0
189.77811859675626,0.38071659929954715,50.3449794200684,1,0
190.19069077408912,0.41819088386601627,51.65506920162875,1,0
190.05313356718182,0.4731980026544513,51.80469302386348,1,0
190.00832422498382,0.4709640184349993,50.91963658334931,1,0
189.7814480904595,0.4074712881864682,51.58748775771981,1,0
190.32373873343298,0.6157055517040054,52.02410546988794,1,0
190.0115551476702,0.39550673366156097,51.911073184816125,1,0
190.13058436134318,0.4754194964990314,50.655014574560454,1,0
189.89744812971958,0.4503560753473069,51.195218401162535,1,0
189.90113371078283,0.44711421314994354,51.156881238426315,1,0
190.2965158397808,0.4021240310383257,52.55853810966151,1,0
190.243198457846,0.388919480393986,50.74064104553203,1,0
190.03283761977144,0.48914480746010436,50.338730539645404,1,0
189.92340215841278,0.5375307346513585,51.546635327750316,1,0
190.10553616961698,0.6043224455800117,50.931166251367294,1,0
190.27203998592194,0.47752366950646163,51.33252802681418,1,0
190.1423661147027,0.49746928917833044,51.32570456655742,1,0
189.9778937731797,0.586203160610833,50.98370501693421,1,0
190.13779864339415,0.3154787855827035,50.97855847496905,1,0
190.0629354057733,0.5771526452732806,51.16490300256348,1,0
189.90590278807565,0.5488400308978373,52.526632812763616,1,0
190.10848339415995,0.4291205553319813,51.05529467775423,1,0
190.05435940766355,0.4220362043411941,50.6508285576749,1,0
190.19405190812498,0.5348045702106915,51.601263379435395,1,0
190.06869427157625,0.4655057105940091,52.243130752166046,1,0
189.8467563198178,0.5828754261584858,51.945621870165134,1,0
190.20194474354147,0.3893584691741248,50.41871766065065,1,0
190.13845102425822,0.575268947356813,50.743187135027924,1,0
189.96732869482045,0.46321025432680574,51.28180015684435,1,0
190.171945076279,0.3556433540116741,51.165597209063336,1,0
189.82716610783567,0.5000724080307537,52.165992918814254,1,0
189.85567655513805,0.3396437590903048,51.117776514064,1,0
189.70597051795914,0.3814286237217572,50.382172486132525,1,0
189.73077329163763,0.4657936667843754,51.382576345995616,1,0
189.86275783816765,0.4181922301795403,51.2644670193428,1,0
190.1925378515524,0.5527006382967361,51.49737570057159,1,0
190.13785214654712,0.45625524323147143,51.24917942156427,1,0
189.8635517713179,0.34602436406399306,50.67004369814084,1,0
189.86319985546456,0.5125705794237106,50.88020291070741,1,0
189.85306003904176,0.5119105599099812,51.451472248324166,1,0
190.06432774069367,0.5032273887890476,51.57698523056028,1,0
190.06591389824885,0.4440299903897116,50.41568290712527,1,0
190.1359844198274,0.37366698501880297,51.853543345334145,1,0
189.80342430738693,0.49627534585149374,51.6903189048981,1,0
189.97709211293548,0.3560179936340528,51.12294109527028,1,0
190.2718221158786,0.43845353894713673,51.243098565461764,1,0
190.09025231279682,0.5384780640670054,50.673674146585356,1,0
189.94638665484527,0.5338662990436776,51.622136414313545,1,0
190.18931010669306,0.31411399839795623,51.27966900165776,1,0
190.24103847458986,0.4757838121841991,51.10903254314281,1,0
189.8863224411811,0.3484308491688934,50.215124116997245,1,0
189.8281228222746,0.5264989079136194,51.06380530451234,1,0
190.09759091726013,0.36526448996339717,50.889725398561055,1,0
190.05311084268527,0.3941391281904183,51.22873713715911,1,0
189.94179767583526,0.43257577342909803,51.21699268555343,1,0
189.93977381823677,0.41332136583265716,52.06198366018664,1,0
189.7996876442689,0.4891246326127178,51.401522402593585,1,0
190.00465961026305,0.39836112692152886,51.58469647237639,1,0
189.96859420788195,0.3818439676573979,50.3716713918105,1,0
189.78285358440735,0.5783480048671137,51.30381060960699,1,0
189.85117938064178,0.34876131819811507,51.40621769619379,1,0
190.10812526041934,0.38332546989990823,51.217216356819335,1,0
190.17536308591534,0.40977810707541845,51.4892810727952,1,0
189.83826817870232,0.23935833074413682,51.279008032283016,1,0
189.8958619742535,0.4710320846224408,51.602123365825655,1,0
189.8310516787537,0.6672160208329189,50.22536072074656,1,0
189.85366603254502,0.4152794546423049,51.28319078885996,1,0
190.08862380579868,0.4368756898608969,51.122881902845464,1,0
189.74574339216534,0.39746826934106194,52.03997525255926,1,0
189.70821246925408,0.37423797264891795,50.93637007226769,1,0
190.11610816752443,0.42109062581249984,50.79500431013963,1,0
189.8426648973948,0.5707618860469605,51.57679305879332,1,0
189.74003389478213,0.4729124838522072,51.608873742496144,1,0
189.77687838662223,0.3784899945154105,50.94891810273596,1,0
190.17634970285346,0.4749174936656866,50.7616289957584,1,0
189.91457112683509,0.4550902721546748,50.885648189143396,1,0
189.98174466744103,0.48669902363380996,51.41281764277473,1,0
189.84594838426995,0.4951369947268367,51.28273861237575,1,0
189.837873677729,0.49457588842981187,51.86677335683146,1,0
189.78478674483645,0.41411241693641765,51.08621781020027,1,0
190.07752883794578,0.38128489056719017,49.796182222898985,0,1
190.32294900273476,0.4459194993116017,50.798293510884434,1,0
189.6738117500351,0.4889215110864594,51.52186183363616,1,0
190.11603342617227,0.5686146665004925,50.78904358757028,1,0
189.7437456349983,0.456444918066709,51.189847523043234,1,0
189.90547707991635,0.5763346699837117,51.61338523923404,1,0
190.32965816867937,0.5703081863638136,50.86320184937485,1,0
189.88847246740943,0.38410268821874927,50.60195747678514,1,0
189.88882935048275,0.4044832027764852,50.8510652142305,1,0
189.85512190191366,0.38690692915557956,51.290124406776805,1,0
190.06826130091684,0.40722503270570987,50.41116879577047,1,0
189.63225827452544,0.37938926770083525,51.27781580787282,1,0
190.13646328841986,0.4929195626153515,51.57995715569264,1,0
189.85513943285588,0.47987429744186594,50.82531174889158,1,0
189.94268829511975,0.5709168655568192,51.72683533174485,1,0
190.06490426790563,0.44312018856029906,50.806274633765746,1,0
190.10359886875412,0.4056356625056389,51.49894070929338,1,0
189.92441367397885,0.3917215268039881,50.776563111338014,1,0
189.8518012564507,0.4218247921945462,51.23702855082752,1,0
190.12371615763533,0.4898391590811025,51.07492980302872,1,0
190.10417404731936,0.6667471587320312,50.36329964844962,1,0
190.1884212061895,0.4164017230682896,52.61107392816454,1,0
190.08185445068895,0.4715937533135982,50.45803425632405,1,0
190.05766051247193,0.5412621743105639,51.46425678946905,1,0
190.0907831372537,0.5051450544111452,51.24093731207112,1,0
190.1146517422333,0.35267189094328644,50.98112722397778,1,0
189.9467856717974,0.4814752980294643,51.645244535329134,1,0
189.7657729860034,0.4321454910521151,50.81554734336571,1,0
190.08402332924172,0.3963864666074476,50.35954198210362,1,0
189.84787580897753,0.44027457710876866,51.64498214524378,1,0
189.6398738344945,0.4605274875098568,51.62330778750836,1,0
190.02782458409615,0.38015235705364653,51.06893173107478,1,0
189.6950383798955,0.4296124317817053,51.300547597116,1,0
189.8224971823203,0.4198671523438423,50.302979491380434,1,0
190.046901750043,0.4464056188582849,51.84742250232484,1,0
189.82277445782069,0.5464779775782381,51.3259673925203,1,0
190.34373129398264,0.51334788256373,50.99812351181085,1,0
189.88350196596392,0.4108144598865028,51.57469480067435,1,0
189.6928804901165,0.4877533439346211,51.781366524562266,1,0
189.9409701826235,0.46947383498750506,50.54467612956788,1,0
190.1629764107663,0.4854554467359895,50.46928186096524,1,0
190.08841900452967,0.5408125211655251,51.386798485349736,1,0
190.10538556344537,0.6252028509516094,51.62922649167403,1,0
190.06250665279717,0.4677718709056408,51.63776478590175,1,0
189.93538345400898,0.4318058491674835,51.676456098963506,1,0
189.69316097121347,0.5184794241992482,52.02215436416211,1,0
190.10855818890354,0.4244926694445257,50.54303967114803,1,0
189.61613509176718,0.4020835210188253,51.7892295845857,1,0
190.08861745700295,0.3542962710378735,50.22567413244242,1,0
189.85899412387707,0.37632840780131155,51.401601816818854,1,0
189.86737184870896,0.5249169752683526,50.88255441525608,1,0
190.0872494825821,0.5821754258160798,51.22276194710074,1,0
190.0081186851934,0.3776136689372672,51.764110751450794,1,0
190.13463486417425,0.44400877121190324,51.465833530229084,1,0
190.03063363395623,0.48370555459740544,50.484677683706295,1,0
189.80100741867244,0.4842128828290814,52.08601778936349,1,0
190.07044354917306,0.40546349836020185,50.48197437165962,1,0
190.09030744283504,0.4897726453145585,50.7427898124932,1,0
189.77526303751867,0.48500626461148577,51.5403632511002,1,0
190.19576732148485,0.4558292585193367,50.508961729166614,1,0
189.9158462497883,0.44695894098160605,51.62275594585731,1,0
190.07951669101487,0.3879132021986775,50.51086036557134,1,0
190.02166716860728,0.5635742173651643,50.64080712475912,1,0
190.0628686323596,0.38778736753002296,50.86785914183917,1,0
189.92440317135012,0.4335044476524884,51.459855800163815,1,0
190.09266906659423,0.5041186904486438,51.47744783947487,1,0
189.88146555051034,0.546656466694062,51.012542769748826,1,0
190.1536410148681,0.469211902377452,51.70693551147974,1,0
189.84641881394916,0.44217560285979673,50.51358041107447,1,0
190.1699061700298,0.42512276150567896,50.725606236134304,1,0
190.1671666398511,0.4238552488641866,50.8536898040861,1,0
190.0815421500507,0.5139811171946496,51.482292352117625,1,0
190.05940114508857,0.37120644705316047,50.576617010086665,1,0
190.14536940831675,0.48438854775969986,51.7929995800038,1,0
190.09586214588316,0.5188231661152152,50.872795682049315,1,0
189.97065614716317,0.5192321048262799,52.23635892640208,1,0
189.81170853347643,0.409309385084476,50.37520713052255,1,0
189.91713439924433,0.38202871075574685,51.30721405696109,1,0
190.03836223299155,0.5016584287024959,50.50405864737499,1,0
190.12620444399997,0.4154330614236487,51.13988578828631,1,0
189.95180227194973,0.4141301706894768,51.10163564046024,1,0
190.06689711371152,0.4058982297578159,51.440170436933045,1,0
190.05641734832193,0.5061915751226126,50.39313379004416,1,0
189.87983942245586,0.49646903617729454,50.670511107758955,1,0
190.04994532645435,0.40320149025562424,51.203723054741175,1,0
190.07295169873993,0.4242220653319623,51.7071513702611,1,0
189.98529575502536,0.4914252034532008,51.70095382576653,1,0
190.03442007247668,0.4919484651078129,51.31436783907702,1,0
189.79613614919086,0.46311074594289814,51.63309246287956,1,0
189.94705270095045,0.4456154103934221,51.59399457940068,1,0
189.8846668279462,0.3850929942252619,50.75475269862161,1,0
189.97139607642603,0.4761948817922754,50.67777449611776,1,0
189.99345622987158,0.4884227898367426,51.165511598607594,1,0
189.87591846574907,0.3837592221371499,51.06176517193964,1,0
189.93527042706523,0.378047489491487,51.18400351036582,1,0
189.73144422442832,0.4598578138348769,52.059147447503626,1,0
189.9587368253161,0.421044300569534,51.00887268741861,1,0
189.73457996283648,0.4945036320335006,51.427018981049095,1,0
189.6004415143092,0.47783690205880147,50.79234013798448,1,0
189.91271426235593,0.46490109410316377,50.948605282754265,1,0
189.98649683765225,0.5308669904905559,51.86429969022127,1,0
189.90163292573217,0.4643328726409171,51.5704900601171,1,0
190.0316322175239,0.4767528314617757,51.75391951427891,1,0
190.16393334777715,0.34355881817430683,51.61211556829622,1,0
190.20882006819815,0.4013082940332,51.30883137879185,1,0
190.00816248746986,0.38057374542437067,50.88393531422422,1,0
190.14111471126031,0.4648290973761205,51.75606094123456,1,0
189.85611914531458,0.42144376087543756,50.75045285520361,1,0
189.90271685459845,0.4815622150327636,51.40665193279131,1,0
190.0575374777471,0.5067428055337032,51.28175338326755,1,0
189.7854425638724,0.3777670339724644,50.360893520281124,1,0
189.9028810557504,0.5120819210950868,51.40276136897561,1,0
189.73599950780044,0.44443003932170594,51.585138095107645,1,0
190.27152869550363,0.6211945956123133,50.65918204167079,1,0
190.17367219141002,0.4780314504344583,50.803070014157164,1,0
189.813367679731,0.4431013738585175,51.32914721353909,1,0
189.79221130852738,0.37004729672178005,51.69513927408933,1,0
190.1318833018847,0.4839864636163502,50.769003562746,1,0
190.16995150031198,0.46108116432538865,51.18278914697224,1,0
190.1966345854539,0.39109101312729416,52.242185882576486,1,0
190.04038548145155,0.5333886353153102,50.463095762222466,1,0
189.82991112125467,0.4294811955980252,51.148674679391455,1,0
189.89905344316114,0.38839937337489283,51.74039280264031,1,0
189.97009875628677,0.46529204637288396,51.21959003513883,1,0
190.09458579228985,0.4743338557184465,50.58250483770002,1,0
190.32942604853704,0.388033429329306,51.83211247658468,1,0
190.05832817060625,0.5392667348424234,50.92698384095079,1,0
189.95920473404016,0.441183162623384,50.6824960944476,1,0
190.14571272410467,0.44359279501923227,51.54706373566393,1,0
189.76023181871307,0.34200749347443454,51.2064976618574,1,0
190.26127841121024,0.43244204676471015,51.292800505157494,1,0
189.90529376934677,0.48855443865341347,50.83909474718472,1,0
190.15527210891176,0.43426719068502306,51.310981267165474,1,0
189.76816910594331,0.4949541741871897,51.396984679025095,1,0
189.76864112097945,0.42847821152283044,50.97956418683276,1,0
190.0522825532884,0.5847737528770801,51.05042390943705,1,0
189.6904735666381,0.42209287334249734,52.09973420083608,1,0
190.00901878263116,0.4347293629419426,50.70940194170583,1,0
190.0236738412902,0.39825888101966456,50.352492770206034,1,0
189.8050539456048,0.5196250113254759,51.031583483380984,1,0
190.01034997346792,0.5266985439095124,51.20810171038754,1,0
189.98872060235323,0.5136892648373056,51.25732372132654,1,0
189.94041098571216,0.3639778844078621,51.26347604348026,1,0
190.2453711067334,0.32829821294783224,50.44700905878641,1,0
190.00872553490922,0.4047659807289256,51.24913222018561,1,0
190.14040271021207,0.3229574383165842,51.207273579178754,1,0
190.11106646443108,0.5555610879824003,50.970900190413076,1,0
190.08242606136488,0.6451110218295406,51.45712591288781,1,0
190.0095887940032,0.43093899921494055,52.127416753849246,1,0
189.54295181234505,0.33569326235006497,51.766268920880705,1,0
190.35583469075561,0.5203430409297247,51.96215195973018,1,0
190.06900368064757,0.4122707691767422,51.653898356822786,1,0
189.98450458036191,0.42946579795981793,50.79814619250081,1,0
190.17497634017695,0.4322104504429671,51.15548209027004,1,0
189.83267071657946,0.5518621846801816,50.930237331653174,1,0
190.15298606418926,0.49445233579009296,51.92257295405539,1,0
190.2912836924784,0.37539440067863017,50.10997456134815,1,0
190.12120044650595,0.5441916474579773,51.25914079411817,1,0
189.82553027866336,0.35813405791006353,51.487762835613864,1,0
190.05913758455077,0.5020555123715859,51.56184374882888,1,0
189.9843789583711,0.47860612101932865,51.488814442961036,1,0
189.8403653980308,0.4533345202264498,51.543357022320954,1,0
190.23620329404181,0.4173904075837423,50.88616282067339,1,0
189.99539443077254,0.4253743441431804,50.81586461068001,1,0
189.94986899102682,0.5403934713103306,51.67474773327289,1,0
189.91359334654587,0.39457046352484626,52.067656343876195,1,0
189.80410341106747,0.4566902959435799,50.375136878622335,1,0
189.81418910282932,0.5400348487823297,49.89513494274035,0,1
190.0874790333374,0.35510723515078463,50.81070082214914,1,0
189.90410436014312,0.36850992070612054,51.54547760554552,1,0
190.0700066680261,0.5459549523379938,51.45848095634132,1,0
189.83401740663268,0.4522392922865068,51.47934140311222,1,0
190.01835621884433,0.550436609971601,50.51708731628284,1,0
190.4873021515378,0.47156675291240924,51.87563235854419,1,0
190.1147933630264,0.5406540508767342,50.484631400077106,1,0
189.98431857566874,0.37007976633711415,51.69397947148444,1,0
190.17220097427443,0.35455914136900507,51.061243588014094,1,0
189.81051514331816,0.3608722774010571,51.740737060377576,1,0
190.18996899916306,0.35157029235559173,51.42436659179273,1,0
190.03261249219267,0.4835749173775179,50.62231708588207,1,0
190.1617385565274,0.5487497544776093,50.57040770342886,1,0
189.89493784407128,0.35721426847686627,51.311226008392374,1,0
190.18207176427023,0.3654095433612375,51.433525876115134,1,0
190.135784073818,0.358001326627096,50.815921444284044,1,0
190.12438590686833,0.3319303909720497,51.89764186586927,1,0
189.89272897326074,0.3469287154272569,50.95313721874377,1,0
190.09338669865343,0.3477072348959735,51.198954056808304,1,0
189.87658314151668,0.46975734655415974,50.98890786040609,1,0
190.01933058128836,0.35605954580101734,50.351259000273046,1,0
190.08109476378397,0.43981163494933334,51.6659225791905,1,0
189.82648865920456,0.42418672190401807,51.22024686763012,1,0
189.91246726405194,0.4729451353676257,52.12800742296051,1,0
189.895633682516,0.49242655243910954,50.93125991027697,1,0
189.72685260228437,0.4143787116009851,50.97255358414201,1,0
190.00132753541942,0.49060510686854725,51.08682628482118,1,0
190.05796200497204,0.5907503055184982,50.92191519836809,1,0
190.2188675552307,0.45775009348916995,50.89795930856885,1,0
190.05818267341166,0.5435640161711556,51.618772599588446,1,0
189.85837640459573,0.4626123319751124,51.31694140993276,1,0
189.90297490775032,0.3449364326479267,50.80254016928266,1,0
190.14705907834596,0.3009336870836685,51.11945344224627,1,0
190.12999468648974,0.48933052775589664,49.97061981935102,0,1
190.40887544564748,0.3541189383461921,51.05230116148567,1,0
190.09968184008136,0.6081706805775792,51.827831471083336,1,0
190.13587555051893,0.44940330157113484,51.263862178258634,1,0
190.36273048180786,0.5633162492248693,50.404104503006856,1,0
189.76324343415985,0.3642182909723519,52.46541109824021,1,0
189.9327124920861,0.33360132875554854,51.08405480999513,1,0
190.20297168804183,0.5294613242151666,51.85848310643784,1,0
189.6860801277818,0.5992830332736964,51.27133168569205,1,0
190.09327443699186,0.3780025911139225,51.205082731437756,1,0
189.99958048687793,0.47286358224682373,51.97882942462844,1,0
189.87769327398493,0.4088690709496171,52.62113367175882,1,0
189.95651296934258,0.5735181057062914,50.92036711840517,1,0
190.13814484776236,0.38272166510993955,51.2352185407814,1,0
189.93717760113347,0.2905106701826553,50.28504523735661,1,0
189.99767790893927,0.39012159428611437,51.15569088222377,1,0
190.1003821458885,0.37996886988465794,50.39532928586127,1,0
190.1203976981555,0.5021727832298674,51.91181287401617,1,0
189.976795649756,0.49435777604025927,51.77486397787507,1,0
190.0946499033196,0.4547340101523144,51.01451440150533,1,0
189.93535585462473,0.45326184557455634,50.85109494805112,1,0
190.29325698628622,0.4276809886569095,51.85659213384512,1,0
189.68220009933526,0.34401134028670705,51.262265850202745,1,0
189.94915599356509,0.4513524236898215,50.78104033617836,1,0
190.012871962743,0.5491775294208521,50.96006116099483,1,0
190.09389351435433,0.5060002336266421,50.21265313217312,1,0
189.95287494593987,0.4857374893271493,50.844142829402564,1,0
189.97077117788288,0.47792051971935356,50.87735841250713,1,0
189.73574600205868,0.5103144622534854,51.133773497254396,1,0
189.77129021225625,0.48223203877719834,51.24998825248463,1,0
190.00347430366094,0.4257688558949751,52.16952888834645,1,0
190.05328162675883,0.364002520002037,51.34823245430215,1,0
190.08833595280862,0.4382855081533732,51.01730721749455,1,0
190.1624662098173,0.44800287172090836,51.759926515460734,1,0
189.88283362562444,0.46990829686939184,51.552023765251114,1,0
190.00796352175573,0.43685375196096254,51.16296696885871,1,0
190.2366643989187,0.4202947029611903,51.68198814004863,1,0
190.0515002750508,0.46477119477849616,51.61720596379425,1,0
190.30424907341813,0.4768105091112287,51.82983818000573,1,0
189.9837422028607,0.28842990175511773,50.8444192083301,1,0
190.09279773111868,0.5593928436680196,51.69355109757409,1,0
189.69347401948303,0.39547008741641765,51.52166726247576,1,0
190.0275200113082,0.6124697943159982,51.16373862924268,1,0
190.27807374527413,0.4605936175081886,50.895286276263526,1,0
190.12224013827878,0.5472858877757386,52.04798267678615,1,0
189.8219371831442,0.4733290120683557,50.987588769110886,1,0
189.8780134569022,0.3765860002205532,51.36186050425018,1,0
189.5802931026138,0.42849080500251135,51.61942081235439,1,0
190.12105080631588,0.4169657380980392,51.26427665057084,1,0
189.86950595940687,0.5301091729802363,51.40121067346933,1,0
190.08335797550365,0.5096460136777978,51.85302207102703,1,0
190.01905546933227,0.5026514392420163,51.713400955251345,1,0
189.8422507542174,0.505190352078609,51.609734426152094,1,0
190.02157916648005,0.3767751232698209,50.37014546462887,1,0
189.899329970363,0.46305187169108564,51.78222124207542,1,0
189.79039316115455,0.2685279975712171,51.827846778192416,1,0
190.01437058642918,0.4943882088303536,51.45478959868008,1,0
190.12922748073672,0.3613188701243161,51.4084632836541,1,0
190.3003472719919,0.5519668768299307,51.72297354071272,1,0
189.85387788237173,0.39527688555856455,51.029233661234215,1,0
190.02206831511066,0.39668644419421506,51.87976312956451,1,0
189.90820547747273,0.39949724484499066,50.17241299137424,1,0
189.98482896704203,0.3558528774524213,51.37076818425636,1,0
190.03871743365318,0.5043897340522822,51.83853150889161,1,0
190.0126554706265,0.45834585686313595,51.36719750916388,1,0
189.96219755823455,0.3423078840696909,51.32229907123707,1,0
189.7757667786668,0.47824033842812846,51.594399858713075,1,0
189.7631190100165,0.3732933883502699,51.51338743748645,1,0
190.0637943455692,0.7068103308845614,50.483492797450026,1,0
189.98555744071638,0.3738010113363103,51.54764310106831,1,0
190.08756506547664,0.5683661026846921,50.98201931595295,1,0
190.09256701203128,0.47732094661695235,51.25343321631189,1,0
189.9822024351824,0.3255329275604474,50.88891927042523,1,0
189.9134523919676,0.5089579928129356,50.34204204416567,1,0
190.07234676939797,0.5286752504224378,51.31050803107381,1,0
190.01435494490482,0.4683930994481279,51.37403078558206,1,0
190.00803958691486,0.4130422041682179,50.61620706731244,1,0
189.94494952609256,0.4649132053696431,51.06831849030192,1,0
189.60915687792476,0.422290178146753,51.22324486742489,1,0
190.02823577462468,0.44894356037901884,51.12379702497841,1,0
189.96716306414805,0.45830110568630655,50.89338505740575,1,0
189.91658254520115,0.4880054099305813,51.57214909659793,1,0
189.98882279304658,0.5234878770688224,50.396479764079864,1,0
190.19840407569552,0.49419952359112,52.07858414041268,1,0
189.87420158560536,0.5343432434895403,51.76461171255052,1,0
189.97232509261082,0.42857470665459024,51.53798884556632,1,0
190.05159046621117,0.4272062032667553,51.43841323641706,1,0
189.96705711645004,0.5341439467492745,50.7110945911389,1,0
189.93439739757682,0.5170730837618733,50.80424526622695,1,0
189.53325114428685,0.34428085072713893,50.71169751788918,1,0
190.26224632454947,0.43361852195696365,50.83329838577745,1,0
189.87612133956767,0.4697160691315961,52.23330860137264,1,0
189.78440777518193,0.45649526694204945,51.133602189057704,1,0
190.06281643810868,0.38838720429361967,51.86144600623168,1,0
190.08152243752622,0.29006839049505323,51.571874004931615,1,0
190.172415821768,0.528285199762567,50.120197779365014,1,0
189.87110407988698,0.5162885734580707,51.7318626399802,1,0
189.82237333359953,0.4087791120809738,51.083014622403375,1,0
189.91731789361737,0.36217018713651844,50.579241761396474,1,0
190.17903656654562,0.4338943595175712,51.72538395300656,1,0
189.83396620293877,0.43778872952384995,51.96030867621001,1,0
190.1330256633275,0.5380125665973454,51.02637506348281,1,0
189.8221457855014,0.2683207001830899,50.69611721766607,1,0
190.1694909772313,0.3592553030454189,50.84678565832913,1,0
189.68467026345766,0.4987422741888271,51.36653202788134,1,0
190.15662809192554,0.4927416144667666,51.7977568650758,1,0
190.03156947982632,0.3438078970112196,51.35583884117184,1,0
190.31166740333296,0.5105329825326733,51.169748024972684,1,0
190.13528393865465,0.4329540844006008,51.21929044069588,1,0
190.17916024391874,0.39810960973761156,50.960138625037395,1,0
190.17517480880625,0.3569841092363506,52.04074673359181,1,0
190.00253624671348,0.4236954937373456,51.489374466157784,1,0
190.01207913933462,0.3187409715070329,51.79379124941559,1,0
189.95145096167724,0.4627239235542983,50.24126696389365,1,0
190.19030384653166,0.4415122119043005,52.003775632020684,1,0
189.89096210194032,0.4462526376036486,50.9141161587526,1,0
190.06085565928825,0.47828324884537965,50.7405702749671,1,0
190.09519606713468,0.44626748224341145,50.08878974753523,1,0
189.89147318139828,0.4638263257125939,51.20660211434657,1,0
189.71297229249342,0.4211356691818401,52.12697833037017,1,0
189.8340204697423,0.3741673215232942,51.368721903673006,1,0
190.12575745402233,0.3399940539564406,51.347612767124296,1,0
189.79120780346676,0.4574385751492675,50.76548573132825,1,0
190.2716917923577,0.49792016561088004,50.91071911358011,1,0
190.1482341300727,0.36239894997776423,51.700754534917465,1,0
190.05146891014925,0.4182323548939879,50.96982096235503,1,0
190.06514803713955,0.4970418891958386,51.04485010360979,1,0
190.01074531358526,0.5311177315428814,51.41167603397844,1,0
189.70911250049988,0.24865503649060747,50.625015295361976,1,0
190.0099956814422,0.45228759404524654,52.0421779132086,1,0
190.06159996281914,0.4285546577377706,52.15574621298214,1,0
189.7317095348302,0.49088757333759603,51.05968136166077,1,0
190.07473998212697,0.3761369722171916,51.409211929213214,1,0
190.09400321174925,0.5319267353875508,51.39306582100236,1,0
190.38708429974844,0.5230427094348213,51.000477346627235,1,0
189.87132341307316,0.581881929953368,51.71166851084634,1,0
190.05377603755338,0.4629593598285606,51.3561991955395,1,0
190.02836356308777,0.39345075341233665,50.781664694999705,1,0
189.95427196241528,0.38518244759549103,51.44912214898708,1,0
190.12111858944314,0.6009689687920278,51.387832804086656,1,0
190.03601807001297,0.38383095215056573,51.32214773377491,1,0
190.25035280592218,0.46637864956149605,50.79593304029074,1,0
189.72490007791006,0.5172496125825855,51.597687950156164,1,0
189.89851011046247,0.572615276206747,51.51051660087624,1,0
190.23950928225494,0.4986032640170125,50.668995752364815,1,0
189.77808202724577,0.46037062725927297,51.61549355817969,1,0
190.2453591903614,0.3741135256306703,50.523417156795645,1,0
189.92795058925287,0.5722539280841178,51.89209598053389,1,0
189.76547417797786,0.39086113795743943,50.76226348208027,1,0
189.88788713705486,0.5065797881629216,51.355095284865016,1,0
190.42885674180948,0.5025951079797937,50.180309429103296,1,0
189.99072554894641,0.4208524605239431,50.946814780078796,1,0
190.10285560168603,0.6200825452752927,51.05781933931024,1,0
189.51900769167693,0.442985920691559,51.47880117551952,1,0
189.9542203679412,0.5564273606487559,50.50857831827889,1,0
190.01967973439605,0.5975622133369253,51.22405525921875,1,0
190.089019692486,0.42290584892790584,50.78316947948458,1,0
189.72624292947833,0.493942743167498,51.8273449344287,1,0
189.75305627490124,0.4438529092910453,51.434403556138705,1,0
190.03202673095643,0.49659540590494045,50.52418432147795,1,0
189.90118876893303,0.40900703112714115,51.7356690667167,1,0
189.89292004111832,0.5174516757910819,50.944197632453516,1,0
189.81372895460552,0.4432170147543679,50.64808902562352,1,0
189.93550675401846,0.3974400600572678,51.15556109450975,1,0
189.9719605366832,0.4707802035330133,51.06142675205191,1,0
189.90283451384633,0.46300658862814204,51.68463276369068,1,0
189.69293620633593,0.293684313026903,51.870042214630345,1,0
189.906255947917,0.4666270876395458,51.42047497941829,1,0
190.14660041232864,0.3740494229891531,50.769474459426185,1,0
189.97168674035512,0.48445241501473046,51.17871625868821,1,0
190.0763161226174,0.40036516534784167,52.25655266257545,1,0
189.82762841709302,0.6596536419692235,50.596534919172605,1,0
190.12566895188786,0.4088453418807115,51.53714907515615,1,0
190.20986009500362,0.42609038957032175,50.78427813728982,1,0
189.8936430488412,0.4613887669952882,50.07444459791025,1,0
190.16817384294566,0.45181784410748005,51.14947509509022,1,0
190.31720808832742,0.42033460821663515,50.91312112171601,1,0
189.89393307402725,0.36019628042613233,51.109163031996424,1,0
189.7495682129948,0.3844564232550207,50.784603309390256,1,0
190.238339447904,0.31571283147073853,51.064676281961056,1,0
190.1483101147064,0.36677771303294926,51.68990861587758,1,0
190.14251145816473,0.41250147332940723,52.18240064091537,1,0
190.1466255883483,0.4828983833606434,52.125058504904004,1,0
190.232264217441,0.5356999717986424,50.93475680113684,1,0
189.8172182136246,0.47336074961401,50.85154255508819,1,0
190.18851761473422,0.4591603387707,50.61991130120645,1,0
189.93098877978738,0.39485415015871633,51.19818345624159,1,0
190.321964177867,0.42971338806272874,50.609009002370534,1,0
189.6767838316918,0.45564641326133143,51.32904417443943,1,0
189.97823734299996,0.41916186630304564,51.1915337129033,1,0
189.99879158961159,0.4579792356051792,51.972709313776825,1,0
190.23781189549757,0.46271264171999704,51.34685090817269,1,0
190.11651707440086,0.3986332729896717,50.91841786926917,1,0
190.1061935900408,0.4447564766706974,51.00554680398774,1,0
190.11489767259397,0.4673228559752899,50.607234740178534,1,0
190.11009071399724,0.3765668729749851,52.133016187920454,1,0
190.13390459297975,0.5388893833944749,50.89294690333245,1,0
189.6942211513223,0.5472698838824444,50.98031891799324,1,0
189.975427345475,0.48123651029032577,51.33388673540438,1,0
189.7069747304427,0.5332356170829671,50.8523280790702,1,0
189.851657593474,0.3504780206032724,52.09567443065638,1,0
189.8678569669899,0.42083181705892597,51.226325817370245,1,0
190.04154833422595,0.4821676617158186,50.39858941073402,1,0
189.8691737852492,0.5418672318527711,51.08730717580196,1,0
190.00744194872743,0.45233198033813277,51.5180945537603,1,0
190.31203445840512,0.4236693475818548,51.09105091737981,1,0
190.0196187152507,0.5635857520776024,50.719147029435206,1,0
190.03184481229437,0.4795163394785319,51.11488781976336,1,0
189.88199592733878,0.40483822758157134,51.48744629184562,1,0
190.0640203587035,0.48932119117788353,51.489225464026106,1,0
190.03025539327666,0.42419820383917467,50.17901006467942,1,0
189.76270380727598,0.41346207519955275,52.20884325884723,1,0
190.0939504588111,0.40677135817952187,51.04116252763409,1,0
190.16868746525878,0.39100150241628384,51.12606383579231,1,0
189.92421099182067,0.5441738610034358,50.72952851877836,1,0
190.0999405253317,0.35812285242114145,51.62244970460748,1,0
189.81653162918204,0.4090490101812988,51.37022962540421,1,0
190.25954281369457,0.38142219290380586,50.79515301396546,1,0
190.04907518109403,0.40997447722930713,51.502592403505055,1,0
189.94423839465688,0.46595439605021893,50.58922328707187,1,0
189.73593730089897,0.3984830269988174,51.08745329445834,1,0
190.01764091708208,0.4827763744351914,51.386976416058125,1,0
189.8044711162923,0.5456969618917156,51.36103720247558,1,0
189.9742611327671,0.45791242172404445,51.80102265596307,1,0
189.95099252560516,0.40783208216757927,51.970742898236296,1,0
190.1521988814333,0.5169454637955202,50.9864998734739,1,0
189.75210029990566,0.41285602272332966,50.753773005654814,1,0
189.9007857203112,0.4798369396832768,51.46696854513178,1,0
190.0103599125848,0.4571696217683636,51.52391632276842,1,0
190.12925441846443,0.51321909464182,51.43484117759785,1,0
190.00120881514871,0.409661112955887,50.81901057088278,1,0
190.02890011561354,0.5248256406322463,50.620040747153716,1,0
190.0165209399038,0.43200793603449045,52.083404466644,1,0
189.95024309276118,0.32890831631083683,51.6961635002942,1,0
190.04151126308926,0.3398258424634137,51.227985183136674,1,0
190.02451430022742,0.4701051093334788,50.89924386613785,1,0
189.79461084942798,0.3286591338856296,51.33682865431546,1,0
189.93253305537075,0.4867338878785421,51.33656059408657,1,0
190.00849229207452,0.4830883083245319,51.3999435999136,1,0
190.30995128269805,0.5288470380072037,51.19467457318626,1,0
190.02086062707238,0.44436480108264015,51.90903357273709,1,0
189.78802830269802,0.4772974943544756,51.44158092810047,1,0
190.064338962246,0.42903026379715625,51.4499800256046,1,0
189.8758554499391,0.4338490358846649,50.81454408965958,1,0
189.824917417986,0.514813594280736,51.6294077135712,1,0
189.98595761715066,0.5408807865071573,52.01566773152024,1,0
190.22960803179632,0.43961562991241526,50.71910264509909,1,0
189.90695364178612,0.4408015120773362,52.111589310796695,1,0
189.8395397905466,0.4385639051741816,51.388395276400786,1,0
190.15838310987587,0.4544866794707992,52.816364587065486,1,0
189.81180366868057,0.5224046101209154,50.629939977686774,1,0
190.45467046633482,0.36988283939098765,52.016374007298566,1,0
190.27822160493636,0.4528513729764132,51.297171261510016,1,0
189.75484539031837,0.4136178294684789,51.87361747930625,1,0
190.10783785733142,0.4530457996157117,50.71545832257284,1,0
189.90337214677197,0.46773298014625586,50.96310222119253,1,0
189.86622460485043,0.48714783878247025,51.62981658147155,1,0
189.91932634938212,0.4239106164234155,50.898544236902424,1,0
190.08044508938198,0.4104423791970029,52.160097390102415,1,0
190.6305003908333,0.4001278710935124,50.90764295846019,1,0
189.78103069904247,0.32937802162261015,51.860761514429186,1,0
189.9989211400333,0.5186270791103957,50.55547722951852,1,0
190.2247489325987,0.463204389567082,51.18799071750311,1,0
189.96723265005255,0.3996177736437418,51.33146826183453,1,0
190.1785491046164,0.43357240669372726,51.464117555886205,1,0
190.18802699274917,0.5440860153638077,50.79108330524594,1,0
190.05201275358493,0.3813047744022537,50.481138429875145,1,0
190.20014645791073,0.4327184313648858,51.97601503588522,1,0
190.20160038404788,0.49038007576262654,51.48389714097343,1,0
190.11862700672523,0.5701593742183935,51.28325457579236,1,0
190.09667371711313,0.5182516701412414,51.21822441113786,1,0
190.0481255500222,0.40526117034815,50.62492270059923,1,0
189.9021457212077,0.5264965928571014,51.99384360457738,1,0
190.01738961926304,0.5072482897515469,51.7483777129977,1,0
190.07045060252273,0.45111437921053443,51.795868281242996,1,0
190.17110050202498,0.5317437814915938,51.45489798299028,1,0
190.2295345698545,0.473953467501897,51.33514963611671,1,0
189.87776725027834,0.3808052927508784,51.86302113253702,1,0
190.2489108505295,0.3313229199017866,51.08578612989079,1,0
190.05613944719454,0.46134116642687484,51.12418121778296,1,0
189.89253637419705,0.4433826044362775,51.586451982745835,1,0
190.10203292131337,0.4132664335353038,51.535014153842965,1,0
190.2319121040309,0.382686558399037,51.08053708797655,1,0
190.15001407094758,0.45059907135788707,51.94685731842993,1,0
189.77930924832054,0.47642834676449364,49.884905836597795,0,1
190.37423464465962,0.5084653618020385,51.07799953717832,1,0
190.16935781716307,0.483175992628188,50.77947607833903,1,0
189.93352813733165,0.4694974566562941,51.38577125133652,1,0
190.114702206245,0.4721251743917305,51.10747298631113,1,0
190.0825036202059,0.4263749612726211,50.635630203169484,1,0
189.99251392626905,0.5391799021666919,50.74253346316039,1,0
189.87381029792374,0.47141612055106197,51.40705849069092,1,0
190.07238583569668,0.3159767571625819,52.2223217804672,1,0
190.11859839965896,0.5865304956160033,51.256591529929274,1,0
189.99705668247793,0.41847932261361237,51.405395146821505,1,0
190.2343071822395,0.3096352085731129,51.20380522324459,1,0
189.92659890446703,0.40671820988952256,51.00947061226264,1,0
189.89149726982225,0.29300765960338127,51.91772355100848,1,0
190.12769663510255,0.3161452871580246,51.382344516181156,1,0
190.2150575929954,0.5315777504079071,51.257658665773434,1,0
189.76958609082294,0.4949788900561191,50.98481255434402,1,0
190.18092277347742,0.390644040089619,51.400716610594245,1,0
189.97557064897046,0.5149781380951737,51.28706844518245,1,0
189.97668305025852,0.49128518079277295,51.96236049480511,1,0
190.0438739371818,0.36540318630616697,50.614280614264665,1,0
190.09826492857977,0.3727870282018946,50.95559697165024,1,0
190.11750433151232,0.45432078810098125,50.691904419307626,1,0
190.10057232862977,0.4475523690709526,52.50254463560024,1,0
189.98610858350114,0.4674342862347156,50.435260601210075,1,0
189.99306808712714,0.402899592008861,51.34573563377257,1,0
189.7447043457863,0.4692025533709174,52.31976869172568,1,0
189.8977279255294,0.34046720534174324,51.259337874031004,1,0
189.69406256716405,0.4839823761335348,50.192151848099876,1,0
190.046371733977,0.36237085516025336,51.97880904799832,1,0
190.02513812529526,0.5478404326764158,51.62633974802177,1,0
189.85961902024974,0.5397389944350576,51.32788857039923,1,0
189.71083061562484,0.4858488106523608,51.57276018436707,1,0
190.18352830209756,0.35075902647314317,51.19443722151088,1,0
190.19332175904103,0.4989900840731103,51.33530980402266,1,0
189.98744391337925,0.34697988133568286,51.40347407831376,1,0
190.03214208129708,0.491403899885929,52.40097940613212,1,0
189.87259282678525,0.43480106307141825,51.173312379438954,1,0
189.7968658161352,0.43549270033010984,50.64210279382212,1,0
189.74115979599117,0.6022484326112165,51.801518733103904,1,0
189.9266733129635,0.46131821362800624,50.87266298553067,1,0
190.0221676396015,0.3308345485836898,51.10998773583175,1,0
190.1871836416174,0.567169727490943,51.211447461246934,1,0
189.93981208738285,0.4975034651678012,51.009732635673785,1,0
189.8445130357739,0.42562767639871335,50.932086478317856,1,0
190.08261480490913,0.5331038078305528,50.86515953815749,1,0
189.93792923513442,0.3894926605437252,51.54539753661638,1,0
190.07526295985184,0.45948634889642487,51.35685929773598,1,0
190.11883053023564,0.3368263907516228,50.83201743806319,1,0
190.16520426817647,0.5821832368561218,51.78003710821074,1,0
189.62419382600757,0.3540399752754284,51.564520083209196,1,0
190.17325450250777,0.4916740003077153,51.37839362504188,1,0
190.03724488709997,0.47099159440512156,51.08364327726133,1,0
189.87094656404255,0.5308632993793168,51.529370565536865,1,0
190.12703541858508,0.3370920785037835,50.793111852318866,1,0
190.11202578606662,0.49596829990258745,50.83212092644135,1,0
189.9561690120188,0.40804545692293503,50.64787113928992,1,0
190.13235486454855,0.4553033532715592,51.322583422557656,1,0
190.01618566033116,0.4677227981997102,51.77479557077553,1,0
189.9689081015681,0.43026697756308924,51.29464910513344,1,0
190.03926159705213,0.47064656030908275,51.11537592943624,1,0
190.12802752960724,0.41969335507218847,51.58263535836005,1,0
190.0888396198241,0.4891646322790565,51.05684940524393,1,0
190.0684543911764,0.3606024719809438,51.0746180903988,1,0
189.86548277721653,0.4625711235831594,51.06399732524176,1,0
189.8256307630991,0.426872812913385,51.11410132702923,1,0
190.24789119782898,0.4305231406678734,51.72953283546363,1,0
190.0651506531025,0.5255988195022092,51.083828179721166,1,0
190.00801441113518,0.4020393343336355,51.777308519756666,1,0
190.05765440428218,0.45781831249474025,50.58496923725413,1,0
189.972131868595,0.4659425650289096,51.0030397061255,1,0
189.9472723201367,0.4557405979568384,52.013598361231494,1,0
189.82672573130858,0.36501795029430695,51.0915450094998,1,0
189.84790130004734,0.3886671435864904,51.204823405283015,1,0
189.8851000562558,0.42227757600944,52.25364010025991,1,0
189.90249711556112,0.3986499285792894,50.9245241967129,1,0
190.08221004966458,0.4610184075380937,51.0563355669886,1,0
189.8959262673606,0.47651817196741,51.80392324978983,1,0
190.0663492984321,0.4592615502348513,51.00869541886402,1,0
189.85944221766732,0.33006222490045534,51.56811160025965,1,0
190.31715286981492,0.3111334254669308,50.70264884138326,1,0
190.12147439015837,0.4084775213083854,51.50049761913573,1,0
189.99098859200458,0.4844122243519154,51.41041616101806,1,0
189.98336781761816,0.4378791573135209,50.96450599575681,1,0
189.95440887164926,0.4167252684947489,50.70204013676936,1,0
190.4137153487335,0.4383633429145078,51.13143235412005,1,0
190.0205422855024,0.5286786254578519,51.036633613928,1,0
189.73382588464523,0.25104315670399774,51.182082800650605,1,0
190.37278023869825,0.32969948952197914,51.86834531991882,1,0
189.86913939238408,0.5001685418524969,50.18629157207291,1,0
189.8112747937232,0.42975239742315724,50.5498140147673,1,0
189.81110714544505,0.42047280166885803,52.310126478310046,1,0
190.45940633424618,0.4346710391184384,49.959999291118194,0,1
189.86553842933304,0.5164386930699321,51.46375471428426,1,0
189.96303999424447,0.482176682041232,50.103240821726814,1,0
190.25331062673476,0.4342703278724777,50.8433816793041,1,0
189.70725000663433,0.34322979841220436,51.64906072973926,1,0
189.89596656841584,0.5689918584327592,50.31237104088213,1,0
189.78731449515155,0.47784326353476736,52.424495106970234,1,0
190.4012612531902,0.48463967092616056,51.99361109017234,1,0
189.82364629927895,0.6002159192165407,50.1718485364965,1,0
189.94291055412643,0.40893896252601364,51.44907804641057,1,0
190.11386577101132,0.36915594052137735,50.70519928992984,1,0
189.79190138189122,0.5177053959976015,51.26482811570682,1,0
190.12994915662944,0.3552296762678217,51.58875491588774,1,0
190.0623169833776,0.43406820884803976,50.98825627336759,1,0
190.02398212654455,0.507764650391525,51.16100450512714,1,0
189.99564032977568,0.4925363799500612,51.36772368924055,1,0
189.83786448520118,0.41983621564777285,51.58397206917781,1,0
190.04073606768486,0.5403738620420707,51.020848058293076,1,0
189.94521877169043,0.4718087457487562,50.360886067323975,1,0
190.0309526573137,0.428640441384782,50.96556253384312,1,0
189.80913889116178,0.41093658555010404,50.57430240059801,1,0
189.9257599568131,0.49296233675346357,51.17027427286332,1,0
190.17315557149973,0.2850760924012694,50.00958199746856,1,0
189.99910172798488,0.343174064444353,51.71705845856569,1,0
190.00518898783295,0.34003911602165904,50.788706612397796,1,0
189.85981552212138,0.45445672357183636,51.966450126603654,1,0
189.9502976301616,0.3783858439498835,51.211600844552756,1,0
190.0166432875994,0.4271054799204159,51.09072042539007,1,0
190.1130280986925,0.4420461237049393,52.14073888730462,1,0
190.1259653053911,0.31170094323602493,51.982541056891655,1,0
190.1778813169992,0.36160664448796037,51.238771108840346,1,0
189.9151069024247,0.45636993083310684,51.03892109397172,1,0
190.11219731995263,0.48164252799948293,50.99644408646978,1,0
189.8267881613746,0.5438462527955963,51.887880483694545,1,0
190.0531063400594,0.44265692185248073,52.185100803118985,1,0
189.80375856482294,0.44254989943022094,50.84034246313362,1,0
190.22757845745664,0.35973438004982744,51.738945488169485,1,0
190.08156970260325,0.5248132795912909,51.14841376064911,1,0
190.27003757402133,0.4092643416400875,50.67444015238538,1,0
189.63059584587555,0.42279438774915434,51.33002065218426,1,0
189.93079545983625,0.2974478797303454,50.658632401828804,1,0
189.87089242890585,0.39750259879749533,51.86236099534869,1,0
189.82004218984426,0.48725646215641244,50.83033619394618,1,0
189.971289660944,0.5033810981458119,51.74426911172923,1,0
190.2433045007168,0.37652739525414697,51.55344681953423,1,0
189.98827108214132,0.42663614212335876,51.27407556393501,1,0
189.9082201223018,0.4156818552592363,50.84215156575346,1,0
190.1426963264594,0.4017729180806298,50.132191546493836,1,0
190.11766722985823,0.19323081848788254,50.79480884524822,0,1
190.21675366115926,0.45384777122976894,50.494415639439005,1,0
190.00812013355997,0.3749694664357061,51.36603495925565,1,0
190.2282406030828,0.4887315563744815,51.43188164576356,1,0
189.96400006606655,0.5046244467898909,51.07987784219927,1,0
190.26060489155077,0.5360582716686355,50.538785049006144,1,0
189.9388499478383,0.43197468167786446,51.29409068569128,1,0
190.1795107976914,0.36558151309920073,51.81752065398911,1,0
189.66754057905655,0.4239107421682177,51.398559473742516,1,0
189.81510742585874,0.4028108680935593,50.73989340236474,1,0
189.97116266561486,0.49012349599795324,51.740469576051005,1,0
190.23523097077606,0.43644950310140446,51.23601597977014,1,0
190.0076834812803,0.5308199732807035,51.07110462502303,1,0
190.09814356483534,0.49064024408945706,51.25065372644954,1,0
189.9330003393409,0.38290606661485954,51.325253855037076,1,0
189.86661293357201,0.45033613876059075,50.21864890343786,1,0
190.13734552258953,0.4669072156577335,51.349779937332315,1,0
189.8599873399924,0.41088165196036364,51.45841235208942,1,0
189.9712709424235,0.6092918847817168,52.38574792141109,1,0
190.13787044040842,0.37287490475951174,50.56748608321651,1,0
189.9800243585559,0.3831780149935448,51.09652023229194,1,0
189.8867684372343,0.508117205135838,51.6723260219204,1,0
190.0576226487022,0.45070577743530194,51.504046232382166,1,0
189.65533007333548,0.38981717334941596,49.950652476942786,0,1
189.7865542499043,0.37515895945724126,50.76317877510086,1,0
189.91091659535866,0.47954526777284623,50.960895842602916,1,0
189.9402585598877,0.5925384045342608,51.2310177736796,1,0
189.923012092885,0.6438494436585492,51.91939140980957,1,0
189.69379829327872,0.3048495219808363,52.04597291672933,1,0
189.94999782984598,0.45458377302589487,51.151268784311064,1,0
190.19911540039465,0.5106424776438786,51.29246674147196,1,0
190.08991791222593,0.49197115039551637,51.02485051205704,1,0
190.1286867589385,0.39842972780954306,50.69528056986924,1,0
190.1559455510447,0.4192291456833493,51.27688795895642,1,0
190.00186975438643,0.45764092401267725,51.25734574984934,1,0
190.26229123303364,0.4121078112213779,50.826266154693386,1,0
190.01716268953177,0.43972950789191423,50.615890458027444,1,0
190.0459584601077,0.3671628275245162,51.30013540054923,1,0
190.04249023648316,0.3918622608757381,51.37501023319885,1,0
190.05842166783057,0.39290973187754274,51.39561782500325,1,0
190.06206814026967,0.4140509362951926,51.5651792266006,1,0
189.86808620080737,0.5460398886058688,51.495037462179745,1,0
189.94845447409338,0.44349630065530304,51.617920978694464,1,0
190.05426415874015,0.4747481754465551,50.60920247100781,1,0
189.9370602255649,0.44199988908991944,51.179481662917134,1,0
190.13483997470814,0.4219963586659854,50.24112227850944,1,0
189.97432530141603,0.5198877596860142,50.42918587285754,1,0
189.9278877322297,0.4221774762564585,51.30410972572946,1,0
190.08440078697606,0.3366439512222794,49.92499889061125,0,1
190.08081681190274,0.6442662694139503,50.54955012281104,1,0
189.7522225330373,0.39593016352121,50.98349145296322,1,0
190.1162291531065,0.4880333123426642,51.116987279468255,1,0
190.00737983343882,0.37881649605547885,51.36321801227461,1,0
190.0059589910686,0.454528536050734,50.576330083730454,1,0
189.90487940728448,0.5656723863610063,52.02012292163586,1,0
190.07250503183872,0.5655084221926293,51.31474283484714,1,0
190.0420858511468,0.42390491855391876,51.815795576971226,1,0
190.28250016865255,0.49031575788358206,51.63560178804564,1,0
190.0779478761861,0.4526116896615051,52.02197659226883,1,0
189.76659860266537,0.4965535446961234,50.26745400774577,1,0
189.94153591533617,0.5799873848083019,51.623515782032634,1,0
190.02190232745977,0.4917441303745136,51.52481185815682,1,0
190.09326191947514,0.48713666157887375,51.963311187668666,1,0
190.3008792680252,0.33753475811639455,50.5630594395654,1,0
189.74321740804558,0.47109219809248176,50.74981827618377,1,0
189.65237014905776,0.440853259308389,51.15364623896831,1,0
190.02007739482917,0.4528595344057371,51.96229291287582,1,0
190.06738116406945,0.37807672646035306,51.34910785443399,1,0
190.01545992065266,0.49209810418723493,51.3273366903823,1,0
190.1303423582995,0.39702712211295216,50.79937827268426,1,0
190.35905852471626,0.5835674336555716,51.435609287123164,1,0
189.78288336675973,0.41686077211689965,51.71231322026611,1,0
189.99459145045992,0.5072310763527277,51.13880916894518,1,0
189.93090294437076,0.391569012300328,52.00210116901171,1,0
190.02848151807186,0.5894579603081589,51.341682102440906,1,0
189.9915089425515,0.5518125923171253,50.458532719800665,1,0
189.97182025963062,0.42969290049862097,51.40931909119265,1,0
189.80734007891408,0.6507896739053866,51.6573223977667,1,0
190.32828265141677,0.48407678447776487,51.29092955734258,1,0
190.3685999637616,0.47855390118564334,51.57948826905023,1,0
189.99664581982657,0.27345762619672026,51.321130630353984,1,0
190.00665324965397,0.4997052536527473,50.97057459596222,1,0
189.81654654457597,0.4574822723354186,51.55323085429159,1,0
189.87484432368245,0.5196238658930009,51.15841921242652,1,0
189.83635446476123,0.3609326432033137,50.440917764981435,1,0
189.73130263634135,0.5309477590193366,51.65880985444093,1,0
190.11532530552458,0.4894833524087733,51.69451288940666,1,0
190.1932499844937,0.4370827335195885,51.460877357163255,1,0
189.7404093078039,0.3723117468328573,50.67149458101583,1,0
189.70228111937163,0.4780317503154524,50.69957778196001,1,0
189.82441717656366,0.44183920410186583,51.486807971147734,1,0
190.10701848328722,0.5517245036494095,51.63495310902243,1,0
189.70672483510336,0.3638954562733159,51.47602370930673,1,0
189.99624988384966,0.4687718929588424,50.532207675363026,1,0
190.09163238269193,0.34681078197056453,51.428028713463156,1,0
189.83351008998204,0.5366502539806774,51.7409473425946,1,0
190.19898932481854,0.5736318811254252,50.76465771138152,1,0
189.9722767724065,0.45823458844623477,50.82422201096098,1,0
190.2642167895453,0.49975451944008964,51.450252683203374,1,0
190.15606560341345,0.5233725194808945,51.07282505320554,1,0
190.0181255729505,0.5302657524230178,51.57421013968947,1,0
189.98140161289518,0.458535411845071,50.483481542732314,1,0
190.05271174868673,0.445708753194799,50.92125251727603,1,0
189.96304790139948,0.48744013560200244,50.858177827264775,1,0
189.9359152914727,0.5269207757200312,50.445154886349094,1,0
189.96033625188116,0.5321559848701723,50.46845228416418,1,0
190.03265243203936,0.3908645837753897,51.39347980004076,1,0
189.79687910709455,0.5018384275166988,51.95069032582579,1,0
190.11140263149585,0.3790390347032265,51.82262736435312,1,0
189.8688159274262,0.4268171725791483,50.840113238019754,1,0
190.12562566280607,0.4740437055162164,51.62353892997349,1,0
190.15319764173435,0.39690425909392507,52.040719704112774,1,0
190.0359994290002,0.5252523167554276,51.50996064142422,1,0
190.11438631250914,0.4064217170639918,51.41521160781449,1,0
190.32518836229337,0.3757130629331746,51.13227653121446,1,0
190.11098133574782,0.5921694251833449,50.78242150513845,1,0
189.95735971361646,0.39531864887879975,51.21302726094745,1,0
190.08234259823575,0.613038445605067,50.356784316613144,1,0
190.17182473731006,0.42496355468271624,51.655065900732815,1,0
189.63463805016676,0.49533866984232466,50.10719166814311,1,0
190.26776829175955,0.391402733732645,51.00025261727528,1,0
190.12550057993624,0.36460756934096256,50.291283244298214,1,0
190.03886338799032,0.48283164432078285,50.542161833890624,1,0
190.03600629240216,0.4752340052371974,50.451788079748354,1,0
189.85212116306909,0.4980087693576755,50.841758572309,1,0
189.91533012915858,0.5894194115996667,51.601634929038276,1,0
190.05569904504557,0.46800320460550265,50.87446025796952,1,0
189.99460925737827,0.2894660196444606,50.998655038664715,1,0
189.9258240626777,0.3523053964199634,51.644994622536046,1,0
190.05320655516178,0.4290438409288557,51.41625900676747,1,0
189.6895166770444,0.4847879393567093,52.197134756100574,1,0
189.9813073588046,0.42588698533157715,51.36779592745937,1,0
190.04954068318332,0.5938494591941845,51.46578365636543,1,0
189.65703318322625,0.28277962929775297,51.955376882678685,1,0
189.58658776206502,0.45697487991656066,51.33803016591743,1,0
189.93842299973105,0.4291986478094449,51.24497557925288,1,0
190.10958428079581,0.3804575852105769,50.98249318853316,1,0
190.06822446291943,0.5132290203996348,51.56135823764034,1,0
190.19881280137633,0.5177190349523028,50.94425280156979,1,0
190.172449204839,0.33967771682552933,51.22103587239793,1,0
190.0469262722948,0.5216397851699881,51.05109526217849,1,0
189.76920483828184,0.5444527549958097,51.65573615109233,1,0
189.81241443019593,0.4093083252392425,51.78091699839662,1,0
189.73698973609743,0.4728762670760464,50.949545928673054,1,0
190.00438588275708,0.5180177033544021,51.35636277906339,1,0
189.9938273309745,0.4927228184105337,51.51762797940354,1,0
190.16488200196045,0.5305424396588635,52.09935981974887,1,0
190.03021165008988,0.4619980555710962,50.369227109914924,1,0
190.15710636067962,0.45682206353789667,51.180856351463675,1,0
190.01861687549203,0.4090766784091231,50.85708778593838,1,0
189.84373959385746,0.4593529489398005,51.52566900511141,1,0
190.12916981572428,0.3791805205422243,51.90039265968883,1,0
190.2409175768863,0.4717935851013379,51.967421416412584,1,0
190.00832984073776,0.49607836739403094,50.666272989776296,1,0
190.07816507073582,0.44773497684601604,50.46364123036215,1,0
190.2050415676557,0.3530393517819907,51.79670099029117,1,0
190.1741534971921,0.5466200495114191,51.295467795026646,1,0
189.99242206835484,0.38884072120277696,51.21302231063568,1,0
190.1117973868262,0.4518835663568388,50.446898851626266,1,0
190.2320605097732,0.3415894101605732,51.07090942725193,1,0
189.77323017524537,0.40035890278969133,51.38205002046005,1,0
190.06074962398506,0.3481950035466827,51.586575603094246,1,0
189.78846385549167,0.33103309479150583,51.809069635099576,1,0
190.16691863842232,0.3638988712130465,50.9884286651095,1,0
190.06851317198053,0.4673384006986213,51.19462034991654,1,0
189.733649374944,0.448327137478475,50.9289312475446,1,0
189.97444672166526,0.438807744128547,51.47641157817232,1,0
189.98466105204116,0.48670142502334307,50.59984190728988,1,0
189.8801522167452,0.3618755234076282,50.9027109698461,1,0
190.10637676259176,0.39623720156256975,50.78672139755132,1,0
190.09735046945568,0.41496014724608543,51.38045152582478,1,0
189.97926823985622,0.42731508909006066,51.59770927516644,1,0
189.98082908137525,0.4411438520493105,51.3037454308729,1,0
189.81116060773024,0.3690999295924227,51.70806143653025,1,0
190.17740606084652,0.4579441942129837,50.747756322756764,1,0
190.1828088696932,0.38349337490742685,50.536618457465075,1,0
189.91661178316184,0.4329699496144194,50.69382431555281,1,0
190.1085816191303,0.5010942998154588,50.736488358310176,1,0
189.99774490366283,0.4577929176041609,51.31991622881974,1,0
190.24192098437527,0.41740070907812277,51.34249259568924,1,0
190.0513616216437,0.4638601272858123,50.34394801378324,1,0
189.91528705652274,0.43781188948591565,51.12932468413646,1,0
189.86033415952778,0.35557625891189876,50.693986127187934,1,0
190.08416882960478,0.46615260741650943,51.2117802979045,1,0
189.86898004070574,0.49441025256615434,51.89941421555603,1,0
189.86648425147155,0.47729927578959547,50.805169644012366,1,0
189.93727085835556,0.5118169478695039,51.52600828824247,1,0
189.73891819563616,0.27632291538225096,51.95467956039191,1,0
190.26659644414937,0.32743389285252156,51.54449844642371,1,0
189.7070554440884,0.421562469711169,51.06688395396226,1,0
189.9153627682166,0.44606245685486096,50.832360131438136,1,0
189.91944037914433,0.3771461650115903,51.88333353650783,1,0
190.14442850491633,0.507471549430801,50.99829971444904,1,0
189.95147545634555,0.4240057897830955,50.520047519031415,1,0
190.2334771611351,0.5160516005907247,51.1004565283999,1,0
190.1070509126702,0.366348846765018,51.588352099378916,1,0
190.09740511967712,0.512348786257512,51.3690341530352,1,0
190.1170218832266,0.5650742025385848,51.528505210308936,1,0
190.04092545894875,0.5178392057656364,50.84606458708739,1,0
189.40913742083697,0.623314860709664,51.46713876472967,1,0
190.0887559309758,0.5430673633647445,51.27792872759935,1,0
190.12827218088933,0.46105969888954146,52.11720068806686,1,0
190.372395371055,0.4547147945253479,51.1098525564937,1,0
190.09736444715662,0.37682153879780733,51.03042481042992,1,0
189.94683096857526,0.5060118826544612,51.38193291902018,1,0
190.04512296303793,0.4333832847571186,51.12156642946283,1,0
190.01392598907677,0.475691555783496,51.188571050839364,1,0
190.04092415452016,0.4764974691951784,51.413805943325265,1,0
190.06948803204705,0.5755583743103829,51.76503433151577,1,0
190.1717668048089,0.5242039248439945,52.040944875498596,1,0
190.0999829783656,0.4816267764843889,50.71521101719323,1,0
190.0265419679688,0.4475551265241284,51.59905813386975,1,0
190.06411503217976,0.5282757761024018,51.02524960901868,1,0
190.29548932543008,0.5181173514344457,51.437565764867436,1,0
189.89229239829504,0.45680701650115757,50.42850241541224,1,0
189.94890481123585,0.5160743534802903,51.98781118424033,1,0
189.95516155003628,0.4484198928072086,51.344108115991226,1,0
190.06917357586633,0.47278678975679644,50.68430714623499,1,0
190.21901236363772,0.4271899490617659,50.99650108182658,1,0
190.10735528911948,0.35559895222170096,51.26036014136118,1,0
190.2494811303165,0.47548424423542734,50.38136155679127,1,0
190.13384725447824,0.4623240817736583,50.95354096048294,1,0
190.0511462524847,0.44178625657408394,51.021006904051305,1,0
189.94487996815033,0.36375381374990734,50.96632195652324,1,0
190.01569441279398,0.5483860622499234,50.97968396465677,1,0
189.95418665731327,0.3778343211712602,51.22191825559028,1,0
189.9662158436485,0.5068402457201655,51.45583720994614,1,0
190.20262426352835,0.5726080405873025,51.17951501725457,1,0
190.08925953571054,0.45345134397376863,51.67377897508507,1,0
189.95227604408052,0.49026084349341986,51.5114114454695,1,0
189.97579234474168,0.514488746753369,51.467891157883166,1,0
189.9174444456153,0.5677447021592992,50.77217438580354,1,0
189.8642828558309,0.4457939091093851,51.4373899870211,1,0
189.906949485193,0.39061025208004324,50.80302050842487,1,0
190.14676162984884,0.34402259956973796,51.542548855061284,1,0
190.20788290486627,0.48589077858777097,51.20763795470247,1,0
189.9818025553457,0.43415639667390027,50.73322250767274,1,0
190.12849959261223,0.46361199774708817,51.106953160549054,1,0
190.24942565103328,0.45652762473841557,51.46701387101755,1,0
190.06239714226103,0.43811126410584655,50.63430235920638,1,0
190.13056309989415,0.40563068175811645,52.563220777833614,1,0
189.6574076700941,0.42462966272326413,51.96480815763529,1,0
190.20027166078356,0.4323216738762088,50.27508308982674,1,0
190.020239143238,0.34209830101215577,51.338570720005166,1,0
190.03026110452547,0.4564429023589131,50.675190579972195,1,0
190.13811924138486,0.46218879381143113,50.52192024909038,1,0
190.08500678680804,0.3687754684872053,51.47827494719156,1,0
190.21643969116124,0.4324331375443833,51.45666510492924,1,0
190.12714737799195,0.4001707050500523,50.456513399458466,1,0
189.91024311592327,0.505507553809187,50.726034838893796,1,0
190.12635226131994,0.4537140442744825,50.781766381021505,1,0
190.00051942253995,0.5173504525330654,50.471230826822094,1,0
189.98011663315114,0.4464234960601328,51.41450304741929,1,0
189.7181044599759,0.2703684151836338,51.06807032194154,1,0
189.8894188638996,0.5648950222379394,51.3793911724445,1,0
189.91678513648233,0.5155093221149222,50.84399921245547,1,0
190.06587306263964,0.4244707774377154,51.4203472821441,1,0
189.95066967820895,0.5170854042150244,50.20812993591854,1,0
190.1034527983991,0.41765915039022417,52.2447990766288,1,0
190.0207269538726,0.5396065791190705,52.136928866909514,1,0
190.01509982793658,0.4130105288721147,50.75758206578479,1,0
190.0492867586108,0.43393910918691264,51.438216308874,1,0
190.16521004724615,0.47783432734876713,51.47128550614993,1,0
190.04402756011183,0.5150301880668157,51.14144648885957,1,0
189.9252399351559,0.4196790977467772,50.65354127548681,1,0
189.90176296296457,0.5112934570663494,51.34540216112574,1,0
189.40477459867,0.41161645453420975,51.23132527337281,1,0
190.07626770235328,0.4939082061387893,50.99102105490046,1,0
189.76156099603253,0.3236683694185529,50.47499086945865,1,0
189.82949625305483,0.4928160966851284,50.83616143181916,1,0
189.90438529994043,0.495027638617404,50.29140615160151,1,0
189.99649305547734,0.3909388961354455,50.36088445661109,1,0
189.7485988635527,0.3658836813829677,51.57406898505909,1,0
190.08570235514856,0.48055372197151225,49.98759362566719,0,1
189.92029926942433,0.5163028945428532,52.0957175955832,1,0
189.83595215619135,0.3402724225220899,51.74687275877039,1,0
189.94393750152636,0.43211506068091887,51.832348191753944,1,0
190.26710780836555,0.48719905333027735,52.04036050839195,1,0
190.0632611697594,0.5056148761803816,50.66146857896653,1,0
190.1417672862229,0.44086242031560713,50.47286040635235,1,0
190.06671971108233,0.5313833373723695,51.41789113155399,1,0
190.21061995653542,0.5278725316848353,50.745503387056154,1,0
189.9950335853495,0.4789700694510677,51.57850098341745,1,0
189.94984923197617,0.3937649817225257,52.061095453745104,1,0
189.79075234724016,0.3538821260333062,50.59249677379807,1,0
189.87700439070656,0.48037173133494265,50.47573368336083,1,0
189.78575618417014,0.45940454879908654,50.54898002218695,1,0
189.86206163395556,0.5635245974419776,51.426272539405055,1,0
189.9021627606368,0.4738334691957558,51.27504414003793,1,0
189.92250086068105,0.36502441941664987,50.761160535522755,1,0
189.92142295549203,0.4148422042343661,51.79738680967933,1,0
189.94464015315975,0.4248859137533759,51.81462345374771,1,0
189.89052112016267,0.2737637038871268,51.74702809506413,1,0
189.8001923827342,0.415534621126677,51.0202769994668,1,0
190.11392512263976,0.47759815526066196,50.52184969472142,1,0
190.1664046728345,0.4897193766962067,51.506457585096946,1,0
190.02424628067126,0.45153129394495223,51.60434851711067,1,0
189.97460573666146,0.4788019289982992,51.46493387859357,1,0
190.06013071396427,0.46638286330070583,52.38534103723051,1,0
190.024059912033,0.44563025179374327,51.50306568147189,1,0
190.1680548354677,0.38991949604922577,51.509652794865374,1,0
189.90443637397084,0.4886193550127577,51.859842148015275,1,0
189.873264411829,0.36082073777124024,51.04421579587794,1,0
189.9654283656468,0.4845479650412791,51.79526269426723,1,0
189.97366713881567,0.5048691212482973,51.140981188764194,1,0
190.01060538828665,0.42171294360035544,51.36813918382711,1,0
189.90855381944345,0.37062415228714224,50.558804262248785,1,0
190.21871974494502,0.40835708041127167,51.38005625730545,1,0
190.04021110583548,0.5102644371198873,50.907440801681325,1,0
190.23529784653496,0.5441826560128256,50.90725554115774,1,0
189.99115320753123,0.3707002040605375,50.90978948801585,1,0
190.35984437067597,0.3931797325851086,51.54692513925739,1,0
190.10544986534546,0.5621532035570784,51.13147892630263,1,0
190.01756703808363,0.48742326243517675,50.18316263070647,1,0
189.95813743580777,0.42476591843014555,51.78948712060602,1,0
190.17641958191587,0.4678874028151529,50.70323955006718,1,0
189.8211924700672,0.4941915639549377,50.57415208095123,1,0
190.1240200708815,0.41894692136496325,50.96131573506948,1,0
190.2845831544003,0.37085706782264133,50.862498425574415,1,0
189.90025768864135,0.5044009902694171,51.032721593413115,1,0
189.88319601426204,0.3195524434130552,51.53450008986037,1,0
190.141315453893,0.4167598719689978,50.7772915517781,1,0
190.17139937872977,0.4130621193732297,50.38687157507835,1,0
189.94643597253122,0.45634430912261414,52.12246841517128,1,0
189.9218355370994,0.4916730001275232,51.82908530491721,1,0
190.0218600725341,0.42008342553081673,52.10210407052173,1,0
190.28522025991197,0.35427042880633247,50.702487689935175,1,0
190.0376228750582,0.35679145817256114,51.17344792139687,1,0
190.04162680622434,0.4360008150339906,51.28295183837651,1,0
189.85346552665055,0.4733956220741786,51.54142823444629,1,0
189.95006902942936,0.38506981010036084,50.97812161724315,1,0
190.01604547136964,0.44216665845933106,51.30409405841723,1,0
189.857795711508,0.4386292748555971,50.95196065009587,1,0
189.9306006984967,0.4741606806643127,51.93679668630499,1,0
190.07245021148006,0.39451849908888514,51.38721446709464,1,0
190.0271652950774,0.533315577875408,51.45207407530628,1,0
189.875216206279,0.4390045532316396,50.07101781939638,1,0
190.15438058921404,0.5390106665127664,51.088422278444455,1,0
189.88216178777458,0.4605653021610662,50.910787661574986,1,0
190.01056170056336,0.40347047426958976,52.1324432538945,1,0
189.68068111990706,0.3262200698379534,51.262559690987935,1,0
189.8202428571881,0.4389807636034411,51.692934655215,1,0
190.31987480168786,0.4796702453698196,51.743118733998834,1,0
189.80261553817064,0.49639973935351417,51.661878423808524,1,0
190.1974545969586,0.404440907749463,50.56396680677105,1,0
189.7679344255371,0.360096980816377,51.225849158722006,1,0
190.076733865566,0.46847508834386736,51.34490443852104,1,0
190.16178315331138,0.46164146653550503,51.02594055214198,1,0
189.66062823912893,0.4774486884934956,51.51301989883987,1,0
190.13155283450885,0.48103568692438364,51.44324679409368,1,0
189.9912548366207,0.5299366322379826,49.66673250246584,0,1
189.8562740171632,0.5091808518472362,51.6080982380316,1,0
189.92784186840737,0.3572296113413246,50.94227015589739,1,0
190.01533990387927,0.30494124234358183,50.73470103040916,1,0
189.98896409449293,0.3420638552306727,51.22615769894738,1,0
189.91941152505368,0.40307274435267143,51.7576318429804,1,0
190.22774571255016,0.34291428686702796,50.86017679387679,1,0
189.85863565960224,0.4256882554419132,51.0732736105124,1,0
189.98531157059503,0.4166554043524648,51.14695906304832,1,0
190.14388771778923,0.44467568187010525,51.290688762375986,1,0
190.31054792398487,0.34966559916244566,50.14119701641604,1,0
189.81967641948194,0.4911975458553207,51.474338448822145,1,0
190.21495921936236,0.5341458125044067,51.02233573080414,1,0
190.16980323371416,0.5010478256185887,50.96999868462161,1,0
190.16502309732462,0.47286450901845306,51.44282926243957,1,0
190.18279696587425,0.44337515012392065,51.13153922946515,1,0
190.10863912892623,0.49494182736316644,51.37346026654599,1,0
190.21739281500666,0.5198203523814421,51.15403483190119,1,0
190.14354502530583,0.4395351944954696,51.15208594356913,1,0
189.75272758216607,0.40027871906652357,51.64217842114534,1,0
190.23587796099451,0.4515915198136817,51.18128044616736,1,0
189.69964878210575,0.5090613176543407,52.30936850797943,1,0
189.69399187854856,0.34744638119823756,51.0629326093654,1,0
190.14519379642218,0.49308923712216274,51.561518894582655,1,0
189.95324617372958,0.5205072038816191,51.45407414170757,1,0
189.9240987528722,0.4553799224747864,50.69238828412458,1,0
190.01007281175228,0.44148565354432373,50.87553230050249,1,0
189.84093583323028,0.440579471964555,51.31865973629576,1,0
190.2576584632593,0.41709633496976545,50.053230735980144,1,0
189.89309293410938,0.5963665814581119,50.175992245305956,1,0
189.89661972255212,0.4726549121939626,51.01294528421918,1,0
190.14354758885275,0.2974047143313946,51.42276248437707,1,0
189.93274174129473,0.4518655829525919,51.30224768386531,1,0
190.13890449017825,0.392306908692691,50.83371806141428,1,0
189.95324058679466,0.4259071792516322,51.7203494040955,1,0
190.06853265506894,0.5913434475429641,51.4268391277126,1,0
190.16233956555155,0.4702061152576615,51.44383036078226,1,0
189.84642733594634,0.3043593215399112,50.66024938538441,1,0
190.00511299876516,0.36839051988857524,51.88098191861686,1,0
189.75028169792068,0.509189351208605,50.7652962706434,1,0
189.97424767612188,0.4901123047283635,51.819729434223746,1,0
189.94987357549206,0.522767627352337,51.38558740097385,1,0
190.1673662565974,0.3798281449756234,52.110116904948825,1,0
189.96484525826585,0.4210471149554308,50.45216960369742,1,0
190.02971566192787,0.384200904994634,51.25267035233533,1,0
189.93830902633124,0.47763619085698955,50.75081601488637,1,0
190.08063441080657,0.4510423647937319,51.98013805145661,1,0
189.85538661475312,0.4454780069445182,51.32734093556773,1,0
189.8183632771175,0.4895155839855334,50.9630962567663,1,0
189.99402664018942,0.5360313988483135,50.00183197881897,1,0
189.9698587641484,0.5549237332843192,51.9481784585189,1,0
189.7993217080573,0.5793962639795404,51.21747337910285,1,0
189.9451522497742,0.40711016676006284,50.88969936537014,1,0
190.04912569216103,0.44210078333392017,51.8178316970737,1,0
190.02151210056633,0.5793437098329003,51.958203561434146,1,0
189.82533960699266,0.43091262036829864,51.16809555183887,1,0
189.65776821562227,0.469877207673859,51.52875774784974,1,0
189.8960060136862,0.4356040654571469,51.44660457204772,1,0
190.2805650827001,0.5557156873171781,51.65591323894492,1,0
189.79798699785297,0.3959811478235339,50.94336717187335,1,0
189.95965277340093,0.3904804192429774,50.950080719165264,1,0
190.00366151145366,0.36521565405015677,50.18260922283412,1,0
189.92337291610121,0.4359465216979427,51.66742167874916,1,0
189.94590842753243,0.45526430392081546,50.92957106527486,1,0
190.10084849841354,0.5263892743020118,51.3552209974289,1,0
189.88211461757132,0.40377989041291984,51.015813027109,1,0
189.96889272376862,0.45320335141942664,52.25812770100787,1,0
190.17445810328053,0.5086542455930725,50.59365982933816,1,0
190.1401552210012,0.39684055894017545,50.6625512288668,1,0
189.96531196346717,0.3975757780853545,50.76998847423614,1,0
189.88154644608582,0.4480058244207553,50.66855040545444,1,0
190.11753876959338,0.5196631745044513,51.22304166738297,1,0
190.0488067676483,0.40953270388357166,50.62643689062598,1,0
189.80794683680418,0.3825353929886904,50.65686164344783,1,0
190.07917137079727,0.3277604169566556,51.428308694211886,1,0
190.06628509961203,0.5594829993750707,51.4052451157017,1,0
190.32876873117561,0.45654689838642304,51.29024696141855,1,0
190.08438562508934,0.47220399650757905,50.629780189183116,1,0
190.07547967187926,0.5678271283315236,50.64819789037751,1,0
189.90082405659822,0.5196489671096666,51.82912956329599,1,0
189.98691031949065,0.4155315727347255,50.76892959805006,1,0
189.95256204943198,0.47069721509285967,51.148310896669486,1,0
190.1147237988711,0.38641323812312406,51.85528762064811,1,0
190.05330416316644,0.38216527901841824,51.6048340167936,1,0
189.93443969016118,0.3725961028009808,51.79914292865673,1,0
190.16750581149128,0.38043016708032074,51.27235346271702,1,0
190.34015291105484,0.6400662396765997,51.607310103980254,1,0
190.0008176980006,0.48383501919955696,51.612369571815975,1,0
190.0540843671638,0.4242301488276315,51.50142889125474,1,0
190.26873624035414,0.49578902872259495,50.86130370131762,1,0
190.01517945312904,0.4590215762379445,50.536268175729525,1,0
190.15836809680104,0.3282797213251586,51.18720827160388,1,0
189.98013089077705,0.479284268315498,52.22200397398127,1,0
190.24313404851588,0.4250781897651779,51.36324732278756,1,0
189.9680973716297,0.46344361987843274,50.75082776671473,1,0
189.8254012886792,0.47090473770702,51.11792451531046,1,0
189.76793657012362,0.4859933541412574,51.141072841710695,1,0
189.97402222328452,0.4567622548579602,51.50394349993461,1,0
189.98445066010527,0.44863999692659173,51.712464346352554,1,0
189.81432715700223,0.43373155783097,50.73305843778024,1,0
190.08028047493477,0.6137293207670627,50.7634043786043,1,0
189.98577227441143,0.4047326023728842,52.1215930712339,1,0
189.7915510130107,0.4458856650759439,50.462851827646915,1,0
189.94470167828194,0.4494617734028556,50.38033492060169,1,0
190.1632928388789,0.6107792387860154,50.429691178756734,1,0
190.1377573566694,0.4913101257058099,50.566389527335765,1,0
189.81410331623172,0.34478337333673653,50.88905804584493,1,0
190.18617250724603,0.42034555504961507,51.7427780838205,1,0
190.00684736451277,0.47703003968678453,51.75358390073616,1,0
190.06103532970886,0.5156717928209269,51.10666853884937,1,0
190.04539488977946,0.4828198487585487,49.58504419362249,0,1
189.9437146126365,0.5742455239576156,50.86240179176889,1,0
190.16411414350068,0.5029114199830129,50.80267957200828,1,0
190.0239587357164,0.5275403437651586,51.6711593254682,1,0
189.99239662544286,0.48094680266288153,50.94697878855903,1,0
189.93055064178768,0.47736477664474003,50.82494855265168,1,0
189.8962896392611,0.5341769618158088,50.98494966114549,1,0
189.89086070548234,0.37554190906259105,50.17259276478339,1,0
189.75539937414686,0.35572777783824844,51.68790382533571,1,0
189.92344423986634,0.5244763202989942,51.289248029593566,1,0
189.83364069091206,0.5179323802822581,52.24888460086076,1,0
189.8048192124551,0.5868709108074592,50.912116852161205,1,0
190.21808337735928,0.534717012409191,50.388006739017655,1,0
189.99543675469212,0.5013915804198563,51.497628829766484,1,0
190.25134099517953,0.41850495114031444,51.4307774152531,1,0
189.9033674822779,0.5226283282095351,51.62606657169243,1,0
189.8633932291336,0.4629032737374127,51.96696217469473,1,0
190.2196449341143,0.3800941394657474,51.20674010822482,1,0
190.16776462756783,0.3398024740617925,51.25124991579664,1,0
190.05775038467183,0.3308844537700299,50.65036451848227,1,0
190.15290485274576,0.5028470955522513,51.05150114393731,1,0
189.78407044524096,0.36025231959282467,52.32139032112931,1,0
190.05482468118691,0.486208130237522,50.909657275379125,1,0
189.77779894305482,0.5130037387511126,51.40127694888086,1,0
189.9370337178596,0.3655589816663657,51.262309565047175,1,0
189.88479204313748,0.44265068217836634,51.62814841248308,1,0
189.94861362496755,0.46601531501981036,51.5116438235458,1,0
189.65629067687544,0.36877200347054767,51.00861289846962,1,0
189.96870983202538,0.4150825491056244,51.68388017394289,1,0
190.11643846745199,0.37433226653883744,50.96230195144846,1,0
189.92271451857258,0.4758305187859879,50.345107927102674,1,0
189.83500942035468,0.382069404261891,50.531087514332135,1,0
190.27627777928754,0.5766462514550083,51.4270325533453,1,0
190.0972837945148,0.47528385383807176,51.69535244093574,1,0
190.00671588529502,0.4920520381221291,51.759348102032945,1,0
190.08792994176554,0.47313336198259676,51.794883990938786,1,0
190.13016690677208,0.2813008523532571,51.99073418526418,1,0
190.08015294557063,0.4858712699153588,51.07078594254502,1,0
189.89993375764732,0.3708250381278823,52.3852720721768,1,0
190.0910541519441,0.5185719881940535,51.11211762831577,1,0
189.94436717893487,0.3952680739582384,51.32775342605912,1,0
189.72385498047225,0.43871593018610094,50.730672882286456,1,0
189.77282654304446,0.447804885945562,50.11427728979659,1,0
189.8650404733813,0.5066903091059629,50.94972581196682,1,0
190.19399193540792,0.5196829444486966,50.959043740692756,1,0
190.06900731352755,0.36349893110528286,50.10802643267043,1,0
190.21468655950363,0.43548356741825256,51.40830479925578,1,0
190.0888849656808,0.6057272343929309,50.93604128189374,1,0
189.92995317907133,0.3697973745805583,51.029768201915715,1,0
189.87403971488172,0.3936707523247964,50.80159050235179,1,0
189.6307688319406,0.45195251278011783,51.32254620229255,1,0
189.7281496919399,0.6432621096846226,50.43215597037184,1,0
189.94899080115434,0.37766567136142326,51.27319369507661,1,0
189.9855912086735,0.39283685575217164,52.00826289700226,1,0
190.16929199447836,0.5572906970181037,51.01099755573313,1,0
190.01467018226614,0.49685546787984525,51.34143715870228,1,0
189.82132041326443,0.6112134600496444,51.700394053937174,1,0
189.7704931469613,0.48165276425985387,51.24721259052681,1,0
189.8922382601495,0.4089664373692125,50.8286597086325,1,0
189.92943870189913,0.5632243085086605,51.52596903211641,1,0
190.05724791272266,0.32294067689044226,50.5201005202691,1,0
189.92657417184975,0.45802812464329146,51.034010763792644,1,0
190.0058271879919,0.5667674570345018,51.211574044353476,1,0
189.98358107950017,0.4347131168282929,50.70462486663938,1,0
189.6821275925314,0.4292354385731347,50.481819525023134,1,0
190.0327625582499,0.5788963360323072,51.46662237670073,1,0
189.81639949478387,0.6307551768583324,51.26102590682098,1,0
189.96864167742604,0.5314996099907386,50.914986553549646,1,0
190.2886577423441,0.47802334192851886,51.51226960265337,1,0
190.26299442480624,0.5690065188239596,51.05737452221452,1,0
189.92506567843597,0.5321831588314161,50.574844632984316,1,0
190.11779489285632,0.4304332064959872,50.89518676763389,1,0
190.15063335444782,0.501610156509663,51.45875647622879,1,0
189.97478555623653,0.438500636594827,51.62911939317684,1,0
190.04686606483222,0.3169876577770561,50.72830757513393,1,0
190.16850723050356,0.40664905109102345,51.40722831186111,1,0
190.02076846070997,0.3890865076895234,51.91548238556769,1,0
190.00646281118372,0.4059145023543519,51.19212212988727,1,0
189.94920504257792,0.4544094855753794,51.02801466362121,1,0
190.14203317870636,0.36591728019515085,50.846824907359995,1,0
190.07741919841035,0.4806399888830228,50.64476929257382,1,0
189.90150897352288,0.42226863467043946,51.489201150285936,1,0
190.06058178148695,0.37778627563918254,51.451349401486084,1,0
190.11792681925093,0.44759468192622,51.09426677490111,1,0
189.8582403315506,0.6025319566854557,50.94530511760238,1,0
189.8683896818612,0.3848882598098023,50.57069693954413,1,0
190.36241046943957,0.3879173715990751,51.5036174448043,1,0
189.86265777822624,0.38849461937127855,51.688555485043175,1,0
189.83161414624163,0.4895980042254621,50.392571368749536,1,0
190.22502838781202,0.40957095102589924,51.814086109165494,1,0
189.99056269374964,0.34278324061637533,51.50354962253933,1,0
189.99048658530236,0.38096105071703945,51.215572483099855,1,0
189.95884705138167,0.46952968221412805,51.23432539829931,1,0
190.12260425449082,0.43035306718866484,50.80142393606161,1,0
190.00233192094979,0.4492142046113349,51.48588924415802,1,0
190.13885929719038,0.4556726766886017,51.316850317515595,1,0
190.13340011198414,0.39671786375344326,51.30673024395348,1,0
190.01468487344098,0.49278067586103635,51.31939620016894,1,0
190.25151828401107,0.42697242951939673,51.3953379232672,1,0
189.88616714899226,0.5561202963826585,51.43803534854284,1,0
189.95894773182454,0.5549149510037213,51.23335200574004,1,0
189.82485152494957,0.3905446770592837,50.81110215489831,1,0
189.9093724446963,0.5800788461340906,50.48237621718804,1,0
189.9429509769301,0.3568382411178054,51.51636889884764,1,0
189.81612695739227,0.42353860983191355,51.809687732426816,1,0
189.84281919075542,0.33136221628582907,51.93905215411829,1,0
190.10953184384502,0.5142373158174427,50.71411210949905,1,0
189.79625311663654,0.48711873957214,50.85214700337472,1,0
189.76181780890735,0.6118942996266195,50.652998768649795,1,0
190.18546094208463,0.4224899836282001,50.581258700388474,1,0
189.9642255840847,0.44557225982929194,50.25527096559868,1,0
190.21152426064876,0.44083609132420565,50.942537312531165,1,0
189.97192879731804,0.467013791820167,51.10277526644067,1,0
189.9430900006463,0.35423613196847525,50.96379458533293,1,0
189.8216249462152,0.4677408474044764,51.481438664530344,1,0
189.95234182280626,0.5177002474483386,51.17080519811546,1,0
189.80304677685578,0.5747471890822825,51.5579649063111,1,0
189.9947705885801,0.4345162486105859,51.35467985900556,1,0
189.67052891468924,0.5302805770433596,52.08221179682563,1,0
189.87896839365388,0.4734502771786211,50.610002365793136,1,0
189.85711151599148,0.39552009137519234,52.37150711638079,1,0
189.88954446152462,0.4542792273473513,50.407123432486465,1,0
190.27034662213146,0.4490679676970588,49.79928102481016,0,1
190.3516654027158,0.5000138300248874,50.58674514936717,1,0
190.25363458191526,0.36473482565820825,51.300977612811145,1,0
189.91116945096476,0.4799322768051091,50.87022772528606,1,0
189.93099003398578,0.4045357233401859,51.25446398682852,1,0
189.97234012649196,0.5200951488651756,51.94193569279551,1,0
190.0939906038088,0.3911366639086516,50.742245836647704,1,0
190.2216103536354,0.5269187028534265,51.07458507700626,1,0
189.96366868336926,0.5411878573679826,50.999617399622366,1,0
189.87153841738132,0.5556734697824197,51.825470657231435,1,0
190.2624555968866,0.4086821569013815,51.93055913255895,1,0
189.90711134937993,0.31285797918242503,52.23553701055245,1,0
189.67845781159835,0.40947492487073694,51.74439910605467,1,0
190.11668903188726,0.4728010799785829,50.71059907548918,1,0
190.0150486435628,0.4844964207636919,50.82444241625716,1,0
189.8096139587993,0.276613606738349,51.1830517465647,1,0
190.20698956023375,0.5631716154719406,50.7071647609693,1,0
190.1106768608032,0.482388029646869,51.77846369671136,1,0
189.98975550420934,0.5021381937943801,51.394283962581206,1,0
190.016176875925,0.38356198658657065,51.38467622804708,1,0
190.0726518046752,0.5616085379737339,51.276925693557885,1,0
189.97297928702375,0.42914194888015844,51.91663111431427,1,0
190.1286939570179,0.4777372646679837,51.51683406607225,1,0
189.92517638086747,0.3659250096159343,51.33454171624044,1,0
189.93789377370777,0.5562741449068762,51.23610266435415,1,0
190.14353177540093,0.4403382996531953,51.242344556550485,1,0
190.0730863362289,0.46123931438056087,50.66418425299897,1,0
189.59392369129554,0.30856493024941045,51.328855231444145,1,0
189.75448801989657,0.3452649994338064,51.553126103926715,1,0
190.073093429702,0.5231034484851115,51.52794833090031,1,0
189.86929751955162,0.3709897823516866,50.722685796583264,1,0
190.05270230649035,0.4341649820659782,51.60153314566962,1,0
189.89572504060462,0.5082495696501264,51.27028176302084,1,0
189.95978024024163,0.451162055199431,50.82266550068418,1,0
190.01508522007367,0.266821692479348,51.79405225928622,1,0
190.00611474871644,0.4830194422386733,50.36175449783899,1,0
190.32396701342424,0.43962679027972923,51.20827225341124,1,0
190.06143098510017,0.5056607470983983,51.025708165670714,1,0
189.93003347408325,0.43759015985236427,49.969792028847294,0,1
190.09375993964463,0.5270689255553574,51.17329506281458,1,0
190.06659573543627,0.3891360502808765,51.70744405135077,1,0
189.75867878643623,0.522911557238802,50.25897083524303,1,0
190.04213841900727,0.47737313667984616,50.708324023923,1,0
190.15551529463997,0.42290688782262426,51.09625570444805,1,0
189.85203831547986,0.43767261080292924,51.45912782694516,1,0
189.9298842744172,0.4833931557564829,50.78482146026603,1,0
190.17725101815057,0.3943802458776109,51.3888283561543,1,0
189.98635143669338,0.30120617639494973,51.718450418634546,1,0
189.9709246898509,0.46016943039509667,51.39401927085166,1,0
189.8829095830582,0.4099267187647494,50.57053705350713,1,0
190.16034081750004,0.40569982017338807,50.78474084043346,1,0
189.99225303949447,0.5048588761106432,51.0282928458709,1,0
190.10837620190128,0.4300606199730738,51.169063616066225,1,0
190.14714444405962,0.5452960245644753,51.05960016875084,1,0
189.75097646372294,0.5097665365149392,50.74911389676902,1,0
189.74401641354123,0.4268196024932052,51.11090749495059,1,0
189.8989598160714,0.4024054657742339,51.34788451779706,1,0
190.1645655145781,0.5388207969531486,50.74675397742579,1,0
189.85222166547737,0.46908785610356346,51.94738810316735,1,0
190.08438767762559,0.5036082271066873,51.056331839573396,1,0
190.21628125231055,0.47639962864965524,51.00644562277404,1,0
189.87705096390206,0.49031956485035455,50.839128474774185,1,0
189.81536790030773,0.4656349431034521,51.16384104795098,1,0
190.43753412353573,0.3487896499851355,50.24583607155637,1,0
189.74738317628226,0.4435729111519467,51.06724458492729,1,0
190.1055203436433,0.4446623509365003,51.056033021221864,1,0
190.09195986797388,0.4454334614919329,51.09727888418742,1,0
189.9403781814301,0.39101665946766395,50.86040347620487,1,0
190.31645472015282,0.38552037599049493,50.80258686016293,1,0
190.19532433022871,0.4953702541621408,51.22261667171316,1,0
190.06742175725188,0.43080902075353605,51.58950228147581,1,0
190.07286151779363,0.4208008308229001,51.126366233229525,1,0
190.17959824911273,0.428783464813983,51.12089084247176,1,0
190.21833922113083,0.4865198841650312,50.16862937323627,1,0
189.9356351876292,0.47322712502425285,51.208657633253786,1,0
190.15006967012815,0.4017012181733081,51.14507920535452,1,0
190.02556179473126,0.5158864867704623,51.64305954351079,1,0
189.92096015401637,0.5056036261476565,51.33598517018896,1,0
189.8071963907334,0.5491670695440926,51.36938217189676,1,0
190.25494683493756,0.4197958010904702,51.55478037706745,1,0
189.6325223018526,0.5546882554401574,50.79094767345995,1,0
189.74697676919652,0.5322126918032171,50.686035057011004,1,0
189.94975527547723,0.40565077284866524,51.68033673114293,1,0
189.95176427106577,0.47416946423525075,52.301246841999976,1,0
189.9237640548819,0.48012455476634647,50.92956861638724,1,0
189.8690707872404,0.48557037557251775,50.16077092975887,1,0
189.85099447231767,0.39844157301312033,51.5641573917564,1,0
190.0681056231815,0.47772205891203257,51.267182768451164,1,0
189.99974883431057,0.40916341048178906,50.99482177611006,1,0
189.88918237441072,0.4967890569882065,51.13607484127675,1,0
190.09669536660215,0.4836152695309037,51.11860971635135,1,0
190.12043303338544,0.4484815429254556,50.437621263515176,1,0
190.10690839196678,0.41193642135521535,50.43932200660591,1,0
190.03239017580816,0.4154574212997036,51.635931938782406,1,0
190.14973364565168,0.4610928000329133,51.4148812272545,1,0
190.0422817608313,0.6111729492622309,51.131754168087866,1,0
189.61024164558762,0.3933715686093091,51.044699456105135,1,0
189.91111667590636,0.2716719764475082,51.43485498592972,1,0
189.93258159976457,0.3411433902270503,50.85539463094118,1,0
189.83677878270845,0.48133348428729944,51.9019233453725,1,0
189.71817030369684,0.3893349695337258,50.81485663897105,1,0
189.9757731277801,0.5604220443909392,51.615529978116484,1,0
189.9858448833642,0.5640276304167781,50.54751236314224,1,0
189.7563180117523,0.5228101133878517,51.407594227254286,1,0
189.99845498922647,0.438663077075956,50.41075725496945,1,0
189.97127608662007,0.3976394886010682,51.15562563872499,1,0
189.96653002967795,0.44245507938046286,52.17236974439742,1,0
189.8409577289174,0.5552112468804583,50.88806060701592,1,0
189.8621821263155,0.5497129363477489,50.79033275748773,1,0
190.12338398870577,0.47450466403314506,50.68587834299111,1,0
189.99913513105227,0.3405630950217758,51.82712257667336,1,0
190.18443287142784,0.4905136846831877,51.62444166635893,1,0
189.939751632701,0.3431513170496061,51.50570257786346,1,0
189.77935103512078,0.5381780562312231,51.189846552674176,1,0
190.13968662793138,0.38795053421477743,51.07981739405396,1,0
189.9668569181742,0.521889891642487,51.93619534340712,1,0
189.6425505053753,0.43872745704576577,50.928389471790524,1,0
189.84789925142186,0.4467573838085632,51.317219288400004,1,0
189.89218794656387,0.38552406759193125,50.70264563347495,1,0
190.11537909400252,0.4878882691242813,51.17465449533716,1,0
190.15614582208678,0.4562135417608308,51.32226612638637,1,0
189.98137050298791,0.3681647165308812,50.87629961560528,1,0
190.0624305686666,0.4292078552456939,51.19341286763337,1,0
190.1537472480167,0.40767922340983165,51.93248834901078,1,0
189.87903879167862,0.46243154269310804,50.547222451625544,1,0
189.96140804747492,0.40943769071229624,51.32009222084101,1,0
189.57275292741699,0.42396161435175317,50.451693986562375,1,0
190.01848973917396,0.38442589370965136,51.14201292874425,1,0
189.85340905279708,0.4635161138358658,50.92892297076872,1,0
190.18096834771987,0.480152671836064,50.45185819685185,1,0
190.18215888075545,0.4637770101244557,51.32529533879386,1,0
190.3237227472841,0.4739140570034159,52.029092134195025,1,0
190.06850384922225,0.4576647120018933,51.533204857565785,1,0
190.1789797534384,0.4535628100797779,50.65553932445834,1,0
189.75646165600836,0.4505046431688413,51.492236702514745,1,0
190.18887545266057,0.5486838787935098,51.79234965397392,1,0
190.01423159012305,0.42773217594105967,50.44362372554185,1,0
190.3054780818598,0.4448727945045412,50.67883741598976,1,0
189.93111317696415,0.38632937579068016,51.96072413424007,1,0
190.23674440305163,0.44309561372545375,50.95728176920235,1,0
190.14987698905475,0.2869255864969542,51.685097504622476,1,0
189.97058768790882,0.3587507244327371,51.47232724668822,1,0
189.88453825321866,0.31875743182004257,50.147972225921464,1,0
189.846081792027,0.39207107775072636,51.11136171476417,1,0
190.05569403852496,0.5118171218663892,50.844845713786036,1,0
189.71271414272525,0.3970708492996586,51.32996417058723,1,0
190.37158788456895,0.38683037753452665,51.948798324932554,1,0
190.02255290431543,0.38593425717308844,50.627085837571805,1,0
189.80024913159338,0.484751799437729,51.07971620524077,1,0
189.99787491666999,0.5758090561171061,52.07071714961914,1,0
189.89662838396518,0.4996406201821555,50.698941738599004,1,0
190.20878894419178,0.4932668247850199,51.08958235538337,1,0
190.1053196680627,0.4059208111856804,51.30437543127863,1,0
190.24957828040573,0.3422167263096691,50.83809341023274,1,0
189.92531273166955,0.4927468134616101,50.56802150017617,1,0
189.8388181583928,0.49026020199801523,52.01511849731623,1,0
190.00691082216753,0.4469012854421654,52.03052340795942,1,0
190.03868937710314,0.49657508281764545,51.47294551825205,1,0
189.9453573163106,0.44092320812800895,51.402681479458685,1,0
189.95690287522532,0.42716514546061185,52.063656787513295,1,0
190.1940890684134,0.373174986127665,51.450292053103986,1,0
190.17610411222088,0.4193955220623651,52.3269475018533,1,0
190.0853235689489,0.4096571677602041,51.52921964685041,1,0
190.03313514105244,0.5903426157577517,50.683811583151765,1,0
189.86056379479052,0.4875558198422715,51.29064287845929,1,0
190.11083899270469,0.4554997842695512,50.744148346641666,1,0
190.01229975393656,0.5244969911281665,51.114750167481134,1,0
190.09268440918947,0.42466451880892686,51.20633446278989,1,0
189.94915222851785,0.5031029296351035,51.352776148222866,1,0
190.1131319119699,0.5320643277381458,51.36220987980822,1,0
189.752260504741,0.35024964536190495,50.30219291167464,1,0
190.19702043033377,0.3846212827331332,51.127872007740194,1,0
189.5659570726993,0.41137025912620656,51.36690712271064,1,0
189.97067265315548,0.44760679970909256,50.725754468915426,1,0
190.03920855363663,0.34424087871052644,51.64834923701338,1,0
190.00294935028234,0.5221837062410867,51.61724406879479,1,0
190.03229638321133,0.40826103191549346,50.75708110618023,1,0
189.93646573192413,0.4955400782182183,50.83603985316932,1,0
189.55387908568312,0.5863950564281534,51.72618140707116,1,0
190.21454278504504,0.3610429312496306,50.390144805056224,1,0
190.1561658410467,0.4172797490878674,51.54992980482796,1,0
189.67597393835985,0.3088355357949745,51.23118808734604,1,0
190.37788530396023,0.4460752932045301,51.76841627358106,1,0
189.8779764429317,0.5371223958802523,51.44748189811748,1,0
190.15313528643483,0.4952843073179188,51.6156547615275,1,0
189.8361681920341,0.4537672582487512,50.630949957534924,1,0
190.15299759181724,0.39530636180438006,52.09418390941485,1,0
189.95362069405272,0.36392486148332487,51.71609792388606,1,0
189.81659417260937,0.39840148744359805,51.03762222066291,1,0
190.03244056540723,0.4350043863798444,51.29084001056635,1,0
190.10235096024843,0.3831506289569504,51.747461082246524,1,0
190.1802493618832,0.4833520605468756,51.54103482648367,1,0
189.97675569616538,0.3409147814039474,51.176221850191396,1,0
190.368895692526,0.3697575751350782,51.29907428961617,1,0
190.18588526767567,0.4515811585883794,50.7564553930084,1,0
190.02416067120052,0.38382356360189107,51.241325788310476,1,0
189.9413262626058,0.5049494151909035,51.41933606149351,1,0
190.07592127904744,0.40623192274916303,51.69107219739919,1,0
189.8332471970494,0.37073991320567046,51.19010354925419,1,0
189.87479032489063,0.5573067898677946,51.58602768559897,1,0
189.98678544809627,0.5142978714764691,51.41345044244965,1,0
189.77199125016682,0.5064449967637251,50.66573023989828,1,0
189.9812486678417,0.46327756833166767,51.388667043085064,1,0
190.07402925347643,0.4713931835739598,51.64512701030497,1,0
190.21644082263538,0.38783707516982463,51.70210849701947,1,0
189.94827235797115,0.6092965934173362,51.910580751020504,1,0
189.77596639126378,0.39364541526641833,51.375343358147546,1,0
190.29257289121432,0.5599236381595154,50.967731127185,1,0
189.82958633173297,0.5119764658399297,51.252397267303046,1,0
190.40050340619615,0.5258476086228254,51.23058285426166,1,0
189.94873740730804,0.43193306096116535,51.5513561195695,1,0
190.30403724589445,0.3147337087882023,51.31459106030632,1,0
189.90642045424647,0.4579152955910154,50.61436677787558,1,0
190.16296426350743,0.3677641159929401,51.20516969497192,1,0
190.15143367961994,0.5022349034556469,51.74155283387052,1,0
190.215441826769,0.4594982778947419,51.59272596521521,1,0
189.98070127271274,0.4788738420028185,50.65479269511369,1,0
189.8364392336549,0.42115698023927295,51.55641878099601,1,0
189.78388669068963,0.4164512987213311,51.10888542329967,1,0
189.92505766953832,0.3391065691541316,50.89110809509944,1,0
189.71126039149055,0.2828211690901631,51.338431067751756,1,0
190.14572167065668,0.39565363716813956,50.92082689824265,1,0
190.03945407507973,0.5495790117402668,51.67775858815428,1,0
189.79731548757627,0.413221400415399,51.653716563481765,1,0
189.5519001778697,0.3873861317801716,51.00231621474698,1,0
190.18533860013605,0.428742344124453,51.21127138180609,1,0
189.93967614239088,0.35874965737709164,50.70070670686185,1,0
190.02076444409582,0.4382970937591662,51.0708663127571,1,0
189.96068458178888,0.3892000107174349,51.18327389726051,1,0
190.15810914008634,0.4531325279259034,51.66897711676634,1,0
189.61983916419373,0.5389619527344396,51.62623271076397,1,0
190.01294770454066,0.43482203843495576,50.76682778560341,1,0
190.0158600433963,0.44104275722633324,51.494879906628526,1,0
189.97611849406556,0.27220491550896325,51.25319122629554,1,0
190.0642171303479,0.31791750704921223,51.26915916032864,1,0
190.01643234818255,0.4032230575519604,51.241757073072506,1,0
190.00615144434406,0.4980463968053686,50.89872767348068,1,0
190.03372955956593,0.39156498828662845,51.02172355326695,1,0
189.98512572840045,0.5005251007217216,51.575492407098544,1,0
189.89059895291396,0.49825669519462557,51.95250429365102,1,0
189.96606883559235,0.4222428478489713,50.18149425539944,1,0
190.1989943638204,0.532494226084647,51.43873177051028,1,0
189.79610849478885,0.5545065726301774,51.83852347434279,1,0
190.3083921302816,0.5259915769929798,51.62985116953753,1,0
190.1011505524449,0.46852779343271816,51.718418765981845,1,0
189.9285987770563,0.5005275302741733,50.48777027973316,1,0
190.17698903508523,0.464046548280358,51.5594795754502,1,0
189.85634052879996,0.3682547544030532,51.31781724414985,1,0
190.1182553641916,0.33513947871958183,50.440194035043966,1,0
190.33292922738337,0.4121809769622172,51.411253598897126,1,0
190.16636780621158,0.4517303775384324,51.228260710217015,1,0
190.03053511680577,0.4733808968141838,50.857901843918086,1,0
190.25967161055695,0.24948976577139062,50.577503055101865,1,0
190.11944102583365,0.3804425171083344,51.48863735062774,1,0
189.59161203391972,0.2851009546284678,51.27368380326069,1,0
189.85059460198582,0.5134946403830135,51.33380424047455,1,0
189.8374417148818,0.5773477694556144,51.108198347566784,1,0
189.97259765278426,0.4860255734614873,51.36640526738545,1,0
190.17182648609625,0.3539007981597889,51.01207330947361,1,0
189.81604324619147,0.5074251773469078,50.877778278916615,1,0
189.8668949086961,0.5886427126556717,50.54884012804635,1,0
189.8618899862092,0.43491914076284005,51.06539261024156,1,0
189.66060224103393,0.4779216402230805,51.45631347782518,1,0
189.88796528024344,0.5334553993657001,51.35140803594044,1,0
189.82255161725314,0.5361877045992937,51.491418928152875,1,0
189.6565708545469,0.39289453748700964,52.05165039083005,1,0
190.03750247977533,0.5997741974881432,51.23371747402631,1,0
190.12940811367523,0.3909372035376248,50.99521631823601,1,0
189.96168506238362,0.525642069469178,51.454457753751655,1,0
190.0770995693386,0.440603560779079,50.68142392581236,1,0
189.999404075806,0.4820002000063718,50.646555302107515,1,0
190.12455874010567,0.3227777080162158,50.59039012702836,1,0
189.83112190345344,0.31797825801540647,51.47560856724703,1,0
190.0869643026276,0.41738534499151475,51.20237447494095,1,0
190.01405890701866,0.3906200539065071,51.04609605891926,1,0
189.9496680802289,0.47850083889291684,50.66550933670374,1,0
189.9699375272435,0.4126934360250174,50.63600261236183,1,0
189.91417744048508,0.3446985806954637,51.687006675703955,1,0
189.92512594457506,0.5493391278711546,51.934304687048055,1,0
190.12172172813317,0.5844582058563874,51.07315045981244,1,0
189.88662468007308,0.3679127508562139,51.81538281797814,1,0
189.985212656846,0.47961047611269964,51.323799152460424,1,0
189.96212120592614,0.47813666342396605,51.30306426135824,1,0
190.02332114341823,0.32387198321260613,50.292000100559015,1,0
190.12142264656165,0.42229729008255223,51.051537886753934,1,0
190.06886515818132,0.3727781736704825,50.69301284874875,1,0
189.72293860470057,0.28304255369294207,51.36068709954025,1,0
190.21896526928154,0.40167327748190124,51.21235851175396,1,0
189.85200043674112,0.531621457296454,51.25046571412124,1,0
189.7105505411092,0.44091914433656254,51.53557873741328,1,0
190.07271720369556,0.43781063903230116,50.6315985203175,1,0
189.81617892888988,0.4656855739456177,50.793986554458726,1,0
190.29039382989828,0.4431485512333316,51.109732152974374,1,0
189.85546934182847,0.43743902991539774,50.65933393141323,1,0
190.09826189707027,0.48122513136829154,51.395406907512275,1,0
190.08411390579573,0.4851406678228871,51.77514448352294,1,0
190.13670494666954,0.5203050714347633,51.014872801438266,1,0
189.87387811437924,0.46442615018856187,50.96865713253612,1,0
190.04777383042511,0.5610076743355407,51.81069037273519,1,0
190.1863460534186,0.3264858500738599,51.26845611610248,1,0
189.99819503940785,0.42027625712884764,51.38625218140078,1,0
189.93487419299055,0.4366713457982171,51.003389841714956,1,0
189.93316052740443,0.3812303051658216,51.566671434961854,1,0
189.89263051882062,0.49411037449932427,50.78315263670916,1,0
190.08630678544486,0.39477538239149423,50.71866271372834,1,0
189.9860034039314,0.4737783579425835,51.23136868488157,1,0
189.99089480693394,0.4505793190786023,50.89954915391458,1,0
190.03134112452636,0.5667757035013886,50.40547591317603,1,0
189.79862870186153,0.39946068514522504,50.396141455456245,1,0
189.86123674994545,0.29261122522466076,50.88399112303621,1,0
190.1690231601272,0.42183788870636063,51.092440586100906,1,0
190.1321055265205,0.4975887871427688,51.88488983569409,1,0
190.27838297514882,0.35359498470229705,50.39527745309152,1,0
189.94229556635642,0.4587723369266719,51.27006516463051,1,0
189.96378437957512,0.4585245506507463,50.777354728450526,1,0
189.8096427321866,0.38255964141242704,51.462575719247134,1,0
190.03321753666972,0.29483142155813546,51.189948420432515,1,0
190.1140735474524,0.37644183068346093,52.33801544128319,1,0
189.98101991146194,0.5184182904254965,51.676244481042055,1,0
190.16593320708924,0.5062454137682679,51.003314400830334,1,0
189.7489349316196,0.5165211728806358,51.37882529807396,1,0
190.21066149716307,0.4519458897565455,51.2296184171266,1,0
190.2568396429264,0.3389775091226966,51.49589685809411,1,0
190.17917475862595,0.4593312556222213,50.0839899921671,1,0
190.22143022579024,0.3273091946593131,51.10085540885411,1,0
189.92782355274304,0.4476061397338546,52.02957368950168,1,0
190.13109827080925,0.4934956978242036,51.81486097374246,1,0
189.55770680208263,0.44309588022187274,51.21574047630445,1,0
189.59459569275012,0.5647478814206477,50.689856242422714,1,0
190.25219312449315,0.5744586864013667,51.99356140379402,1,0
190.07378298850924,0.4097738288455307,51.23938016256982,1,0
190.00628477327044,0.520632726458099,51.60785806884131,1,0
189.96591080978834,0.3807418599882213,51.20676301272389,1,0
189.88342128431495,0.3924340483835649,50.75681320854966,1,0
190.1885294131834,0.4910074777718233,51.022706034120645,1,0
190.19596189405223,0.46644587488366723,51.13516869185025,1,0
189.99511339931524,0.38590842954795523,50.85655490789146,1,0
189.93507056543945,0.4760095426588518,51.489812015668065,1,0
189.93714920768113,0.3519856995301618,50.783272745121245,1,0
190.13521779478276,0.4196944700157013,51.61646108647712,1,0
189.86700938916695,0.23847640308795953,51.52942124812642,1,0
190.03564260071707,0.44314209974052615,51.440069290766615,1,0
190.17911929948647,0.4290450425344166,51.596199989451776,1,0
189.99552293564213,0.27632611910135024,51.98847938192294,1,0
189.96699737204176,0.4248658040220891,51.09965232146371,1,0
190.01583442352677,0.42877621750824885,51.479832460956366,1,0
190.02149050154216,0.38331196234538245,51.484559799269555,1,0
190.09063566714025,0.3848321999010889,51.30682027647161,1,0
189.9051989769062,0.5150439552696603,50.13993967655645,1,0
190.09841670754005,0.3345351363978009,50.41375677405736,1,0
189.90551585240456,0.584015882139075,51.21696582094534,1,0
190.0934759029114,0.42024117855941173,51.263797536892284,1,0
190.18661831139758,0.3974012215846308,51.392723728333145,1,0
189.97918393085027,0.49036974564633734,50.86497161364934,1,0
190.1237331373753,0.4748848522631801,51.459566333492944,1,0
189.98605253689072,0.37585008081825805,51.21234371967028,1,0
190.13024745122013,0.5015387479633807,51.12128415627576,1,0
190.0834048633629,0.3407126675070766,51.10724575746803,1,0
190.00031353965144,0.4742986748579411,51.10700116676768,1,0
189.68458567205707,0.38135767997423503,51.34034557200244,1,0
189.85681296513508,0.5256319687729516,51.38458897038726,1,0
190.04623050600534,0.3947760416031369,51.5530767299453,1,0
189.9481134882994,0.5109589448387702,50.45229786409757,1,0
189.84497656374455,0.5788558775303736,51.447157207321155,1,0
189.98447311714756,0.5071515433726268,51.331356478218204,1,0
189.87249790771918,0.4634471986490668,50.17063167965739,1,0
190.12586341119274,0.49687919271072406,51.33212565757787,1,0
189.96268946723094,0.5912390836452918,50.808283282359135,1,0
189.95999326053175,0.3220130356131197,50.75916222719498,1,0
189.79383804653418,0.48066437073436263,50.76209112102591,1,0
190.32795242991227,0.41236322860467606,51.973867909677686,1,0
190.0217717776619,0.3696420052454456,51.074792467977794,1,0
189.8942475098922,0.4673368828730279,50.467512290526855,1,0
189.92390826317552,0.38562239378247454,51.41525984325764,1,0
189.9703059962183,0.35327072829486517,50.755810581999775,1,0
189.87222263077925,0.5475690408062364,51.149414774982596,1,0
189.9708513717243,0.3415050847395382,50.72471956172575,1,0
190.11675369313483,0.511128573356912,50.80857109645464,1,0
190.1127197855265,0.45871267200292765,51.10544585911724,1,0
189.82360915207406,0.3970781513511766,50.532623865378596,1,0
190.04430370871654,0.4657668942519247,50.850862859737035,1,0
190.0910966634485,0.49582043026189054,50.89496291142952,1,0
189.98342646598664,0.5300536116089025,50.96164005648676,1,0
190.1782301045017,0.3093419291628012,51.58146181479728,1,0
189.73936778205135,0.4219848314581898,51.84640559029686,1,0
189.6646160648833,0.47375948664335676,51.39789334112807,1,0
190.15100424056746,0.4002522358641481,51.7419827260136,1,0
189.75834567306856,0.461603446655888,51.18105929281549,1,0
189.87118580525657,0.4164940894508183,51.84652118515356,1,0
189.83773220407068,0.4195541545798023,51.32213946024854,1,0
190.3628578917862,0.511484375443595,51.16539298304497,1,0
190.22072906265993,0.43879914685331484,51.689225008975164,1,0
190.02412884395434,0.5016178638048547,51.135293797150354,1,0
190.13976852423605,0.45219559586380487,51.57006430996159,1,0
189.84692543449918,0.35789041957364665,50.9994002724736,1,0
190.09610390063517,0.5674602498640716,51.663510416297726,1,0
190.10119916199133,0.4769149851665234,52.012337316295465,1,0
190.14508558460642,0.46203460305259103,51.0515234745048,1,0
190.08235065339284,0.47198279956171246,51.13513642026871,1,0
190.07340886226922,0.38949917649765675,50.78377534088502,1,0
190.2174666950627,0.4578899269697433,51.124853695097094,1,0
189.71110134343252,0.5644874063967305,51.58433122883597,1,0
189.8323049182502,0.6508648720633652,50.90920312807792,1,0
189.719151883529,0.44750399023983223,51.59610592879595,1,0
190.24954904799355,0.5265323873947392,51.60583594829298,1,0
189.9226117644903,0.4722249125560906,51.79322249618281,1,0
190.25186761676304,0.4272507631379164,52.44414807447316,1,0
189.8017378978679,0.4772838170826377,50.89566033516534,1,0
190.46413066560805,0.4636976618496766,50.86914148527143,1,0
189.9643814659529,0.38795926181153256,51.23602822363977,1,0
190.2361967493798,0.44551923396157117,50.88548001076381,1,0
189.8220835780254,0.43539367296385545,50.49378320088716,1,0
189.62926975779502,0.48074525704875315,51.93817752968675,1,0
189.85634619964702,0.5093998652920031,51.5525610652826,1,0
189.88277741402214,0.4350277482863891,51.23648064505814,1,0
189.93765494210732,0.4709451650643124,51.10212259157655,1,0
190.14470629295417,0.3720212334951935,51.517612080199726,1,0
189.95423777193682,0.46401890857543343,51.81902331591756,1,0
190.12748537057968,0.428337146318496,51.08528839990523,1,0
189.8150279026137,0.5340963552119615,51.72493055220552,1,0
189.89675143977328,0.3858610338033672,50.721000171617504,1,0
190.1399529712487,0.460840971740414,51.53617906991703,1,0
189.9475399568887,0.4086387442889736,50.882032282633375,1,0
190.29392885971978,0.4611292197418958,51.32514212121041,1,0
189.91479704344925,0.3349635146485922,52.06939389246421,1,0
189.9921436364479,0.5335510148454918,51.393828826466944,1,0
189.99348126532593,0.4666346767111822,50.94350971926533,1,0
189.99093897384054,0.3677794702268923,51.369379197896905,1,0
190.485453151443,0.3795942861986368,51.707278485609415,1,0
189.6929163820265,0.41552443663747285,52.209674714733886,1,0
190.30698588367727,0.446721093803938,50.751002128535454,1,0
190.32862497040497,0.38720866999420894,51.51931530609017,1,0
189.9560572205323,0.36892784028174036,51.340987365505065,1,0
190.05127729966267,0.4849665493282604,51.23339042466673,1,0
189.99810430968995,0.40944082358221856,50.78951916738617,1,0
189.7656795015812,0.573457581017344,51.09587743988363,1,0
189.94462596184755,0.4156519461078602,50.50213017365603,1,0
190.11305347452014,0.44205214959180766,50.875204063265,1,0
189.82288025598288,0.3930561681451574,50.691970845243965,1,0
190.20840288202388,0.49675829004053906,52.12079791058972,1,0
189.9553832749677,0.43586230020417827,52.124390899789496,1,0
189.87691311328754,0.5289886088309623,50.640299798447685,1,0
190.11658839145616,0.6194336638859057,51.05416730095676,1,0
190.03269613364748,0.42201416230779054,51.47672057247213,1,0
190.0632032766977,0.4348000095592529,51.124975770906495,1,0
190.12350356127837,0.4786973706739797,50.855551278643695,1,0
190.01532004811492,0.4442510064183266,51.17513887985315,1,0
190.02268842829054,0.41012581110004487,50.85779258695474,1,0
190.03063111527436,0.5312838845848016,51.163594559154234,1,0
189.8402891197398,0.4933798777631079,51.17182953215397,1,0
189.90373517589796,0.4088677412316997,51.00621917289618,1,0
190.0249649138214,0.44747578198726534,50.79165744872381,1,0
189.84740334093487,0.5294462629997564,50.91015069217059,1,0
190.00675320264432,0.4169236738364104,51.23527074706471,1,0
189.8327665658424,0.41669661160837207,51.04437495107745,1,0
190.23447584148184,0.42367942415245324,50.55875030577928,1,0
189.8254530654132,0.4631722675139553,50.94330985308571,1,0
189.86784589647849,0.44683186477898945,50.82195534330685,1,0
189.89545110314464,0.4095038328465051,51.577921351842114,1,0
189.84936676305387,0.41800623935343434,50.06700814733177,1,0
189.96656773605892,0.4774750705378828,51.28798641175026,1,0
189.91187779250075,0.6062216889733769,51.151210996777074,1,0
189.96509308008297,0.5924602847375795,50.67659229424886,1,0
189.95596850098886,0.5114767883407144,51.58476547748826,1,0
190.012330525069,0.4028221493076228,50.70544178382733,1,0
190.10009024498532,0.5052560274494896,51.39230061241142,1,0
189.82047885833106,0.47176389329639157,50.7785497481514,1,0
190.07064245350693,0.4533887909739821,51.44586195054613,1,0
189.98321952394897,0.4664313009697538,50.805411945873786,1,0
190.10317644990718,0.556004559467542,50.70967896943463,1,0
189.88200387178665,0.5206870445428889,50.95057322806873,1,0
189.90049385251774,0.4198001772514568,50.871560617862976,1,0
189.8959681145056,0.4429134890598325,51.50544730553186,1,0
189.76500313287613,0.38350424682141776,50.882482954109875,1,0
190.01825818245186,0.4779882446894598,51.03310085984392,1,0
189.82918284681958,0.4056521271884901,51.700437394467386,1,0
190.1601712818462,0.4427727173427244,51.398087797545195,1,0
189.97412419811855,0.5435259282929299,51.08590848181435,1,0
189.973212513959,0.39943229803685315,52.01084802861677,1,0
190.0431528435174,0.5024367278318851,50.77509339424581,1,0
190.1939490801074,0.37141433149341363,51.304016172211455,1,0
190.11257828530682,0.35800429856666005,51.519077466195945,1,0
189.85834064471965,0.3767837670641384,50.646943194653744,1,0
189.6466845276448,0.5414230876645031,51.11716091514616,1,0
190.0923505959582,0.5152376946366748,51.8859949436168,1,0
190.09537391324244,0.4717823939120267,51.120445267028465,1,0
189.94757618810198,0.43853846183296624,51.9509869573376,1,0
190.1263781022162,0.4332301695674357,52.22368978870873,1,0
189.76919549110139,0.48666921876203373,51.892623129530286,1,0
190.14703204556758,0.42103834909619103,51.86635258580234,1,0
190.149475310606,0.5599496339804209,52.06265449411042,1,0
189.9949956433722,0.41608746344131525,51.211765119191625,1,0
190.20618017385584,0.5459082092802213,51.52011771173935,1,0
190.0544981982518,0.49526066601292335,50.91535050209431,1,0
190.09101231977425,0.3967326272547429,50.348199733252265,1,0
189.96194059723615,0.48299799496632145,51.187747412602434,1,0
190.14236862651984,0.4406033391713389,51.09943281471208,1,0
190.17351897921745,0.5318894425027342,51.565380881700264,1,0
190.15773635630927,0.47072079324390415,50.92919653369352,1,0
190.11976553541953,0.4191932339752599,51.1951453168644,1,0
190.152067128149,0.4711067592242648,51.42273252354454,1,0
189.84464822958378,0.3907578615622323,50.95400762286952,1,0
190.13643344738554,0.4645021210052711,50.862058719289415,1,0
190.1242545624581,0.46836373462196057,51.296896848504986,1,0
190.04780655132743,0.4428871653058548,52.07891227580675,1,0
190.072076101568,0.4964611306171292,50.460979705596074,1,0
190.1005337823602,0.4180102474318437,52.012472690555356,1,0
190.04439575650653,0.3664900162605251,51.931961466754515,1,0
189.87360693834867,0.47115163415244504,51.40846027755929,1,0
190.11346074555107,0.45340266707267096,50.49960560290501,1,0
189.88722977237757,0.4871030055142603,50.84410889698147,1,0
190.11832826071483,0.4632866607168471,50.92058828523589,1,0
189.8661207686765,0.524631804928498,51.425521083285,1,0
190.06868720971957,0.4459624305929792,51.38668433787781,1,0
190.25135005674238,0.5659404243987207,51.03619548171763,1,0
189.79510545760922,0.3645884929504126,50.79828621997957,1,0
190.16637067088848,0.4922411766229043,51.065348862632625,1,0
190.0448973993895,0.5492143410624115,51.047567120166455,1,0
190.10298555016882,0.3949855399768862,51.525878878407866,1,0
189.8408265413145,0.43029835967826674,50.33941787551716,1,0
189.98270757397574,0.4749403359544831,51.2268898685263,1,0
190.25768275131526,0.4134178559815821,51.091905553906194,1,0
189.89046248350368,0.5544957091520958,51.20537436778874,1,0
190.2167383807755,0.3995643740401826,51.31962052079175,1,0
189.91835570653342,0.5319793894021908,51.2381802405966,1,0
189.79446633370702,0.5714208563108115,51.285788242528355,1,0
190.10277372723027,0.3624841118007986,51.82678134409395,1,0
189.95435498585957,0.504119114058875,51.44171942967667,1,0
190.12928061690536,0.3981235267208544,51.55814526440486,1,0
189.80843285889745,0.5027829513952299,50.249108019882,1,0
190.15195206625188,0.21937751333312872,50.86959236036741,1,0
190.00372666474476,0.5102461402635401,50.23243950347907,1,0
190.00298576396554,0.5077437551731925,50.64857885430171,1,0
189.71153068364322,0.3984545332323789,51.10011060561674,1,0
189.8362350241394,0.538178122913636,50.96659745505422,1,0
189.86340237962304,0.47145086020986277,51.76195832348576,1,0
190.17044269325456,0.4747737064160005,50.870374117361315,1,0
190.0482600969754,0.3896507568115169,50.08927108967102,1,0
190.12828764408022,0.3549830664827029,51.205026727188816,1,0
190.05409093423336,0.5839582207698305,50.803364178746506,1,0
189.95026852487192,0.4472120441057926,50.44064372835717,1,0
190.15680043372652,0.3640711791923855,50.580412457623716,1,0
189.89765889888986,0.5389669570996161,51.716434148379584,1,0
190.08933394165595,0.47178629184892706,51.568006140051104,1,0
190.2587252593103,0.4263280263038574,52.20977649001103,1,0
189.9718100306804,0.4786712281548535,51.21933162810394,1,0
189.78555799029928,0.46676793922272447,51.94797504491025,1,0
190.14563020545472,0.3317824180132888,50.97552118417821,1,0
190.09692203818892,0.44674943205598916,51.81410610461683,1,0
189.89220433310865,0.4280990050625781,50.17809749500836,1,0
190.03758384989672,0.49336919772687393,50.953715435445915,1,0
189.91193696326053,0.4649267125332613,51.50154110760847,1,0
189.98338396569855,0.35976704203003423,50.78389490373975,1,0
190.09289242765436,0.5565065849217515,50.459636598375624,1,0
189.6664576878121,0.47302070235113614,51.08805196707529,1,0
190.0612472236278,0.4770874042225029,50.49376597680631,1,0
189.88197894072076,0.4822927710654388,50.583052096523,1,0
189.8772794594823,0.3862408510824766,51.075833617321045,1,0
190.0831375762126,0.4145211241138441,51.074894907961514,1,0
190.04357920947726,0.47312124513684123,51.32376374865857,1,0
190.074901997147,0.4649459611066179,51.45149935207241,1,0
190.23402661477297,0.37218592109280724,50.553603870199666,1,0
190.08787185810172,0.4899427525618054,50.164542334338684,1,0
189.76617244902616,0.5441462493055746,51.09015232660046,1,0
189.87148872682673,0.5456173125979794,50.81790196210522,1,0
189.89352310244462,0.5545138598649518,51.241081584022446,1,0
189.96148433430812,0.3973244670202549,51.67881413511088,1,0
189.87674643051363,0.41455171457492873,51.79300328108344,1,0
189.76199956799607,0.31762779776513334,51.522305843531,1,0
190.0157057102855,0.4232272726653189,51.245188991627664,1,0
189.89907181616607,0.4023604077275862,51.036895964593455,1,0
190.00003316613177,0.6141289192137749,50.88702055687812,1,0
189.96603138590888,0.46500195838275377,51.533302944936025,1,0
189.82333847785264,0.39816791683880903,51.962853097099796,1,0
190.17953955801295,0.4184501213842251,50.970781214144694,1,0
190.10255764421566,0.48268423547004724,51.22214929598677,1,0
189.84720726896128,0.5613694536397448,50.900665999621246,1,0
190.25057043187792,0.4599262675984122,50.97872371142943,1,0
190.01384528232313,0.40543499877573774,51.795887839678294,1,0
189.8220150223461,0.5967948057309547,51.38949791542676,1,0
189.89374754767357,0.2598336481186831,51.39877364613637,1,0
190.0399769607055,0.48028635163989836,50.697073306847265,1,0
190.1721254252383,0.37865376504911835,50.315156784195494,1,0
189.8453214509117,0.38327149243403263,50.45543510920279,1,0
190.10280995450861,0.49055856329354786,51.54061052084356,1,0
189.8828649893699,0.36596460935149033,51.89492327166767,1,0
190.06546431219883,0.4104182643128333,51.60673242411772,1,0
189.72250813612203,0.39974426476011765,51.482230402564895,1,0
189.95496220010108,0.5351195057778472,51.678463313827955,1,0
190.1995579905278,0.49840361793232013,51.462225206274645,1,0
190.18109497368647,0.4510643794855109,50.51182280176808,1,0
190.08957744109787,0.5048156904316194,51.69747289862479,1,0
190.0374103798055,0.4232672372694066,51.25898205781284,1,0
189.65091648979148,0.4830581700463251,52.31962427618348,1,0
189.9774568303524,0.5839714770127792,50.37451901502789,1,0
190.1669380092719,0.4759705855901789,50.463125905055264,1,0
190.12952017043423,0.4380346058601747,51.66240607442326,1,0
189.86280403112752,0.48471879097878573,50.70606451042234,1,0
190.13982233079264,0.41851032514037123,51.22255066827506,1,0
189.6903557189636,0.3888793036650937,50.672904754500216,1,0
190.0166316492634,0.4439606540510716,50.75297056274095,1,0
190.1478106271725,0.5047064184411332,51.71143731861343,1,0
190.13170451604762,0.5762580727440609,50.50449832232074,1,0
189.95890013870346,0.5431473005729847,50.9133700555541,1,0
190.11563932560853,0.3876237430337839,50.9523183178891,1,0
189.92893284361395,0.4447788184901661,50.403900951880296,1,0
189.95428267962012,0.2737994326166837,51.089991527118194,1,0
189.79301861956083,0.4046286685797492,52.06773374194505,1,0
190.2719988987569,0.4497025148908581,51.986729595213646,1,0
190.0153347983732,0.3443246955010124,51.35837910743422,1,0
189.93300892308662,0.3628850690731662,51.26534169379743,1,0
189.99928320308655,0.35743545886495687,50.97801442336106,1,0
190.1287350854955,0.3378435589479844,52.11846271176539,1,0
190.2605944813543,0.5169807068392581,50.92774934887606,1,0
189.98201289808296,0.39928675222675697,51.08455922705885,1,0
189.9525695023471,0.47861394871608415,50.98939592619505,1,0
189.8922093997093,0.4432390233119483,50.62129435622708,1,0
190.04820658689906,0.33535972778822093,51.4757661843891,1,0
190.2384689803189,0.4406988056818439,51.38611403906461,1,0
190.0485318010332,0.4273077761335801,50.501545659948775,1,0
190.08387077652074,0.44140873099291983,51.45164810900073,1,0
190.26467566346213,0.39679056819554775,51.10370027397395,1,0
189.99389038247966,0.4786430427146199,51.005689019865734,1,0
189.824700100209,0.5379579088919546,51.87643517978893,1,0
189.9193877669374,0.4308616204710994,51.342671260272354,1,0
189.93472417672197,0.40570473174684507,51.04708508159968,1,0
190.1530112020443,0.39870180643888176,51.13576428037793,1,0
189.74805935553817,0.35052536397295553,50.750739801370514,1,0
189.9565440063906,0.39481281589343203,50.850869779054996,1,0
190.31676078398147,0.3850429125977784,51.03344246363043,1,0
189.9660382441588,0.48419980627745973,51.432260175645744,1,0
190.1101235235029,0.3584512092667854,50.40238701620135,1,0
190.29707409426922,0.5072438266247918,50.37144170757154,1,0
189.97255463513451,0.519832081770126,51.519089162829246,1,0
190.22804436064624,0.41735726519787525,50.84526392315416,1,0
189.81712918191184,0.3996324494259673,50.84923722530227,1,0
189.9951892964307,0.43687936284603773,50.833039500647075,1,0
189.91440162120142,0.5215340216891484,52.330774263705116,1,0
190.02854966973578,0.42709777105595864,51.35888865043482,1,0
189.87444404887967,0.44563847186662253,51.79111885172033,1,0
190.15792709759123,0.4210339738289174,51.66272020406513,1,0
189.79458419907894,0.49738125755548174,51.168548354222445,1,0
190.1333589862739,0.42377271578811204,51.3086865209027,1,0
190.13508025867606,0.4707465760252701,50.93118212600266,1,0
189.81973099013166,0.39759012226056545,51.39547343390376,1,0
190.06907570889095,0.45625957262535605,50.886377778437215,1,0
190.13611213247054,0.3447380467121079,51.79267028396163,1,0
189.69525344956318,0.5234290549523363,50.95784894057654,1,0
190.10935575368273,0.41685996539253767,51.483479107916466,1,0
190.4762310755186,0.47161707473872777,51.21681308681391,1,0
190.35815356330576,0.44743243263615645,51.15038094683654,1,0
189.93151824575426,0.48182891605857797,51.19220005106156,1,0
189.98563341194938,0.4730645449727061,51.036292765509835,1,0
189.86538189910777,0.48147509819655165,51.29756737947535,1,0
189.88491603273766,0.4970525791835928,50.893223701613444,1,0
189.68827144133087,0.39997694099273734,51.02019318693765,1,0
190.1363897616744,0.43780487109791155,50.80471433712014,1,0
189.96201359049286,0.41688947752823796,51.223906107025975,1,0
189.9229100237662,0.514872231489228,51.38895617486862,1,0
190.2126679368532,0.29211367642527875,51.3707556060708,1,0
190.03702956986217,0.4344461016564773,51.0392109759242,1,0
190.09691638112255,0.47058385686624615,51.803169166760156,1,0
189.95204431326962,0.3271401026997859,51.83167318619904,1,0
190.10560665995098,0.4746545208227015,50.33786517605507,1,0
190.09155110429697,0.5271370820243729,50.88374227938869,1,0
189.81917563938063,0.4623569766057223,50.664831331231746,1,0
190.00031592792246,0.5398498965209664,51.46655804715303,1,0
189.82009161710147,0.39668050528066934,51.555351284801866,1,0
189.93059319373023,0.46699742193049876,50.785300036587834,1,0
190.03479509356083,0.49041044189998834,50.897868230136275,1,0
189.93106337125647,0.33547231776681263,51.1184684071625,1,0
190.08212509604076,0.3806243365238895,51.28397339461179,1,0
189.87803336531871,0.5855442735017291,51.79541641854495,1,0
190.03556701336282,0.3926566302247444,51.08430285615063,1,0
190.06712777402825,0.5052387446666079,50.87248417846897,1,0
189.9826190708237,0.5395583150586039,52.20396920440275,1,0
189.84320965531367,0.43184104977570953,50.85891834256293,1,0
189.92160520458634,0.5921733043087103,50.98804270983646,1,0
190.01301564872415,0.5114827734313699,51.45454478149109,1,0
189.76618212999142,0.5069324875946977,51.59594573698412,1,0
190.32437940299775,0.42567791152326306,51.41257912610001,1,0
189.973942924782,0.31952860273320816,50.2376471034943,1,0
190.15255795422317,0.47314577141817926,51.656110592593734,1,0
190.08560838991437,0.481846531189533,51.506433269438354,1,0
190.0449472101199,0.3842353656860617,51.02118315060191,1,0
190.01884090906486,0.5483646699520913,51.41880969115637,1,0
190.25615827951893,0.24926860058980074,51.84245561636233,1,0
190.06698427857475,0.3378240474912736,51.650847841698415,1,0
190.06735630053413,0.43097881467130605,50.708319985767865,1,0
189.9114082497607,0.4785870445881877,51.32426131450475,1,0
189.94427821729946,0.4633505685691608,51.56594148345167,1,0
189.7776393326441,0.4475675969298794,50.77318841385152,1,0
190.1904606160826,0.40105885181582734,49.87091536983816,0,1
189.88316067080368,0.35999587158943586,51.094892361861106,1,0
189.90940382805044,0.4675773127238067,51.12976405982138,1,0
190.1210070980002,0.5259396239067634,51.14995231972915,1,0
190.06864480671115,0.5781654054538514,50.87022082000159,1,0
189.98116105877995,0.44125182959653086,50.79422195752503,1,0
189.88822404553747,0.3669065933082651,51.10846512345625,1,0
189.86032220979985,0.47957753009550774,51.87572899891979,1,0
189.88444672609575,0.5736020691018772,51.206215325244024,1,0
189.78472107117472,0.23666428664845884,51.757049546284,1,0
189.908902189189,0.3565871205041712,51.33899922196943,1,0
189.94706610173748,0.541240562222137,51.1119395054343,1,0
189.74903474364461,0.5588933210497646,50.58538735609354,1,0
190.055357994761,0.4183182525038217,51.653884099125115,1,0
190.27255358008486,0.5134475353815128,50.587917912995586,1,0
190.09657415580136,0.5526138745882582,51.61261721723928,1,0
189.86781406431098,0.5346492964636979,50.84199412431471,1,0
190.10850689770362,0.3537161653339536,51.21033632205232,1,0
190.43972145173083,0.4492301538329642,50.85679671518871,1,0
189.99183102897828,0.3507130847006088,51.18594687940064,1,0
190.09815209813317,0.3874820294117269,51.17198715035914,1,0
190.11611361382433,0.6492565659720756,51.49637936444389,1,0
189.93263143947746,0.5560010918903974,50.067724084402585,1,0
189.9274052586749,0.584852178452606,51.18005034918902,1,0
190.1358898073123,0.42584617575989275,50.0088090357263,1,0
190.04347736042763,0.4104039859127799,51.828734474209874,1,0
190.1624664284544,0.3710571469519446,51.31987180450577,1,0
189.6757675916425,0.31593526699817626,51.64122414571702,1,0
190.01485850308566,0.5873147606478878,50.60485938472725,1,0
189.79337626885703,0.38331849166140486,51.908868838270024,1,0
189.93531042329673,0.32380125902407264,50.64319855864468,1,0
189.78261201132082,0.43845367543418456,51.27436906282633,1,0
190.01992739826494,0.4734764661101891,50.809544085988456,1,0
189.6803705351128,0.4051293916474027,51.45545839501916,1,0
189.9886504855044,0.42221586173129994,52.27761515615955,1,0
190.0895137714321,0.5672775795319491,51.77751933201398,1,0
190.01742646113357,0.3716641448127134,51.210547029153666,1,0
189.89260336539917,0.4465048136032515,51.23346688270188,1,0
189.86862395332264,0.3581810179431708,51.48175469314624,1,0
189.62942076821378,0.3726057880371618,52.132322858022235,1,0
190.04193782448996,0.5011379252149021,51.756390762229145,1,0
189.83080779697715,0.5019921331169092,51.53212462551486,1,0
190.05449395686747,0.29912226084802696,51.467762497036354,1,0
189.96783618855488,0.4621643609480804,51.517347030751544,1,0
190.2444513032446,0.3950795634571337,51.26366889336407,1,0
190.19598567703702,0.346598184846199,52.13953594310158,1,0
190.2213928197644,0.32791554492117414,51.71385074468197,1,0
189.83552460175963,0.4215086219055014,50.94767722575652,1,0
189.77592139749973,0.3675581268929736,50.55362816068887,1,0
189.96448776392208,0.4573243969617475,51.40537652307218,1,0
189.8638601384234,0.49424630854827756,51.074097280528626,1,0
189.72922595687123,0.5208368276071109,51.48523426995412,1,0
189.9942189281427,0.39463436792659845,50.48092448722544,1,0
189.8944610479283,0.34641777275568963,50.797979967167834,1,0
190.02017526305553,0.41498666233089904,51.44091498263091,1,0
189.87094862183008,0.39835375103930376,50.92737587794843,1,0
190.01432230590845,0.47680175152139526,50.8622525194456,1,0
189.99726978151597,0.5464879708737057,51.04406111480006,1,0
189.98010742770305,0.42886104862073243,51.75656260328754,1,0
190.3616772195796,0.4994679751291894,51.32841016588165,1,0
189.7684864990823,0.5433905067517079,51.18919120442234,1,0
190.21466176483287,0.4517991395708245,50.94118740490151,1,0
190.21808914819724,0.3505275776007918,50.91739858964282,1,0
189.89348452815256,0.47901939611272276,52.10037285645281,1,0
190.10424864071746,0.4353449158677725,51.89408660963918,1,0
190.10429128882927,0.41149180523820195,50.90402446635307,1,0
190.13093165725002,0.5302429591035602,51.20924373557599,1,0
190.02054718064915,0.5173145310064544,51.13357132533586,1,0
189.803701192867,0.4450635954323074,50.34945303544306,1,0
190.0737086430146,0.49300019381275395,50.7958459680105,1,0
189.96021064070933,0.5150926724381528,51.736348278265574,1,0
190.05717413593385,0.44697277679027275,51.517171344669116,1,0
189.92964946741682,0.4523216794811213,50.61826354684507,1,0
189.9888025104686,0.38611531625764994,51.96901216533299,1,0
190.15641992120095,0.4161285166302029,51.352499479353035,1,0
190.1312972263336,0.39519437149177994,51.98669493173875,1,0
190.3118077058409,0.5011998709691942,50.40190643488796,1,0
189.94517165171524,0.35995987995726547,51.232425944615784,1,0
190.06484493555055,0.6425507761874606,51.021968462736375,1,0
190.17189379215844,0.5041374466635031,51.448559618634796,1,0
189.94388744388004,0.42442587282389843,51.70264393788281,1,0
189.9393545979592,0.5879448546288685,51.68142120049141,1,0
190.0351508338286,0.43211098070413695,51.21965793304924,1,0
190.02389552699796,0.42109363533556227,50.99704113990345,1,0
189.61740689638222,0.4347342622718139,52.14910674811454,1,0
189.8401865485558,0.5148023808956136,50.95408785388814,1,0
189.87778298212075,0.45258787873850326,51.570816951351645,1,0
189.800475917044,0.39619681532917833,51.01988551506239,1,0
189.95844195426938,0.421137928226176,51.27875821662982,1,0
190.0009944772733,0.5324407551631811,51.548998132033844,1,0
189.8769801841488,0.5072968632195201,50.73405965912002,1,0
190.2360603227715,0.33784879882242724,51.430203187916625,1,0
189.9695167063973,0.45681520945080084,50.277417822796835,1,0
190.12494567777333,0.6318937168666904,50.7940976164306,1,0
189.6814226521136,0.4720978686150034,50.877498633470445,1,0
189.94826986371044,0.4184941441464759,50.77943486770989,1,0
190.15684165720134,0.5740134055294644,51.61573529318817,1,0
189.83092229201984,0.42350578739187256,50.565490208661764,1,0
189.8393259131782,0.4926842545979882,51.549016927009006,1,0
190.00831411979928,0.5769174128961857,51.60184667768687,1,0
190.09301292145867,0.3367705938898841,50.66535503375431,1,0
190.09481945666442,0.5786453525434838,51.6010167260131,1,0
190.19524940756048,0.3866677243216257,50.82732764184749,1,0
189.92967493490653,0.5064503305477455,52.08589388476863,1,0
189.9447417205483,0.41805859497025083,51.23728077360584,1,0
190.17766220150483,0.3151177303203836,50.92189648568281,1,0
190.1775620314545,0.39702475740012233,50.92811393944493,1,0
190.20771238032899,0.32484844264780066,51.40610934774652,1,0
189.8687578772833,0.3707852850354786,51.32883765665389,1,0
189.811507083451,0.4782968373847167,51.60526654110977,1,0
189.9672920025766,0.43077020270400396,51.09770402220392,1,0
189.98386125530627,0.311128900589253,51.48061538950046,1,0
190.11803415031306,0.5495685745087401,51.28515434288495,1,0
190.08934230714883,0.4545960697893573,51.80435839249021,1,0
190.1531425935162,0.3899301327788673,51.82854850185066,1,0
189.9380852399016,0.41462631230154234,50.86543143580395,1,0
190.0018369875271,0.5110461803229451,50.81404768068498,1,0
189.9338526925563,0.43117476508743047,52.94147232898156,1,0
190.24780314983158,0.23434365997661658,50.967596911680666,1,0
190.07114948598536,0.4515564168988435,51.13078889365917,1,0
190.13751558516353,0.45277237253693203,52.01569517379957,1,0
189.96406831313965,0.3455793531591651,51.90608880808615,1,0
189.97184658842096,0.4087111148800951,50.50084978340856,1,0
190.0426305103313,0.42373434970289037,51.13021568531805,1,0
190.0107558551327,0.5558448582489853,51.62192783432429,1,0
189.75123982369786,0.42278310264922814,51.52817885173396,1,0
190.0852105385684,0.4689268578430202,51.60351203359655,1,0
189.9848011099727,0.46045892756771334,51.83766937294692,1,0
190.01171216863003,0.5267535690466639,51.88506662670097,1,0
190.0181249916703,0.541077272971166,50.24614504826722,1,0
189.8909896345781,0.4586360450170959,51.90187622872572,1,0
190.031153545951,0.4970513164884465,51.36746884937447,1,0
189.83583883479616,0.5512068325172871,51.30976536012891,1,0
190.10142890888912,0.4225045459086505,50.958436845095584,1,0
190.0598212188705,0.43738507229762535,51.64952619123605,1,0
189.81493474239005,0.4104976157055214,51.576810947490365,1,0
189.94282235318516,0.36737787450780357,50.81044628504166,1,0
189.7527851876733,0.3761365970764207,52.062466789168134,1,0
189.75237825595568,0.2797153310690851,51.489468979776966,1,0
190.1365296741803,0.5260950869819553,51.3240259181513,1,0
190.15814528812686,0.4207560854068967,50.99768188953567,1,0
189.74906425158295,0.36386220167707234,51.46184747501325,1,0
189.88363361122737,0.519264474588504,50.75959931937049,1,0
190.02501710168826,0.4311216339071034,50.46078387075449,1,0
189.89788441780252,0.4356693941696892,50.87926409630235,1,0
189.86883001998805,0.5275917443534882,50.87923401763547,1,0
189.99811235953933,0.46409127567867914,50.77312067619454,1,0
190.09308339722725,0.5072401427610612,50.84527382690492,1,0
189.76862340288847,0.4553314798172406,51.468337017288334,1,0
190.0444464847534,0.4973670989592236,51.878767724004646,1,0
189.77925623562655,0.376738967546224,51.263123202862104,1,0
190.00924976081754,0.5113264935512568,51.223086181078294,1,0
189.94328924092807,0.48878208714658855,51.56760773310915,1,0
190.244497603729,0.37609944791305067,50.95218001884342,1,0
189.8255245398967,0.4076209885402079,51.087673854962276,1,0
189.9861670256944,0.3928168172839186,51.84421385231318,1,0
189.91228643966545,0.47467630921830667,51.94466263673142,1,0
190.00994829860107,0.45115239379402766,51.58728177763864,1,0
189.96700105724656,0.6395977635486855,51.15631073717901,1,0
190.25108153161486,0.48024713713168965,51.68316870648992,1,0
190.14117683116262,0.4158387014021821,51.24526688219094,1,0
190.02240779551232,0.4463608951627906,51.501753744066065,1,0
189.88424875152234,0.4736884297317277,50.80303980860903,1,0
189.73787532722457,0.3528436516240584,51.0029241786593,1,0
190.16561226617242,0.42665989901639423,51.60779350093456,1,0
189.87446788741406,0.34569755132189317,50.52486154516131,1,0
189.97003601800262,0.30634636100921653,51.5111798070016,1,0
190.05439250981928,0.4457111515801294,50.81853857880304,1,0
189.9882083073072,0.28226319232351144,52.005433679073775,1,0
190.04109960046242,0.542773418717614,51.362580235516866,1,0
190.1210675497082,0.3752783324395022,50.84792050585296,1,0
190.06930667157928,0.48254442216705185,51.5438192367732,1,0
190.07808878615126,0.43454428996220507,50.92357111106851,1,0
189.9914207620525,0.48248399473662656,50.227739527239564,1,0
189.96307260215147,0.46832898279615015,51.015133025596164,1,0
189.87636600820923,0.4533539120143804,51.23347444279251,1,0
190.59671006391338,0.528971586143848,51.28688649294017,1,0
189.92966547128265,0.5305124553258935,49.87553331652828,0,1
190.0707377341741,0.5322677159691084,51.60660171207934,1,0
190.36317165797234,0.4809159456413909,51.02114672864193,1,0
189.8176869191447,0.4292475061228562,50.82651594787615,1,0
189.7551853774105,0.32965638475843817,50.63432278460595,1,0
189.8200621225887,0.4666087844242549,50.511339527566896,1,0
190.1601734652174,0.48371408638337354,51.36040022906994,1,0
190.18009023606433,0.4005462463171838,50.56109715542566,1,0
189.934209732801,0.5466226116570663,51.949584695703486,1,0
190.12624345968644,0.4953715020620272,50.909715556955135,1,0
190.0934967733347,0.4064399523717004,50.84229394239615,1,0
190.17616695707486,0.5151192853026456,50.40105641429584,1,0
189.65764442712046,0.36671704074397804,50.72649884227932,1,0
190.08223455389884,0.43395823375276454,50.87854302401261,1,0
189.7226429587699,0.38750284151322756,52.1164103848637,1,0
189.89850913741284,0.4023687389216503,51.80951533826995,1,0
190.15665180031792,0.3777518356150433,51.92171124142176,1,0
189.9433801018526,0.5332832338911637,51.906136103638055,1,0
190.13254899974942,0.38012940689604247,50.86938481781611,1,0
189.9823397900328,0.5204195503193804,51.23586481039404,1,0
190.18836790339594,0.31707419279917093,51.29368164089184,1,0
190.02624729930673,0.42170434039774685,51.86413350816773,1,0
190.1119323671918,0.47117004019471825,51.310669504172104,1,0
189.90824845879476,0.5310461411170735,51.704347091741575,1,0
189.9932894783063,0.35909203133223094,51.22810770106321,1,0
189.97231322268348,0.4875564114032014,51.05598526722488,1,0
189.89889966340144,0.6530810642775071,50.79688991644112,1,0
189.6513423694225,0.43071659903012827,50.82596914473822,1,0
189.82512325580595,0.38029147692619925,52.00065183548447,1,0
190.28407560899268,0.5095448456740703,50.41028355200993,1,0
189.97284955570066,0.566787410843893,51.60756530290332,1,0
190.3079468195028,0.4444949380326713,51.48283138043134,1,0
189.74657417994797,0.47437223314046584,51.31895177429777,1,0
190.07310789498865,0.34386767119537814,51.72671914740378,1,0
190.0635841035498,0.5285488714542677,51.04123209683796,1,0
189.9435583086915,0.5099219982446629,51.203680141898445,1,0
190.37341216473038,0.4365797168783131,51.02058868456795,1,0
189.8784839958522,0.41702106248486115,50.44262950696967,1,0
190.21275512843104,0.5330940881749511,50.78306319614781,1,0
189.82754763539694,0.34970374988259956,51.46800919456247,1,0
189.8661108576557,0.5729213459535427,50.43282973962702,1,0
189.9538046185825,0.44393137668546173,51.506167048504985,1,0
190.1832636297769,0.46253239514579664,52.0795384479242,1,0
189.83289472036918,0.49131076960304804,51.79005011551941,1,0
189.85533035372333,0.4340070185944679,50.402168941832294,1,0
189.9354812114531,0.5605887564926912,51.36930318562593,1,0
189.90836690008086,0.498638020342873,50.74753850667442,1,0
189.7117054003683,0.4533795593272734,51.1235987611714,1,0
189.92175974195987,0.301921092351782,51.02335044687893,1,0
189.96008938502175,0.47047203372107077,51.184356141765804,1,0
190.0724183889691,0.5181398006586834,50.797070176698355,1,0
189.97279895746084,0.49146490689231404,50.06644288490924,1,0
190.10329587907637,0.3241725629338421,50.13340211703001,1,0
190.00460352019735,0.4868313644278452,50.32448428815312,1,0
189.85112217356215,0.41420089248506897,51.2881254057686,1,0
189.97815926925267,0.4964826302505886,50.122032325284415,1,0
190.07181276020333,0.4224675191392602,51.59560836521096,1,0
189.8682341917703,0.4720189132702786,50.742386761985834,1,0
189.9465400601184,0.3718958730179342,51.637911480573315,1,0
190.1845494628562,0.4835908435946442,50.93981902994434,1,0
189.9897798683168,0.4565745898959307,50.88519884452047,1,0
189.9782987712561,0.4778898285624081,51.631275483631555,1,0
189.85292193946745,0.5245186948379198,51.23020307958932,1,0
189.67909553840713,0.5040266087652375,51.8819703194606,1,0
190.156729947731,0.4501353502924786,51.73282628613493,1,0
189.89965809498176,0.39484132946657846,50.92188092926498,1,0
190.14601670695464,0.4523167995965634,51.15469643894779,1,0
189.8706777828987,0.5003670305476592,51.8995027359242,1,0
190.1098804474224,0.5296945290669749,50.931591123015,1,0
189.73064621941765,0.45537569029994596,51.45803933232591,1,0
190.09024783946597,0.34705754463676763,52.37080814859047,1,0
190.17360637340207,0.459270837526426,51.33148980340596,1,0
189.74598925092823,0.4202942654612238,50.326713948235145,1,0
190.04315628844384,0.5142240736235998,51.12787650093602,1,0
190.18066474049382,0.4400939022156305,50.78647565556359,1,0
190.05500298397027,0.5089484355223957,51.236631024889796,1,0
190.2157905381686,0.45114200211416616,50.67140932388034,1,0
189.8448865334687,0.5081407225189293,51.40372069348552,1,0
190.04576091946436,0.3305056781810257,51.954577664501166,1,0
190.20199542061704,0.4961548312484707,51.32267731230462,1,0
189.84121076068,0.44261228993347446,51.61919349598284,1,0
189.83341610051127,0.35390454318162357,51.108036111101214,1,0
189.79709458764182,0.3548232793215753,50.89700543839915,1,0
189.74534604234935,0.6348966024727513,51.12673391545506,1,0
190.05110958706436,0.4402105721051393,50.748010053238715,1,0
190.0253977770011,0.4771752917223567,51.3281612395348,1,0
189.70624049894448,0.45754728578595993,50.96875860514194,1,0
190.0482985886661,0.4615460491432455,51.54494417290637,1,0
189.98935617516437,0.4174169297436956,50.56720543936399,1,0
190.12108107205933,0.5510893987604164,50.91431638833414,1,0
189.9524066223054,0.42258148833460474,51.09780972658951,1,0
190.25767242840269,0.40594168724301977,51.28422273426633,1,0
190.10223292966901,0.35781451581757495,50.82471433118847,1,0
189.94638172942084,0.398112570287666,51.52450036001501,1,0
189.89254176731788,0.525740142181549,51.26514590330583,1,0
190.04120678001328,0.47776259996832315,50.76710556106219,1,0
189.95351715763528,0.509614987785892,51.24423168824945,1,0
189.9277635438209,0.45086484286808187,50.915470763792484,1,0
189.9436309796983,0.3361361386329244,51.41050166751494,1,0
190.2106763424977,0.4163453441111162,50.840600905738015,1,0
190.02058450847989,0.4466968355935008,51.624474122482226,1,0
189.94823342006399,0.4314641861988678,51.62673323610023,1,0
190.03540448220207,0.5377677721886814,50.24815085275745,1,0
190.46784027385905,0.36889680789869095,51.57591705838311,1,0
189.83072296021848,0.5315745623908873,51.56120622092107,1,0
190.25935628926754,0.581530188106434,51.650690250429626,1,0
190.02267785147438,0.573948692287354,51.63682098882803,1,0
190.05326308312422,0.48750410712557835,51.6544600445907,1,0
189.8340653324848,0.49035931117993675,50.85386313315084,1,0
189.75916763098695,0.5528332988165268,51.4456391024197,1,0
189.76680333813223,0.3623547532348478,51.14540453860915,1,0
189.98889799980924,0.54043978254293,51.08902080151111,1,0
190.2176193195267,0.4471118728923706,51.04687186096224,1,0
189.89942956724428,0.4968632727294,51.966238459483044,1,0
190.00178383603054,0.4699372473182058,51.33044194509659,1,0
190.14863934666883,0.5430536916120844,51.1411264110338,1,0
190.1583464500135,0.4228520862225398,52.190234599416556,1,0
189.96111919920827,0.490190814159434,50.68265506281798,1,0
189.87353227308705,0.4166344534672284,51.001951315465824,1,0
190.04641846661417,0.5351243800900343,51.27719973799076,1,0
189.9743329579734,0.4144417792865533,50.81328201656729,1,0
189.98611375262612,0.4384600419436221,52.383621054188445,1,0
190.00513243832387,0.5035446361719754,52.06533705454525,1,0
190.10526549003583,0.37070737978210655,50.54784409916315,1,0
190.11416636766242,0.47341479641956147,50.97914381690984,1,0
190.0216964329947,0.43503459211535006,50.701887794764104,1,0
190.04491994872546,0.4806795676407887,51.14503794820736,1,0
189.9232813168512,0.37063670976914037,50.78238506684433,1,0
190.01408386685662,0.389700146243011,50.90695126608148,1,0
189.9924862723525,0.5332143950126635,50.52623094764547,1,0
190.00248852721174,0.41669486192061206,50.91299166334961,1,0
190.1464605236288,0.46896042949531275,50.770237634324026,1,0
189.95588976887797,0.4986989728046091,51.609923522534324,1,0
190.23499057239184,0.5758068339178752,50.57349559058826,1,0
189.93841419763976,0.4683219610399016,50.99597132245896,1,0
190.20942016377347,0.47934206999124884,52.325009467987506,1,0
189.77885759115264,0.35717756383228155,51.039155116240046,1,0
190.0017134197351,0.42984772134008203,50.99388707439858,1,0
190.06730038824384,0.4652507821505643,51.47457366168939,1,0
189.8324677771685,0.4610097264745957,51.29759487339086,1,0
190.13070472491785,0.5298964073308001,51.72557609925629,1,0
189.79619622253034,0.5539716858882086,51.38927597959245,1,0
189.83609215092198,0.4686323985363597,51.87300902524466,1,0
189.8950037378563,0.4922651710894931,51.273138367538536,1,0
190.019155950514,0.3005673013626554,51.38557839491245,1,0
190.23393704333608,0.42497073383592754,51.197062819126714,1,0
189.95732339684483,0.46438468474981565,51.679143768830684,1,0
190.27015069098186,0.5693598993350214,51.514505092490566,1,0
190.23511967672258,0.41490962165565115,51.630914743667205,1,0
190.13096180697485,0.4164598457971807,50.758489876538235,1,0
190.127000303146,0.4023651830075612,51.03992910912168,1,0
190.09077815184213,0.47748415565167573,51.30507937269623,1,0
190.1144007046249,0.42993708832277266,50.60976244173246,1,0
189.98352379413868,0.34133832121521634,50.210152858956064,1,0
190.00775587134152,0.4135189416567115,50.9456970883598,1,0
190.17003575824077,0.3410187828631988,50.27652065999374,1,0
189.64783374128098,0.4952605559935134,51.499825059296114,1,0
190.03587213762736,0.4460455524086673,51.224171247879994,1,0
190.00246911603278,0.4133329579311092,51.350691773610905,1,0
189.78530809376892,0.39003901001833674,51.55126040466747,1,0
189.99792540383862,0.40218124444740033,51.7739703213767,1,0
189.9856203079842,0.557494694780349,51.751442072945714,1,0
190.1710320661793,0.34112633125604713,51.0128142214527,1,0
190.21560419961924,0.5396217190578928,50.77978256314293,1,0
190.05077194327944,0.4881670978472571,51.34884273963266,1,0
190.06171840800604,0.3958217499198567,51.49713033083696,1,0
189.85343890041042,0.2607875270144931,51.16282272563406,1,0
190.03938232327872,0.42348500625668634,52.17331550918873,1,0
190.34609707620575,0.47486132968902756,51.59243910421061,1,0
190.054959668875,0.47317183029129195,51.176524516496436,1,0
190.20495862178637,0.46117280083154527,51.408632154695624,1,0
189.6015727547451,0.46664580246207504,51.27795653344462,1,0
190.20046787095046,0.43854581225970424,50.52604774793176,1,0
189.90143283249634,0.33218322160196995,50.276258935456326,1,0
190.00492124352846,0.3758909927183136,50.868349864716606,1,0
190.21909625427895,0.6384983196000472,52.32362420713656,1,0
190.1544272655451,0.5155584534939074,51.077403661162016,1,0
189.9775295742988,0.4089258851380442,51.2891522753454,1,0
189.8142519086633,0.44643774186544366,51.15892026103021,1,0
190.24438609331256,0.49791293928856867,51.639393203594864,1,0
189.79848760297153,0.46560867336672457,51.66265999870112,1,0
189.64532208147813,0.6401381494692503,51.64295157548335,1,0
190.08358032746997,0.48726334599005555,50.82589762123376,1,0
190.26219574419648,0.5234847073670942,51.61639921142824,1,0
189.84172793417395,0.30412413655108866,51.709299087812354,1,0
189.9665220174477,0.3945191718534705,51.55813359157271,1,0
189.82802703016804,0.46514722124864655,51.384233976635095,1,0
189.76619171341414,0.3402470493041806,50.74063456448982,1,0
189.8891753448163,0.5433715122541634,51.64025440367923,1,0
189.97530313968005,0.4508155902967344,51.236026007063565,1,0
190.3791366048478,0.49888269206343855,50.97881017856069,1,0
189.9274528426764,0.3421043374282428,51.262786344583205,1,0
189.80187154471162,0.4885949238879204,50.60082362699239,1,0
189.7432852879894,0.4768130690583298,50.990750326302354,1,0
189.9613338198057,0.47760105504758504,50.41764136299166,1,0
189.91507019745424,0.3804312832008148,51.79861669454202,1,0
190.29561222852587,0.48630096699052855,50.8730681625492,1,0
190.2169237760023,0.467221813701598,51.39395331628972,1,0
189.70973916571617,0.4696843750831656,50.18728408669188,1,0
190.17133304731735,0.3950787841837506,51.626260265831284,1,0
189.98173629121476,0.46237660211045406,50.76330279762713,1,0
189.82713547208076,0.38806611338673974,51.31259179653331,1,0
189.99983779232227,0.43225668690258073,51.65448539028733,1,0
190.17812287051333,0.5335803344115232,51.48777244376198,1,0
189.9981316500102,0.43263702916234553,51.32468729163321,1,0
189.87751562807975,0.2518724270790591,51.27995461043177,1,0
189.89153348714984,0.4930874441117175,50.79189559725415,1,0
189.86389020622906,0.4585597252254591,50.59412279778707,1,0
189.83149420405306,0.4485312933351459,50.15891943819796,1,0
189.78085872517448,0.4899194403011765,51.91483984760621,1,0
190.07789078245955,0.3222757731435284,51.05971674045666,1,0
189.76923441500014,0.40748459156017297,51.41072643572173,1,0
189.7673147311199,0.3921703332210573,50.838113977201644,1,0
189.83373866620414,0.4503588145875275,51.2087518145949,1,0
190.02837955097914,0.4381920821551701,50.60882897560669,1,0
189.8264656574675,0.47589020678159194,50.01832678851518,1,0
189.81292500666882,0.4856487607614879,50.7558792857128,1,0
189.957606010282,0.36055086954580784,50.80302793023017,1,0
190.31352646532412,0.47110146197524355,51.392600624374666,1,0
189.8294499686723,0.293607595751148,50.73254806526835,1,0
189.678337621342,0.496886792251964,51.156936226519406,1,0
189.9185175224404,0.4883402348192244,51.6276109275409,1,0
190.0957215035664,0.4523599850002343,52.03462185487748,1,0
189.8900079763917,0.42896145927939017,51.41602208431033,1,0
189.962272802986,0.41607613190976267,51.819511274474856,1,0
190.20279483800167,0.3698076182562632,50.916528857022655,1,0
190.2244148786596,0.555595432875061,51.64323587204134,1,0
189.81377156313366,0.548707522725781,51.29341587664534,1,0
189.89309255080866,0.5440697937776595,51.32415366324125,1,0
189.95559600396194,0.5903718925037239,51.3132876825925,1,0
189.8834007791094,0.49654523054676425,51.11718366429241,1,0
189.85042230212034,0.3988044279970998,51.45126453437641,1,0
190.2514393111768,0.5456189342479512,51.696860078726374,1,0
189.60378326807688,0.45726089500416933,50.72816224067191,1,0
190.15234251918193,0.4032617015743783,51.68986307583855,1,0
189.7813590890225,0.4790568841220057,50.91309009253751,1,0
189.95929513484947,0.3786769179856134,50.474217497544615,1,0
189.77947884666395,0.6213848685611337,51.401011819014265,1,0
189.65482720142523,0.5220521120454843,51.468180195466154,1,0
189.68412714883104,0.43008118719615973,51.08401474706765,1,0
190.0667688189502,0.4976971809768198,51.62896849780626,1,0
189.90227931813314,0.4166305747933722,51.242473228395966,1,0
189.90361074277524,0.42696244041573567,52.033078769046426,1,0
189.96124360451196,0.46267005285367246,51.71772694684772,1,0
189.81275449357034,0.4493760065739316,51.96324493709582,1,0
190.05549215719682,0.45589160278486635,51.02004909714972,1,0
190.1954000940963,0.4118502524083768,51.10771381573704,1,0
190.0394458060419,0.4542613563861827,51.265905215928264,1,0
190.2556060627213,0.46872610936383763,51.05550456657334,1,0
189.8147815406139,0.42372992850144714,51.099461688615634,1,0
190.18137107706207,0.5420764350921414,51.0948483269818,1,0
190.0399413669852,0.4377076343167928,51.85544924165173,1,0
190.15629033466547,0.38600418552076654,51.53015948775271,1,0
189.98151826867073,0.4024138242151533,51.16525915659073,1,0
190.13734735782015,0.44960828691188054,52.075908777256515,1,0
190.1165927358754,0.4793502702366675,50.67828627305932,1,0
190.05459753226657,0.3688197145332551,51.33630442260719,1,0
189.81852977591407,0.43932247949126857,52.469251052358395,1,0
189.81452776012532,0.5085421606331056,50.789230917757806,1,0
190.06314773131177,0.40125382444886476,51.01848410593007,1,0
190.10569203710193,0.4677393593239916,51.515467840929816,1,0
189.92464369657645,0.4881652482214709,51.31196786860904,1,0
189.7768458088175,0.53807627819499,49.99406809709824,0,1
189.90151815865275,0.5611168375799903,51.20850971352261,1,0
189.96084872176266,0.4234510210059849,51.414510741970794,1,0
190.17428101246546,0.34742496757547997,51.74615602143137,1,0
189.92953121197013,0.43011279349277043,50.77445023782504,1,0
190.0511424726147,0.366775589052841,50.93691691520925,1,0
189.94725724033944,0.5531407391702075,51.75561455586845,1,0
190.037934482779,0.4162027849971799,51.2381571593155,1,0
189.96439526636124,0.4392304820957952,50.74041779360708,1,0
189.99251951544895,0.4688547294948067,51.60935050727524,1,0
190.1267891151643,0.4606149687848435,51.268321384584205,1,0
189.81756431007747,0.48947599826536436,50.21425791986409,1,0
189.90717371497198,0.4339599867697323,50.817725312503406,1,0
189.73875083513332,0.3757981434987006,51.02303244926109,1,0
190.13374589165767,0.6366801455352279,50.9806267209675,1,0
190.0284996272731,0.5743283820507119,51.66824819156493,1,0
190.05602319700085,0.43318941795827104,51.21932467117854,1,0
189.93546949960324,0.4551353497061211,51.23390264386608,1,0
189.77468069038656,0.5263359043733579,51.41934992223777,1,0
189.86910844468457,0.549954761246645,51.388502955343476,1,0
190.04339997645135,0.4584711751964902,51.53964854118681,1,0
190.2270165360068,0.38897487299383704,51.569615365441884,1,0
190.0487010246782,0.502871575985006,50.447246358514676,1,0
190.04434752802163,0.3654494432354457,51.26440451746442,1,0
189.95262902233173,0.4875070942761793,50.77773045739027,1,0
190.12672567530993,0.4134722440178439,50.824930609796255,1,0
190.03535134186507,0.3899244781643609,51.4365934413826,1,0
189.98773799044218,0.5382583650700214,50.9220728846544,1,0
189.85719449152987,0.532070178344045,51.016365186252294,1,0
189.93013024394557,0.43394713278490604,51.359666893086846,1,0
189.86995012056485,0.4108952518344907,50.36218032982705,1,0
189.85010447470526,0.416537307069052,51.32168276720586,1,0
190.07382598785404,0.3840666140326072,51.150406266457125,1,0
189.98949288197494,0.5132759237245661,51.28212745443039,1,0
190.0025586723768,0.336833477411523,51.68055156442055,1,0
190.31286704514596,0.4571367938703065,50.66621778586212,1,0
189.88708657462797,0.4139057436060821,51.28180774514594,1,0
189.9298597735723,0.28793086502090104,51.39673388836506,1,0
189.9538946013998,0.3836640590793341,51.73328738668476,1,0
190.20361910049158,0.25548081647462906,51.01873696956518,1,0
189.88340723866415,0.3557304163481665,51.84717908162377,1,0
190.3021300781556,0.3486906421496656,51.15598375445316,1,0
190.13501561478688,0.3588367940968108,50.134865009904374,1,0
189.91730278641472,0.4254442459664136,51.3969125272243,1,0
190.05811497329492,0.44264362231267307,50.87745391547607,1,0
189.91174611584034,0.3186137702154566,50.86570185682299,1,0
190.34557622611334,0.5192695301008889,50.60693419027612,1,0
189.89545065491333,0.43978515573900684,50.56695776878592,1,0
190.1225067867123,0.6276034858144849,50.45572787127299,1,0
190.04750400522607,0.5003886319262094,51.595819340316325,1,0
189.71018962171092,0.477317930520562,51.69144044806522,1,0
189.9214928099624,0.5448145396026194,51.28084113533364,1,0
190.13629609736017,0.42958989072472586,50.507836121711435,1,0
190.31960963467046,0.5106051884282309,51.079810283937796,1,0
190.02538069428104,0.5236269468545044,50.70049051637914,1,0
189.79738606396432,0.31631296061772873,50.90632392986514,1,0
189.88405260109104,0.2818779674133968,51.40198681083656,1,0
189.9757883256233,0.4682971980097203,51.549610058489755,1,0
189.8970271716006,0.5415352269000057,51.104477053731195,1,0
189.8495812876869,0.3932327331942518,50.573189899113906,1,0
190.2672124368437,0.4399180761735416,51.72520424205078,1,0
190.03998714578387,0.36934507993947846,50.91099413106521,1,0
189.9460012752261,0.5501851200074307,51.23973545765808,1,0
189.83876942033757,0.4286966847615797,51.07780396839718,1,0
190.15771631083055,0.43831433820178217,51.91179337370239,1,0
189.8875106506189,0.5082992420436679,51.45649456850325,1,0
189.76250704542537,0.44155205220672905,51.89021217327824,1,0
189.94115518483693,0.44094115810324663,51.01388679850558,1,0
190.14176112264735,0.5880350783494069,51.403322778474674,1,0
190.20729676890898,0.2863728876076469,50.515981739705886,1,0
189.95478616748767,0.2821442312861694,50.74620131812089,1,0
190.1977787588645,0.37039552108869017,50.51467534644453,1,0
190.15029165994181,0.3913901423533489,50.613422894722,1,0
190.32426611685534,0.38082487936416565,50.843347612036354,1,0
190.05237103568635,0.3825692203401897,51.55430151122375,1,0
190.08218990834425,0.423367775285935,51.59269903631011,1,0
189.95226933086832,0.33399912714193963,51.54418772227595,1,0
190.11687366082577,0.5548768727216078,51.35327204934693,1,0
190.0494928968789,0.5220016536188419,51.2417957937831,1,0
190.16580395333406,0.5169699908240156,50.946763637474504,1,0
190.08714203657743,0.5247544353911112,50.64899845456581,1,0
189.90278681157844,0.35787166054960057,50.50439339883014,1,0
190.00333587257177,0.41533356867693555,51.047385809627734,1,0
190.28622800565444,0.49520278331354045,51.58451190417642,1,0
189.77807010613523,0.45858851981465065,50.91091728083045,1,0
189.74917725749367,0.459696190582084,51.128839188275435,1,0
189.83603737788994,0.4332740699701101,51.19821033455644,1,0
189.98418048783964,0.45144352837585394,50.772898291869154,1,0
189.95657093440553,0.41853566121998215,50.589717784100756,1,0
190.06977630178682,0.4083536919417803,51.13077335197099,1,0
189.84088309744152,0.4569358815583495,51.514105118604306,1,0
190.04738762221928,0.5558719631932109,50.815423264097454,1,0
190.04280717821283,0.42195689095739486,51.454365278756576,1,0
190.06227391540614,0.38498058156530235,51.694553973516875,1,0
189.99585086166127,0.4476920536281718,52.09850126201637,1,0
189.79254169592858,0.4231189493812944,51.24905160804781,1,0
190.0580025455723,0.327729376206161,50.96317294032701,1,0
190.08156390073034,0.4955654751933571,51.80071821628826,1,0
190.03497667538701,0.47809593049513793,51.12178555697522,1,0
190.20026058919308,0.3340032203906691,51.37131647574106,1,0
189.76775294469073,0.523899946019157,51.576278615362874,1,0
190.09432141203752,0.5103784158918249,50.662291246641935,1,0
189.95796137526855,0.38631300276952524,52.171034984537705,1,0
189.7039707764534,0.3346396101258663,51.172431074174455,1,0
190.01651546104017,0.42550274872044597,50.37853029899934,1,0
189.9014912771269,0.40024612727529235,50.885665641980516,1,0
189.88621975955243,0.4842360826006131,51.27881506479094,1,0
190.182554222614,0.37349292719744803,51.30617153569321,1,0
189.89830085143294,0.47093866512413807,51.332128573210234,1,0
190.1595124357201,0.4923281645732113,51.175822919487594,1,0
189.9093213280901,0.5634477649793813,50.76586772848537,1,0
190.05066254954625,0.5414057473180722,51.54012366245827,1,0
189.85984540038191,0.4710257484332931,51.68600083239064,1,0
189.9729165166795,0.3397891806696848,52.10779070094906,1,0
190.05373920965667,0.4552953471007222,50.67606468061983,1,0
189.89591195639923,0.44472227194824593,51.30221940521194,1,0
189.71209851952054,0.4426360964814519,51.33238043878476,1,0
189.84969609857023,0.44003248981464094,51.59774236104018,1,0
189.7405233678973,0.4131318565055056,52.15095842893907,1,0
189.82828920511687,0.44603591414086663,50.5125762039613,1,0
190.0613399592332,0.3677693311006457,51.88546779163098,1,0
190.01725640055986,0.41669023107149183,50.99587404012871,1,0
190.1863657841601,0.5696844149912069,51.1258062490196,1,0
190.45668437022397,0.4090515367403725,50.77096629601445,1,0
190.08490261256185,0.42340797713834116,51.77129733958139,1,0
190.11624289467477,0.3906181446254696,51.26397221915235,1,0
189.9219318880124,0.42815784336467283,51.93268112798263,1,0
189.58570187227906,0.42619305119090733,51.77993257744308,1,0
190.0502517816251,0.5468520208497456,51.85376581193961,1,0
189.75002093581185,0.5110597673502271,51.65797610526623,1,0
189.97348940510867,0.2594718553946068,52.15203694247949,1,0
189.76717200776594,0.5104423261027273,51.52725466746827,1,0
189.85969801119927,0.3183407466299375,50.51455453733773,1,0
190.10758722956933,0.45322068824542483,50.68709347828816,1,0
189.86766757105363,0.3394070758194583,51.064139888675506,1,0
190.2096317611366,0.45622562720156384,51.39754416989979,1,0
189.83721832267872,0.5275064836270372,49.72786118766237,0,1
190.00523981510386,0.5789149500496696,50.722973770907146,1,0
189.9091699182944,0.45976095828420604,50.920694017663315,1,0
190.13193685731807,0.43843781898004686,51.4217803081408,1,0
189.9199462189568,0.45244428290709704,51.36790471625608,1,0
190.10833828580044,0.44938908765965885,51.38118403620691,1,0
190.17909960078887,0.4834452443904739,51.579259379964284,1,0
189.72919228741725,0.5450724350098711,50.85734176556449,1,0
189.85967746677406,0.3940213635728474,50.948587494426846,1,0
189.73067491226524,0.42626035087065917,51.133231325952735,1,0
190.29130026651552,0.46349001387120875,50.828453125048995,1,0
190.12599354941804,0.5205454163441503,51.60723595221469,1,0
190.10645882498403,0.5193021764061286,51.70887125657352,1,0
190.20300417684746,0.4346861688958701,51.868661005187626,1,0
190.09294229080797,0.4210108475735031,50.6528325666794,1,0
190.12074946548168,0.4819773365952456,51.143771132654635,1,0
189.73044745974832,0.40589036917894133,51.3644116833361,1,0
190.04326010724643,0.4030436327044017,50.22236616814508,1,0
190.0381821980647,0.3861381942613921,50.416673529792476,1,0
190.12976008820797,0.4779070753962608,50.523295124772375,1,0
190.12076873774822,0.36943276106949136,50.57137057737581,1,0
189.9533728281516,0.43579781383477495,51.40096170213013,1,0
190.20334584538588,0.3920224998802543,51.03048183505076,1,0
189.7964753087912,0.41494025263014894,50.64191230322118,1,0
189.93780704814918,0.5850702318218919,51.41066820758307,1,0
189.9727306464068,0.5030703450105911,51.051069058933244,1,0
190.33227786017454,0.5393104671478941,52.28320848095751,1,0
190.12216001831322,0.4993273927866645,51.44880436295906,1,0
190.24802354451944,0.3905851625343949,52.33337667573533,1,0
190.13947584034975,0.49532597600967626,51.58005377960862,1,0
189.90673299019915,0.37046923394711506,51.27020194578814,1,0
189.85374698655153,0.4418446181469894,51.24441306966828,1,0
189.905930293482,0.47172662819255023,51.577939166493195,1,0
189.9786647067146,0.4702133665769608,51.23635270382577,1,0
189.89119536373448,0.5734322957831952,51.57742350049264,1,0
189.79606231328913,0.47626134302480494,50.897902320820045,1,0
189.9833200762083,0.4366443007924613,51.57894856524827,1,0
190.04329522511293,0.47826639500802803,50.28339376063487,1,0
190.19196619610383,0.40473240304704533,51.863922539513226,1,0
190.06468817725406,0.4017369465783628,51.12872838137751,1,0
189.83438654179642,0.5042112265307896,50.27331462230495,1,0
190.3756603493284,0.5034816788903281,50.58950835908295,1,0
190.12418559392967,0.47413962663068754,51.22835626196474,1,0
189.8883751869735,0.3907665912949031,50.95059131697314,1,0
190.10485617356107,0.5480322505673423,51.372610839366054,1,0
190.0281413470859,0.5118815817590607,51.871737782578464,1,0
189.9341410861935,0.40952292200882806,51.546603830645765,1,0
190.08607916985608,0.467860815977012,52.4677111986706,1,0
190.04951105590175,0.4910614676598814,51.23967996838286,1,0
190.1524875734135,0.3531857035943743,51.529323802187044,1,0
190.16151158024968,0.4851087524304552,51.13890043859757,1,0
189.9097668801411,0.4372370990218787,51.25012510797465,1,0
189.85603803832396,0.6647778404775111,51.61264323245191,1,0
189.86464373382634,0.5708943812913799,51.96444527868566,1,0
190.1532265909571,0.44724321972315295,51.31677578182914,1,0
190.09969956086186,0.5387308107286586,51.475650309719725,1,0
190.03502343639244,0.31204561579379914,51.30190684415742,1,0
190.41462874688685,0.3858170922171283,51.14418472884442,1,0
189.88457432138856,0.41594855433371175,51.31324729897291,1,0
189.84670536719477,0.4485744767119794,51.508855676545124,1,0
190.1235871010397,0.38890818149821177,51.61813233893143,1,0
189.8534624534784,0.48910395804410384,51.290656143131926,1,0
189.91603069032234,0.49103690190741717,50.980250713066994,1,0
190.05418957889844,0.5109270183912109,50.89294762067323,1,0
189.965536826587,0.4888502009442426,51.065973641781724,1,0
189.90905384601942,0.4584663093153869,51.25198347856765,1,0
190.0990103234154,0.5146042512818907,51.64802116595554,1,0
189.81090162516008,0.43928721518105984,50.155999631403915,1,0
190.24361931475238,0.4264077746921581,51.57698367486945,1,0
189.94893744359595,0.3596986907961726,51.893247857334245,1,0
189.6304625757692,0.5571681027063348,52.07715999121627,1,0
190.06473851003588,0.5268522501174263,50.85062939078884,1,0
190.0559103199748,0.35566413314030637,51.0439507683306,1,0
190.07259592754738,0.38664969401934957,50.7876431407864,1,0
189.75330311035333,0.4773948450524381,51.134361215876915,1,0
189.8977882418364,0.3123479500529346,50.47723218950891,1,0
190.1687637855839,0.4383545189274216,51.383370377266836,1,0
189.83124632339354,0.3625460096625665,50.67808006123865,1,0
189.81018309675812,0.44813364913207604,51.047122302677266,1,0
190.1192392772173,0.40903835000580246,51.66395926259815,1,0
190.18472275688362,0.40801758823155765,51.840281823468445,1,0
190.15911289423303,0.5462274781351583,50.67099414100787,1,0
189.86637494581933,0.5017776825630679,50.52550955912955,1,0
189.84452174082065,0.422909013909072,50.94428275442183,1,0
189.8146307875981,0.37099663774465325,51.36199616108903,1,0
190.11657296300461,0.42800106237561203,51.43208968461118,1,0
190.07603788020114,0.44643634135988164,51.20411629289872,1,0
189.88075970989405,0.43495208464039614,51.437015813414675,1,0
189.78733364818305,0.48210285290312715,51.74709733297292,1,0
190.06919156816352,0.4583355124688234,51.45992164358831,1,0
189.81412536582204,0.5227663210283071,50.75092744192892,1,0
189.87798103789868,0.3500735381512305,51.97023126254766,1,0
190.22088615208276,0.3958058891596222,51.60468312878651,1,0
189.9252151033341,0.45085127605645603,50.62707052061864,1,0
189.86201153555197,0.39885136996777626,51.39755333653287,1,0
189.93334035139722,0.5315720283010702,51.43630108396066,1,0
190.1903652419182,0.5079306092488326,50.41138608960505,1,0
189.75857354871403,0.5021722008834503,51.19077659531468,1,0
190.02786933852965,0.3113996809144376,51.34509317414281,1,0
190.0286584365537,0.45665499690520067,51.264878343117026,1,0
190.12178311114712,0.404603874638427,51.28668551472906,1,0
190.09011290699388,0.5061685100910357,50.49744984640568,1,0
189.96400641327725,0.30400442022455165,50.97831595796418,1,0
190.10072735367226,0.39357519755536474,51.0380886507484,1,0
189.80914805943686,0.44936547869957905,51.39959173236191,1,0
189.91272526299753,0.5045639900503873,51.1480141204005,1,0
190.530358911544,0.5344572602210422,51.47406815120596,1,0
190.0579452740535,0.3906487082760325,50.81069051016208,1,0
190.4067745149454,0.40221808237368134,50.21135786572901,1,0
190.10122704032182,0.4789089579905099,51.554631550821576,1,0
189.89096091819434,0.4176755411621371,52.06376875272836,1,0
189.82672792134036,0.41090892818928476,50.5630214717551,1,0
189.92512547218465,0.5058697589004916,52.15754282379413,1,0
190.1455863500484,0.42399179825698435,50.95483991940411,1,0
190.06617638574315,0.44165157107190056,51.270005162390554,1,0
190.1588780740095,0.38119210546557336,51.272881714386386,1,0
189.89843751991813,0.3774839136335494,51.309549416556074,1,0
190.15032982498016,0.4772863804854332,51.03326291245469,1,0
190.0749064771541,0.5025124991534553,50.781436611659544,1,0
189.6932314354557,0.33054757403230933,51.83628964294053,1,0
189.93913249307204,0.3173230606570518,51.098496469215284,1,0
189.79958774349234,0.4411379751260561,52.307743533626045,1,0
189.90505532343332,0.520878375573392,50.88259384936751,1,0
190.30045211751792,0.38077210902067893,51.34529734716059,1,0
190.2707483564827,0.5235944093464556,51.885833350124244,1,0
189.80493368157295,0.4762882560873974,51.959384432018865,1,0
190.21032763168975,0.5071093762260193,51.751480677321,1,0
189.8639384387388,0.4087946977184254,51.040185668784666,1,0
190.19745351129995,0.5161481112814081,51.49799618045005,1,0
189.95035742914354,0.4380980151033966,51.97564816457953,1,0
189.92137706019915,0.44425791947195875,51.68127276298086,1,0
189.9673024114204,0.4018894503068806,51.345781992641776,1,0
190.03720480303218,0.650226446371264,51.242008966649514,1,0
190.08658609709406,0.2884678891234602,51.41344217889061,1,0
189.93303199121692,0.4926836974271961,52.248752753161256,1,0
190.05352451816833,0.4881700653265924,52.084375081044996,1,0
190.15446100114906,0.5654370493872213,51.714207801427285,1,0
190.1022162098368,0.49061988320359484,51.769720058838374,1,0
190.06815438278244,0.3649341930680342,51.92654194183093,1,0
189.93041268296858,0.3881824948542326,50.77009734911459,1,0
190.04902877421185,0.41095902650078253,50.685849293693366,1,0
190.12602485659448,0.41855464183144986,50.93836604530509,1,0
189.96891423367373,0.5599206650111137,50.771175341014235,1,0
189.72426292945642,0.38314877117805246,51.16171110771826,1,0
189.64279096406156,0.47624641455274064,51.11362519898775,1,0
189.91945974008405,0.3993841765407277,51.70234245278325,1,0
190.1992867197243,0.5545472964290185,50.99568516626662,1,0
189.90889218331225,0.43044270710923443,51.19519310593892,1,0
189.8550656126442,0.4285130499509787,51.125340898621126,1,0
190.27082956417408,0.3826647216795211,51.686169868264855,1,0
190.05615920719683,0.36561779831855096,51.16655683969299,1,0
189.93289284253208,0.399565448448072,50.61543817656366,1,0
190.25637126566406,0.4540381369069124,51.35025896008579,1,0
189.977375785768,0.43425965076912754,51.05735905113409,1,0
189.9965265550715,0.4153225657695044,51.63863176091073,1,0
190.42570154062614,0.39661452254210505,51.095868696123794,1,0
190.2304936085849,0.3026603824239439,51.186185626398206,1,0
189.79773951340857,0.4155008233125737,50.9754372992629,1,0
189.89784271869442,0.472382433869212,50.9351846316839,1,0
190.15093041402403,0.4574670154011359,52.23349556489957,1,0
190.1282628682555,0.3732978923870623,51.71736316721842,1,0
190.1791520636234,0.4271307166090733,50.32528822119306,1,0
189.8369461000482,0.47310543206898525,51.748781142290404,1,0
190.003934546892,0.5985647724896188,51.39209423861836,1,0
190.0272540097953,0.3925398946377179,51.22260359184219,1,0
189.7506602645019,0.34546010668183336,51.99747025974534,1,0
189.90374805372568,0.6209366709267157,50.75483600569677,1,0
189.94483018201296,0.4657740567456856,50.97370148997322,1,0
190.01145631587056,0.3626759535628277,51.54794669245591,1,0
189.925901969816,0.4575238232898237,50.91424966366762,1,0
190.0717284123063,0.5297733383034401,50.966005522941586,1,0
190.17914859126796,0.4794352194938542,51.63592239916179,1,0
190.0830250913959,0.37372727811019435,52.002692237756605,1,0
190.06885746859697,0.5226366869921034,50.62932017295193,1,0
190.06694665038935,0.3907546990394344,51.31251204415006,1,0
189.5704662680262,0.483543255568414,51.317129051710495,1,0
190.04544292148563,0.44793752926030544,51.386738395317664,1,0
189.63547778462151,0.5065975092598118,50.72869018981936,1,0
189.90082320164052,0.42680768842927486,51.225865866983405,1,0
189.94528346838962,0.4593752828318298,51.14464711999712,1,0
189.75662394608977,0.5991698232304506,50.95288316740006,1,0
189.78256474488816,0.5794280006793828,51.29100621085319,1,0
190.0521754183933,0.5431639522347503,51.51405822788528,1,0
190.1024017800867,0.4349647293291832,51.106778645142114,1,0
189.8830806137944,0.4549063975128882,51.84931241359476,1,0
190.09273810743878,0.37062930035219305,50.87793992563133,1,0
190.05925751133603,0.4555686222659636,51.026925127369466,1,0
189.92660183935175,0.2298129913034753,51.714648456956944,1,0
190.02478152379288,0.41022031775557416,51.45613065977804,1,0
189.89032750752526,0.4362939951786898,51.23670179200758,1,0
190.08576970306842,0.29864604841539133,50.73425673149936,1,0
190.15354621804417,0.3248638102902076,51.69467850501592,1,0
189.87039672747665,0.43542196613481426,51.21414983587087,1,0
189.76918382871986,0.41889843860714226,51.93607744465072,1,0
189.79236420016602,0.46489321779348697,50.07336342152111,1,0
190.08094309004366,0.4146060085580548,51.70679557398735,1,0
189.77455832035196,0.41066180636386757,51.05705916818345,1,0
190.1030508575347,0.5378088058072688,51.86043049078204,1,0
189.97444853131503,0.5084843876931852,51.350064217265746,1,0
189.95792362802638,0.39221558399418704,51.37051729656512,1,0
189.85253947896302,0.36575034661722755,51.62374819392267,1,0
190.02394379282453,0.30325377307357126,51.36293560351969,1,0
190.00126154032026,0.5830573486689599,51.87974402213989,1,0
190.12673939010384,0.483890683595518,51.32726333287159,1,0
190.4383724598268,0.36064424945857515,51.015023346618904,1,0
190.17694980539412,0.35159554898162393,50.80355985545384,1,0
189.8126219368253,0.5217619666269716,51.40792580787104,1,0
190.21895509452733,0.4129193976427727,51.50981531674536,1,0
189.79550647621363,0.46686106536680394,51.11752804881681,1,0
190.0102385429526,0.37511322687355503,51.190802983698255,1,0
189.82915213919227,0.48664306386465617,51.34805352273328,1,0
190.17202202335446,0.4240383921906861,51.08629698133377,1,0
189.993943636713,0.4094882721268208,51.27507527687188,1,0
189.98099326555084,0.364430131615842,51.274735821758085,1,0
189.90429100363474,0.5492982300052925,51.67859774180405,1,0
190.07449644216743,0.37286304039330326,50.59155508422441,1,0
189.8896366434303,0.46914359704626174,51.09395757159731,1,0
189.75938474663386,0.553626455004582,50.813420437652574,1,0
190.0254326601464,0.4725041231053054,51.460248638257454,1,0
189.67413721688004,0.48314928392070755,50.85389300179674,1,0
189.95052201846346,0.3313761257438208,50.78509152054078,1,0
190.24485760695794,0.34512683698588525,50.99811972593607,1,0
190.31146577957722,0.32952859557074177,51.555830344239006,1,0
189.95062204395722,0.40410615395767197,51.54596314468009,1,0
190.1060543967545,0.298350230626621,51.152829948696734,1,0
190.280314373907,0.35446249361402377,50.80277003313649,1,0
189.89386930057614,0.44334348297773596,50.85053014441485,1,0
190.1407568000621,0.43647791419666165,50.44840823340929,1,0
190.0043317677196,0.4471565851750449,50.801739923260925,1,0
190.24448741596885,0.512014405060135,51.080661538490666,1,0
189.94006585365545,0.4624599021835898,51.100803565289645,1,0
189.55365190073337,0.46588897965414605,50.56119529716472,1,0
190.11728596762052,0.504005943741097,51.00936574024559,1,0
189.91692993913745,0.4157565560891586,51.556775062523,1,0
189.877064797642,0.4317162909970401,50.93497932739516,1,0
189.96346569944552,0.38852865066528264,52.04568727863134,1,0
189.92334788749938,0.4361827897451216,50.60906347950883,1,0
190.07682836819185,0.5273077469360562,51.06838593866143,1,0
189.71725909212864,0.40801048704958987,51.12682843159579,1,0
190.0127232802818,0.3758389662838617,52.111931602872126,1,0
189.9929092468234,0.43655468527985997,51.2146760138394,1,0
189.78203528750197,0.42928416207400794,50.71324421704597,1,0
190.01800413369017,0.5166816607071264,51.20314144177646,1,0
190.05076867486295,0.43937188091297413,49.980211381793204,0,1
189.9549856511727,0.3720222453126639,50.69069694852266,1,0
190.19771303990512,0.458523995964636,50.91025872850853,1,0
190.21011767808469,0.3880466895984707,51.95860534244258,1,0
190.09482393117744,0.5196230811899936,51.61717690976871,1,0
190.16237335899498,0.45697656107110873,51.61591556051035,1,0
190.0690848752174,0.48932089421061004,51.609389520262035,1,0
190.00873350716105,0.5415348156421762,51.45974924466334,1,0
190.3734986833387,0.3858092339744915,51.902786407214336,1,0
189.76159802442942,0.45914428321284045,50.7006977822384,1,0
189.71638609736559,0.5491296517374268,50.76979927454011,1,0
190.02518629331598,0.4305325217272401,51.03017905885467,1,0
190.003797680485,0.5208714218362438,50.31012781716652,1,0
190.04603269970124,0.4524507762007284,50.8706424373311,1,0
190.0795933009871,0.4319498661538245,50.69281565669387,1,0
189.878735547667,0.5066871353892181,50.99043290056748,1,0
190.24982670485193,0.5597351221492781,50.919202863559086,1,0
190.17626149886607,0.45737734896948345,50.67147120241408,1,0
189.88427087463015,0.4033685911638097,51.62943869232217,1,0
190.1437812976684,0.46178214984606875,51.28679734430947,1,0
190.00249136711406,0.46664005585148655,50.79866477087318,1,0
189.88095606608928,0.49288078444634353,50.51083737552184,1,0
189.90415656041864,0.4989499501048156,51.86265288176699,1,0
189.84388303804508,0.475170491817087,51.33800048882315,1,0
189.99170192057855,0.3558359595263007,51.281734264411476,1,0
189.82729504070787,0.3305708597686802,50.956297287594445,1,0
189.95508605550663,0.47127189671289454,51.54024297620132,1,0
189.8452037482461,0.4143469295779187,51.37541848128948,1,0
190.2635863169417,0.4497231969271542,51.45921751363449,1,0
189.85268412520807,0.5348825153632438,51.3976796423309,1,0
190.06121103062188,0.48740906901279074,50.20482375871191,1,0
190.07458073505174,0.4583691828497478,51.566249354254275,1,0
190.16292289599593,0.4744306317624795,51.08247841214132,1,0
190.19597800538358,0.42691194984737346,51.6118643018679,1,0
190.06274554905653,0.5575377071258931,51.11706039497831,1,0
189.9316949699223,0.5568236513842633,51.15190446666126,1,0
189.9448306389863,0.48916712244085503,50.569261142930266,1,0
189.87855236583127,0.4835042844932521,52.07418018639616,1,0
189.96464810762336,0.4011576631365823,51.79462095593177,1,0
190.09678186971394,0.48930721616837164,50.14378828096586,1,0
189.8065676064125,0.3753839734804453,50.83414144807078,1,0
190.29446067097342,0.462944104842935,52.11997462355275,1,0
189.95223390779915,0.39812520704200394,50.72271718031832,1,0
189.9304570802116,0.5713256376600666,51.2040897267421,1,0
189.71912719586572,0.40044908747492947,50.78630086802973,1,0
189.92054633656912,0.49907098363749713,51.31702916843229,1,0
190.16034250322193,0.34006949326679214,50.800458281415516,1,0
189.87750135637347,0.5555956543028641,51.9152669530845,1,0
190.010587316689,0.40685444932369386,50.599410099578094,1,0
189.89658043285849,0.3782008712269642,51.999831430348856,1,0
190.26696365716688,0.39989649079217476,50.8947180043144,1,0
190.10671102095213,0.3948697270901115,51.42197982370817,1,0
190.03528166314766,0.3663391715441443,51.669449888474134,1,0
190.2882513695304,0.4315547119493022,51.54515047374469,1,0
190.1028864686142,0.4186180480795159,51.654488849708606,1,0
190.02098278625888,0.42718198525970347,50.446081540474566,1,0
190.17488332254132,0.5113850668183225,51.660305118525905,1,0
190.09958156835134,0.4433626201757405,50.39298222850934,1,0
190.40657268814158,0.36969076256271566,51.493444108516,1,0
189.60350415246398,0.41068337521274595,50.99782457607536,1,0
190.01412544218687,0.3782006747344178,51.44413722379182,1,0
190.13591736656028,0.5018311839370079,50.83187020097627,1,0
189.89264807567486,0.3035686896810886,50.55631772213706,1,0
190.06623619482875,0.4588712995212218,51.748155639346024,1,0
190.1682423195842,0.456780065324808,51.15000911135104,1,0
190.01867390611002,0.4111717782575724,50.96770456194003,1,0
190.10100432336276,0.4264309515608721,51.05230511192503,1,0
189.69075936569928,0.41580852919795086,51.30367387254741,1,0
190.16014275907682,0.4331880008569452,51.8976522023877,1,0
189.94267370161253,0.4427638549235803,50.92066487784655,1,0
190.06175147915994,0.4832676124825042,50.68591845568056,1,0
190.05244933598118,0.43247411344779807,51.40978735617407,1,0
190.09409700445823,0.42615518965773197,50.65327283087772,1,0
190.32415996848712,0.43039899487573163,52.27293363256801,1,0
189.96177467024137,0.4395534181754354,51.7719656332572,1,0
189.99289226623452,0.3906461059169338,51.895132374479886,1,0
189.94089730079997,0.40035926987538123,50.376293878111774,1,0
189.80454450146337,0.385130318055214,51.21046136232527,1,0
190.14500024987774,0.4053697427238463,51.448439401698835,1,0
189.85000888642136,0.28704031320289114,51.18806698188175,1,0
189.93298272910806,0.47492304568020044,51.331119293581416,1,0
190.1600244691433,0.5256667963135677,51.614565927154175,1,0
190.01255468108033,0.38690852588092184,50.63594485679551,1,0
189.91760391728948,0.383095028250488,50.82932681470332,1,0
190.1773523448241,0.4379508779718944,51.19680114423768,1,0
190.2799324449114,0.3799212805512539,51.663616597038676,1,0
190.19246825558113,0.4815201331266648,50.751143257067305,1,0
189.88795886694055,0.39058571020552074,51.21746832763569,1,0
189.99961479301615,0.41126787046962693,50.615807273003206,1,0
190.15940200769109,0.49717443653310056,51.09945549303898,1,0
190.1829940130524,0.4538870995162257,51.42893606757172,1,0
189.92468334790038,0.4254483117469677,51.242497723598674,1,0
190.0573348111406,0.3989328787589168,51.28004115028505,1,0
189.9067812346965,0.5370165607024743,50.87112315005001,1,0
190.06829744293987,0.46529096323891783,51.12284626540182,1,0
190.23814245598288,0.43766540747586075,51.34928656762404,1,0
189.8222979989891,0.3965271380657029,50.87247613250143,1,0
190.15240517080156,0.4534519139396768,51.30352121390945,1,0
190.06032523498985,0.4759018913179331,51.04504381990905,1,0
189.87781292038437,0.46636545634730103,51.39497501277791,1,0
189.91833149311208,0.5579634986886248,51.94657891240557,1,0
189.8705599429964,0.5234663181943794,51.42147337361254,1,0
190.12907351823242,0.40749886730348595,51.394435870091705,1,0
190.2337141949439,0.3796909329348325,51.90893997426563,1,0
190.02010320206955,0.48690851372419136,50.768507536617236,1,0
190.07980922891082,0.4696096570978503,50.799793489107586,1,0
190.24655114461535,0.4119090792526752,51.34184050452044,1,0
189.96755396503175,0.4648681101186508,51.21176111369336,1,0
189.93977675384312,0.5337022730407531,51.72693786694523,1,0
189.9578886476589,0.4694202136326313,50.8980125396913,1,0
189.9184795931931,0.4909860015113798,51.51898723078487,1,0
189.65548369392982,0.3681972649178038,50.88150576440109,1,0
189.95883007983753,0.4656433452029741,51.78618131966529,1,0
189.8994596251654,0.3899000019754842,50.98765693914077,1,0
189.6242970201783,0.4930632747248018,50.892427133712644,1,0
190.19428222422653,0.3182662626847799,50.81119925138762,1,0
190.02875375539955,0.33665011080256546,50.995859692214516,1,0
190.10522339683334,0.3080421313254753,51.446455948139544,1,0
190.04874081071912,0.3458073613282926,50.3261888450641,1,0
190.1508113254746,0.5311320006562785,49.94753096239934,0,1
190.02889888645493,0.3886131962231083,51.10622115043881,1,0
190.07923720517718,0.40097886585215525,51.07299682960799,1,0
189.83381344533313,0.39622396618231054,50.88208655152614,1,0
189.99539248823143,0.3422747791108066,51.080242115140805,1,0
189.91692636086208,0.49275574609597833,51.29009322313517,1,0
189.95203944682106,0.4537840799173973,51.194691437587224,1,0
190.11936095575834,0.46810776237418295,51.54935550026925,1,0
189.8044165574,0.4777041714140411,51.64899617615475,1,0
189.70396725418968,0.43350334713443694,50.17487939918372,1,0
189.9143024026414,0.38964768712725173,50.682804726553826,1,0
190.01105837763453,0.580059249782657,51.74013448217586,1,0
190.0018560951008,0.4880884670540724,51.77986065917369,1,0
189.78114726204836,0.5590543614587631,50.78908839595586,1,0
189.90271514240763,0.4587295831241717,51.00846670713551,1,0
190.05962694186348,0.4893137778506973,51.47280224513071,1,0
190.21991337951002,0.512906293054688,50.77557794481259,1,0
189.9180427858106,0.4815617874433129,51.42272177583381,1,0
189.89314304414566,0.48016246007067226,51.136150431759525,1,0
190.12586629942973,0.44044252851244664,51.7358601123288,1,0
189.784061625081,0.42049008375051833,50.200281398363906,1,0
190.05536551660146,0.4024986661311562,51.987771929105804,1,0
190.16041285389787,0.4725572943501933,50.94168951013491,1,0
189.68699474974355,0.3815251123972964,50.81118607554468,1,0
189.63033660829234,0.5160139632341912,51.634554577520284,1,0
189.81409521637428,0.5014652758241921,50.56236950962715,1,0
189.96480180210483,0.3995792988319993,52.243651078567915,1,0
190.04298500727293,0.38968887789387396,51.09917091298432,1,0
189.9768088284264,0.3661895477461944,51.50386499426995,1,0
189.9177813307887,0.49048885863603475,50.53510928446699,1,0
189.8935260275,0.42041497192383104,51.807152275999265,1,0
190.01311344197333,0.33804795270923743,51.22925228256419,1,0
189.91797816933814,0.429620861157066,50.55063711298854,1,0
189.9977536962139,0.42496505512268173,50.73160446965007,1,0
189.975453895886,0.509407007222324,50.814324502675525,1,0
190.10208042225773,0.38106940050136456,51.829220893833934,1,0
190.25528606138747,0.46494980358924426,51.145699445293474,1,0
190.13947755723302,0.49507478722256437,51.214469337836,1,0
189.94282345430037,0.2755309554234564,51.350718814128136,1,0
189.92799725477374,0.5881381984296757,51.60569769578865,1,0
190.09780380808616,0.45934961855303086,51.561458804414656,1,0
190.1250857953397,0.4727263525651561,50.951978109085886,1,0
190.03839913746174,0.47877201233392014,51.64953698455845,1,0
189.97977640426066,0.4194108161987415,51.020182054568316,1,0
189.88115983802757,0.35225103517997386,51.964277813282976,1,0
190.02536496554916,0.4283229043163718,50.53099914239782,1,0
190.02549862664188,0.45182720456895203,51.606385297275814,1,0
189.79665963673892,0.4311645175165387,50.76514642149997,1,0
189.82261324658938,0.46179427454249944,51.325381872388796,1,0
190.07779440602837,0.36534734901180643,51.07236239103555,1,0
190.25409442612835,0.5747308970361179,51.063876715388915,1,0
189.91021601732783,0.500590963588914,50.899681323923794,1,0
190.12387745829102,0.4278082102607819,51.3352832210118,1,0
189.85879598523053,0.40489464427581745,51.53180843783453,1,0
189.8126319145023,0.42299568122630354,51.09016949605831,1,0
190.1343558340094,0.4507322483842869,51.2663372253351,1,0
190.20187528054524,0.5087882352446179,51.32982958620275,1,0
189.7914485135614,0.4644406583043095,51.492569988173024,1,0
190.23969117175972,0.31997262261926973,50.76592026481502,1,0
190.026076036506,0.6144803541561603,51.954467899573736,1,0
190.43652817267494,0.4800698010695533,50.99484392473221,1,0
190.03670160721126,0.39142588552443286,50.80685749138661,1,0
190.17237708497086,0.5199677286466966,51.53074171397979,1,0
189.9912594506726,0.4416896570209994,51.273548561599966,1,0
189.88377580641983,0.5279682285034036,51.269418673575714,1,0
189.83245980800086,0.3672285777896699,51.22514615486007,1,0
190.05755974884678,0.3466735437293687,51.366701534834704,1,0
190.04003863888167,0.42943985541557506,51.47912055169153,1,0
189.8556781028278,0.38958933480603264,50.97829569933132,1,0
189.99429849647578,0.3934418078045537,51.74695647478674,1,0
190.0709616282245,0.5821572803064639,51.02051627531501,1,0
189.71295099923782,0.5217875069664567,51.26190173501708,1,0
190.11356091780334,0.524566574206862,51.59480849847383,1,0
189.87400636875137,0.4572320305182823,51.44714642833868,1,0
190.12348287035306,0.6000718438383792,50.995440379290656,1,0
189.82873883426743,0.3465417068894196,50.72962704964912,1,0
189.57023845531376,0.453706492948847,51.04715424355693,1,0
189.7709186592432,0.5323203902719006,51.005144514895406,1,0
189.93180863874437,0.41602957059535883,51.337067923688245,1,0
189.89267289912235,0.39667188767618133,51.5663326356365,1,0
189.98090603530633,0.4578267258608341,51.03658896116526,1,0
190.14162284093604,0.42906473013434954,51.31987571520356,1,0
190.2982801713813,0.5204408245158588,51.30404485988737,1,0
190.17502374668857,0.47451512787028943,50.73560597348426,1,0
190.05985658619974,0.45651873305491114,50.94011249873824,1,0
190.11988677161835,0.46069955330548895,50.790994243296836,1,0
189.9733608090663,0.5351193664899261,51.62028791273625,1,0
189.5963391151628,0.39589644189289935,51.61192362549753,1,0
190.33610141312525,0.4503793199596258,51.66848521878186,1,0
190.06444956929985,0.47637929899186715,50.96290810636899,1,0
190.24841131592925,0.48873235665299486,51.039768286738166,1,0
190.34649049758997,0.2694134931717725,51.35456803335263,1,0
190.23869968616006,0.5272870786091098,51.404871757171314,1,0
190.19541873263117,0.36987866278667914,51.23705988771203,1,0
189.9833316248004,0.3053396927022491,50.39671667719287,1,0
189.72488832974403,0.5777622416573924,50.723834927760365,1,0
190.25871899508002,0.4342544766863376,50.702120898039716,1,0
189.75850481805466,0.37458846765167725,51.64938608573321,1,0
189.78769384178722,0.4583430409672222,51.17393951219602,1,0
190.03064366169485,0.453966263129237,51.79231284583484,1,0
190.09373402428446,0.5309695243902077,51.16669104344423,1,0
189.80219362077656,0.45103018378781323,51.40069647924796,1,0
190.02326750135973,0.5032720569190414,50.826335967562635,1,0
190.0019674761403,0.35177440767122947,50.37694121072106,1,0
190.03849581417788,0.4891837201703571,51.61375551149422,1,0
189.99065288649177,0.48715168765042516,51.69506749018441,1,0
190.11934855837129,0.4483238847966373,51.040264760750354,1,0
189.79761950042507,0.38908390714564034,51.730137651098815,1,0
189.90206850103985,0.42367349412253563,52.1850863648941,1,0
189.75622728907322,0.3155092653515953,51.13436145568213,1,0
189.9330179221037,0.3850368560240322,50.881030868888175,1,0
190.14172704875958,0.5139047253198579,50.698551482801555,1,0
189.7903550440449,0.5810521365696109,50.658910914810065,1,0
189.93469467433533,0.4221495677217123,51.587260553074366,1,0
190.07695357503974,0.5380593053066565,51.08556308989455,1,0
189.90458417867268,0.33535120928861045,50.841630978490116,1,0
190.06368392252122,0.4617239665633293,50.63891758578946,1,0
189.72720954619052,0.5016327670844086,51.56392481405925,1,0
189.79845782801783,0.45550936797303493,52.347723504501005,1,0
189.9350830524704,0.3363312635422205,51.33154625916408,1,0
189.86307031681375,0.45071428905217525,50.88169827294201,1,0
190.00107457529734,0.5709105998462602,50.77422506351417,1,0
189.881788658185,0.34505954145673434,51.68417263271915,1,0
189.84644466306685,0.453599754158101,51.5160272422024,1,0
190.05006260989376,0.32561530079172724,50.46135226630565,1,0
190.17347690789754,0.5502444507927391,50.634810616379184,1,0
189.69136883329801,0.5218929274107491,51.64527931924579,1,0
190.1106709083048,0.4015104143576357,51.57763918317819,1,0
190.17860991834922,0.37398513629673014,51.068093465007365,1,0
190.17648105914515,0.4081701469511021,51.888286061371765,1,0
190.27648658875924,0.37286177203286625,50.88848359067386,1,0
190.0478535766273,0.3896421406323351,51.105231810358994,1,0
189.63613703059866,0.3409138669964692,51.83180969949363,1,0
189.99524633560415,0.45258849664395334,50.5585200752432,1,0
189.93326624841947,0.5341957110810788,51.13949212415504,1,0
190.15267809809453,0.46288663801501656,51.23432278476509,1,0
190.19283316531295,0.3252896777873567,50.731149074376766,1,0
190.01891582161844,0.48373484866190697,51.6882267806573,1,0
189.848326126269,0.4361243610686762,52.34962819371726,1,0
189.9041830207403,0.47513746086501185,51.16453063798004,1,0
190.17151463255266,0.4604007941375394,51.6187687596905,1,0
190.04891824792975,0.3852406994783675,51.37259280263337,1,0
190.03658001717727,0.5359444078303761,50.75792167845086,1,0
190.275869799255,0.42238435463892776,51.77138592349981,1,0
189.88108050503075,0.4898485418648942,52.09031051557829,1,0
189.99858376463092,0.49797360064545987,51.24921424240206,1,0
189.98831272894867,0.5054785984695404,50.70067033034837,1,0
190.01426229879777,0.37098723012156903,50.37165721206424,1,0
189.91250241503644,0.34473001722220115,50.532003804173364,1,0
190.14190251053463,0.412757316952098,51.82362783425113,1,0
190.03600219391498,0.49442918088956506,51.77385764040772,1,0
189.9411328976076,0.4525520278692556,51.13216558953659,1,0
190.24298101141622,0.47185888842952056,51.32269956480579,1,0
190.01766579896096,0.5819566959674193,51.754082487882066,1,0
190.1648584621028,0.3915842126696363,51.409144527277185,1,0
189.97093312539158,0.47170357490972636,50.740182428139555,1,0
189.98608915955614,0.3627687168714864,50.65551407395811,1,0
190.11457948102512,0.5658343609254635,52.19501831784412,1,0
190.23497517239377,0.4618421398276687,50.89890971968491,1,0
189.8268711710826,0.3581680985171467,51.67546262951881,1,0
190.03034408039028,0.38780312660955013,51.33000177702005,1,0
190.1770336298244,0.376231025308257,50.63079451250908,1,0
189.81445240838784,0.4584715869384145,50.5464870269599,1,0
190.02173959153203,0.5106033886805352,51.444717481998524,1,0
189.8257649932188,0.4777715561999346,51.61843175678004,1,0
190.10459468705304,0.42359446661225864,52.37817352441598,1,0
190.19096914452084,0.3792252518984071,51.19386957347978,1,0
190.03207775027082,0.4133963380476282,51.270251955492036,1,0
189.73671325022642,0.4631729723748343,51.34685536717394,1,0
190.14176052582636,0.4689305556392664,51.46717156183449,1,0
189.79922216400217,0.36870426000243883,51.202829332235396,1,0
190.10938280000494,0.3725190454073224,50.94369843341179,1,0
190.01007346773187,0.6182018067563678,51.95811295556533,1,0
190.1023351078992,0.4232256982799585,50.3637166122454,1,0
190.06146979882362,0.39014039183185867,51.199866158120116,1,0
189.92408457890403,0.4864238556393013,50.8437100955591,1,0
189.97626290645175,0.47702691314489615,50.75471051953105,1,0
189.70357447545393,0.4453386231941793,52.30206305988815,1,0
190.3025672991083,0.5285889101559055,51.465869088873916,1,0
189.97217413456158,0.5712329148563908,50.37798507762099,1,0
190.07208619244912,0.360823039631261,51.276707854527956,1,0
189.72663739993436,0.4669699200270235,50.564823612077205,1,0
189.73162003440072,0.42827476145316457,50.42733448289321,1,0
189.9156242170022,0.43501605521286524,51.09122437893295,1,0
190.1965245747797,0.4927202843718457,51.02906539779095,1,0
190.07523767278556,0.3475013096453646,51.47287071117657,1,0
189.94592722181147,0.4183942568475043,51.16100919468759,1,0
190.4111293800375,0.4583440658464535,51.32287584297786,1,0
189.9852182227913,0.3445230532819197,50.203344542153424,1,0
190.1620154651065,0.42819807533532156,51.62668085453458,1,0
190.06047312313487,0.43597433654133666,50.565466284281925,1,0
189.80381979634362,0.358150407871048,50.66631200948413,1,0
190.09884624819182,0.3788910011953814,51.84145925071264,1,0
190.07986867248468,0.46092345826623504,51.52181231982806,1,0
190.0452892274893,0.4328771891983432,51.49066123232746,1,0
189.93945090997246,0.41147317487354845,51.32414700829166,1,0
189.99088420039595,0.5168476751581162,50.75878694462635,1,0
189.922337211699,0.4602548591225723,50.75597649180942,1,0
189.99157712449045,0.4638725159665321,50.8188350437476,1,0
190.0699720495726,0.517224090178486,51.5720759270685,1,0
189.96023122274093,0.33671900449805453,50.29727934631391,1,0
190.23742325668672,0.46553558385869404,50.312696753622085,1,0
189.75640045036036,0.4262077669197667,51.30293194673413,1,0
190.28541271019765,0.4570673724167831,51.10808630036317,1,0
190.07172277083706,0.39695454518878115,51.52845143414392,1,0
189.9650528571445,0.5348563097857084,50.80622076158724,1,0
189.8573637409679,0.5080734820826487,51.025715614324916,1,0
190.12946640036702,0.4162286164703225,51.59338708744469,1,0
189.84057289202042,0.5245719057194635,50.61623099915199,1,0
190.00147801679083,0.5034133156984362,51.35580112141587,1,0
189.82977725581202,0.4474414474377578,51.39106745096839,1,0
189.7316626531578,0.41394871960578283,51.50696488438054,1,0
190.06638603016088,0.5243161661428468,50.91621911298141,1,0
190.12229643155155,0.39779902499876046,50.91739784358509,1,0
189.92863610488823,0.5273355472975804,50.218036793172146,1,0
189.91629464166033,0.3901921869767241,51.098329567668685,1,0
190.032122760192,0.3814342745421256,51.02645727661656,1,0
189.8327317920122,0.46808436717454177,51.157199651138505,1,0
189.95843020078019,0.515279433392686,51.74251935252446,1,0
189.79211326941726,0.47980465455366134,50.96618939320012,1,0
189.7803063365574,0.48232766545938227,51.88474391629527,1,0
189.92028671640313,0.5167343094710977,52.17766501762709,1,0
189.84199511393288,0.6036400724442961,51.16939103551821,1,0
189.94782691676662,0.5531024623092351,51.63508518187276,1,0
189.84771488424448,0.4055976524009305,50.93663958735009,1,0
189.9829845559501,0.439555438735961,51.653053584982956,1,0
190.09093752521224,0.5534793906721096,51.26608810928852,1,0
189.94422621007013,0.4495579024489176,50.98137884008918,1,0
189.79925970857636,0.45123877443189625,51.33798262633007,1,0
189.9817630938674,0.4858846511555789,50.64321212227326,1,0
190.11036094921468,0.48019879081116407,50.70206832810233,1,0
190.2230547436499,0.38081668427625454,51.24120431672741,1,0
189.70046008430987,0.5088871592679939,50.33131244293643,1,0
189.98635836836206,0.4578956418160436,51.787408898937414,1,0
189.75011468333742,0.39485192704803845,51.274006909533604,1,0
190.08628543162976,0.3707596234802554,51.00475058268199,1,0
190.0078980786752,0.4724705430608762,50.4104235518223,1,0
189.96556197585588,0.29427628285984836,50.50166102816592,1,0
190.00011297036303,0.5044200220144105,51.74831642761846,1,0
190.08488369709627,0.4477960788053824,51.58962054983713,1,0
190.248373666648,0.46645408354736645,51.66877080792123,1,0
190.22485543652814,0.5182197149387566,52.392418985622975,1,0
190.07225892283807,0.42731521590866917,51.471290849359846,1,0
189.97023648268652,0.3824597347424699,50.23045757403468,1,0
190.16734287278047,0.3987115612663371,51.59108197375099,1,0
189.99061455392635,0.3558491272918206,51.801665597234575,1,0
189.99161099252862,0.3601285345768388,51.76340176445811,1,0
189.8202288985763,0.4353404794451445,50.7593231813707,1,0
189.99123450963373,0.30868653724643935,51.947474585827486,1,0
190.1361685862166,0.5931803658739472,51.25876653053661,1,0
189.87548617016105,0.42460155802380867,51.441861476382314,1,0
189.70460016790284,0.40529283991384374,50.62102958217211,1,0
190.24397359817618,0.46742461815172187,51.5575991122757,1,0
189.849857885856,0.5076996581605534,51.43758234587593,1,0
189.79420016696787,0.4495302719530519,50.917658162602905,1,0
189.86104337929825,0.43869975578373216,51.73300156699212,1,0
189.68660655772194,0.41007373614429743,51.291999934877886,1,0
190.2028317996426,0.4664707843598645,50.68049629508913,1,0
189.79563907065648,0.4440958085922267,51.2597990238124,1,0
189.91411649551503,0.38477350067537636,50.988166568563976,1,0
189.99237049657884,0.4076478008383046,51.43519006843041,1,0
190.07973095097654,0.4272212132746405,50.87842024132329,1,0
189.88627207869996,0.4805313929355284,51.553538646559005,1,0
189.93607964104763,0.3477142442813353,51.603312586713535,1,0
189.8033591108498,0.4465246081941723,51.817534488678334,1,0
189.95272666104293,0.5444525441854473,51.308700203032316,1,0
189.9432063371067,0.38722218475306697,51.14392218274928,1,0
190.2397915796636,0.49669007456933756,51.03987576950363,1,0
189.94820547596314,0.33214940628519013,51.26472194042671,1,0
189.80668255355755,0.4418564753223838,50.1692343868259,1,0
190.00087516926163,0.4669697130771058,50.85930689296473,1,0
190.113611329731,0.39553603932257697,51.347683810145014,1,0
189.9289658879042,0.4362964516545902,51.511970661881705,1,0
189.94756463437704,0.47783869876866264,51.43846578617676,1,0
189.6751361534385,0.49838221153220447,51.236705021360265,1,0
189.99093606495597,0.5109881579760371,51.783719518821265,1,0
190.1681223387363,0.358973091970442,51.12099345701539,1,0
190.27694301024687,0.4299094500072441,51.92098802183519,1,0
189.9217832776381,0.5529861159131948,51.55223205110122,1,0
189.77982259932998,0.5099280060462038,51.36930700269017,1,0
189.92573512228748,0.4409063271212806,50.87293159688634,1,0
189.99370348900928,0.43228487750868483,51.184033705935185,1,0
189.75823317145984,0.4237604565170993,50.97795020621738,1,0
190.1596036021793,0.43954221671222293,51.616445232823295,1,0
190.06740462283048,0.5278057287621426,51.08263143694902,1,0
190.00670506215914,0.44699101738185915,51.31820341726217,1,0
189.97433768270946,0.37215289449556727,51.01762566253888,1,0
189.89498122095478,0.4044727870807056,51.81725409288706,1,0
190.1242118751984,0.41832879718235394,50.512098883939736,1,0
190.10880850688633,0.4763128408872124,50.702640726224054,1,0
190.16994036788037,0.49630702226542345,51.09648567180832,1,0
190.29556489470662,0.5551267038512154,50.90283634777961,1,0
190.08666035802872,0.4629554503226249,51.435303922998344,1,0
190.07486750715768,0.3966519289477906,50.89407865242712,1,0
189.70440022243625,0.3621115187628424,51.2327153105266,1,0
189.9305438439064,0.34827018707503327,51.317601359961024,1,0
190.11078076945208,0.4006885111396712,51.67985188080767,1,0
189.95341204796455,0.4534002247790142,50.883352811384164,1,0
189.9504649950955,0.498779897795594,51.42296800911023,1,0
189.88159826990105,0.4968939868013697,52.13894507183896,1,0
190.01453003611533,0.4663924004783818,52.03485192810541,1,0
190.1433636158525,0.3654462422521074,51.29516376110866,1,0
190.10341575825737,0.5431907683076008,50.92855004249746,1,0
190.0711819286852,0.41294084555158705,51.97559032128831,1,0
190.2845709662082,0.44481688218827115,50.76931596458573,1,0
189.90974529387947,0.3541545719413555,50.87006053572894,1,0
189.9317516067192,0.3649064548928449,51.35724125548635,1,0
189.95650556134012,0.45413142160916037,51.46379616600534,1,0
190.0967350993747,0.38111520324217424,51.16755468984614,1,0
190.06098805227904,0.4324361680963004,52.15175994625528,1,0
189.62487189645356,0.42808283263680713,50.68396680795624,1,0
189.8047184975065,0.39114983072652076,51.01536507247976,1,0
189.76170127800228,0.47566937537634796,51.20402772302519,1,0
189.83451785987384,0.4990335052404848,51.606782671328794,1,0
190.1000324522919,0.3630227860798816,50.780272198657435,1,0
190.0195401537142,0.4791681791497109,51.473663385962546,1,0
189.97480608537944,0.4751917148513537,50.99149059575485,1,0
189.88228157852402,0.42097993099560077,50.56795348501157,1,0
190.03956279990928,0.4154219807213148,51.087980307916105,1,0
190.0260370391311,0.3405867996041987,51.076366003886065,1,0
190.00875603261065,0.3594740069341167,50.87087145112221,1,0
189.9366466997805,0.46563203669874154,51.23146254232473,1,0
189.58270875954244,0.3863400224433727,51.851746556094994,1,0
190.14172684680636,0.42002450538724106,49.919090757743525,0,1
189.73175050363074,0.449891745514765,51.06520878063367,1,0
190.0214655830427,0.44044034325256903,51.033328186128934,1,0
189.86536140648454,0.49204724843898734,51.54530966166835,1,0
189.86535224779692,0.36426005835818437,50.82902953831454,1,0
189.70877663655875,0.5592175519382927,51.13997516865258,1,0
189.93830621236805,0.41384574570243315,51.4880408796049,1,0
189.80179253858023,0.4137232090566692,50.86136032519069,1,0
190.2892016874691,0.4707254315794098,51.274522980887006,1,0
190.0660067962962,0.5292760175187803,51.31694644520309,1,0
190.00011070743446,0.4328898185954845,50.76823319673716,1,0
190.15659842217582,0.5293914329841589,51.60322578574039,1,0
189.92678853701537,0.5274945614221997,51.05554770356877,1,0
189.64638961554127,0.4411799677703661,51.80991497964258,1,0
189.80913010081852,0.4132086183269779,50.85122392342544,1,0
189.920516211321,0.33805485792840806,51.663759965320494,1,0
189.7958192656206,0.37765109930752133,51.09895423585419,1,0
190.26793688015067,0.4046081691313792,50.734148891231385,1,0
190.03902514579795,0.5998365694246706,51.84490639501868,1,0
190.10233443652933,0.5119468292057936,51.341148356040996,1,0
189.87002315072823,0.5176968456210974,50.787914230823255,1,0
189.91183083085264,0.41329866474872573,51.10096281727019,1,0
189.99850852399098,0.3948803146428762,51.00641250066005,1,0
189.9636394099096,0.4213381570685564,51.074387132819275,1,0
189.9531429997175,0.5128114004458499,52.53232608927277,1,0
189.88138771310793,0.4854579424162362,50.95109559832267,1,0
190.12004900783253,0.5768543793498335,50.68236960781973,1,0
189.9775200311126,0.44357265328862305,50.904079971835294,1,0
189.97127377167143,0.5668291596613869,50.30188656254957,1,0
190.01511149526613,0.4705167993270074,50.919746168567485,1,0
189.95073052119142,0.48214649015577843,50.49432502444096,1,0
189.97981624219926,0.574639590918628,51.2936520947296,1,0
190.1346804362018,0.45405995087661816,50.74074737556668,1,0
189.94553115942836,0.42403856774722504,51.376000844626404,1,0
190.21784386824743,0.4481777731421843,51.03005754301338,1,0
189.96245874187358,0.521723643907783,50.920838961317706,1,0
190.0233577860696,0.5130852040070053,52.22319639827362,1,0
189.80904905426644,0.665199984806099,50.837380829603504,1,0
189.81587659499476,0.3955962420484586,51.69880995895591,1,0
190.07350085630242,0.3894517368476378,51.27138627074744,1,0
190.14691973878107,0.4917439246157326,50.93668677671606,1,0
190.13672009284852,0.4350251796657223,51.41854169715812,1,0
189.91481678899237,0.4961679716828791,51.332850724544755,1,0
190.15417873970534,0.42241781273288026,51.17798562814746,1,0
189.9277281424841,0.542085617205919,50.98257964893593,1,0
189.88139067396344,0.4742033223790991,51.424161774821364,1,0
189.83645906339007,0.31773924194227016,51.36369151259115,1,0
190.12724516767332,0.39488488717788356,51.523129716875424,1,0
190.0576649406559,0.5582025796217842,50.71616089255987,1,0
190.07217563537398,0.4391926810619936,50.11245108435012,1,0
190.11376126320206,0.5017521023264907,51.022095572288066,1,0
190.03398140611546,0.4916445024060044,51.630993975307,1,0
189.86591360369061,0.46124248924452504,52.38743660579626,1,0
190.12857776953823,0.4107420140799836,51.38346298539455,1,0
189.69230642620744,0.45580779449952097,51.477496125463574,1,0
189.96095798665235,0.48107737120619526,50.28685894358115,1,0
190.0603352583502,0.49484318949573164,51.00804798705259,1,0
190.2375775141998,0.5159285088794762,50.918331153993705,1,0
189.9802428147547,0.5467949204844643,52.048447250403356,1,0
189.7864880652676,0.47324433008398276,50.87369921045891,1,0
190.0691002741341,0.4313190378743651,51.73817777816131,1,0
190.09580392760074,0.46323240351450967,50.76795061118964,1,0
189.8743013087989,0.49912924368502304,51.83301985652553,1,0
190.039265250151,0.46801669760526043,50.34661576749497,1,0
190.029314045727,0.44080707399521146,51.198675117778265,1,0
189.84978121497838,0.38577312202953185,50.436387823343274,1,0
189.7146822412487,0.5073596747531242,50.444642425562094,1,0
190.06858128183526,0.5440611423735552,51.74685416134099,1,0
189.86627967620856,0.3493610594291732,51.78310901257717,1,0
189.78304004890768,0.30883901265125274,50.65237275825859,1,0
189.74372488878544,0.439852351776799,50.47203602747457,1,0
190.00748606254066,0.5646971598678356,50.52473701315689,1,0
190.2126638852701,0.4467404678173433,50.84282997259327,1,0
190.07552731817756,0.5106403134842723,50.90677359452108,1,0
189.97643074027667,0.4737965730715747,50.97243379636706,1,0
189.86355983724775,0.5798442832791384,51.52603835143452,1,0
190.12199247909973,0.5831411913696901,50.95838559951445,1,0
189.73804979305405,0.47534323151575136,51.74386149560891,1,0
190.127756346917,0.47441679637910156,51.3356556275502,1,0
190.11591701584626,0.46033489103144454,51.01515587877085,1,0
190.29843253139148,0.4400891157102242,51.30970645217178,1,0
189.77198319641545,0.47530306564857955,50.877369492891525,1,0
189.8418099114848,0.43609670140587603,51.23952142235283,1,0
189.72555003122903,0.37255791739391825,50.56840383316434,1,0
190.1030415711667,0.48144277588080936,51.65759759320138,1,0
189.91634615887884,0.47510725248377206,51.23076438967791,1,0
190.07935420294433,0.40036133589001743,50.90899878377124,1,0
190.0405770957635,0.4662562396866549,51.460254186035606,1,0
189.95466515228551,0.5220143839809794,50.6840855129171,1,0
190.02874486953172,0.4837773532950778,51.512972047225446,1,0
189.82484392673885,0.4005902557670316,51.221535039883726,1,0
190.12127004229487,0.46791736973932174,50.92842095218058,1,0
189.75587198977365,0.45694577439047956,51.80985253242307,1,0
190.02920049368655,0.4931523673119707,51.18864497511528,1,0
190.05687718593552,0.3263686301676094,50.35923954866231,1,0
189.67945227804339,0.4129535602751554,50.43465594792946,1,0
190.05814023273834,0.4643460760291869,51.458626033927445,1,0
189.99841638478046,0.4033517352477796,51.42636606905667,1,0
189.93773970460822,0.46408810522252764,51.11561199015603,1,0
189.85677807963927,0.4630508875330659,51.707966607904275,1,0
190.05709201363098,0.4087521974156414,51.6358617667273,1,0
190.05566653523752,0.3790702227150683,51.61042856093341,1,0
189.9281460742318,0.4003860862756427,51.79663048479303,1,0
190.2943243865161,0.2969995323423191,51.57699367864422,1,0
190.37830596968095,0.44941958953975014,50.631636563638004,1,0
190.09618742634174,0.5327892046430818,50.58921475119133,1,0
190.0880173931959,0.38809111559159726,51.36009763953252,1,0
189.94380805687115,0.5445162820865034,51.41937428756813,1,0
189.90117307767676,0.4442720299301761,50.96494606480799,1,0
190.00041458758693,0.5548103560812225,50.61959483811014,1,0
189.86881542280304,0.350755800095318,51.55336062128408,1,0
189.86131309178933,0.459693436186774,50.41639630693028,1,0
189.87296956751533,0.5890623383284466,51.74245156652601,1,0
190.24197185649015,0.490511573661694,51.207188113829744,1,0
189.96373477778505,0.32345744125196346,51.08561547230171,1,0
189.92753630019848,0.5160343224495058,51.782105756733,1,0
189.89235906178715,0.3565379277177341,51.2000888468583,1,0
190.302920904822,0.41691202278450934,50.612763945061076,1,0
189.76337377160178,0.3574461982125928,51.27392168187888,1,0
189.74834231449117,0.5073488691207955,50.73876546994537,1,0
190.14681595152425,0.45597858631142824,51.13897156015301,1,0
189.9794241976207,0.520464512543703,51.11034884958709,1,0
190.31310984214625,0.512124041691436,51.96561854698074,1,0
190.04386461050575,0.4423898025225088,51.636017892177186,1,0
189.82309244952717,0.5088780139616529,50.726907136175285,1,0
189.74434858874508,0.5049772365208891,51.200825846863204,1,0
189.7046366129087,0.4363848664585168,51.73254211426403,1,0
189.9735905530909,0.3784582235357971,50.28607148604933,1,0
189.96951246635467,0.432470794536481,50.99663916025724,1,0
189.94678073486756,0.5709376972016158,51.85286986288445,1,0
189.72529545743387,0.643135454089594,50.948373064278734,1,0
190.25497470217243,0.48484805952806015,50.80568267873792,1,0
189.93853247340255,0.5272868984462897,51.489599893163316,1,0
189.97383170870074,0.48115254741105407,51.270377207631135,1,0
190.1306042868086,0.49079989718004197,50.49597648155706,1,0
189.6602445873314,0.6376827572388122,51.53222611280351,1,0
189.80764005614122,0.5881723542191883,50.53682774929834,1,0
189.69518668837372,0.4142178350835396,51.14812592803174,1,0
190.00234352246318,0.4846731376724331,51.32148845045865,1,0
190.28245896762974,0.37341540083675917,51.10884855685377,1,0
190.12215019286114,0.5624902061015362,50.68698048562107,1,0
189.95282056292226,0.45723967995572146,50.203542398486434,1,0
189.98075910208345,0.36993874316578435,50.622781362879536,1,0
190.20336927048643,0.35855053004943394,50.983470718863366,1,0
190.14137572295775,0.5198033797422099,51.98440705240167,1,0
189.87804628225464,0.4705720872565469,51.556189530674665,1,0
190.35394065583733,0.36797336325090696,51.26461306984126,1,0
189.9823528552791,0.43480322303115315,51.66984714013559,1,0
189.84773501776073,0.49091359935846823,50.46866746227862,1,0
189.8368018973941,0.5038919057766587,51.306554047316986,1,0
189.82368467353652,0.4791064962898491,51.62982440685753,1,0
190.10019878572066,0.44658500505629284,50.66056482805288,1,0
190.05067061262525,0.42172095941652116,50.75463019807483,1,0
190.05099984966196,0.43118871455525587,50.837856726422814,1,0
189.96805595553747,0.5222018012156221,51.394111454998125,1,0
189.9551197469572,0.5248569857673617,50.91710213898899,1,0
190.17720411129855,0.5093874998444099,51.02505222099264,1,0
189.83487124372348,0.5267146748685485,51.568997696723876,1,0
189.92310551558748,0.45746632524126946,51.659922851475635,1,0
190.08383165537145,0.5904988167040048,50.65057602903238,1,0
190.35436301278287,0.502685071428566,51.41059259797042,1,0
190.07320825640903,0.38331715184362186,51.31637995365853,1,0
189.76290426445914,0.5206600448285205,52.29388060520655,1,0
190.24442905123112,0.514246907039185,50.972787284118496,1,0
190.2941138528315,0.45703165481554997,51.053214354093214,1,0
190.01300931173276,0.5720437249616698,51.55898264161228,1,0
190.22192492496262,0.365717077044749,51.78082371748755,1,0
190.018843228211,0.30998896767066975,51.20848870200043,1,0
189.92493409706526,0.4767552728594374,51.677724092880595,1,0
190.2677079367649,0.4926560451356825,51.01961681119217,1,0
190.0520479908384,0.45614755624572473,50.402582388911235,1,0
190.02255297525838,0.47914337503485155,51.02355568066779,1,0
190.0491413228909,0.42943827090563963,51.22315691892307,1,0
190.02062542908055,0.40867385798886025,51.22836146267519,1,0
189.9843728607669,0.48495078342798603,50.93312154287738,1,0
189.79491200573693,0.6082023692568188,51.81997326932578,1,0
189.91750785156685,0.6058391287853568,50.13838097382556,1,0
189.9025454999473,0.5298882077076863,51.678703939907095,1,0
190.17530806039255,0.5253916286575747,51.68546129115052,1,0
189.9459936462256,0.4637670200630476,51.1820250902692,1,0
189.87415246008985,0.4165650858462877,51.98795334777838,1,0
189.93130428408946,0.5264038597123267,50.66215702041384,1,0
189.67554967849506,0.6409534763124811,50.625761178113486,1,0
190.01536910758713,0.49699497471864923,50.52992231635283,1,0
189.98606039460404,0.4557808274688527,50.40315305644926,1,0
190.08270970303442,0.4087359632154415,50.578547763468734,1,0
189.86599219646502,0.4215323036572917,51.438237273058014,1,0
190.14805912118717,0.5024014964157159,50.96569751273263,1,0
190.12862308475505,0.6085004074693703,51.6324388297269,1,0
190.09893413410322,0.48489140099720757,51.13347299574152,1,0
189.88023181760596,0.528131865892286,51.68193996771971,1,0
189.95705822456483,0.45137110743188646,50.94614445328213,1,0
190.11484715013987,0.5738419150733316,51.103966958398594,1,0
190.0101142607159,0.5882382231784391,51.756058536834,1,0
190.11899503765923,0.49413538716266825,51.88968048656612,1,0
190.21983452354576,0.38524369213581816,51.93936424425149,1,0
189.93039424953324,0.3955298887985394,52.011905774604,1,0
189.6480290948207,0.4138503394377624,52.503139315234215,1,0
189.7129012425544,0.5456836152322121,51.24146981045279,1,0
190.03774221456544,0.4311068975781237,50.793690439727634,1,0
189.86561717632955,0.3755734076629846,50.89063989519956,1,0
190.10450053539353,0.4640304979525722,51.664408098650576,1,0
190.12808100555375,0.47215129762210756,51.6511481784678,1,0
189.81924336814672,0.4840107748845143,51.36621569045346,1,0
190.16163883702524,0.4920473730028919,51.54139428440567,1,0
189.95672590893685,0.3050719881963256,50.9043435626159,1,0
189.9523971971315,0.45496541799603263,50.88749757183423,1,0
190.00790917036153,0.490995810616577,51.30609075485508,1,0
190.29302412506718,0.5802233230276249,50.63998296293003,1,0
190.00583170507133,0.5423178734857137,50.99575717335851,1,0
189.93174688247694,0.4580109133894616,52.107444663919686,1,0
189.81133697320706,0.46567989035931096,51.776354059212814,1,0
189.83739409576737,0.44842210023698537,50.72823734553205,1,0
189.9571731291546,0.5321009126426863,51.027190296390465,1,0
190.17352933769138,0.3733299922933953,51.56371059532538,1,0
189.8860328841637,0.43486682751174993,52.005781448363564,1,0
189.91073606550708,0.4676131552521019,50.885019147415996,1,0
189.93383934010583,0.38796955222420026,52.049936845823645,1,0
189.91986157276438,0.3824670778768237,50.641666736079515,1,0
190.0030250551879,0.40693533745244315,51.46170004096737,1,0
189.85647949512867,0.4474307752055995,51.703981061853014,1,0
189.99283103805521,0.49336314093103095,51.479102278245165,1,0
189.97749468179975,0.3745677902888794,51.61618885004096,1,0
190.12659863922474,0.49668883003994924,50.78606822192997,1,0
190.15847148944408,0.46065517848406234,51.299968237288375,1,0
190.17921689656927,0.4526646731054817,50.40776270633552,1,0
189.94979370272074,0.35867435313908663,52.131182208823795,1,0
190.2398689874548,0.3970570439973555,51.11640825611398,1,0
190.3480873194277,0.4584397976214965,52.01935426250266,1,0
190.0887328487761,0.5307890294641364,50.71973258610155,1,0
190.05828488906903,0.4755984063729609,50.69751511620908,1,0
190.00241901907938,0.6075641946166832,51.2209955557971,1,0
189.97087186804802,0.3879705011647923,50.482274063513444,1,0
190.0219811419629,0.5137966569307014,51.453692314184536,1,0
190.32545205661833,0.4625861293746644,51.326199599700445,1,0
190.1586927446026,0.5944349022778633,50.59010347420091,1,0
189.88947448963773,0.6026250383847119,51.35799376902929,1,0
189.9746885820967,0.3700157277764095,50.85530632802342,1,0
190.115817584603,0.4727407897631689,50.91777615538023,1,0
190.20512087308853,0.5745789748252067,51.11466147534177,1,0
189.85823698323432,0.3754643341821881,50.618166639040595,1,0
190.0026373020693,0.5683222059560931,50.88675237757232,1,0
190.12244295099114,0.47022021030334127,51.412655968949686,1,0
190.05461853286397,0.3323606290709614,50.843687748617086,1,0
190.03016980621115,0.3470790909697548,51.56007925391844,1,0
189.95917305494882,0.5158577046967942,52.27201512872139,1,0
190.09916335054191,0.5134369510305512,50.47649111863019,1,0
190.093301586701,0.48561807228427184,51.31456070310885,1,0
189.69329981786137,0.3932945791705738,51.539140300558614,1,0
190.01682315428775,0.36194918109296964,50.61499623711586,1,0
190.09706211984525,0.3815855007980135,51.00659294695494,1,0
190.21979907627662,0.5035600149184509,50.752044578320174,1,0
189.87379871704286,0.577616375756583,50.677602174761205,1,0
189.9980135291973,0.5708835674214211,51.67692989512091,1,0
189.84569526456653,0.3669231957230515,51.649803968166665,1,0
190.04881314181736,0.3586157611102496,51.19750414709303,1,0
190.2247025728486,0.37826128388401997,50.8759335597015,1,0
190.18014447430477,0.5197619658375374,51.29095828865769,1,0
190.0414593427086,0.5910377635474611,51.627361824831816,1,0
190.0043465105405,0.46950193587076855,50.639801853827564,1,0
189.9380756019643,0.5090706732912964,51.11295498789123,1,0
189.78312738774298,0.45426444500113045,50.47909428449054,1,0
190.1149896699485,0.4938742787738415,51.58553047189344,1,0
189.8436347294273,0.48997946639324097,50.37533521657926,1,0
190.03417272176276,0.4105798423519557,51.73929374573224,1,0
189.9405865695629,0.4260811547310245,51.70360725057108,1,0
189.87138483251024,0.5432078617319003,50.705227301651846,1,0
189.6739002897998,0.29908477011076695,51.05560705879501,1,0
189.92115672116552,0.5126337833256125,51.538541673744064,1,0
189.98034592506795,0.4592494823580339,50.89060130948095,1,0
189.99574166961938,0.4503795820119555,50.90310471505831,1,0
190.18803331527045,0.5033141337121316,51.116740874933974,1,0
190.13956741729174,0.4118126466599261,50.91229073248416,1,0
189.82016751211557,0.36838652311890474,51.13675163194016,1,0
190.27332917261216,0.3997515622264282,50.30982091972037,1,0
190.07767247678112,0.3845582066093214,51.33563324521979,1,0
189.8879235257261,0.39111024663014415,51.3776783236594,1,0
189.81253860783846,0.4109854877022629,50.958170690555725,1,0
190.0145556413339,0.4637678980454606,51.38605909795745,1,0
189.9258631968036,0.5122570753855656,50.51372102146758,1,0
190.0288366037341,0.5664399595281717,51.5372615162345,1,0
189.82193203298263,0.43843146436592595,51.43526236082086,1,0
189.9372825514164,0.5089618942403947,50.88305388353505,1,0
190.12469271031617,0.4994448471861211,51.40905315587785,1,0
189.9447863032509,0.4708383933804168,51.60463758634329,1,0
190.04408562485057,0.4946773537717384,51.85561702534616,1,0
190.21909389611312,0.606690305692502,51.451634683196154,1,0
190.1184362262461,0.48714567062115005,50.390523867828904,1,0
189.87920294218327,0.45542730763676276,51.64730282936871,1,0
190.01977896663038,0.4472824797128017,50.907784604442675,1,0
190.17047725449422,0.39691413426616656,51.34186877462852,1,0
190.0774349452688,0.4993471979219132,50.96896803988337,1,0
189.82557849177084,0.4305650560226051,51.20001636096454,1,0
190.0405606964533,0.4622141215587287,50.934664837043115,1,0
189.88589125571005,0.4971599563214492,51.37793641333722,1,0
189.77814279496192,0.4541794909172736,50.75926524029021,1,0
190.12373698693514,0.4361217612981313,51.297856250515686,1,0
189.99975203730722,0.4309764412015004,50.44765821732271,1,0
190.1323703590068,0.5127300975109971,50.816723255225845,1,0
190.06276642980274,0.3144796465439749,51.52228270194751,1,0
190.06279221852498,0.48340263410944406,50.585112741388585,1,0
189.68622277580243,0.40473974334442053,50.36535271234559,1,0
190.05432207117724,0.5113134814924344,51.403885482123115,1,0
189.97304874942,0.5025845406866273,51.320706131552036,1,0
189.97425666822969,0.48617053783790803,51.014731891325795,1,0
190.0698367182497,0.609121814814977,50.49957104318243,1,0
189.8825297440493,0.3170677321810236,51.30451725645709,1,0
189.90875416408707,0.46100508583407346,50.089903200134074,1,0
189.8781717612943,0.43883014545086285,51.71151981932355,1,0
189.70642092579254,0.47080398150133534,51.647820769365964,1,0
189.85934062233926,0.411398138069851,51.49085630317215,1,0
190.25125662318166,0.4693968716706384,50.59063491294374,1,0
190.02316022336865,0.5065333726672222,51.59515657844433,1,0
190.06548386563958,0.41697091751403154,50.324451291454224,1,0
190.0106875357258,0.2682759125698716,51.19027416472842,1,0
189.8912790192871,0.34971063990202794,51.64449349903352,1,0
189.81999399740664,0.42170243389965234,50.992180113326086,1,0
190.23704450363365,0.3758334134605614,51.98089544622442,1,0
189.924614137513,0.5039213212613611,50.776582699175854,1,0
189.91116938362836,0.46321595822822076,51.26850760102612,1,0
189.95751833612204,0.5644162246084435,51.31900951221274,1,0
189.69650241632485,0.4779590937552302,51.22586606673123,1,0
190.04339855238987,0.4972756729249724,50.180290049111164,1,0
190.2303160800964,0.4305221064796214,50.598320991681916,1,0
190.15160106197365,0.4969503070713283,51.781043565521294,1,0
189.72591057694478,0.515809308900484,51.48541538509826,1,0
190.2352591026543,0.4591617453915027,50.808914101978544,1,0
190.22503435041946,0.5325226405354312,51.22167983904464,1,0
189.90327258818976,0.5649490677437475,50.838133336083935,1,0
189.91944700025635,0.4066629134873066,51.16314684401798,1,0
190.00601216993476,0.4497997914777983,51.189317887793266,1,0
190.0952816189678,0.4736046238970699,50.677842501932176,1,0
189.6997983440349,0.4027288075114805,51.48580662561311,1,0
190.03834335698593,0.4928111461610569,50.92697793871922,1,0
190.12216615157047,0.317237634989797,51.23563944205691,1,0
190.2438498632462,0.3888727001865809,50.35387406503403,1,0
189.9755078343986,0.4850711347827248,51.63171146785862,1,0
189.93548058647124,0.4511049709409979,50.68640658454683,1,0
189.94899523075802,0.49490069586016705,50.934923264691555,1,0
189.71605317398593,0.4124797534925817,51.46236044458351,1,0
189.97147692214014,0.451781554468564,51.25245167341932,1,0
189.8830610373582,0.3403710172820581,51.535551707763744,1,0
189.5209317114478,0.38315631155591406,51.27645464030282,1,0
190.13139837758396,0.4468990414617962,50.90579356376882,1,0
190.20740701062982,0.4467953551409323,51.99461821679003,1,0
189.94038868843407,0.5822255236926144,51.24275214450928,1,0
189.9204281938898,0.6306916421489648,51.26316656079204,1,0
190.0517335347181,0.5682460366502246,51.22666662446752,1,0
189.80286601608466,0.49872612798945126,50.744114105380916,1,0
189.94413416993083,0.38515398161220993,51.60442116642756,1,0
189.82603202875063,0.4975621579580284,51.12480492668319,1,0
189.90174739411623,0.5074726331820069,51.190747918705135,1,0
189.7199737811247,0.48483424945082315,51.05918891454498,1,0
190.14596715768585,0.5851774800099341,51.865699636311525,1,0
189.82133745150085,0.37065489652024497,51.91570957487526,1,0
190.04158750233313,0.4463877246082958,52.63824068162213,1,0
189.80143020261218,0.5778700159851122,51.609968579701075,1,0
189.95344393851994,0.4357452661150006,50.51412870623463,1,0
189.92674388173884,0.4282568780287549,50.935160912754256,1,0
190.385394847889,0.4526064440626121,51.75806071087007,1,0
189.66031266829756,0.5480479780445792,51.22740627044446,1,0
190.1031784925548,0.35334551648601253,51.52287722605946,1,0
190.07303148080513,0.464957673792022,51.84639949481685,1,0
189.70332343917622,0.3881773969183823,51.229331764005146,1,0
190.09751604492723,0.4466705218918979,50.64480196909414,1,0
189.76557161930026,0.5043518089713926,51.2840334326961,1,0
190.29084096185602,0.4864476393088842,51.669803772467226,1,0
190.0842534446637,0.39402561170469763,51.32286430024317,1,0
189.80239029641356,0.4431473124041145,50.73604604639828,1,0
189.95132406296477,0.49694361737852716,51.2727210902481,1,0
189.94159256050705,0.4388332690764076,51.13559349269883,1,0
190.05373147065134,0.3778154899198482,51.1329542967581,1,0
189.9552094474722,0.4317393340237367,51.58482916012283,1,0
189.9531658801182,0.4196720699172403,51.60534105586076,1,0
189.69014659970995,0.5475413694857161,50.74247497339604,1,0
190.07922217836727,0.4529237032737772,50.940373352961686,1,0
190.258640353063,0.4892328013592407,50.902630619820016,1,0
189.94499056792554,0.35997328546992957,51.64142611429942,1,0
190.11002318079966,0.41825197194721153,51.20069777405452,1,0
189.8878198461278,0.5289741236967477,51.61005157370843,1,0
190.2353886411837,0.4212168913365951,51.77102407301927,1,0
190.15279568947653,0.37475197860665566,50.735511814004575,1,0
190.20569452176258,0.3077114274714829,51.52266617234925,1,0
189.8964701239954,0.3791549710378084,51.41850099705028,1,0
189.8426733468565,0.5065852145815136,51.19052508038604,1,0
190.22019553575026,0.39625395737771024,50.62326988319552,1,0
190.2443814357963,0.5440832360114756,51.71821343859181,1,0
190.23515990560546,0.48546841836804616,51.0022279319114,1,0
189.94315818450175,0.43670301074159584,51.31880310078992,1,0
190.21201338089503,0.47005006186907905,51.23456395833272,1,0
189.9606583414387,0.4736984196072561,50.51622516015293,1,0
190.27906324052228,0.3066789234999419,51.18821153377737,1,0
190.2461348156163,0.3948263384989039,51.45396001910355,1,0
190.07876412994287,0.3599719023949306,50.52048775018721,1,0
189.95316675020305,0.4400660968855223,51.19914157576112,1,0
190.05324336867668,0.5325294371567935,50.8625707155637,1,0
190.23283012757517,0.4784192627811699,51.20558871079024,1,0
189.93585598164583,0.5904760972265323,52.07646800691495,1,0
190.13204479165432,0.5041303295880741,51.31151637464368,1,0
189.95222685969583,0.23378354383020425,51.13678604052437,1,0
190.12036994225187,0.4978255099299543,51.472286632764416,1,0
190.09928445857545,0.5798552906865462,51.42995506293952,1,0
190.19363670448269,0.441810788252814,51.51008306409402,1,0
190.27644973288227,0.3584526746559995,51.05431145542045,1,0
189.8859525171121,0.4646241885591948,51.520730114894576,1,0
189.99325828853847,0.4800878478910325,50.235744009623254,1,0
189.94195574074277,0.4388789273282576,50.420013927617,1,0
189.9062843151532,0.47725168520122685,51.07766229090757,1,0
190.17206081964088,0.5248748375409492,51.9405495955423,1,0
189.97770346574615,0.5150804264807821,50.60630521313199,1,0
190.00080551424253,0.4333824846289103,51.377032910079116,1,0
189.87920213908225,0.4907658175512669,50.77058277450809,1,0
189.94309199849135,0.5028570771378857,51.624140954223925,1,0
189.96880479594682,0.43787579918232655,50.962350138873646,1,0
190.06730148794514,0.4576450667990885,50.79596831738336,1,0
190.04196099548957,0.422981744761536,51.3027506178126,1,0
190.1971855469749,0.48564484314125506,51.12759407368087,1,0
189.9368231409804,0.4645871008147224,51.14594297394352,1,0
189.99654007385118,0.4086397867231031,50.41772888885814,1,0
190.21788271612778,0.4987002834200395,51.493537035752745,1,0
190.057816846884,0.5101664968331151,50.91666156683934,1,0
190.11775804993576,0.5293029548251336,51.97203531937894,1,0
190.08714215302598,0.46893215074118483,50.329737589357116,1,0
190.03099966047094,0.43340093595510454,51.87776779062925,1,0
190.06958735274557,0.5328491852648112,51.591476457402194,1,0
190.03969061526826,0.46135065168917627,51.20060026105144,1,0
190.0554016022979,0.5700299627637297,50.83678207316251,1,0
189.9980545941572,0.4336583316001047,51.42497218619883,1,0
189.80448588742084,0.39313640973210146,51.24812456981543,1,0
190.0475624301285,0.4228595615958576,50.91818253844787,1,0
189.92284917195505,0.537840411095319,51.07555554870358,1,0
189.93759248416512,0.533770230039401,51.512385226902204,1,0
189.97283776438405,0.364383222464259,51.85438361631311,1,0
189.8574306181306,0.4192405435967166,51.46335059474141,1,0
189.77252473277545,0.39665091009905706,51.20285650421967,1,0
190.03849959376748,0.4375377967853482,50.70536483406271,1,0
189.7327758384791,0.42422978421263763,51.31277047820126,1,0
189.90315416767245,0.33452182536579333,50.78939820457623,1,0
190.20937730721482,0.5299691591586606,50.706096175940324,1,0
189.89584095752613,0.5198598284672399,50.266060182646086,1,0
190.15706743560835,0.49585909810844664,50.25289807452729,1,0
190.20436979370044,0.4842154822367336,51.39642171402289,1,0
190.28053398628225,0.3865939418017363,50.448802871449004,1,0
189.89586405260644,0.356086474535827,51.20331141122815,1,0
189.95651150231035,0.5967309394973684,50.859616385227,1,0
189.981138790834,0.3466066021066525,51.43095499622959,1,0
190.15326285274514,0.442014441112845,51.74234552947856,1,0
190.05211483816558,0.42864349901751647,50.919302676009984,1,0
189.86015768212198,0.3941598714026373,51.389291467443485,1,0
190.05572150110325,0.4929266906435553,51.515764317064615,1,0
189.87979632213023,0.4486867159700039,51.61375644933124,1,0
189.91569776597598,0.4245570292757373,51.18514804124614,1,0
190.08662301506578,0.5446776517352859,51.448562721476335,1,0
189.87248916598486,0.47472840896574464,51.71975886033299,1,0
189.84748629823304,0.4577042417326763,51.5245935194353,1,0
189.75876003257864,0.44174244582235395,50.98689789375915,1,0
190.0880159526137,0.4207414676305318,51.292885963315335,1,0
189.86025457368,0.4473507187463807,51.564143575814526,1,0
189.96980465155127,0.46160569982835004,50.44071989442968,1,0
189.91355026808006,0.3824301383356436,51.752146531060625,1,0
190.19775458565675,0.35998298639956233,50.64743180939797,1,0
189.8044115549722,0.44680685744455323,52.04207530744834,1,0
190.07018272588016,0.5142766488294057,51.901343668454345,1,0
190.16305807972725,0.4693130758591378,51.130828445211705,1,0
189.94425680713908,0.3591349773407002,50.981781890407724,1,0
189.91640113943402,0.5151778593799877,51.88158118275092,1,0
189.91459181548242,0.5071637636081026,51.830682642647936,1,0
190.1402518202421,0.5038140294704756,50.80513097288115,1,0
189.866015238508,0.4231009110725089,51.44448962560513,1,0
190.36325287691014,0.4381775599017749,50.868583838019084,1,0
189.7951435061552,0.33595518389494194,50.49440186625767,1,0
189.82415192065793,0.4388277179566968,51.847520186160715,1,0
190.03552527451728,0.5908106030952103,50.47284170999287,1,0
190.00939003226654,0.404114350460368,51.87457947215018,1,0
190.27943109955226,0.43930519997180706,50.97890683067624,1,0
190.0718750393619,0.5257943636475266,51.17571454473017,1,0
189.95548342959026,0.5694020805781388,50.18940425051128,1,0
190.13106745907518,0.43187833949102844,51.68265803144344,1,0
189.99956220386295,0.4725942149967086,51.84616888485594,1,0
189.81106251478028,0.5463887905930238,51.07748010177199,1,0
190.01499438833508,0.5156457069985406,50.75889794232517,1,0
190.15695086321074,0.4842818127460966,50.34749883847905,1,0
189.8822197613205,0.42198172217641805,51.3987731470594,1,0
190.2693141235625,0.43838925552510977,51.618728794416775,1,0
190.08712317543257,0.4020509573279423,51.20080495821774,1,0
189.94836389258018,0.5020504168752234,50.4687390061157,1,0
189.93683066990596,0.5116373563053392,51.05611940265082,1,0
189.85158091591626,0.5455076531541299,51.2366404758837,1,0
189.79192962066048,0.34446250591090855,51.70386372675734,1,0
190.1025109897479,0.5370529551447768,51.20014255206118,1,0
189.87348153050118,0.34641563382024365,51.41444559112243,1,0
190.08951679693348,0.5214820351541022,50.63646129095855,1,0
190.1912841761989,0.49021688661654333,51.00689766061562,1,0
190.15531532293429,0.5039710462794057,51.01490919785031,1,0
189.71143659684932,0.4109231241164456,51.348489450882724,1,0
189.73898648387205,0.522330109166958,50.776601385324206,1,0
189.94420169660756,0.3178712262400446,51.5306995950843,1,0
189.67801793339513,0.4408858416058933,52.00450297935237,1,0
189.99035196990906,0.3686757035587872,51.499856471362094,1,0
189.95872693454945,0.5594740057662954,50.910982699136746,1,0
190.09889835706613,0.36056802694289275,50.91853846103194,1,0
189.72084673421088,0.338102506267156,51.25079173150093,1,0
189.9412932766975,0.3732574225146273,51.73870888120655,1,0
189.96735532676428,0.609278309836713,50.87500437653489,1,0
189.90252415150377,0.39689103780071705,51.633235921696034,1,0
190.1976261497057,0.43232217873298057,51.34816370524072,1,0
189.92428588820428,0.4549051712515031,51.88341772748849,1,0
189.99631952181065,0.4359728612679469,51.102389164936696,1,0
189.85908969877235,0.4888309307948885,51.390364498908426,1,0
189.80305683736208,0.4281623290302425,51.459041631908285,1,0
190.0430367546809,0.44472448471549864,51.69319823553313,1,0
190.03137430478054,0.413866413322187,50.97915956020037,1,0
190.12219451195796,0.4932065372025658,50.36544843334185,1,0
190.1776456496946,0.41810999475689176,51.559976892778465,1,0
190.22529715411767,0.5217085882015661,50.23573156143608,1,0
190.0533784670167,0.42808270106297613,50.93654545634934,1,0
189.99924984368016,0.5028329602827469,51.44172536747924,1,0
190.06899807272143,0.48072827104405075,50.299723554970505,1,0
190.22811951395292,0.5584542554155596,51.392489767303516,1,0
189.8119207335452,0.4169748137489377,51.5732423841286,1,0
189.58166375161446,0.2770515326352926,50.580922439900505,1,0
189.82900074607332,0.5245850996898922,51.82553445845468,1,0
190.18187238046718,0.49158063340886987,52.06962153626273,1,0
189.91914106335798,0.4797417747613756,51.226930783669765,1,0
190.03091760244757,0.40287936580692113,50.56227154684773,1,0
190.20945010186858,0.5229112691140175,49.89312183837562,0,1
189.8564635750692,0.3791406354241624,51.3580567830454,1,0
190.04899599893383,0.41875948550229747,51.01205492555155,1,0
189.99341451511324,0.5180892448088541,51.41877975979429,1,0
189.79726877696461,0.46791305729835003,51.40837626160986,1,0
190.1667706600887,0.5670733817946128,51.368401969137444,1,0
190.07207993557228,0.4262793426366502,51.75601335047658,1,0
190.30510570513366,0.35365867531365147,50.89487279443034,1,0
190.0014641019596,0.42502059608558723,50.74574746223958,1,0
190.0344649094063,0.3597466594424448,51.37510339652906,1,0
189.8973071198166,0.5277382744287026,51.336589608520576,1,0
189.94007545412808,0.5571724396374573,51.907049199077576,1,0
190.02621663579046,0.45152518751542775,51.82152844748819,1,0
190.03602843282843,0.3906725079345764,51.238043005491825,1,0
189.87347240544318,0.48080131331672854,51.25104498918283,1,0
190.25781476620963,0.5039668552342673,51.13297696021553,1,0
189.8703023098253,0.4019381029184771,51.33355180651372,1,0
190.24472154071472,0.4622507413558652,51.56826420868605,1,0
189.95513506234278,0.4567755490098126,51.05641430871232,1,0
190.039173562275,0.44426350316478663,50.7135354912534,1,0
189.65601497868178,0.47453957608869657,51.07006132472442,1,0
190.14281701807508,0.38333214323491355,52.09579942203952,1,0
189.88951555305465,0.47265612819931774,51.499162915725236,1,0
189.90218748814308,0.5040920839785733,50.61293380730354,1,0
190.08910643381535,0.398605707711604,52.09280287669251,1,0
190.2553652591856,0.25407701716826525,50.54551519904242,1,0
189.90364519634798,0.5759131403501696,50.34200941971294,1,0
189.55377175940663,0.41659702304608354,50.40116285014275,1,0
190.11116928297582,0.3525038539513689,51.2250292907972,1,0
189.8335736220773,0.40063067773736977,51.30983859360783,1,0
189.75177803023288,0.4974107499250877,50.4133150563233,1,0
190.0634260083018,0.5253514560064535,50.35770831447233,1,0
190.00719986164717,0.378437675270935,51.184689519684156,1,0
190.19704441724582,0.3965835370368066,51.39592124151714,1,0
190.02375866239595,0.38312889106648373,50.521690961917606,1,0
190.06533310701005,0.3737966085777831,51.36925671976226,1,0
189.9270028407527,0.4183951350579884,51.418902064471766,1,0
190.00318248112524,0.4147567127577644,51.09106822068056,1,0
190.07603989653137,0.48727327876333915,50.75811297944081,1,0
189.86896913823455,0.4653426299503089,51.80434461550596,1,0
189.96269036142706,0.4022769467741151,50.629587033117915,1,0
190.07362103366683,0.43518904755400234,50.20638440806004,1,0
190.11536427430678,0.4521401286880763,50.45699613382563,1,0
189.92377224578652,0.4383025507998686,50.39084751706738,1,0
190.13203223003816,0.33322456872521505,50.65232148163135,1,0
189.9680507557497,0.4895304312203366,51.2749865168677,1,0
190.00713078065505,0.4551445927447115,50.99559627080391,1,0
190.02599489272956,0.3360609410865591,50.969684243933195,1,0
190.1431668187643,0.4018089698160594,51.175858268425145,1,0
190.00040185185466,0.40652283106320375,51.44974080535433,1,0
190.07139210238935,0.42768262825350284,51.048439120919724,1,0
189.8555159211609,0.3467127985314788,51.04880176381026,1,0
190.02996685089067,0.4496549664935871,50.8706390871886,1,0
190.14505874802293,0.5171614482750909,50.972227407803274,1,0
190.13237451900537,0.36270163826252966,50.63132149252993,1,0
190.2293624166676,0.38060531226256744,50.9643439541367,1,0
189.7498040668856,0.4289920544413689,52.5742947740018,1,0
189.87938938958308,0.4607958005647456,52.20202874711594,1,0
190.1309773320662,0.3713558203282525,50.97475723359844,1,0
190.1933835960568,0.41810402911247485,51.03435381080214,1,0
190.29059472117092,0.47570914403740455,51.33999535425661,1,0
190.04502104805084,0.5604637832582806,51.37175049757975,1,0
189.75233562744555,0.46752820307404236,49.83155028329299,0,1
189.86003151973566,0.2773826173800788,50.99381580588466,1,0
190.22190862766834,0.40459425596163046,51.416981282730994,1,0
189.96009510586035,0.3559022028396952,52.446969006570995,1,0
189.89013121075416,0.6012951499434,50.02377732002313,1,0
189.87902359325406,0.34993670232759344,51.30983789641129,1,0
189.85713474511033,0.4984061993577191,51.55624351962927,1,0
189.93369767502233,0.5833058361464791,51.804236670239476,1,0
189.8432981466832,0.506160706242667,51.55145454083585,1,0
189.87138018756508,0.4264161592372895,51.69454499634331,1,0
189.90148804449905,0.4348238534238187,51.02988567220236,1,0
189.98663015472496,0.41279106612845107,50.89033789288783,1,0
189.71949521487932,0.290592590801189,50.72628320252393,1,0
189.93589146891898,0.42177054346314075,52.029659248467254,1,0
190.33127197126282,0.4638314991281945,51.34058942643292,1,0
190.070513053455,0.45711070793052083,50.8567508321923,1,0
190.0312117518683,0.5492673123890357,50.68247737955065,1,0
189.87035204808805,0.39094913888184263,50.81976663821253,1,0
189.90254247364211,0.4064025069261976,50.99261452227963,1,0
189.7563909891902,0.5329622386593802,51.33024770382688,1,0
189.9420601190487,0.3560674169561577,50.2554670792976,1,0
189.79006996562464,0.4480202854934855,51.30858559589365,1,0
189.93542258945246,0.4314339280440709,51.40678329297142,1,0
190.06549645396376,0.3866213503607457,51.38902873038671,1,0
189.95021658610878,0.45228489729611976,51.4613689474576,1,0
189.91386505103634,0.4693557626582056,50.61822304484254,1,0
189.93933894371443,0.49064634656559625,50.4160673082585,1,0
189.93093528082204,0.41061764682114826,51.045622540267075,1,0
189.88693099042482,0.4494165455523025,50.67238437697646,1,0
190.00761585301956,0.5105301005386975,51.55796132573309,1,0
189.9575257131368,0.41183350163131077,51.74468865092427,1,0
189.9408914094488,0.3797530572352778,51.60545960324996,1,0
190.05427215384432,0.5117844746453881,50.24979434938039,1,0
189.93272464977838,0.35570027039418617,51.35216853980243,1,0
189.77592977794416,0.4461509107661466,50.30952192968317,1,0
189.83280919034482,0.5073807977060645,51.68584748248959,1,0
189.66464052869145,0.4315636589039882,51.63344885311835,1,0
189.93614651317444,0.3605957823521742,50.98586947382125,1,0
190.38680548063587,0.5416982620452714,51.1675673710815,1,0
190.108688063077,0.5374289303077727,52.60910978587029,1,0
190.1244376989109,0.4739666791983655,51.207403135833864,1,0
190.37225208218095,0.2931468816851773,51.691686629619106,1,0
190.04292120434104,0.4348733975007878,51.30129524222646,1,0
190.13083205093312,0.4071217915013032,49.94303115217746,0,1
190.05230321069092,0.5001310294002629,51.18266496708849,1,0
189.9374012024548,0.543291897797481,51.511652341065165,1,0
190.11480914428185,0.5407689332575176,50.56848730867555,1,0
190.00095191714982,0.45476309255118275,50.92903294572962,1,0
190.16878517534752,0.36655437372324695,51.03676125593942,1,0
189.83387714297817,0.5105802435420402,51.33392541537985,1,0
189.9076074859808,0.4764462600927745,52.04076791135791,1,0
189.70688781119497,0.46804981081586106,50.664639584720106,1,0
190.14964595990133,0.4532496100445822,51.19509274007444,1,0
190.0855158125543,0.6199290289119634,51.74158829522593,1,0
189.89437518501487,0.32882985618646515,51.261018459279754,1,0
189.90599083654206,0.40457942777783207,50.81077309133365,1,0
190.04218568950637,0.26164884123558585,51.03820220565527,1,0
189.84760316754307,0.4340725341835522,51.23703455865137,1,0
190.1369072897202,0.4701221039811897,50.080031087787305,1,0
190.23345592182523,0.4246565402767691,51.8629793124358,1,0
190.03941940321388,0.46437836153875195,51.74236212180428,1,0
189.92810637233612,0.46605386667332477,51.106573817291064,1,0
190.17089832144447,0.4050401218601767,51.25516894540456,1,0
190.03278692152784,0.4007061273099819,51.21488621852492,1,0
189.69471345138302,0.5350476544767687,50.798480894979164,1,0
189.86222553333943,0.4266207890623439,51.903459542098936,1,0
190.11943631654427,0.31721135047173105,50.944711866091204,1,0
189.89278185684833,0.4961377913060176,50.757204273094175,1,0
189.8844886356936,0.490051148828971,50.612785099744066,1,0
190.02249290527604,0.340069463068815,51.626678195202025,1,0
189.6700771500162,0.5672945050826639,51.22117914081531,1,0
190.08528006395662,0.4543271886383673,50.96514748990894,1,0
189.77835979895787,0.3626343435106032,51.12703514682082,1,0
189.80607411140033,0.32941897913197943,50.578177665748065,1,0
190.0501942003704,0.5271283170710231,51.12389373919649,1,0
190.11812982467518,0.5317651091403861,51.27230030155416,1,0
189.92253751022227,0.3237792069126021,51.01545389724354,1,0
189.77058370743697,0.3221799774989848,51.27095424152952,1,0
189.83760447276345,0.5656521522180432,50.767751575371165,1,0
189.89565813731843,0.5437974032173672,50.500618716964084,1,0
189.8911447243108,0.5679067120539318,50.85942253546609,1,0
189.83911565468705,0.4688737960403,50.662118115431234,1,0
190.09287258717765,0.3597681672245496,52.09239589925609,1,0
189.92336143422844,0.4971513932806051,51.388597782848976,1,0
189.97092193317704,0.434962684429362,51.08699411656038,1,0
190.1263399777001,0.48700421839483965,51.291045003463196,1,0
189.81920906908704,0.4383875655778169,51.704863675738146,1,0
189.7553147335027,0.6276661845836189,50.97218046764085,1,0
190.43867532003196,0.340031163553149,50.68824602721376,1,0
189.9420386531889,0.4007601782282212,50.89054431888659,1,0
190.17591187636017,0.5066217473939532,52.22788521107297,1,0
190.19520956782463,0.45273865868876195,50.6869014809946,1,0
190.10745551887265,0.5241994706829396,50.230565149598995,1,0
190.03398885747526,0.3812542455444589,51.824140448294905,1,0
190.00208105729442,0.48535730470409805,50.751668310847734,1,0
189.75236541327516,0.4030059149989482,50.937245255345225,1,0
189.9814113056489,0.5695363262976375,51.300592429175566,1,0
189.83765887681014,0.35588581409500364,51.28786402038409,1,0
190.09533814774872,0.5727249272228447,51.320453281092114,1,0
189.8731672856496,0.4827290752639622,51.56300258079568,1,0
189.81560994659523,0.47174163788861084,51.94245775800787,1,0
189.95487196257406,0.39908473293914726,50.88061459951243,1,0
189.96265686886852,0.462942131930968,50.88843302102788,1,0
190.2330679602461,0.4131367268730381,50.47343812163848,1,0
189.86867731493555,0.3487796188902003,51.52060529884563,1,0
189.95243054693123,0.5097844524767204,50.94715780095034,1,0
189.95512672025794,0.3423509849696833,51.68091599761505,1,0
190.05966651914846,0.5643094918844632,50.76668897642832,1,0
190.11898429072843,0.5560823659773582,51.61347717409629,1,0
189.9953472494247,0.4517595519267542,52.013732364445005,1,0
190.06962657488495,0.39663858948997655,51.38579672802251,1,0
189.98457676390493,0.40064984230159423,52.11368257232745,1,0
189.88120030574197,0.4217500165183357,51.100938163685626,1,0
190.2390336437418,0.3794765122702318,51.905613292845615,1,0
190.058313754563,0.5838237621366498,50.80889053403922,1,0
190.22423889638927,0.4552071095674484,51.848188012657204,1,0
190.06470222671155,0.5256330865360845,51.12640427714167,1,0
189.8647909467949,0.48608144630749583,51.72503119930265,1,0
189.66923801945063,0.5093355128710518,51.03948987442941,1,0
189.67070510571867,0.4896685956079307,51.111120919178205,1,0
190.0934317442994,0.3373493048316552,50.75714604036602,1,0
190.14729774760696,0.5634943317847971,50.985363909623736,1,0
190.02834532824525,0.46578817350398366,50.82810939350215,1,0
190.1253553188575,0.35704953190795313,51.005286000714015,1,0
190.0720283232233,0.4741649697170596,51.04860397727142,1,0
190.15582439810652,0.550345117281746,50.26175870192444,1,0
190.12361193777153,0.46494593726501593,50.940213841742235,1,0
190.02419158849466,0.45894982167646503,51.062562970701926,1,0
190.1980598961621,0.3597450796830794,50.88521220039851,1,0
190.1175708906278,0.5000688595383206,51.74146088978738,1,0
190.08901531966384,0.4576019942412756,50.94248907841852,1,0
190.03830817495384,0.4672314659952252,50.49468442338213,1,0
189.9237884183546,0.42362017897376236,50.96411356962787,1,0
189.86819789325284,0.3374610950883599,51.34499756568088,1,0
190.32489801162046,0.4870593348299577,51.73260302126876,1,0
190.3019738949984,0.3854339062408799,51.12254356262546,1,0
190.00835586692534,0.4644723234319668,51.08917249221179,1,0
189.9205699749682,0.4756736219944773,50.968118018825315,1,0
189.85593787216825,0.4322941909542171,52.02802955268916,1,0
190.12332779820468,0.573440570582141,51.63312427594374,1,0
190.0534891341302,0.40421218259796804,50.6757875041813,1,0
189.93592075354752,0.5187236684223251,51.54948847731646,1,0
189.89971272899473,0.42286515569254307,50.38948005415715,1,0
190.3083437808139,0.4662884641161962,51.95374997681071,1,0
189.94908521430548,0.45095981708863914,51.30919240483702,1,0
189.91169559289585,0.42323778220531344,50.96961346111071,1,0
189.79340896657754,0.4793960846270533,50.6851049915289,1,0
189.93831543609207,0.38527558577898047,50.504415307036346,1,0
189.92602809520233,0.4893073497358096,50.45319940065151,1,0
189.86950039918182,0.5283259201649689,51.15409802520679,1,0
189.97708448855485,0.3795953367561617,51.92765305528206,1,0
190.01640148096357,0.39587892772361216,51.05990025888567,1,0
189.97384113640763,0.541487451853593,52.34711245662179,1,0
190.2407791792068,0.5146858321763782,51.843589087339964,1,0
189.84892108419885,0.4340055150492717,52.20890453852054,1,0
190.25186614487023,0.5117287506683428,51.72683275761003,1,0
189.4140750080318,0.46294920529948536,51.404671931100424,1,0
189.86217763690732,0.36971942319576984,51.25421712007232,1,0
190.01430423754118,0.49155184808596825,51.319629032409836,1,0
190.1172312488468,0.4640909898214157,50.434436113875144,1,0
190.02661938536147,0.5153637849243884,51.462602602012424,1,0
190.08382223043955,0.3932268702761682,51.106423425941166,1,0
189.96752614130918,0.47278984210903047,51.930154775391955,1,0
190.05567864149654,0.5190732588811765,50.525717778461356,1,0
190.068847294608,0.40871669342230843,51.38214025301156,1,0
190.1178439358953,0.42454896407904896,51.06752215020818,1,0
189.74528301396413,0.4816866059122834,51.722620485755556,1,0
190.1853444040623,0.5375188099971434,50.051725918372505,1,0
189.90982844915175,0.3808693354712006,50.886819086823905,1,0
190.0595041109771,0.39070489690709254,50.90434201627253,1,0
189.9402837046333,0.38334355320362484,50.748707371338654,1,0
189.97185257322212,0.5069524687864364,51.17288269914904,1,0
189.81375355384267,0.41503134029223837,50.282104275446365,1,0
189.93921775552195,0.4082235367512389,51.43487876985672,1,0
189.83654429887406,0.40106873323881354,50.990949685118856,1,0
189.8220090979921,0.4272149619794502,51.00726070467839,1,0
189.83139022292164,0.38653012148246624,51.50191364863616,1,0
189.93556121284215,0.5754694190980303,51.48738926807661,1,0
189.9996985290529,0.45597045264299374,51.18582737976799,1,0
190.06315992934836,0.5396204049596836,51.07354273184568,1,0
190.05389225064604,0.4336055020202137,51.28547419556382,1,0
189.86645752612023,0.3524069228460377,51.0125231392678,1,0
190.09100641482476,0.5533532091529659,51.07693219498634,1,0
189.96241649036682,0.42186584798821364,51.102178439276,1,0
190.32770709152393,0.473578318411082,51.121279315758215,1,0
190.04820581465947,0.43952005874115785,51.345835431553304,1,0
190.25942214683067,0.45980240277644807,51.479626929411126,1,0
189.85766755095366,0.4465934810903624,51.24177286445779,1,0
190.25884227315998,0.39520224214569355,51.24873921337226,1,0
190.29597796806476,0.43303032208776043,50.535377948105605,1,0
189.96990341661984,0.2875967921729223,50.6683328279926,1,0
190.08156841832243,0.46794813681730446,50.679016456522206,1,0
190.06692328313804,0.45887202346712863,50.59958644752942,1,0
189.95607496461926,0.48905408720588217,50.936736803005466,1,0
190.3099239491243,0.48109408034648915,50.750132671775376,1,0
189.93827718480546,0.3345127748388595,51.2640489172025,1,0
189.8878568341914,0.3777704734251401,51.520889174540066,1,0
190.11428165620563,0.5031414981479738,51.566542744005936,1,0
189.86827581028334,0.4944621185975019,50.77479452815816,1,0
189.98174704837336,0.4004808365756079,51.473745562522005,1,0
189.98349347031592,0.41528312109609933,50.6535253554875,1,0
190.43828165235976,0.47047668259299746,50.64895208500242,1,0
190.12473396687565,0.4582275654062147,50.7961888889606,1,0
189.847387739308,0.45012130377888154,51.65369536407805,1,0
189.881113682926,0.5058734303586764,50.548722554170894,1,0
189.96744313291134,0.489822377298721,50.33626604847144,1,0
190.16324301669292,0.4489093109708722,50.83759565900005,1,0
189.91589893792738,0.45927121251262215,51.027093185785546,1,0
189.9357417893678,0.5626672754861196,51.05576852228041,1,0
190.18365934757304,0.4496602311123847,50.381271112296936,1,0
190.2675746610731,0.6320875751619778,51.266905439523676,1,0
190.24937366187058,0.5541721940862335,51.131475291428984,1,0
189.9425467586965,0.42367797533690016,51.61372478057093,1,0
189.89742613348696,0.3792664258234355,51.21404377689663,1,0
190.17397579392824,0.3061957736097013,51.27999744735097,1,0
189.86292309213718,0.4532233969935907,50.60760280233804,1,0
190.08007040018313,0.44842854881090494,50.52264831785811,1,0
189.95605253749767,0.4297109250301758,51.37628246367493,1,0
190.23944517374048,0.2915794566356317,51.382427746002435,1,0
189.73859414292545,0.3872875444099768,51.47661023748445,1,0
190.13035666600754,0.4798495132271921,51.21663264803299,1,0
190.09518028455176,0.3537769430455555,51.06728285001004,1,0
189.81479214501948,0.4097048616723215,51.65162257055971,1,0
189.874552840889,0.4096925933100236,51.41171546996985,1,0
189.9031365941487,0.6512051087479647,50.366623962342025,1,0
190.20068433874872,0.49620233078003767,50.661670051864306,1,0
190.09774042878968,0.4240088436013965,51.208587812950846,1,0
189.7919153328333,0.49473736091941883,51.360996975980235,1,0
189.91741425805844,0.447411672596142,52.19786860993154,1,0
189.8280855171234,0.5074153287335915,51.32783857572343,1,0
189.9231163338916,0.37310343947542585,51.00989672502527,1,0
190.1105834987206,0.5225246368389895,51.38580869538418,1,0
189.89594512446828,0.5001737820481289,51.41430750844735,1,0
190.067416193974,0.44020675557594124,51.659179403842856,1,0
190.28738012279862,0.4301520197893466,51.15866971676094,1,0
190.0778740119214,0.39128671616390137,50.657758977741274,1,0
189.8983118717448,0.4967027918277509,51.04616248905512,1,0
189.99196628827104,0.38552872459881093,50.592573296402996,1,0
189.99441644522514,0.48759531946775586,51.23005750097188,1,0
190.08959515751994,0.4445875848205886,51.30882565683959,1,0
190.3404697081171,0.405175445437229,50.862127775320495,1,0
189.82636958753434,0.49451051581802574,50.95713814859948,1,0
189.91625082148659,0.4869566031399668,51.91502671866892,1,0
189.83796045651408,0.40644292617906946,51.08307558888501,1,0
190.1381594495681,0.5002208889128172,51.25972012134642,1,0
190.03219469942704,0.4430817910754577,51.848436102819505,1,0
190.1637669754698,0.38440383739821266,51.42473276059245,1,0
190.07492512550488,0.4418985042720095,51.148124944979145,1,0
190.22261710325623,0.42760095240103796,51.38228689996023,1,0
190.13845598206692,0.5048379241439624,52.06268498849716,1,0
190.0505252219598,0.33271491939567094,51.31643797792529,1,0
190.0392185746097,0.4510090703791475,51.89215451521778,1,0
190.1671207818369,0.42245488374064355,50.99632078513635,1,0
189.85126264149156,0.3666464689961549,51.25875564499859,1,0
189.78397122905946,0.37054614280645826,51.398873289704404,1,0
189.8555493016393,0.4464994255514539,51.832353361293414,1,0
190.095839872688,0.5260945317628191,50.69378473403543,1,0
189.89003915972677,0.5053228218888871,51.67297781038498,1,0
190.29514050199606,0.3425785001476859,51.13572485646528,1,0
190.16649844724472,0.3386479499139128,51.158602239045095,1,0
189.88000162339904,0.372759981444701,51.59533173915228,1,0
189.96911826806243,0.4908515643395793,51.47285086074159,1,0
190.24267609295225,0.46508000080687373,50.55085598685448,1,0
189.81571010888072,0.43022342624298343,51.59752745385178,1,0
189.90633580879572,0.47738549893767396,51.04636422755964,1,0
190.01915073896419,0.35162957468066863,51.14138848483661,1,0
190.00614223980307,0.4675977200254225,50.824695571018005,1,0
190.15268169135177,0.47743059993717085,51.41550447419426,1,0
190.28724377865592,0.47434749832233336,50.524238870827524,1,0
189.65099402757508,0.4466075199784181,50.904392602047544,1,0
189.8998680292309,0.41724769153258606,51.59428354943741,1,0
190.01111844052897,0.43298862692279977,50.65848499924415,1,0
189.6994463635652,0.4667561830457958,50.717900657982945,1,0
190.2154344826124,0.4758848761082773,51.150991669317946,1,0
190.068436613119,0.4395060112089453,51.73821304275241,1,0
189.9601883147187,0.45261481749091437,51.130366801665396,1,0
189.89188569787657,0.4166777833679643,51.266725387720754,1,0
189.88901045668928,0.43627300997110596,50.96172547534092,1,0
190.17326173977827,0.5761025156215414,51.222998756055,1,0
190.03879357659713,0.4056426043317057,51.15939239381186,1,0
190.00815078049712,0.4269982386492526,51.77075958333081,1,0
189.92061783517102,0.388825908023736,50.76863860997125,1,0
189.9958578904851,0.4574516029012121,50.55154522395714,1,0
189.92835903859438,0.5302364954758126,50.13295174662568,1,0
189.65239302240346,0.3542598372129846,51.15667904910899,1,0
190.07612592516787,0.5509283081368472,51.25599755271809,1,0
189.66026695090838,0.44481921695798093,50.969446849729174,1,0
190.19592892255284,0.43872377437867044,51.2580503970607,1,0
190.00874870789718,0.37178049806128977,51.167342995250785,1,0
190.1238070911691,0.484430032383146,50.71013387371263,1,0
190.16962954284062,0.459702681311169,51.124316043205916,1,0
189.89582603012417,0.5352041794159758,51.025485598620385,1,0
190.08791448919382,0.3978382344601515,50.681993465206816,1,0
190.07148878177088,0.543899688334558,51.51704481736636,1,0
189.90678212710074,0.5225173328852825,51.133458750228975,1,0
189.8576371896907,0.4107495384320311,51.24517821873812,1,0
190.03830303987382,0.4991057758211982,51.65075809811188,1,0
190.03349904145767,0.4333843050577117,51.58165305057671,1,0
189.6930107870715,0.4275022978153517,50.548042165007374,1,0
189.96667849004484,0.42722571540167775,50.717138890462415,1,0
190.2676439356822,0.5603678572955552,50.05205625939946,1,0
190.0705381733029,0.3710805405874319,51.25762234443444,1,0
189.70954970751276,0.42329417049247164,50.703283676169065,1,0
189.7716513363162,0.6043083447156905,51.28187844065498,1,0
189.9004195344353,0.5311465675423902,51.329343586512366,1,0
190.10260473876312,0.5468911693760148,51.187074935137645,1,0
189.74779605449487,0.338704475825452,51.325265067719585,1,0
189.9769888283344,0.45557868860039624,49.80821474719494,0,1
190.23920642995492,0.5260004851039145,51.555890905066065,1,0
190.04599023270052,0.5309242297602984,51.250577994776854,1,0
190.09400188226752,0.5611465966874543,51.32512950117331,1,0
189.75492362865364,0.41814018195000224,51.61863332103574,1,0
189.94704550042198,0.3327924930790766,51.402120664919146,1,0
190.09116304774753,0.44007837939887945,50.926914861516806,1,0
190.0668986409228,0.4661380858402176,50.95427061373164,1,0
189.96622835451444,0.44155157183619137,51.10285759093278,1,0
189.88230809110644,0.36170455643012134,50.95630517844238,1,0
189.9696694717721,0.32079893713434876,51.68459560592959,1,0
190.14233210771027,0.5651957256765283,50.90057235784784,1,0
190.07131862522672,0.42812742295505285,51.01272602191323,1,0
189.8583241841289,0.4531784317203076,51.37081764205731,1,0
189.8181480322982,0.39798172550118555,51.47937516949708,1,0
190.08236828573607,0.49333455587932756,51.06193997172402,1,0
190.11760290006552,0.45437082966985587,51.01457943622537,1,0
189.93848368260552,0.2666387822171176,51.48540066528423,1,0
189.89787278185167,0.4300466600974723,51.43100508647904,1,0
190.25025643061005,0.34620048559858674,51.95984191023301,1,0
189.84291094844264,0.4550531078670747,50.63221055797752,1,0
189.8912749013335,0.4317651246867619,52.08847287626772,1,0
189.937858516767,0.40145179129830477,50.96628927919991,1,0
189.62872735131015,0.49902305897255206,51.11760251760413,1,0
189.83509811727217,0.3605128520658369,50.990437221779914,1,0
189.9285975844085,0.3069677256532133,50.9355255656281,1,0
190.05991135281226,0.36395635655254455,51.660178469298074,1,0
189.89011891489662,0.40959082744472153,51.44949810844243,1,0
189.93578415533736,0.2853198760808958,50.611145247549004,1,0
189.88279375432944,0.46869720802652926,51.285374848298304,1,0
189.94965954937933,0.30326832630693235,51.213762852115195,1,0
190.09511818351038,0.4125985050581613,50.62044539962599,1,0
190.13932595865845,0.40740765295920073,51.438780844215174,1,0
189.6332160780928,0.41590397939259405,51.252074268806766,1,0
189.89516462163067,0.44922055399344785,51.34127811731843,1,0
190.1716388511896,0.5153054498006179,50.73646369185896,1,0
189.96281085814883,0.4422408304982112,50.73987351122763,1,0
190.14637164251747,0.4461635174003632,52.055152879743396,1,0
190.27109039783926,0.541702845370068,50.75963846800728,1,0
189.81186864901497,0.5250525094840061,52.144885528185796,1,0
190.02460238716978,0.3537292049593511,51.906270567996046,1,0
189.97493633142037,0.35652043205329387,51.2138856692088,1,0
189.94675249895292,0.5160412222754882,52.429077089881226,1,0
190.1465862810759,0.4276309803936942,50.847685527213436,1,0
190.13919535896716,0.41359060790463803,51.154371331031115,1,0
190.29012509408776,0.6225089186822033,51.24412309298282,1,0
189.8067389913086,0.45600489650664155,50.512489802624515,1,0
190.16278263748902,0.4127922641275182,51.76174548830711,1,0
189.60081868449802,0.5418293971079599,51.47215332829654,1,0
190.08833936867467,0.40176803122902005,51.389715942086994,1,0
190.1393989325534,0.3007981626047315,50.85714970264752,1,0
190.0177722176383,0.5372428455969568,50.16756349943739,1,0
189.99692611588392,0.32929805401191836,51.25298823618637,1,0
190.31378908560313,0.44281672023423285,49.801551819644615,0,1
190.01374037509223,0.42140988480367664,51.10776868070869,1,0
190.00710943777113,0.3937676571941656,51.280806908752474,1,0
189.90524297932478,0.5228619919112566,50.728435635170676,1,0
189.9735798672456,0.40033284582018686,51.95331183061394,1,0
190.10357501364163,0.5061479186729717,51.67391887671862,1,0
189.8730398246742,0.5407984790547781,51.54744258946227,1,0
190.1235144408905,0.5116713550326061,50.7919183381661,1,0
189.78350461268516,0.5376817423404998,50.92611864894101,1,0
190.1286799054434,0.3941102851937436,50.91577427176384,1,0
190.0029751564468,0.35054098431859443,51.06363283378488,1,0
190.1897944949987,0.43726935329144756,50.456186770975854,1,0
190.01997799976678,0.34316081612189075,50.90129360226797,1,0
189.9224356504313,0.38445410608560876,50.77317696796696,1,0
189.9131456357282,0.46052361971765754,50.98598887767028,1,0
190.047524724465,0.4198971940135033,51.33011815647352,1,0
189.9223989113976,0.4413106925759568,50.86509843708757,1,0
189.81778850918965,0.5352903047138459,51.93251686753577,1,0
190.14292437343096,0.4503276635292209,51.08367551845319,1,0
189.97402105372905,0.4725081564663079,51.25696177682293,1,0
189.7051060918988,0.4543550295392632,51.1264241695265,1,0
190.08861888674465,0.39974636764388505,51.78231101696521,1,0
190.1252728520151,0.5004100297227231,50.569475922672005,1,0
190.03581224987252,0.35255443802906744,50.46168118364081,1,0
190.2417298061419,0.4785012731090927,51.294381403671224,1,0
190.15675510960656,0.3410938558369614,50.914072501526924,1,0
190.0564987442569,0.5449121362594036,50.842900826237624,1,0
190.05210852530988,0.4077544817776262,50.41358527183885,1,0
190.08460736307484,0.41341450213562925,51.03393789729113,1,0
190.13689176389045,0.5092859778320972,50.70967324618014,1,0
190.5058343298933,0.588164500742289,51.07494670403344,1,0
189.9494822426249,0.4816901770394084,50.877736954899895,1,0
190.00286440197257,0.4211073503389355,50.3670500795058,1,0
189.92974796951648,0.4158840814247169,51.30985300135471,1,0
189.94184146923303,0.40240755650035065,51.59122867295265,1,0
190.09195251296876,0.40187059145393644,51.3313890941422,1,0
190.0285792761273,0.4420851345946542,51.526989073406064,1,0
190.02992131345948,0.39421832392032846,51.20932281000552,1,0
190.03414349948113,0.3848987979168961,51.353878586342944,1,0
189.99117563921402,0.46252804303375694,50.45763067226261,1,0
189.80697211157735,0.37635428241683067,51.1621105808651,1,0
189.68874153666437,0.43488086950526866,51.8348169109898,1,0
189.93603195872421,0.3644020428286732,50.92638115820111,1,0
190.04595323027482,0.4403352637829916,50.84590760790373,1,0
189.83649398446616,0.5321077199963352,50.97152961225008,1,0
190.1088558557875,0.45060682965921184,50.56336267524216,1,0
189.98693758420245,0.3477464058386845,51.07708294950268,1,0
190.25730921068828,0.45692625211243326,51.095889712509965,1,0
189.70819660223898,0.42743587043526093,50.27278229555277,1,0
190.2555786270064,0.5163078444197139,50.989644800469875,1,0
190.1100867843068,0.5087431910339507,51.6280998669667,1,0
189.96501948644087,0.49697071601668763,51.43125691072576,1,0
189.81698142221788,0.4034031830389218,51.558840613091796,1,0
190.2119312947626,0.30921386980619936,51.17376086637234,1,0
190.0604691732078,0.5352848354975946,51.20326654274339,1,0
190.07057796464187,0.43124313198542624,50.78528038784829,1,0
190.03797707678658,0.4474205701096596,51.70821870731368,1,0
189.9442555249156,0.3766194320469386,51.083950519224146,1,0
189.72153986574287,0.43918424973422676,51.09086263143855,1,0
189.9428776358993,0.44988754984549695,50.661084285124126,1,0
190.1347418870938,0.5820411738988671,50.84853553343309,1,0
190.1384400733099,0.5363273083023765,52.164971073677165,1,0
190.03988857282295,0.3815607008394875,51.66185581076841,1,0
189.8725098295556,0.5252920016440119,51.97424832125722,1,0
190.1186379736821,0.4431346193628468,50.98514395585267,1,0
190.1652164409203,0.37074000631311166,51.33801338116805,1,0
190.11077624591562,0.5260564683857784,50.29905615770103,1,0
189.85248150223583,0.4250987324201493,51.38634268066108,1,0
190.0742345358378,0.32779561464462476,51.711432953030524,1,0
189.99734715750063,0.5733349369437285,50.577099198233874,1,0
190.24697629507457,0.518542935458278,50.705564744771436,1,0
189.85705833990903,0.5553732546583333,51.23650530707112,1,0
189.87231933041346,0.5425168144748824,50.68544155711768,1,0
189.7585868240242,0.5376484016372655,50.44868854200587,1,0
189.9231921261447,0.3862916854750666,51.99630519212422,1,0
189.76626431178215,0.5294618616192633,50.94683262528051,1,0
189.94727506153816,0.5591049032418854,50.46187580836085,1,0
190.07054632977602,0.6200527270619942,51.1506738639797,1,0
189.64110809099168,0.3752844927455707,51.38450257146994,1,0
189.80625456289258,0.5162707760974804,50.69972256808122,1,0
189.88321864330683,0.47628939616316535,51.673477679347805,1,0
189.90909772158776,0.42141422321247596,50.412476518175126,1,0
190.1056309932855,0.37036756855626657,51.29688418707867,1,0
190.06182345520364,0.3550866131436819,51.03095149841605,1,0
189.84532393695892,0.45435862487993706,51.26272242336596,1,0
189.89957509452552,0.42437567129893156,50.424969309329875,1,0
190.03987099675913,0.48518940892943657,50.78797636822042,1,0
190.0230272208658,0.40572052622273935,51.173913013550106,1,0
189.7967815133507,0.4637743384659938,52.08170126079647,1,0
189.8723073042647,0.5355337871898947,51.49762309892261,1,0
189.9880492542293,0.5167770067296754,51.19432492704933,1,0
189.97925269561486,0.4219658215487173,51.13904040208448,1,0
189.98276321739164,0.39119745511030046,52.01453578599404,1,0
190.11834612012262,0.4602510637595041,50.6829301363431,1,0
189.93424379457085,0.447770763965983,51.325189071067605,1,0
189.9538407614494,0.4401320534052816,51.25955351293596,1,0
190.18628006117282,0.3936129396229312,51.604621450779064,1,0
189.67339177268477,0.41040356609325895,51.369190927747475,1,0
189.8141484400267,0.4493893874327045,51.921323565373406,1,0
190.0733262022124,0.46987333120455094,50.81631191554061,1,0
189.76835025484615,0.39308017622466607,51.715007949054254,1,0
189.973524092752,0.4496344352602502,51.357996250879474,1,0
190.12292417190824,0.5014254772481542,51.13352279311282,1,0
190.33383153145203,0.4255236175533572,51.18546348426314,1,0
190.02594426605108,0.4317896337452113,50.57928758884807,1,0
189.79343458949785,0.3378242079601801,50.44376788699292,1,0
190.2536669735047,0.4486297099923002,50.524390789132994,1,0
189.8333492737557,0.4796697920149541,51.16661184434585,1,0
189.5453067903939,0.40286832850835,51.52021511967205,1,0
189.9668964571777,0.3089781020220536,51.22876311510244,1,0
190.12979681299123,0.42426052667016695,50.72017432023992,1,0
190.0211527473515,0.4977228457243921,51.75079969862307,1,0
190.087909044647,0.43339614287636125,51.265008673007145,1,0
190.08133948635222,0.45951279405531664,51.417028850661026,1,0
190.29041043210745,0.4957069393615598,51.160033914043936,1,0
190.0498919941156,0.31353087110134503,51.55474305691894,1,0
190.1969111086517,0.5257606522404933,51.45556344807576,1,0
190.0805493201821,0.4229131603897107,51.65182421235363,1,0
189.5928042485031,0.4058808709921748,51.438353845624626,1,0
190.0057629227375,0.4233900028865177,50.639748127215015,1,0
189.97238881016006,0.6027322833283907,51.80119676609768,1,0
190.0077239351664,0.3210712462018092,51.251881368674795,1,0
189.60471531333783,0.5123127053960959,51.528878849454735,1,0
189.77465896514855,0.3433620060119921,51.197463557873995,1,0
189.88798866544536,0.39337607884685555,51.49378368991628,1,0
189.98198230234993,0.44707138170358834,51.18188893126944,1,0
189.92625366978362,0.4415122464330949,50.92957629937654,1,0
190.29032747820156,0.28268616054087087,51.93994188515711,1,0
190.12415502305802,0.46628421018724153,51.26535712746793,1,0
189.91981028879175,0.49543369744759413,51.51982674347867,1,0
190.1634787229617,0.4610479774711111,51.25916759012267,1,0
190.01900521456238,0.30599486065737735,50.99248355749439,1,0
190.3109839835317,0.4537588682766402,50.88265503070843,1,0
189.75795674860947,0.41201325595286065,51.258067504561545,1,0
189.78766280586487,0.45827466954573787,50.15415021264851,1,0
190.13020409986248,0.4188061063824046,51.3055581614092,1,0
189.98059203549053,0.4323309118629049,51.09015806817635,1,0
189.75729336562623,0.3781025678784849,51.548196264718804,1,0
190.0377350287389,0.4094165746628798,50.33384646450395,1,0
190.0410852711341,0.44089388265796564,51.931430714873215,1,0
190.23158535296673,0.4119384039914434,51.936966282878785,1,0
189.95034191574766,0.37828958565052445,51.605472088399466,1,0
190.18689286019082,0.42284733277754666,51.21186256703146,1,0
190.08795053480785,0.4302813448240415,50.88402574794961,1,0
190.0713073800433,0.38058364092411484,51.692861872843125,1,0
189.9242119700346,0.4115549034080238,51.28319626541495,1,0
189.86738775866198,0.5692000452757066,52.07272169522811,1,0
189.82376237568585,0.45134716696777055,51.394956984381956,1,0
189.9013589942453,0.5095948697879521,51.941290332537484,1,0
190.05034696791472,0.421703396735072,51.93280699427048,1,0
189.97022230725932,0.5977123507147033,50.827879163535954,1,0
189.93034509197864,0.4128761380667581,51.11214406783737,1,0
189.9664885336691,0.5174480506275958,51.10129643058831,1,0
189.86931895815997,0.5228986462927556,50.50815794389056,1,0
190.19662560774836,0.5305509629510926,52.0555287954758,1,0
189.81632609737312,0.3791604363370356,51.81656635599559,1,0
190.1647822514229,0.5233019356483474,51.26307106034004,1,0
189.84349411820705,0.3752327915774322,52.077394627616606,1,0
189.66482634048631,0.5306031267085447,51.13763642373146,1,0
190.07042675642433,0.5554264310109898,51.389241590844875,1,0
189.9781774172234,0.4275808216966019,50.97420515951729,1,0
189.89157195840218,0.44538366082111963,50.691268760092264,1,0
190.1389746969066,0.4498590337579778,50.86495320474778,1,0
190.31886044127438,0.44801732230720853,51.38994285478331,1,0
189.85947426268703,0.49581386917718434,51.371454734562334,1,0
189.86069359122922,0.5003398689652631,51.073012661866315,1,0
189.99407686718882,0.4339216047319163,50.81675857167137,1,0
189.98438647118888,0.39557144538261724,51.20508862308336,1,0
190.20463778734194,0.4352312381346595,50.95951402668971,1,0
190.0841013286659,0.3011508713074862,51.24531706321292,1,0
189.76686665641355,0.48274954335671133,51.30261545930781,1,0
189.8187108653617,0.4585759976485922,51.41340503399442,1,0
190.03769356139256,0.3726962391558068,51.426102040961275,1,0
190.10877565914925,0.45561682035530343,51.59534734529359,1,0
190.03660548390033,0.416463854867888,51.930606317845935,1,0
190.15080166609857,0.4831330897130064,51.35680014847554,1,0
190.27112942460218,0.4657075529204735,50.884177761256765,1,0
190.1909010517229,0.4798517649781746,51.56196598495649,1,0
190.07564754053814,0.4430431925959042,51.62200629670405,1,0
190.16791344673425,0.5147760412799162,51.70303471408042,1,0
189.94765356845812,0.3325846831759461,50.791935519528735,1,0
189.8916370333786,0.5297205648033833,50.57818126750004,1,0
190.07609743680413,0.4927683820965314,50.613988725166514,1,0
189.85260523848308,0.42262186400591717,51.81264474809564,1,0
189.9911054309442,0.44857524339157234,49.613396238643034,0,1
189.9902042050804,0.5060796057166337,51.454729954810944,1,0
189.92159131235525,0.29346878358143935,51.39522498535698,1,0
190.05483613576448,0.4398357228611251,50.87912164015981,1,0
189.90463897796985,0.4500027662629679,51.25562432414476,1,0
189.9945114984309,0.6528741828586869,50.885922197386705,1,0
190.0702901757524,0.47244767070027144,49.65983330517392,0,1
189.81713017853002,0.3988920998701763,51.02385623766827,1,0
189.82722463091838,0.5533894153970941,51.31013515061553,1,0
190.23862390863925,0.49399570213403865,51.2684893329564,1,0
189.92599331144564,0.5686664803766132,52.35481150532314,1,0
190.0916034770368,0.4899287209806866,51.844806232677946,1,0
189.93533656320068,0.42025303310896295,51.413296275926584,1,0
189.85247635735712,0.4256093912828293,51.912221238540596,1,0
190.17006248348662,0.48763906318223543,51.91770538832032,1,0
190.41020639341895,0.510924913001517,50.98377378987229,1,0
190.09919870952245,0.46440316594782777,50.35218229722233,1,0
190.05128562167621,0.53552650860398,51.38129919301777,1,0
190.0182727988742,0.3555119657064259,50.87856842083382,1,0
189.90059006010037,0.3723554840577075,51.2575498065908,1,0
189.86538764153713,0.367975554967326,51.88425106476079,1,0
189.91385114460903,0.47386419259023504,50.6410038666419,1,0
189.920290385629,0.4695504187388167,51.30380663585129,1,0
190.08980528908992,0.4859273492575313,51.68570956156646,1,0
190.08902472109415,0.5172481196268792,51.547686654792344,1,0
190.04033646262513,0.3998645670456676,51.61371195241915,1,0
190.06700205304318,0.35983327249286273,52.81181300244208,1,0
190.25950641495734,0.5175857063183146,51.443133218653514,1,0
189.9200195048685,0.43489125775900084,51.26806319573135,1,0
190.11047762995187,0.5004998032941932,50.43990008282675,1,0
190.14059707000666,0.35539283923699383,52.148975309495164,1,0
189.8253274948056,0.42114993768327513,51.45366754038109,1,0
189.96294905393472,0.49381225778517923,50.2927419283876,1,0
190.0556858184899,0.40573409278744904,51.02814207166997,1,0
189.87457829060386,0.43228860237536015,51.75687899128116,1,0
189.86003798644145,0.5096616054984024,50.64846957422889,1,0
189.92635479246357,0.44285676477760627,51.539491854864465,1,0
189.98676047662804,0.5003645794454916,51.70968645103609,1,0
189.96996548910636,0.3021770368472526,51.13763528005018,1,0
189.78834503142676,0.4193479724953106,51.28663502622997,1,0
189.9912816937259,0.46605097173521765,50.93424074552687,1,0
189.86818414646956,0.525077602999328,50.87302999949139,1,0
190.06017826714486,0.44468675206571806,51.205781097546286,1,0
190.05560438246647,0.4257590780922061,51.145964402260574,1,0
190.12091577422015,0.44325341714848326,50.53614631117335,1,0
