distancia_ejes_mm,holgura_guia_mm,masa_cuerpo_g,cumple,num_fallos
190.2796,0.3721,51.365,1,0
189.7857,0.4578,51.3683,1,0
189.8236,0.3701,51.7911,1,0
189.9008,0.5293,50.9353,1,0
190.2956,0.4216,50.8083,1,0
190.0715,0.3336,51.045,1,0
190.0134,0.4215,51.0122,1,0
189.9496,0.5179,51.352,1,0
189.8611,0.5582,51.8816,1,0
190.1423,0.5252,51.9122,1,0
190.1351,0.5123,51.4035,1,0
189.8411,0.4306,50.2503,1,0
190.2085,0.4915,50.6763,1,0
189.9737,0.4842,50.6775,1,0
189.8386,0.4864,50.9341,1,0
190.1946,0.4548,50.8747,1,0
190.0947,0.5052,51.9551,1,0
189.844,0.4314,50.9445,1,0
189.8191,0.3764,51.6112,1,0
189.874,0.584,51.0269,1,0
189.7523,0.6055,50.686,1,0
189.7887,0.393,51.1358,1,0
190.2676,0.3652,51.4642,1,0
189.799,0.3001,51.3913,1,0
189.9951,0.4115,51.5934,1,0
189.742,0.4059,51.5453,1,0
189.7971,0.4352,50.9124,1,0
190.041,0.4392,51.7401,1,0
190.0938,0.4059,51.1374,1,0
190.1319,0.4838,51.1261,1,0
189.8883,0.4784,50.689,1,0
190.2246,0.5663,50.756,1,0
189.7385,0.4406,50.9864,1,0
189.7932,0.4485,51.9426,1,0
190.0078,0.5425,50.2931,1,0
189.9299,0.4581,51.3958,1,0
190.0738,0.4126,51.7597,1,0
190.0126,0.5047,51.9021,1,0
190.0604,0.4991,51.3867,1,0
189.9006,0.4128,51.9557,1,0
190.1119,0.5984,51.3525,1,0
190.0062,0.4344,51.5651,1,0
190.0185,0.5302,50.5788,1,0
190.011,0.4183,50.9833,1,0
190.4923,0.4405,51.2439,1,0
190.1769,0.3913,51.4508,1,0
190.1271,0.506,50.4986,1,0
190.0129,0.3451,51.0851,1,0
189.8563,0.4583,50.2507,1,0
189.821,0.4228,51.6015,1,0
189.7147,0.5955,51.1282,1,0
190.1771,0.5996,50.5971,1,0
189.9665,0.3983,51.0956,1,0
189.582,0.461,50.5991,1,0
189.7787,0.4246,51.2806,1,0
190.1698,0.3493,50.8725,1,0
190.0544,0.4272,51.4702,1,0
189.7882,0.5389,50.9899,1,0
189.8286,0.5225,51.5976,1,0
189.9691,0.4506,51.9206,1,0
189.839,0.4641,51.4339,1,0
189.6946,0.402,51.4351,1,0
190.0694,0.4712,50.2665,1,0
190.0863,0.5959,51.6129,1,0
189.8436,0.4632,51.455,1,0
190.0631,0.4787,50.8443,1,0
189.9105,0.3346,51.0023,1,0
189.9722,0.584,50.8306,1,0
189.8144,0.4534,51.5026,1,0
190.1237,0.4291,51.2433,1,0
189.8152,0.4935,51.4425,1,0
189.997,0.3805,50.8568,1,0
189.8852,0.4495,51.5948,1,0
189.8999,0.4732,51.3221,1,0
189.9309,0.4749,51.4065,1,0
190.1868,0.4246,50.2361,1,0
189.7821,0.3553,51.4488,1,0
189.8434,0.3647,50.4828,1,0
189.925,0.4924,51.6464,1,0
190.2428,0.407,51.4851,1,0
189.9823,0.4258,51.0193,1,0
189.9583,0.4525,51.2841,1,0
190.067,0.3536,50.289,1,0
190.0893,0.3693,51.5775,1,0
189.9652,0.4949,50.9471,1,0
190.2583,0.5151,50.8235,1,0
189.9866,0.3866,51.6725,1,0
189.7563,0.4138,50.5355,1,0
190.1688,0.4112,51.3773,1,0
190.0896,0.3908,50.8219,1,0
190.2023,0.4262,51.1222,1,0
189.8783,0.4969,51.036,1,0
189.8223,0.4568,51.9477,1,0
190.0443,0.5279,51.5357,1,0
190.1183,0.4621,51.9745,1,0
189.8562,0.5254,50.4345,1,0
190.1077,0.4215,51.1106,1,0
189.8085,0.5309,51.2887,1,0
189.9512,0.4195,51.5257,1,0
189.9059,0.5319,50.9122,1,0
190.1116,0.3541,51.9616,1,0
189.9185,0.3904,50.8183,1,0
189.8014,0.5218,52.0418,1,0
190.0916,0.6296,51.2884,1,0
189.9421,0.4079,51.5921,1,0
190.0843,0.4295,51.3265,1,0
189.9587,0.4521,50.8271,1,0
190.0529,0.5056,51.809,1,0
189.9723,0.4529,51.2554,1,0
189.7749,0.4666,51.5625,1,0
190.061,0.5114,51.7106,1,0
190.1393,0.3893,51.0666,1,0
190.1144,0.4533,51.9917,1,0
190.0309,0.4763,51.083,1,0
189.8542,0.4052,51.2538,1,0
190.0678,0.4993,51.0491,1,0
189.8094,0.5739,51.3984,1,0
190.0108,0.3895,51.3299,1,0
189.9427,0.4055,51.9752,1,0
190.3714,0.4166,51.9462,1,0
189.952,0.2927,51.0337,1,0
190.0117,0.4454,51.8509,1,0
190.0313,0.538,51.0242,1,0
189.7853,0.4745,50.6771,1,0
190.2187,0.4343,50.7905,1,0
189.9492,0.3296,51.2692,1,0
190.2272,0.3515,51.3927,1,0
190.0596,0.4839,51.2433,1,0
189.999,0.4958,52.1804,1,0
189.9694,0.4879,51.224,1,0
190.0684,0.4861,51.2815,1,0
190.0411,0.401,51.6146,1,0
190.1338,0.4033,51.1017,1,0
190.1819,0.409,50.3836,1,0
189.9075,0.4219,51.5813,1,0
190.2379,0.3887,51.0749,1,0
189.9035,0.4666,51.1548,1,0
189.7779,0.4509,50.0624,1,0
190.1825,0.5029,51.3914,1,0
189.8439,0.4964,51.5234,1,0
190.199,0.5158,51.6335,1,0
190.0357,0.4845,51.6422,1,0
189.9055,0.3888,51.1441,1,0
189.9729,0.4638,52.0318,1,0
189.6899,0.4677,50.1721,1,0
189.9191,0.4266,51.9292,1,0
189.9996,0.3912,51.6337,1,0
189.9127,0.3589,50.4356,1,0
189.9245,0.3471,50.6429,1,0
190.0815,0.4365,51.1811,1,0
189.973,0.4425,50.6858,1,0
190.132,0.3341,52.2576,1,0
190.2089,0.2938,52.2747,1,0
190.1986,0.4527,51.3175,1,0
190.0862,0.5291,49.8636,0,1
189.8255,0.4318,50.0823,1,0
190.0801,0.514,51.3198,1,0
190.1311,0.3779,51.4182,1,0
189.8788,0.4538,50.9378,1,0
190.1287,0.4933,51.144,1,0
190.2094,0.4902,51.2652,1,0
190.0313,0.4006,51.2815,1,0
189.8662,0.3993,51.1177,1,0
189.853,0.362,51.6688,1,0
190.0668,0.5151,51.0079,1,0
190.0851,0.4547,51.4769,1,0
190.3513,0.2774,51.2808,1,0
190.0672,0.4901,51.0784,1,0
189.9927,0.43,50.7025,1,0
189.9264,0.3903,52.1438,1,0
189.8752,0.5137,52.0521,1,0
189.9347,0.4189,50.7309,1,0
189.7101,0.4746,51.0993,1,0
189.8981,0.3897,50.6159,1,0
189.9925,0.4214,50.5942,1,0
189.7826,0.5031,51.6755,1,0
190.0967,0.4748,50.6636,1,0
190.1217,0.3805,51.8797,1,0
189.927,0.5983,51.6859,1,0
190.1889,0.4514,51.3597,1,0
190.0026,0.5183,51.0398,1,0
189.7592,0.456,51.5742,1,0
189.9206,0.5251,50.7291,1,0
189.9974,0.5199,50.7658,1,0
189.8756,0.4489,50.3054,1,0
189.9228,0.4284,50.4613,1,0
190.0474,0.4083,51.3352,1,0
189.9651,0.3305,51.6251,1,0
190.0903,0.3563,50.9237,1,0
189.9409,0.4994,50.4576,1,0
189.7202,0.4225,50.3498,1,0
190.195,0.4885,50.5421,1,0
189.8848,0.547,51.3613,1,0
189.9914,0.3523,51.4321,1,0
190.1177,0.6017,50.3027,1,0
189.8938,0.4091,51.6168,1,0
190.0164,0.4737,51.7407,1,0
190.0913,0.5192,51.8642,1,0
189.9918,0.4145,51.1203,1,0
190.4188,0.4873,51.334,1,0
190.2884,0.5287,50.7959,1,0
189.9673,0.5284,50.6166,1,0
190.0738,0.4193,50.6894,1,0
189.8415,0.4367,51.28,1,0
189.7141,0.3571,50.7515,1,0
189.7882,0.4121,51.485,1,0
190.0244,0.4061,51.2108,1,0
190.1762,0.5417,51.1081,1,0
189.9131,0.4651,51.5749,1,0
190.0711,0.4065,51.0326,1,0
190.1474,0.5441,51.453,1,0
190.1098,0.3369,51.0696,1,0
190.0249,0.4761,52.0542,1,0
189.842,0.4402,50.9169,1,0
189.8892,0.4701,50.5293,1,0
190.1264,0.5641,51.5947,1,0
189.7039,0.2813,51.4087,1,0
190.0042,0.4585,51.3623,1,0
190.0582,0.2388,51.7052,1,0
189.8968,0.3799,51.5598,1,0
189.9806,0.4702,51.1054,1,0
190.133,0.58,50.9815,1,0
190.0117,0.4748,50.9376,1,0
190.1806,0.5569,51.0646,1,0
190.1132,0.4313,50.6171,1,0
189.9413,0.4517,51.3756,1,0
189.8444,0.3801,50.4959,1,0
190.1605,0.4406,51.2495,1,0
190.1897,0.3708,51.112,1,0
189.9371,0.5939,51.1509,1,0
190.0343,0.4359,50.8826,1,0
189.9376,0.4425,50.4286,1,0
189.9592,0.3644,52.381,1,0
190.118,0.4983,51.4173,1,0
189.9534,0.4259,50.2804,1,0
189.8759,0.5291,50.741,1,0
190.1662,0.5438,52.1257,1,0
190.0345,0.3211,51.3064,1,0
189.931,0.4062,51.2351,1,0
190.1413,0.4172,51.0401,1,0
189.8251,0.4255,51.1924,1,0
190.2758,0.4885,51.9726,1,0
190.1222,0.4266,50.6659,1,0
190.11,0.4571,50.9294,1,0
189.74,0.5147,51.1381,1,0
190.0854,0.4245,51.7587,1,0
189.8708,0.5296,50.6868,1,0
190.1103,0.4321,50.9362,1,0
189.7056,0.4677,50.403,1,0
189.6223,0.3855,50.8577,1,0
190.1393,0.4288,50.0409,1,0
190.1955,0.4909,51.4897,1,0
189.8313,0.3914,50.4843,1,0
190.1535,0.4667,52.1674,1,0
189.8904,0.3989,50.7977,1,0
189.7768,0.4137,51.2973,1,0
190.055,0.3961,51.3565,1,0
189.9371,0.465,51.2622,1,0
190.2196,0.4699,51.286,1,0
189.597,0.4228,51.3777,1,0
190.3528,0.538,51.0624,1,0
190.2082,0.4289,51.5351,1,0
189.6534,0.3457,50.995,1,0
190.1174,0.5001,51.7386,1,0
190.0238,0.4559,51.7658,1,0
189.8016,0.4141,51.5041,1,0
190.0664,0.497,51.5225,1,0
189.884,0.403,50.8177,1,0
189.7301,0.4748,50.9326,1,0
190.2453,0.4346,51.7682,1,0
189.7694,0.4604,51.8666,1,0
189.94,0.3792,51.386,1,0
190.0969,0.4821,51.0373,1,0
190.1846,0.439,52.358,1,0
190.0396,0.5743,51.6104,1,0
190.135,0.4468,50.823,1,0
189.9216,0.4828,52.0821,1,0
190.0245,0.3729,51.6453,1,0
190.0403,0.3038,50.835,1,0
190.152,0.3965,51.9864,1,0
190.1394,0.3766,51.2198,1,0
190.0462,0.4339,50.8963,1,0
189.8021,0.4685,51.3533,1,0
190.0734,0.3487,51.1623,1,0
189.7352,0.5144,50.9334,1,0
189.8383,0.4178,51.1976,1,0
190.3353,0.5004,50.353,1,0
189.818,0.4519,50.7639,1,0
190.0023,0.4907,51.4671,1,0
189.7341,0.3882,52.053,1,0
190.4114,0.5007,49.9238,0,1
189.9487,0.3864,52.0647,1,0
189.8422,0.391,51.737,1,0
189.9196,0.3473,50.794,1,0
190.034,0.4409,52.3984,1,0
189.9648,0.6196,50.551,1,0
190.0239,0.3176,51.5405,1,0
189.9464,0.4498,50.9516,1,0
189.8064,0.4112,51.5228,1,0
189.8774,0.282,51.1656,1,0
190.0198,0.3663,50.5515,1,0
190.0338,0.5138,50.6341,1,0
189.9481,0.4053,51.1775,1,0
190.0781,0.4459,50.9245,1,0
189.8676,0.4797,50.8714,1,0
189.7685,0.3987,50.977,1,0
190.0419,0.5745,51.8503,1,0
189.9459,0.4598,51.286,1,0
190.1757,0.4426,51.5195,1,0
189.9717,0.4303,51.396,1,0
189.891,0.3393,51.5806,1,0
189.9389,0.5047,50.938,1,0
190.1043,0.4384,51.4234,1,0
189.9602,0.4391,51.4646,1,0
189.8769,0.3781,50.9581,1,0
189.7569,0.2996,50.2756,1,0
190.1287,0.4215,51.3068,1,0
189.897,0.5291,51.3991,1,0
190.0539,0.4465,51.6801,1,0
189.7904,0.5412,50.9102,1,0
190.0704,0.3298,51.1795,1,0
189.9976,0.519,50.6299,1,0
189.9902,0.475,51.2574,1,0
189.8112,0.4874,51.8663,1,0
190.0675,0.5301,50.392,1,0
189.8982,0.4807,50.6579,1,0
190.1446,0.6198,52.1091,1,0
189.9216,0.4594,51.8763,1,0
189.9976,0.4642,51.4502,1,0
190.1745,0.3965,51.9886,1,0
189.9829,0.3846,51.4363,1,0
189.8456,0.3765,50.5688,1,0
189.969,0.4554,50.6846,1,0
190.0025,0.3714,50.9459,1,0
190.0463,0.4571,51.565,1,0
190.0508,0.428,51.2232,1,0
190.0601,0.4559,50.3734,1,0
190.1403,0.3124,51.9956,1,0
189.9498,0.4472,51.5654,1,0
189.8975,0.4581,50.0583,1,0
189.9322,0.5131,50.5445,1,0
189.7384,0.4547,50.3412,1,0
190.1788,0.4706,50.7066,1,0
190.0443,0.3085,50.7807,1,0
190.228,0.39,51.6926,1,0
190.1551,0.4795,50.9207,1,0
189.8223,0.4381,52.3466,1,0
190.0164,0.3708,51.4976,1,0
189.9887,0.4448,50.8541,1,0
190.1006,0.4266,51.0229,1,0
189.8873,0.5102,51.5804,1,0
189.98,0.3778,51.6845,1,0
189.9026,0.4105,51.371,1,0
190.0599,0.51,52.0368,1,0
189.9994,0.4767,51.3787,1,0
189.9068,0.3824,50.8062,1,0
190.0022,0.5906,51.3686,1,0
189.9081,0.4939,51.3367,1,0
190.0303,0.5618,51.6775,1,0
189.9372,0.3509,50.9162,1,0
189.7869,0.5112,51.1323,1,0
190.0734,0.351,51.0169,1,0
190.1955,0.4131,50.6408,1,0
189.784,0.5005,51.5004,1,0
189.998,0.491,50.8551,1,0
189.9563,0.4934,50.9444,1,0
189.8051,0.5786,51.1773,1,0
189.8761,0.5015,50.745,1,0
190.3199,0.4007,51.081,1,0
189.9124,0.4342,51.9216,1,0
190.1264,0.5089,50.4912,1,0
190.0014,0.5598,51.731,1,0
190.087,0.4465,50.8702,1,0
189.727,0.3164,51.7421,1,0
189.884,0.3806,50.5818,1,0
189.9898,0.419,52.2465,1,0
189.8907,0.5497,51.3668,1,0
190.0303,0.3797,51.6404,1,0
190.0519,0.5582,51.3793,1,0
189.9176,0.3919,51.241,1,0
190.0229,0.5685,50.9088,1,0
190.2676,0.4276,51.8647,1,0
190.3842,0.4764,50.5578,1,0
190.0829,0.5507,50.8361,1,0
189.8949,0.3542,51.0501,1,0
189.7837,0.4767,51.4816,1,0
189.7774,0.5138,50.6219,1,0
190.0407,0.3927,51.1442,1,0
189.8916,0.3801,51.4224,1,0
190.3293,0.3929,51.6253,1,0
190.0621,0.494,51.3503,1,0
190.348,0.4857,50.606,1,0
190.0431,0.4848,50.5788,1,0
189.856,0.4686,52.6963,1,0
190.1981,0.4893,51.2984,1,0
190.0745,0.487,51.2705,1,0
190.0179,0.5072,50.4638,1,0
190.1462,0.5007,52.06,1,0
190.0514,0.4332,51.0916,1,0
190.2237,0.3814,51.2252,1,0
190.1956,0.5041,50.943,1,0
190.137,0.4111,49.7293,0,1
190.151,0.4163,51.1754,1,0
189.7384,0.4382,51.4883,1,0
189.9514,0.4232,51.934,1,0
189.7986,0.3443,51.7413,1,0
190.039,0.4324,51.4452,1,0
190.1201,0.4464,51.3447,1,0
190.0397,0.3833,50.8422,1,0
190.2045,0.4586,50.2326,1,0
190.2326,0.4161,50.7073,1,0
189.9,0.3914,51.402,1,0
190.0985,0.4036,51.2538,1,0
189.976,0.5157,52.3797,1,0
189.8787,0.4026,50.7435,1,0
189.8417,0.4224,51.5178,1,0
190.205,0.4602,50.7816,1,0
189.9575,0.5671,50.7196,1,0
190.1427,0.3645,50.5053,1,0
190.1317,0.4186,51.9582,1,0
190.0199,0.3573,50.9028,1,0
189.7937,0.5763,51.5951,1,0
189.861,0.51,51.977,1,0
189.9748,0.5509,50.3914,1,0
190.2025,0.549,52.1799,1,0
189.6408,0.5421,51.724,1,0
190.1147,0.5761,51.7616,1,0
190.0535,0.4662,50.8279,1,0
189.8895,0.4094,51.1739,1,0
189.7048,0.4262,50.8225,1,0
190.0136,0.4079,51.7317,1,0
190.2548,0.3596,51.7164,1,0
189.8845,0.6503,51.4455,1,0
190.123,0.5435,51.3092,1,0
190.2463,0.5243,51.8803,1,0
190.1348,0.4301,50.8469,1,0
190.0785,0.4768,51.3642,1,0
190.0936,0.4503,51.214,1,0
189.9091,0.453,51.3647,1,0
190.0671,0.4639,51.4298,1,0
189.6409,0.47,50.3351,1,0
189.7882,0.3527,51.0444,1,0
189.9224,0.4519,51.8802,1,0
189.9671,0.4339,50.529,1,0
189.8659,0.5182,51.3446,1,0
190.2667,0.4557,51.8424,1,0
189.6596,0.5444,50.3587,1,0
189.9979,0.3242,50.3925,1,0
189.9137,0.4853,51.8382,1,0
190.0219,0.463,51.0032,1,0
189.9408,0.3459,51.3797,1,0
189.8871,0.4934,50.0715,1,0
190.1117,0.3976,51.7483,1,0
189.9953,0.3028,51.3276,1,0
190.0907,0.4201,51.33,1,0
189.8154,0.3995,51.3225,1,0
190.0128,0.4294,50.9144,1,0
190.225,0.4187,50.7698,1,0
190.1361,0.5474,50.9141,1,0
190.023,0.3497,51.4931,1,0
190.0284,0.518,51.3268,1,0
190.3376,0.367,51.4336,1,0
190.071,0.4051,51.4161,1,0
190.0676,0.3727,51.2447,1,0
189.8675,0.3931,52.0828,1,0
189.8441,0.4,51.1303,1,0
190.0468,0.3708,51.6905,1,0
190.4087,0.4829,50.6531,1,0
190.1241,0.5169,51.8336,1,0
189.7719,0.5675,51.3814,1,0
189.848,0.341,51.9799,1,0
190.0867,0.5017,50.8891,1,0
190.2199,0.5474,50.9215,1,0
190.0135,0.405,51.3841,1,0
189.8461,0.5312,51.5729,1,0
190.0977,0.5388,50.4384,1,0
190.084,0.4085,51.7851,1,0
189.9464,0.5022,50.9072,1,0
190.1092,0.4336,51.0146,1,0
189.9476,0.4307,50.2428,1,0
189.7934,0.5219,50.3426,1,0
189.8924,0.4737,51.3268,1,0
190.0371,0.5057,50.8156,1,0
190.1574,0.4554,50.8564,1,0
190.0454,0.459,50.697,1,0
190.0198,0.4705,50.8135,1,0
189.6877,0.5216,51.6401,1,0
189.9887,0.4262,50.6095,1,0
190.1993,0.3753,51.4084,1,0
190.1457,0.4752,51.5945,1,0
190.0111,0.4565,51.669,1,0
190.1012,0.4009,51.3821,1,0
189.5015,0.4098,51.8473,1,0
189.8424,0.4156,52.3011,1,0
190.1571,0.529,50.7449,1,0
190.126,0.377,50.9123,1,0
190.1115,0.2482,50.9912,1,0
190.0892,0.4552,51.0214,1,0
189.7743,0.4676,51.9117,1,0
190.0238,0.5506,51.4339,1,0
189.9869,0.5126,51.1931,1,0
190.0132,0.5497,50.4324,1,0
189.6027,0.4216,51.2468,1,0
189.7943,0.307,51.5403,1,0
189.6036,0.4564,51.2467,1,0
190.0231,0.4071,50.8219,1,0
189.9897,0.3852,51.8688,1,0
190.2191,0.5232,50.9299,1,0
189.9907,0.4747,51.3611,1,0
190.0162,0.4417,51.7815,1,0
189.8342,0.6522,51.5083,1,0
190.109,0.3913,50.5832,1,0
189.805,0.5025,50.7109,1,0
190.1193,0.4434,50.2881,1,0
190.2272,0.3784,50.8974,1,0
190.2332,0.4678,51.5665,1,0
190.1176,0.4485,52.2962,1,0
190.2268,0.3589,51.3275,1,0
190.0767,0.4233,51.6743,1,0
190.0979,0.5721,51.2601,1,0
190.1434,0.4175,50.492,1,0
190.106,0.551,50.5399,1,0
190.0419,0.3857,50.7922,1,0
189.8592,0.4208,51.0175,1,0
190.0133,0.5489,50.3738,1,0
190.015,0.3568,51.0098,1,0
189.8454,0.4429,51.1459,1,0
190.1405,0.4466,50.5794,1,0
190.2186,0.5256,52.0002,1,0
189.9064,0.3154,51.2108,1,0
189.98,0.4704,50.9264,1,0
189.9276,0.4182,51.3172,1,0
190.1672,0.467,50.6746,1,0
189.9602,0.4211,51.4981,1,0
190.0095,0.4806,50.9338,1,0
190.1195,0.4964,50.9457,1,0
190.2223,0.3533,51.4463,1,0
190.0617,0.5019,51.4952,1,0
190.1017,0.4529,51.2595,1,0
189.9467,0.5312,50.8643,1,0
190.0714,0.4629,51.1282,1,0
190.1843,0.4129,51.5556,1,0
190.0133,0.3925,51.0107,1,0
189.8391,0.3762,51.188,1,0
189.8337,0.4595,51.8425,1,0
189.9825,0.492,50.7308,1,0
189.8738,0.496,51.3725,1,0
189.9131,0.4171,51.6564,1,0
190.0933,0.4461,51.9213,1,0
189.836,0.4048,50.4895,1,0
190.0371,0.5352,52.2236,1,0
190.0397,0.3949,52.2348,1,0
189.8154,0.5044,51.1448,1,0
189.7016,0.438,50.5072,1,0
189.864,0.5737,51.274,1,0
189.7941,0.3056,51.8086,1,0
189.8222,0.3986,51.4753,1,0
189.7198,0.645,51.1667,1,0
189.9974,0.4517,51.5454,1,0
190.1125,0.4338,51.5591,1,0
190.0049,0.56,51.2414,1,0
189.9877,0.3791,51.9218,1,0
190.0915,0.4646,51.3725,1,0
190.0629,0.3391,50.1738,1,0
190.1283,0.4851,51.8084,1,0
189.8602,0.3509,50.7615,1,0
190.0362,0.4807,51.4707,1,0
189.8549,0.5001,51.3248,1,0
190.093,0.5628,51.846,1,0
189.9453,0.5148,50.9136,1,0
189.9204,0.5191,51.0058,1,0
190.2011,0.5367,52.054,1,0
190.0662,0.513,51.8736,1,0
190.1525,0.3709,50.4863,1,0
189.708,0.4154,51.3068,1,0
190.0377,0.4236,51.6807,1,0
189.8301,0.4761,51.0688,1,0
189.5674,0.4833,50.7902,1,0
190.1119,0.4416,51.1617,1,0
189.8627,0.3832,50.6621,1,0
190.2374,0.4885,50.834,1,0
189.983,0.3647,51.1577,1,0
190.0624,0.4616,50.6767,1,0
190.0886,0.3017,51.1193,1,0
189.8758,0.5307,51.785,1,0
189.946,0.4128,51.1967,1,0
189.9377,0.4955,51.6143,1,0
190.0967,0.5655,51.1129,1,0
189.8915,0.5571,51.6852,1,0
189.9588,0.5788,50.4394,1,0
190.0939,0.4033,50.6426,1,0
189.9941,0.4667,51.2463,1,0
190.3451,0.3747,50.7197,1,0
190.1753,0.4225,50.7589,1,0
190.1434,0.6696,51.0976,1,0
189.9514,0.4944,50.5247,1,0
189.8399,0.5551,50.7604,1,0
189.8714,0.2891,50.6204,1,0
189.9279,0.5362,51.1789,1,0
189.8879,0.5056,51.5071,1,0
190.0978,0.5016,51.3748,1,0
189.8358,0.3866,51.6402,1,0
189.8863,0.3835,51.2012,1,0
190.2956,0.4825,50.2919,1,0
189.9368,0.4587,51.3831,1,0
189.939,0.5319,51.1349,1,0
190.0229,0.3495,51.3572,1,0
189.9479,0.3931,51.2462,1,0
190.0433,0.4151,51.6929,1,0
190.0059,0.4073,51.0857,1,0
190.1321,0.5045,50.6266,1,0
189.8903,0.4313,51.4975,1,0
190.3516,0.5293,50.8112,1,0
190.331,0.4686,50.547,1,0
189.8524,0.3436,51.5699,1,0
190.0421,0.2674,51.1344,1,0
189.9708,0.4083,50.9727,1,0
189.7245,0.4371,51.2271,1,0
190.2814,0.4791,51.3886,1,0
189.9534,0.3706,51.9998,1,0
190.0353,0.6349,51.4426,1,0
189.8654,0.4766,51.0458,1,0
189.9603,0.4416,50.9986,1,0
190.0862,0.4513,51.2869,1,0
189.8526,0.3939,51.7183,1,0
190.0022,0.4542,51.0554,1,0
189.8269,0.3975,51.4925,1,0
190.1609,0.5391,51.4154,1,0
190.1288,0.4808,51.1341,1,0
190.2057,0.5201,51.0917,1,0
189.7625,0.3984,50.8301,1,0
190.1304,0.3123,51.1843,1,0
190.1168,0.4343,51.696,1,0
190.2388,0.3999,50.5983,1,0
190.2344,0.3984,50.4501,1,0
189.7646,0.4646,51.7657,1,0
189.6583,0.4208,50.8207,1,0
190.0874,0.4099,51.9894,1,0
189.7866,0.4852,50.9077,1,0
190.0389,0.4031,50.6223,1,0
190.1839,0.3776,50.5001,1,0
189.8864,0.588,50.8113,1,0
190.2845,0.4956,51.2491,1,0
190.0033,0.418,50.9607,1,0
189.8795,0.4698,50.9449,1,0
189.8888,0.3604,51.6397,1,0
190.0147,0.5545,51.1276,1,0
190.0384,0.4942,51.2712,1,0
190.1763,0.565,50.8188,1,0
190.0661,0.5408,51.4335,1,0
189.8172,0.3554,51.1751,1,0
190.1479,0.4838,50.7235,1,0
189.8837,0.4122,52.0498,1,0
189.7671,0.4656,52.057,1,0
190.3557,0.5166,51.9493,1,0
190.0519,0.3595,50.9782,1,0
189.9249,0.3848,50.4346,1,0
190.2602,0.4049,52.3422,1,0
190.0933,0.574,50.7898,1,0
190.185,0.5069,50.7134,1,0
189.7231,0.3629,50.7636,1,0
189.9124,0.4841,50.6717,1,0
190.2807,0.4959,50.9879,1,0
190.0779,0.38,51.5879,1,0
190.0066,0.4345,51.0683,1,0
189.9922,0.5892,51.4423,1,0
190.366,0.5441,51.5621,1,0
189.847,0.4605,52.1543,1,0
190.0951,0.3889,51.2747,1,0
190.0906,0.5059,51.2009,1,0
190.2214,0.4229,50.6784,1,0
189.7216,0.5008,51.8266,1,0
189.914,0.5458,50.8157,1,0
189.932,0.651,51.1534,1,0
189.9033,0.5107,50.9787,1,0
189.9547,0.3699,51.0967,1,0
189.9276,0.6271,50.4711,1,0
190.069,0.4899,52.1064,1,0
189.8227,0.4456,51.2762,1,0
190.2675,0.4395,50.501,1,0
189.9716,0.398,51.9947,1,0
189.7532,0.4148,50.695,1,0
189.985,0.5435,51.1317,1,0
190.0363,0.4151,51.3514,1,0
190.0376,0.4061,51.8374,1,0
190.0263,0.4907,51.2413,1,0
190.1572,0.432,51.6959,1,0
189.8779,0.4198,51.4936,1,0
189.9774,0.4114,51.719,1,0
189.7096,0.4951,50.8664,1,0
189.9608,0.4367,51.0704,1,0
190.0492,0.5142,49.9612,0,1
190.0001,0.4788,51.523,1,0
189.9604,0.4643,51.2881,1,0
189.8201,0.4205,50.6417,1,0
189.5648,0.5312,51.2094,1,0
190.136,0.1508,49.9377,0,2
189.977,0.5589,51.3158,1,0
189.8165,0.4836,51.7836,1,0
189.9904,0.4203,51.1259,1,0
189.945,0.4986,51.7878,1,0
190.0618,0.4526,50.7615,1,0
189.994,0.5843,50.9185,1,0
190.0797,0.5483,50.9715,1,0
189.9096,0.3777,50.2029,1,0
190.2001,0.4516,50.135,1,0
189.9417,0.4176,51.0718,1,0
190.0428,0.4615,51.4316,1,0
189.8732,0.4318,50.687,1,0
190.0544,0.3696,51.2608,1,0
190.035,0.4875,50.6174,1,0
190.0387,0.4454,50.9232,1,0
189.9236,0.5167,50.3473,1,0
190.2894,0.5371,50.9307,1,0
190.1043,0.5739,51.2697,1,0
190.1268,0.4673,51.7025,1,0
190.1437,0.4717,50.8123,1,0
190.112,0.378,52.5833,1,0
190.0001,0.5361,51.2607,1,0
189.9886,0.4682,51.2889,1,0
189.8996,0.4419,51.5345,1,0
189.8739,0.4127,51.3683,1,0
189.8216,0.4566,51.5605,1,0
190.1524,0.5843,52.2649,1,0
190.2577,0.5662,51.615,1,0
189.9984,0.4216,51.5356,1,0
190.0346,0.3374,50.806,1,0
190.0461,0.3754,51.0274,1,0
189.8766,0.6162,51.0348,1,0
190.2514,0.3784,51.5489,1,0
189.8278,0.4571,50.2706,1,0
190.0766,0.5361,51.0595,1,0
189.6325,0.5603,51.1038,1,0
189.9064,0.3919,50.888,1,0
189.5631,0.397,51.281,1,0
189.9986,0.4842,51.1584,1,0
190.0332,0.4005,50.9655,1,0
190.2801,0.3776,50.6526,1,0
190.1173,0.5562,51.238,1,0
189.9604,0.5106,51.348,1,0
190.1908,0.4318,51.9187,1,0
190.1322,0.4273,50.3572,1,0
189.9603,0.615,51.4586,1,0
190.3071,0.4916,50.6414,1,0
189.9337,0.5293,50.0554,1,0
189.9335,0.5381,50.545,1,0
190.0171,0.3624,51.019,1,0
190.0947,0.4076,50.1963,1,0
190.1354,0.4708,51.472,1,0
189.8549,0.4703,51.5802,1,0
189.9446,0.3508,51.6931,1,0
190.1894,0.481,51.3162,1,0
190.1106,0.4607,51.434,1,0
190.0037,0.4126,50.4258,1,0
189.9019,0.3479,51.9963,1,0
189.6974,0.4805,51.2267,1,0
189.9539,0.4733,50.9495,1,0
190.0759,0.5028,51.4028,1,0
189.9211,0.3693,52.0724,1,0
190.1098,0.585,52.3933,1,0
189.9696,0.3324,51.2243,1,0
190.1852,0.4158,51.223,1,0
189.975,0.4675,51.3539,1,0
189.9878,0.4608,50.5281,1,0
190.2673,0.3442,49.8234,0,1
190.0349,0.3916,49.949,0,1
189.9777,0.4249,51.0494,1,0
189.7798,0.3382,51.1078,1,0
189.9725,0.324,51.0863,1,0
190.0956,0.523,51.2006,1,0
189.8997,0.5405,51.9501,1,0
189.5963,0.425,51.6282,1,0
189.9109,0.3317,51.3068,1,0
190.164,0.4959,50.5001,1,0
189.9184,0.4714,50.1787,1,0
189.9397,0.4817,51.1147,1,0
189.9858,0.3292,51.1603,1,0
189.7681,0.2985,51.3431,1,0
190.2401,0.5512,52.3777,1,0
189.67,0.434,51.9331,1,0
190.1968,0.404,50.8533,1,0
190.1923,0.4312,50.5153,1,0
190.0659,0.4308,50.5318,1,0
189.7818,0.3681,51.5752,1,0
190.079,0.4739,51.5297,1,0
189.9959,0.5759,50.8183,1,0
189.8574,0.4444,52.3539,1,0
190.1883,0.3584,51.7679,1,0
189.8599,0.5197,51.2041,1,0
190.2032,0.4757,50.5394,1,0
189.8828,0.3988,50.7448,1,0
189.8563,0.3836,51.4167,1,0
189.5771,0.4153,51.3254,1,0
190.0434,0.2295,50.8618,1,0
190.1832,0.35,50.736,1,0
190.0145,0.4118,50.8754,1,0
190.0991,0.5531,51.1406,1,0
190.1128,0.5744,51.5317,1,0
189.7034,0.5459,52.8392,1,0
189.9696,0.3362,50.5534,1,0
189.9026,0.3285,50.8736,1,0
190.1209,0.4328,50.9017,1,0
189.8073,0.3619,51.3132,1,0
190.033,0.5999,50.728,1,0
190.1722,0.4402,51.6393,1,0
189.9575,0.5106,51.5648,1,0
190.0661,0.4261,52.0008,1,0
189.8294,0.4357,50.8649,1,0
190.0596,0.4236,51.5984,1,0
190.1488,0.4807,50.5346,1,0
190.2119,0.4985,50.825,1,0
189.7885,0.3151,51.0601,1,0
189.9169,0.5052,51.2125,1,0
190.1472,0.4392,51.2214,1,0
190.1484,0.5889,51.8822,1,0
189.9579,0.4671,50.9417,1,0
190.0436,0.4533,51.5042,1,0
190.0598,0.3984,51.0082,1,0
189.915,0.3788,51.648,1,0
190.1795,0.4242,50.7818,1,0
189.8874,0.5172,51.834,1,0
189.9558,0.4727,51.355,1,0
190.1844,0.4319,51.0029,1,0
189.8553,0.3667,50.793,1,0
190.1502,0.5357,51.0681,1,0
189.7352,0.5224,50.8901,1,0
189.9878,0.4606,50.8357,1,0
189.8658,0.4471,51.5279,1,0
189.6698,0.3636,50.9233,1,0
190.0862,0.2422,50.0386,1,0
190.0898,0.2902,50.6895,1,0
190.0189,0.4775,51.517,1,0
190.0454,0.4601,51.6445,1,0
190.0056,0.443,50.9361,1,0
189.9569,0.503,51.4246,1,0
189.8725,0.3666,51.2869,1,0
190.2412,0.5381,50.8868,1,0
190.3691,0.5124,51.7077,1,0
190.0718,0.3981,51.1242,1,0
189.9572,0.471,51.0704,1,0
189.653,0.4494,51.1523,1,0
189.7904,0.3486,51.3365,1,0
190.0139,0.3534,50.6474,1,0
190.1855,0.3862,51.227,1,0
190.0824,0.4698,50.2452,1,0
190.0694,0.4791,50.163,1,0
189.9708,0.372,51.4032,1,0
190.0668,0.4598,50.8173,1,0
190.2682,0.4755,51.0998,1,0
190.2669,0.5501,51.8442,1,0
189.9058,0.4126,51.5693,1,0
189.9771,0.4097,52.3195,1,0
189.7574,0.4024,50.4203,1,0
190.0917,0.399,51.7714,1,0
189.8575,0.3998,50.9239,1,0
190.0667,0.4396,51.7237,1,0
190.0259,0.5307,51.3273,1,0
190.2898,0.4211,50.5778,1,0
190.1679,0.489,51.453,1,0
189.927,0.3431,50.9408,1,0
189.9831,0.5559,51.6643,1,0
189.755,0.4097,50.7722,1,0
190.1749,0.4573,52.0092,1,0
189.9391,0.4881,50.6016,1,0
189.9087,0.4409,51.5821,1,0
189.8909,0.5236,51.6959,1,0
190.0126,0.5252,51.6074,1,0
190.0248,0.4086,51.298,1,0
189.8909,0.4841,51.8974,1,0
189.9378,0.3828,50.3406,1,0
190.0493,0.4361,51.0534,1,0
190.0959,0.3734,51.9709,1,0
189.8599,0.5047,50.6508,1,0
190.148,0.446,51.4173,1,0
190.0717,0.5475,50.975,1,0
189.945,0.3554,51.6882,1,0
190.1036,0.4585,50.8693,1,0
189.6545,0.5647,51.8466,1,0
189.8422,0.5195,51.3747,1,0
190.0489,0.5203,51.8589,1,0
189.8256,0.483,50.6186,1,0
189.7749,0.5698,51.5368,1,0
189.7488,0.4235,50.5721,1,0
189.8823,0.3561,51.4888,1,0
190.1391,0.4961,51.6722,1,0
190.1505,0.5301,50.8379,1,0
190.0518,0.5214,51.2929,1,0
190.3195,0.4899,51.5841,1,0
189.9845,0.4672,51.5335,1,0
189.6817,0.4846,51.0525,1,0
189.9106,0.3526,51.3644,1,0
190.1353,0.4929,51.9929,1,0
189.9303,0.504,51.2019,1,0
189.9976,0.4717,50.3024,1,0
189.9984,0.4985,50.7839,1,0
190.0981,0.4825,51.3751,1,0
189.9836,0.4218,51.4197,1,0
189.6867,0.4052,51.4981,1,0
189.85,0.3659,51.4533,1,0
190.078,0.499,51.937,1,0
189.8923,0.4618,50.7383,1,0
189.8982,0.4258,50.7476,1,0
189.8901,0.5129,51.2235,1,0
190.0636,0.482,51.2518,1,0
190.587,0.498,50.9174,1,0
190.06,0.3352,50.9855,1,0
189.9862,0.4883,51.7007,1,0
190.2127,0.5208,50.7202,1,0
189.9849,0.4404,51.3522,1,0
189.92,0.4141,51.1055,1,0
190.1274,0.4842,51.5331,1,0
190.1316,0.3663,50.874,1,0
189.8151,0.4833,51.5064,1,0
189.9511,0.5467,51.1603,1,0
190.059,0.5472,51.812,1,0
189.5899,0.4037,51.646,1,0
190.0412,0.5531,50.921,1,0
190.304,0.4825,50.8889,1,0
190.035,0.3,51.0043,1,0
190.1001,0.3793,51.2096,1,0
189.8036,0.5049,52.0756,1,0
189.767,0.4017,50.6401,1,0
189.888,0.3149,52.1527,1,0
189.8739,0.5234,51.0857,1,0
190.1841,0.4437,51.0643,1,0
189.984,0.6455,51.6531,1,0
190.0081,0.3223,51.6282,1,0
190.1998,0.3685,51.1987,1,0
189.9162,0.6012,50.9644,1,0
189.9575,0.5346,51.2845,1,0
190.0144,0.3177,51.3175,1,0
190.0472,0.4868,50.9413,1,0
189.7946,0.5025,50.8333,1,0
190.1354,0.5471,50.7107,1,0
190.0841,0.3747,51.1955,1,0
189.7511,0.3741,51.4912,1,0
190.0305,0.4703,50.601,1,0
189.9182,0.5456,51.486,1,0
189.9055,0.5256,51.3571,1,0
190.358,0.3334,51.2542,1,0
190.2379,0.3829,50.7539,1,0
190.1037,0.4963,51.7324,1,0
190.1216,0.5111,50.6518,1,0
190.1916,0.5042,49.9086,0,1
189.9444,0.3689,51.5026,1,0
189.9689,0.498,50.9603,1,0
190.1695,0.3917,51.9372,1,0
190.2204,0.5218,51.2812,1,0
190.0278,0.439,51.0907,1,0
189.8673,0.3845,50.6751,1,0
190.159,0.3752,51.9397,1,0
190.1546,0.4364,51.145,1,0
189.9364,0.3734,51.2773,1,0
190.0023,0.4797,51.3723,1,0
190.0351,0.4952,50.4867,1,0
189.9291,0.406,50.6734,1,0
189.661,0.3817,51.1355,1,0
190.4447,0.361,51.7101,1,0
189.8796,0.405,50.7492,1,0
189.7693,0.3656,52.3738,1,0
190.1468,0.3873,51.9808,1,0
190.154,0.4268,51.2473,1,0
190.126,0.3056,50.8177,1,0
189.9115,0.3313,50.4169,1,0
189.8282,0.4547,50.8693,1,0
190.0558,0.4141,51.7206,1,0
190.2962,0.4207,49.9666,0,1
189.7209,0.4644,52.1114,1,0
189.8865,0.5167,51.1783,1,0
190.1637,0.5079,51.7636,1,0
190.0927,0.4705,50.828,1,0
189.902,0.471,51.5607,1,0
189.8377,0.4755,50.4985,1,0
190.0679,0.409,50.472,1,0
189.6785,0.3914,51.0004,1,0
189.8547,0.4314,51.0452,1,0
189.78,0.4403,50.7438,1,0
189.9843,0.3213,51.2078,1,0
189.9551,0.3393,50.5514,1,0
189.8622,0.5027,51.6867,1,0
189.9089,0.4708,50.9479,1,0
189.8567,0.4567,51.1569,1,0
189.7326,0.4117,50.9008,1,0
190.1437,0.3643,50.9184,1,0
189.8327,0.4302,49.9839,0,1
190.0202,0.5317,51.086,1,0
189.9829,0.411,50.9518,1,0
190.3043,0.5114,50.3726,1,0
189.8628,0.5139,51.471,1,0
189.8691,0.4895,52.0157,1,0
190.0129,0.5288,50.453,1,0
190.0159,0.4638,50.8906,1,0
190.16,0.5282,51.5039,1,0
190.0757,0.4804,50.8383,1,0
190.0625,0.4136,51.8168,1,0
189.8787,0.5661,51.4291,1,0
190.1046,0.4378,51.6692,1,0
190.0958,0.5354,50.9712,1,0
189.8935,0.4005,50.9833,1,0
189.9972,0.4151,50.8643,1,0
190.3767,0.4537,51.0637,1,0
190.2216,0.3053,50.4014,1,0
190.0554,0.4409,50.5308,1,0
189.8964,0.4687,51.2093,1,0
189.8024,0.5849,51.1078,1,0
190.0994,0.4244,50.7944,1,0
190.098,0.3878,51.1796,1,0
189.9973,0.4801,51.1188,1,0
189.8262,0.4897,51.2488,1,0
190.1345,0.4191,51.6783,1,0
189.8965,0.3962,51.484,1,0
190.1561,0.5818,50.7872,1,0
190.0435,0.2952,51.3664,1,0
189.9503,0.4776,51.2816,1,0
190.0156,0.4023,51.1986,1,0
189.9126,0.4337,50.6854,1,0
190.2062,0.4742,51.2436,1,0
189.8158,0.4172,51.1056,1,0
189.9934,0.2807,51.6326,1,0
189.9714,0.4965,51.7028,1,0
190.1997,0.5296,50.9999,1,0
189.9028,0.3465,50.5746,1,0
190.114,0.4869,51.4858,1,0
190.1565,0.5198,50.6486,1,0
189.939,0.3926,51.7575,1,0
190.0937,0.4555,50.8308,1,0
189.8144,0.3979,51.21,1,0
190.0269,0.3435,51.9386,1,0
190.1535,0.6688,51.3093,1,0
189.9563,0.5455,50.5137,1,0
190.0621,0.4474,51.1373,1,0
189.9542,0.4126,51.564,1,0
189.9438,0.5067,51.1574,1,0
190.3239,0.4256,50.2204,1,0
189.9031,0.4135,50.7667,1,0
189.7804,0.4979,51.0971,1,0
190.2464,0.4212,51.5097,1,0
189.9386,0.389,51.3355,1,0
189.7773,0.4703,51.1927,1,0
189.8704,0.5506,51.0686,1,0
190.1929,0.518,50.599,1,0
190.0643,0.4306,50.6724,1,0
190.0158,0.455,51.8932,1,0
189.9044,0.4383,50.2207,1,0
189.9034,0.4893,50.0977,1,0
190.247,0.461,51.4552,1,0
190.0496,0.3713,50.5755,1,0
189.9466,0.5949,51.9064,1,0
190.1461,0.452,51.2924,1,0
189.7441,0.3264,51.0229,1,0
189.8297,0.4538,49.9127,0,1
190.1142,0.3369,51.3098,1,0
190.3002,0.4599,51.4099,1,0
189.6725,0.3364,50.7459,1,0
189.8708,0.4243,52.1017,1,0
189.9861,0.4993,51.0633,1,0
189.9595,0.5246,51.1391,1,0
190.2112,0.4165,51.7201,1,0
189.9168,0.3944,50.4301,1,0
189.8436,0.3989,51.0872,1,0
189.8999,0.3517,49.9566,0,1
189.705,0.5404,51.705,1,0
189.8538,0.503,51.6295,1,0
189.7972,0.4153,50.2076,1,0
189.8248,0.3854,51.5837,1,0
190.1619,0.3651,51.143,1,0
190.0592,0.4062,50.2798,1,0
189.8691,0.392,50.9282,1,0
189.8661,0.4973,51.2339,1,0
189.942,0.4395,51.2858,1,0
189.9548,0.3775,51.1803,1,0
190.0626,0.2964,51.398,1,0
190.0264,0.3498,50.2014,1,0
190.1889,0.422,50.8755,1,0
189.8191,0.44,51.7359,1,0
189.9105,0.4738,51.192,1,0
190.0184,0.4499,50.9825,1,0
190.1534,0.4288,51.1441,1,0
190.2241,0.3663,51.3714,1,0
189.8393,0.4462,51.4352,1,0
190.0074,0.3677,51.0958,1,0
189.7052,0.4367,51.0023,1,0
190.1203,0.4846,51.2121,1,0
189.7781,0.3457,50.4644,1,0
189.9237,0.3915,50.8851,1,0
190.2158,0.3739,50.7024,1,0
190.2579,0.5687,50.4543,1,0
190.0319,0.3636,51.168,1,0
189.7457,0.486,51.4124,1,0
189.9201,0.4769,51.1762,1,0
190.0018,0.4697,50.3711,1,0
190.1231,0.3765,51.6146,1,0
189.8429,0.3631,50.8763,1,0
189.9958,0.5244,50.4501,1,0
189.9526,0.4259,52.1346,1,0
190.1769,0.4595,51.5913,1,0
189.9273,0.4376,52.1782,1,0
189.976,0.529,51.6404,1,0
189.979,0.4174,51.9259,1,0
189.9425,0.3584,51.293,1,0
189.973,0.4714,50.8131,1,0
190.087,0.4539,51.138,1,0
190.0374,0.5439,51.4975,1,0
189.9408,0.3928,51.0869,1,0
190.0834,0.5431,51.2989,1,0
189.6763,0.5386,50.3428,1,0
189.9089,0.465,51.9115,1,0
190.1782,0.3314,51.1906,1,0
189.955,0.5402,50.9328,1,0
189.9776,0.496,51.0948,1,0
190.2457,0.5762,51.2517,1,0
189.944,0.3711,51.4391,1,0
190.2275,0.4332,52.1305,1,0
189.8567,0.4007,51.6763,1,0
189.9064,0.5513,51.4281,1,0
189.9127,0.5011,51.3982,1,0
189.9751,0.4809,51.7163,1,0
190.4436,0.3479,50.8729,1,0
190.065,0.5193,50.823,1,0
189.9568,0.4143,50.4882,1,0
189.9529,0.4822,50.4883,1,0
190.1487,0.3819,51.1658,1,0
189.7913,0.4312,51.7727,1,0
190.2111,0.5661,50.84,1,0
189.9094,0.4076,51.1463,1,0
189.7107,0.3735,51.0059,1,0
189.8909,0.4119,51.8341,1,0
190.1995,0.5205,50.7111,1,0
189.7228,0.4664,51.1687,1,0
189.8632,0.4125,50.8338,1,0
190.0259,0.4602,49.87,0,1
190.0567,0.4034,50.803,1,0
189.8542,0.4843,50.6288,1,0
190.0721,0.4238,51.5086,1,0
190.168,0.5217,50.7988,1,0
189.836,0.4802,51.4348,1,0
190.0795,0.4209,51.5937,1,0
189.9996,0.4121,51.7169,1,0
189.98,0.3724,50.7363,1,0
189.8737,0.617,50.1037,1,0
190.4047,0.445,51.8765,1,0
189.9226,0.4774,51.1829,1,0
189.8956,0.3424,51.0934,1,0
189.9308,0.4679,52.0117,1,0
189.9182,0.4496,51.166,1,0
189.916,0.4877,52.6634,1,0
190.1033,0.4347,51.6461,1,0
189.9251,0.5139,50.9854,1,0
189.8364,0.4553,50.6239,1,0
190.0937,0.3293,51.4227,1,0
189.8604,0.4777,51.8976,1,0
189.7494,0.3926,51.1737,1,0
190.2974,0.5609,51.3052,1,0
190.0294,0.4105,50.9986,1,0
190.2307,0.5139,50.4589,1,0
190.0892,0.4337,51.2154,1,0
190.0938,0.4031,50.3708,1,0
189.906,0.4983,50.8591,1,0
190.1223,0.3995,52.0535,1,0
189.9095,0.3751,50.6783,1,0
190.0232,0.5251,50.8456,1,0
190.09,0.5797,51.0607,1,0
190.0603,0.5781,50.6101,1,0
190.1047,0.4692,51.6985,1,0
190.2679,0.4495,51.5778,1,0
189.6777,0.508,50.989,1,0
190.1096,0.4996,51.6712,1,0
189.9025,0.3629,51.6519,1,0
189.9606,0.5233,51.0494,1,0
189.8797,0.3655,51.3523,1,0
189.986,0.4877,50.3916,1,0
189.828,0.4148,52.032,1,0
190.1789,0.4711,50.9911,1,0
189.64,0.4781,50.839,1,0
189.9414,0.4401,51.1203,1,0
189.8515,0.4286,50.1959,1,0
189.7816,0.6287,51.3285,1,0
189.887,0.5221,51.4734,1,0
189.7806,0.4333,51.6471,1,0
189.9928,0.5636,51.3255,1,0
189.6595,0.398,51.3192,1,0
189.8777,0.51,50.8059,1,0
190.0629,0.4839,51.0003,1,0
190.0663,0.5127,51.4167,1,0
189.4431,0.3946,51.7169,1,0
190.0561,0.4879,51.6442,1,0
190.1533,0.4597,51.2322,1,0
189.9707,0.5037,51.3615,1,0
190.0457,0.4828,51.1486,1,0
190.205,0.4653,51.6158,1,0
190.0733,0.4223,51.8034,1,0
189.9201,0.3628,51.4157,1,0
189.8907,0.4288,50.9944,1,0
189.9529,0.4553,50.746,1,0
190.0379,0.4576,51.264,1,0
189.8689,0.4634,51.6113,1,0
189.8004,0.4158,50.2533,1,0
190.0925,0.4367,50.8354,1,0
190.1082,0.557,51.2751,1,0
190.1745,0.5198,51.6583,1,0
190.1119,0.4495,51.2245,1,0
189.9989,0.4879,51.6551,1,0
190.1166,0.4664,50.6889,1,0
190.023,0.4985,50.8919,1,0
189.737,0.4707,50.7096,1,0
189.8845,0.4972,51.5362,1,0
190.2022,0.5715,52.1242,1,0
190.038,0.3963,51.7269,1,0
189.8529,0.5652,51.4742,1,0
190.0588,0.58,50.4252,1,0
189.9016,0.3618,51.5936,1,0
190.0246,0.3954,51.3732,1,0
189.925,0.5304,51.7042,1,0
190.032,0.4456,51.5797,1,0
189.9564,0.401,50.7223,1,0
189.9068,0.5042,51.4017,1,0
190.0187,0.5272,51.3334,1,0
189.9399,0.4357,50.5478,1,0
189.5535,0.3313,51.3907,1,0
189.6826,0.5556,50.2988,1,0
190.1309,0.4228,51.8651,1,0
189.8857,0.4672,51.2267,1,0
189.9751,0.4325,51.4439,1,0
190.1534,0.4884,50.7387,1,0
190.1393,0.5152,50.5276,1,0
189.9934,0.383,51.7237,1,0
189.7055,0.5098,51.1231,1,0
189.8694,0.3559,51.3178,1,0
190.178,0.5166,50.6041,1,0
190.2713,0.3857,51.03,1,0
189.9153,0.4309,51.9573,1,0
189.9807,0.3629,50.7305,1,0
190.0942,0.3835,51.1389,1,0
190.278,0.5007,52.3642,1,0
189.9896,0.4779,50.7223,1,0
189.9706,0.503,51.6372,1,0
190.1749,0.4978,50.9242,1,0
189.9056,0.3879,51.3362,1,0
189.824,0.5003,51.5564,1,0
190.3363,0.445,50.5402,1,0
189.8546,0.3694,51.005,1,0
189.9811,0.5211,50.996,1,0
189.8918,0.5177,51.0545,1,0
190.0325,0.4708,50.916,1,0
190.2548,0.5571,50.9711,1,0
190.0963,0.4083,51.4859,1,0
189.9168,0.3665,51.828,1,0
189.9613,0.4241,51.1402,1,0
190.095,0.4431,50.4556,1,0
189.8925,0.4604,52.1334,1,0
190.0943,0.4455,50.978,1,0
189.9801,0.4106,51.3228,1,0
190.1202,0.5384,51.428,1,0
189.9766,0.3931,50.8187,1,0
190.0382,0.4863,51.6714,1,0
189.7302,0.4104,50.9264,1,0
190.1202,0.4244,50.9291,1,0
190.0191,0.4635,50.5444,1,0
190.0864,0.4142,50.9612,1,0
189.8546,0.4786,52.1771,1,0
190.128,0.4289,51.8663,1,0
189.9393,0.3123,51.2179,1,0
190.3126,0.4562,51.4926,1,0
189.7975,0.4505,51.3407,1,0
190.2182,0.3394,50.8582,1,0
190.0265,0.4658,50.6003,1,0
190.105,0.5245,51.4679,1,0
189.9562,0.4853,50.205,1,0
190.0203,0.4684,52.3361,1,0
190.3168,0.4079,50.9441,1,0
189.6236,0.5267,51.2791,1,0
189.9612,0.3557,51.2922,1,0
189.9973,0.5383,50.9327,1,0
189.9441,0.4596,50.6124,1,0
190.2669,0.3328,51.9417,1,0
190.0155,0.4039,51.0187,1,0
190.0215,0.4376,50.8436,1,0
190.0651,0.4053,51.3345,1,0
190.1759,0.4433,50.6846,1,0
189.6261,0.609,50.962,1,0
190.302,0.3777,51.5508,1,0
189.9505,0.469,51.7297,1,0
189.921,0.4146,50.7082,1,0
190.1648,0.5314,51.3508,1,0
190.1589,0.3087,52.1566,1,0
190.1087,0.4934,51.1005,1,0
190.0801,0.6216,51.6984,1,0
189.8694,0.4708,50.4054,1,0
189.8793,0.4681,51.7307,1,0
190.0582,0.5284,50.8707,1,0
190.1056,0.4853,51.0921,1,0
190.0874,0.4049,50.0509,1,0
190.0188,0.4454,51.5929,1,0
190.0548,0.425,51.1824,1,0
190.1164,0.4083,50.6554,1,0
189.6525,0.4142,52.0893,1,0
189.7458,0.4773,51.3299,1,0
190.0233,0.5376,50.5955,1,0
189.9932,0.4275,50.8814,1,0
189.9058,0.4678,51.1187,1,0
190.0479,0.4878,50.9938,1,0
190.1427,0.4532,51.3427,1,0
190.0706,0.4407,51.3832,1,0
189.9248,0.4451,51.122,1,0
190.0918,0.5806,51.734,1,0
189.9535,0.5266,51.1427,1,0
189.7961,0.4544,50.9351,1,0
190.0493,0.5558,51.2095,1,0
190.077,0.4763,51.2836,1,0
190.0536,0.4473,51.0852,1,0
189.82,0.5017,51.3466,1,0
190.073,0.4231,51.7424,1,0
189.9406,0.4342,50.9805,1,0
189.8822,0.4717,51.019,1,0
189.9794,0.3695,51.2701,1,0
189.9793,0.483,51.2196,1,0
190.0874,0.3983,50.9656,1,0
189.8207,0.4614,51.1201,1,0
190.006,0.4556,52.3264,1,0
190.172,0.3474,51.2757,1,0
190.1013,0.5327,50.9799,1,0
190.1045,0.5703,50.6299,1,0
190.1134,0.3429,51.7463,1,0
190.0587,0.5452,51.1591,1,0
189.9674,0.5364,50.8641,1,0
190.0241,0.49,50.8761,1,0
189.8047,0.421,51.542,1,0
189.8921,0.3477,51.5921,1,0
190.014,0.405,50.7874,1,0
190.0927,0.3846,50.9476,1,0
189.7927,0.5118,51.6527,1,0
189.8774,0.4412,50.7446,1,0
189.9008,0.461,50.5938,1,0
189.9957,0.3386,50.3414,1,0
190.0768,0.5001,51.9862,1,0
190.0006,0.4879,51.7161,1,0
190.0771,0.4099,50.3885,1,0
190.0363,0.5599,50.3054,1,0
190.1322,0.5789,50.739,1,0
189.9278,0.4604,50.7248,1,0
190.2677,0.4659,50.6685,1,0
190.0929,0.561,50.2936,1,0
190.1131,0.4675,50.7871,1,0
190.2575,0.4398,51.5212,1,0
190.2595,0.4805,51.9298,1,0
189.7658,0.4167,51.0448,1,0
189.837,0.4745,51.3918,1,0
189.9909,0.4917,51.3154,1,0
190.1722,0.6555,51.3942,1,0
190.1622,0.3879,51.2829,1,0
190.0189,0.4322,51.6406,1,0
190.0838,0.5101,51.3174,1,0
189.8112,0.3066,51.5129,1,0
190.1032,0.4767,50.8107,1,0
190.0036,0.4298,51.0852,1,0
189.9061,0.5989,51.1528,1,0
189.9707,0.5887,50.6795,1,0
190.051,0.4134,50.9372,1,0
189.9623,0.3545,51.362,1,0
190.048,0.3492,50.4787,1,0
190.0693,0.455,52.0634,1,0
190.142,0.4673,50.8426,1,0
190.0711,0.4595,51.8154,1,0
189.6593,0.4465,51.0346,1,0
189.9763,0.4925,52.0276,1,0
190.197,0.5725,51.5738,1,0
189.9708,0.3876,50.8872,1,0
189.7706,0.5982,51.1786,1,0
189.8117,0.4729,49.9857,0,1
190.2788,0.3853,52.1194,1,0
189.9242,0.4598,51.0743,1,0
190.0738,0.4647,51.235,1,0
189.9939,0.4122,50.5067,1,0
190.0321,0.3065,51.0845,1,0
189.9439,0.4252,51.8104,1,0
189.9459,0.4242,50.5974,1,0
190.1835,0.3509,50.9475,1,0
190.2295,0.2986,52.2442,1,0
189.7205,0.5023,51.0598,1,0
189.8702,0.4752,51.7041,1,0
190.0631,0.3593,52.3364,1,0
190.2147,0.518,51.3609,1,0
189.8749,0.4664,51.1619,1,0
190.1607,0.5086,50.3607,1,0
190.1624,0.4411,51.205,1,0
189.9327,0.4744,50.9883,1,0
189.9324,0.481,50.8855,1,0
189.933,0.3134,51.7853,1,0
190.0421,0.5442,50.9981,1,0
189.9602,0.48,50.8134,1,0
189.8844,0.5456,51.1818,1,0
189.8462,0.3005,51.6939,1,0
189.9914,0.3708,51.5692,1,0
190.0776,0.4356,51.7645,1,0
189.7974,0.3713,51.1317,1,0
189.9654,0.4178,50.944,1,0
189.8025,0.3667,51.1865,1,0
189.838,0.375,50.2712,1,0
190.0011,0.5056,50.4774,1,0
190.1592,0.4717,51.195,1,0
189.8946,0.5416,50.8634,1,0
190.1203,0.513,50.7789,1,0
189.8351,0.413,51.0153,1,0
189.9002,0.5078,51.9565,1,0
190.1687,0.4594,50.7898,1,0
190.0251,0.4122,50.6634,1,0
189.8585,0.4235,52.1072,1,0
190.1045,0.3772,50.6597,1,0
189.8643,0.4508,50.2567,1,0
190.098,0.3552,51.9972,1,0
190.0036,0.3264,51.5252,1,0
189.9024,0.5459,51.4332,1,0
190.1315,0.4501,51.7799,1,0
189.9842,0.3896,50.3482,1,0
189.7861,0.4587,50.8097,1,0
190.077,0.4382,51.4709,1,0
190.1618,0.493,50.8059,1,0
190.1047,0.5125,51.6122,1,0
190.1065,0.3248,51.7783,1,0
189.9764,0.4033,51.1461,1,0
189.8701,0.4834,50.8649,1,0
189.8388,0.4135,50.937,1,0
189.7771,0.5034,50.4734,1,0
189.9415,0.489,51.8783,1,0
190.0192,0.3114,51.1597,1,0
189.855,0.4464,51.317,1,0
189.8932,0.4967,51.6609,1,0
189.8065,0.4002,50.7968,1,0
190.3218,0.4681,51.4422,1,0
190.3851,0.3925,51.1283,1,0
190.1486,0.4385,50.8765,1,0
190.0583,0.4038,51.2944,1,0
189.8369,0.4278,51.4243,1,0
190.0696,0.5767,51.5782,1,0
189.952,0.4785,50.7704,1,0
189.7659,0.5169,52.7128,1,0
190.1234,0.4973,51.7726,1,0
190.0159,0.4105,50.7366,1,0
190.0946,0.3403,51.4748,1,0
189.9054,0.5219,51.425,1,0
189.8407,0.5495,51.1426,1,0
189.891,0.4894,51.0341,1,0
189.9614,0.3676,51.9386,1,0
190.1651,0.4238,51.2079,1,0
189.9351,0.361,51.8263,1,0
189.9209,0.4026,51.6946,1,0
190.073,0.3517,50.9618,1,0
190.1827,0.5769,50.9314,1,0
189.8349,0.3487,50.6101,1,0
189.9296,0.4093,50.7452,1,0
190.0026,0.4996,50.8005,1,0
190.1802,0.4301,52.4422,1,0
189.9381,0.4322,50.4955,1,0
190.077,0.3972,51.169,1,0
190.0706,0.4276,51.5158,1,0
190.1644,0.4247,50.6217,1,0
189.9587,0.4217,51.3534,1,0
190.1272,0.4697,50.6872,1,0
190.1483,0.3533,51.7238,1,0
190.2136,0.599,50.6359,1,0
190.208,0.4351,51.0214,1,0
189.7149,0.3904,50.695,1,0
189.8625,0.5684,50.4954,1,0
190.2121,0.4185,51.4259,1,0
189.7878,0.3486,51.5634,1,0
190.2558,0.4094,51.2748,1,0
190.1917,0.3784,50.9245,1,0
189.996,0.4957,51.7885,1,0
189.6305,0.342,51.7242,1,0
190.0225,0.4018,52.0659,1,0
189.943,0.5119,50.6249,1,0
190.0286,0.5346,50.8874,1,0
189.9185,0.3399,50.9481,1,0
190.0479,0.5264,50.7986,1,0
189.9312,0.4965,50.4199,1,0
190.1965,0.4917,51.5499,1,0
189.8762,0.4664,51.0302,1,0
189.9255,0.5179,51.3249,1,0
189.7888,0.5446,52.0691,1,0
190.0981,0.4948,51.8293,1,0
190.1256,0.5271,51.2862,1,0
189.97,0.4105,50.8431,1,0
190.0863,0.4735,51.3878,1,0
190.2377,0.4308,50.7041,1,0
189.9038,0.4662,51.7054,1,0
189.9812,0.4184,50.5332,1,0
189.9394,0.4778,51.0912,1,0
190.0316,0.4742,51.3253,1,0
190.0525,0.4198,51.8678,1,0
189.9632,0.5163,51.8667,1,0
189.8053,0.4595,51.4481,1,0
190.0808,0.5014,51.5114,1,0
190.0878,0.4629,51.1532,1,0
189.9289,0.404,50.5989,1,0
190.2357,0.6008,51.049,1,0
190.1231,0.5096,51.2438,1,0
189.7328,0.4139,51.0223,1,0
189.8976,0.5637,51.2013,1,0
190.0784,0.4845,51.5383,1,0
189.9739,0.3714,50.586,1,0
189.7369,0.4881,50.986,1,0
190.0008,0.5024,51.6345,1,0
190.2433,0.5692,51.5724,1,0
190.0581,0.4323,51.0224,1,0
190.1723,0.3234,50.9148,1,0
190.1522,0.5705,52.1087,1,0
189.9879,0.512,50.5159,1,0
189.9082,0.3638,50.7624,1,0
190.0163,0.4304,50.9771,1,0
189.9153,0.4625,51.0997,1,0
190.1011,0.4019,51.5684,1,0
189.9333,0.4061,50.8619,1,0
190.0976,0.4405,50.9015,1,0
190.0682,0.4303,50.9731,1,0
189.8962,0.3658,51.454,1,0
189.6416,0.5426,51.2347,1,0
190.1687,0.4795,52.2406,1,0
189.8737,0.3603,51.9358,1,0
190.2546,0.4303,50.1322,1,0
189.8826,0.4384,51.1747,1,0
189.7742,0.4941,50.1286,1,0
190.1057,0.4126,50.419,1,0
189.9472,0.3279,50.6707,1,0
189.9049,0.4544,51.0862,1,0
189.98,0.4422,50.3222,1,0
190.036,0.5196,51.5069,1,0
190.1128,0.3695,51.9085,1,0
189.9876,0.3309,51.226,1,0
189.8866,0.505,51.2771,1,0
189.9176,0.5155,51.3952,1,0
190.0919,0.497,50.1514,1,0
190.2692,0.4464,51.1284,1,0
189.9542,0.4803,51.5146,1,0
189.5765,0.4958,50.4495,1,0
190.1219,0.4527,50.1793,1,0
190.0751,0.5352,50.9208,1,0
190.1482,0.4542,50.8218,1,0
189.7646,0.3805,51.4773,1,0
189.7266,0.4131,51.1697,1,0
189.9773,0.3846,51.4501,1,0
190.0539,0.4119,51.1541,1,0
189.7634,0.4693,51.3944,1,0
189.7255,0.495,50.9575,1,0
190.0746,0.4703,51.0035,1,0
190.0824,0.3755,51.3526,1,0
189.733,0.4496,51.6246,1,0
190.0309,0.3778,51.0181,1,0
190.0326,0.4359,51.3637,1,0
190.144,0.4037,50.7916,1,0
189.7894,0.4846,51.3603,1,0
189.9127,0.5137,51.7182,1,0
189.6315,0.5341,50.7909,1,0
190.3353,0.4924,51.7105,1,0
190.0288,0.4303,50.6781,1,0
190.1473,0.4641,51.1134,1,0
190.201,0.3924,51.1945,1,0
190.0343,0.4716,51.7472,1,0
190.0259,0.4785,52.029,1,0
190.0954,0.5103,52.3707,1,0
190.0169,0.4811,50.8678,1,0
189.9862,0.4535,50.822,1,0
189.932,0.3992,50.5925,1,0
190.1353,0.3657,52.1946,1,0
189.9366,0.4151,51.3062,1,0
190.1626,0.5234,50.9314,1,0
189.9465,0.527,51.0369,1,0
189.9244,0.4587,51.6541,1,0
190.0091,0.5205,50.8733,1,0
190.119,0.5015,51.077,1,0
189.7864,0.4883,50.6522,1,0
189.876,0.4465,50.6453,1,0
190.1339,0.4873,50.1466,1,0
190.3726,0.3971,50.9989,1,0
189.9683,0.3865,51.0203,1,0
189.5992,0.4992,51.1382,1,0
190.0296,0.4753,51.7335,1,0
189.9193,0.3813,50.7944,1,0
189.9656,0.428,51.5969,1,0
189.94,0.3997,50.8056,1,0
189.9778,0.5456,51.0821,1,0
189.9257,0.3942,50.897,1,0
190.0936,0.4366,50.5216,1,0
189.9795,0.5095,51.5991,1,0
189.7223,0.4215,51.9295,1,0
189.786,0.5142,52.3276,1,0
190.0008,0.5339,51.4944,1,0
189.9764,0.4799,51.0825,1,0
190.0981,0.4366,50.5108,1,0
189.8334,0.4074,50.5773,1,0
190.0869,0.428,50.7275,1,0
190.036,0.5398,50.9173,1,0
189.8793,0.4373,50.367,1,0
189.862,0.4822,51.0729,1,0
189.8169,0.4982,50.9766,1,0
190.11,0.4976,51.3329,1,0
189.9151,0.5781,50.9711,1,0
189.9026,0.4288,50.5846,1,0
190.3432,0.498,51.454,1,0
190.0463,0.4288,50.61,1,0
190.1695,0.4031,52.2943,1,0
189.9327,0.524,52.0599,1,0
189.8247,0.3689,50.972,1,0
189.8928,0.4957,51.9035,1,0
189.8975,0.5599,50.7675,1,0
189.9428,0.5156,52.0236,1,0
189.7749,0.4294,51.5537,1,0
190.0909,0.3793,51.5555,1,0
189.8792,0.502,51.2237,1,0
190.0723,0.5483,50.6965,1,0
190.1404,0.3468,51.3768,1,0
189.9701,0.38,51.6158,1,0
190.1312,0.4579,51.4616,1,0
189.5318,0.5549,51.9703,1,0
189.8452,0.4173,51.2557,1,0
190.0859,0.3905,51.8692,1,0
190.1288,0.3667,51.7693,1,0
190.2335,0.4069,51.25,1,0
190.3001,0.5303,50.6575,1,0
189.9189,0.5076,50.811,1,0
190.0873,0.5423,50.528,1,0
190.0816,0.4216,51.6207,1,0
189.6879,0.4104,51.2812,1,0
189.8519,0.4629,50.9942,1,0
190.1473,0.4031,51.1748,1,0
190.1684,0.3902,51.4574,1,0
190.0521,0.5303,51.4434,1,0
190.1351,0.4117,50.8539,1,0
189.7391,0.473,51.1957,1,0
190.0492,0.5425,51.5482,1,0
190.0166,0.3872,51.3358,1,0
189.9216,0.4344,51.0482,1,0
190.0141,0.355,51.349,1,0
190.1822,0.4225,51.0196,1,0
189.8302,0.4254,50.5176,1,0
189.9724,0.396,50.2783,1,0
190.088,0.5243,51.3512,1,0
189.6721,0.444,51.0004,1,0
190.0788,0.336,51.1258,1,0
189.9872,0.4735,50.9206,1,0
190.1366,0.484,51.2385,1,0
189.9663,0.4241,51.0936,1,0
190.0969,0.5079,51.9141,1,0
189.6202,0.5217,51.8178,1,0
189.9262,0.5998,51.9411,1,0
190.0943,0.4002,51.0645,1,0
189.7811,0.5134,51.7384,1,0
189.7629,0.4426,51.2517,1,0
189.9631,0.5492,51.3417,1,0
189.93,0.5973,51.907,1,0
190.1523,0.3915,50.8899,1,0
190.2629,0.5105,51.3894,1,0
190.2274,0.3283,50.6231,1,0
189.7424,0.3902,50.6739,1,0
189.8838,0.4885,51.504,1,0
190.0825,0.4183,50.8157,1,0
189.9941,0.4687,51.4548,1,0
190.0171,0.4949,51.4783,1,0
190.0048,0.575,51.3923,1,0
190.1321,0.3095,51.4469,1,0
190.119,0.4802,52.3599,1,0
190.1273,0.4155,51.8602,1,0
190.085,0.4272,51.3044,1,0
190.2106,0.362,51.2123,1,0
190.0573,0.4495,51.6015,1,0
189.9923,0.403,50.9351,1,0
190.0941,0.5048,50.8904,1,0
189.8684,0.4996,50.5171,1,0
189.9393,0.4144,51.8916,1,0
190.0804,0.5215,50.8498,1,0
190.1216,0.4439,50.6927,1,0
190.035,0.4735,51.1792,1,0
190.0488,0.3906,51.5606,1,0
189.9228,0.4652,51.8533,1,0
189.7839,0.6309,51.064,1,0
190.0017,0.4878,51.2892,1,0
190.0433,0.5127,51.0874,1,0
190.3409,0.3544,51.7394,1,0
190.0535,0.4421,51.0069,1,0
190.0594,0.4166,50.7421,1,0
190.2892,0.4046,51.8709,1,0
190.1505,0.508,51.0399,1,0
190.0963,0.6063,51.3756,1,0
190.1262,0.529,50.4117,1,0
190.2461,0.3631,51.1077,1,0
189.8214,0.5387,51.3406,1,0
190.1315,0.3857,52.2369,1,0
190.0173,0.4205,49.5611,0,1
190.1757,0.3822,51.3107,1,0
190.237,0.4185,51.3608,1,0
189.6933,0.3578,50.8992,1,0
190.013,0.4183,50.7497,1,0
189.8756,0.3871,50.4839,1,0
190.0415,0.5094,50.8425,1,0
190.1118,0.4679,50.7036,1,0
190.3161,0.4129,51.0658,1,0
189.9392,0.4745,51.1081,1,0
189.9608,0.2578,51.8706,1,0
189.8107,0.4047,51.1146,1,0
190.1367,0.5786,52.6314,1,0
189.9174,0.3836,50.0606,1,0
189.9423,0.5615,51.0742,1,0
189.9089,0.4132,51.9315,1,0
189.8173,0.4542,50.8523,1,0
189.7031,0.4359,52.582,1,0
190.0306,0.4579,50.8258,1,0
189.9718,0.436,51.5996,1,0
189.8065,0.4963,49.9295,0,1
190.0761,0.5015,51.8424,1,0
190.0241,0.4008,50.7235,1,0
190.0327,0.4825,51.4504,1,0
189.7933,0.3849,51.2752,1,0
190.0278,0.4935,50.2786,1,0
189.8966,0.4871,50.2093,1,0
190.0783,0.5069,51.3115,1,0
190.2785,0.4289,51.4794,1,0
190.0141,0.4535,51.915,1,0
190.2256,0.4561,51.2028,1,0
189.9378,0.5509,51.3293,1,0
190.2437,0.4376,51.0663,1,0
190.0539,0.4433,51.3944,1,0
190.0368,0.4605,52.5905,1,0
189.9703,0.4521,51.9233,1,0
190.0677,0.4804,50.5185,1,0
190.0229,0.4825,50.869,1,0
190.0786,0.3449,50.7161,1,0
189.7957,0.5619,51.4423,1,0
190.0437,0.5581,51.308,1,0
190.0962,0.466,50.9403,1,0
190.1827,0.5113,51.1405,1,0
190.1805,0.4561,50.5723,1,0
190.1116,0.5617,50.8827,1,0
189.8533,0.5203,51.7652,1,0
190.087,0.3813,50.6578,1,0
189.8998,0.4664,51.1404,1,0
189.9834,0.4273,52.4675,1,0
190.2921,0.3758,51.2309,1,0
190.2468,0.4668,51.7516,1,0
190.1368,0.4184,50.8325,1,0
190.0241,0.4845,51.3777,1,0
190.0615,0.3662,50.9933,1,0
190.0193,0.4128,51.9054,1,0
189.7522,0.4576,50.8992,1,0
190.3701,0.4302,50.9242,1,0
189.847,0.4562,51.711,1,0
190.1706,0.4198,51.1842,1,0
190.03,0.4461,50.8404,1,0
190.0284,0.4692,50.8402,1,0
189.966,0.3893,50.6885,1,0
189.7918,0.4406,51.1287,1,0
190.0728,0.4866,51.5277,1,0
190.2763,0.6484,51.8517,1,0
190.1439,0.5657,51.0883,1,0
190.1673,0.4025,51.7602,1,0
190.0287,0.5422,51.6585,1,0
189.9114,0.3294,50.9304,1,0
189.8005,0.5826,50.8534,1,0
190.2872,0.4508,51.0692,1,0
190.1201,0.4017,51.8564,1,0
190.0594,0.4347,50.7667,1,0
189.7411,0.3589,51.1062,1,0
190.1369,0.496,51.3801,1,0
190.0248,0.4179,50.7569,1,0
189.9079,0.3058,51.1397,1,0
189.9046,0.3501,51.0139,1,0
189.8609,0.3394,50.2041,1,0
190.1797,0.4413,50.3065,1,0
190.0542,0.4336,51.2597,1,0
190.0599,0.4403,51.2175,1,0
190.0279,0.4575,51.2937,1,0
190.0712,0.3767,51.4432,1,0
190.1223,0.5113,51.3037,1,0
189.8563,0.581,51.2101,1,0
190.3213,0.4014,51.7955,1,0
189.9008,0.4029,50.6882,1,0
190.1212,0.4117,50.6659,1,0
189.7753,0.3465,51.5683,1,0
190.0328,0.4693,51.3247,1,0
189.9932,0.4528,51.29,1,0
190.039,0.4012,51.2051,1,0
189.8638,0.4676,51.4403,1,0
190.0449,0.4445,51.2939,1,0
190.0732,0.3862,51.6185,1,0
190.4317,0.4005,51.307,1,0
190.0874,0.6247,50.6808,1,0
189.8776,0.3922,51.6525,1,0
190.2264,0.4818,52.4192,1,0
189.9441,0.4164,50.7264,1,0
190.2484,0.4261,50.6514,1,0
189.8605,0.4143,51.0848,1,0
189.9579,0.4748,49.9971,0,1
189.9462,0.4409,51.026,1,0
190.0798,0.5542,51.2763,1,0
189.9338,0.4761,51.5768,1,0
190.32,0.3859,50.441,1,0
190.1001,0.4786,51.4301,1,0
190.1856,0.5231,51.4413,1,0
190.0129,0.3807,51.0915,1,0
190.2728,0.3666,50.2115,1,0
190.0481,0.5748,50.0049,1,0
190.202,0.4172,51.6662,1,0
189.8503,0.4846,51.4502,1,0
189.9664,0.2896,52.2804,1,0
189.8887,0.4833,51.5068,1,0
190.2349,0.4445,50.8917,1,0
189.9388,0.4708,50.6682,1,0
190.0722,0.4862,51.1476,1,0
189.7976,0.385,51.7625,1,0
189.9368,0.3842,51.0163,1,0
190.0794,0.4244,51.5144,1,0
190.0629,0.3815,51.3582,1,0
189.8704,0.4663,50.1503,1,0
189.9918,0.4135,50.2011,1,0
190.1425,0.3574,50.6097,1,0
189.5458,0.4408,52.3131,1,0
190.1142,0.405,50.76,1,0
190.1232,0.4351,50.333,1,0
190.0453,0.471,51.2058,1,0
189.7728,0.4249,51.7381,1,0
190.1068,0.4282,50.8544,1,0
189.8998,0.4304,51.1932,1,0
190.0403,0.3192,51.3166,1,0
189.8204,0.3641,51.0775,1,0
189.8936,0.4632,50.7221,1,0
190.1911,0.376,50.7524,1,0
190.39,0.4485,50.6942,1,0
190.0058,0.4154,51.4071,1,0
189.8082,0.3341,51.1993,1,0
190.2056,0.3204,50.9642,1,0
190.0397,0.5319,51.8111,1,0
190.2378,0.3874,51.9423,1,0
190.0872,0.466,51.024,1,0
190.0994,0.4906,51.5842,1,0
189.9669,0.4861,51.6602,1,0
190.0002,0.4711,50.9328,1,0
189.7196,0.3903,51.2177,1,0
189.9157,0.439,52.417,1,0
189.7444,0.5509,51.5,1,0
190.1083,0.5606,51.134,1,0
189.9112,0.4125,50.9099,1,0
190.2639,0.4063,51.6502,1,0
190.0966,0.3807,51.038,1,0
189.8656,0.345,51.0341,1,0
189.8037,0.4858,50.9452,1,0
189.8756,0.4629,51.1908,1,0
189.7694,0.4038,51.1635,1,0
189.9076,0.2695,51.3933,1,0
189.8964,0.448,50.7975,1,0
189.8312,0.5037,51.1069,1,0
190.0152,0.4727,52.0299,1,0
190.1608,0.4715,51.976,1,0
190.0987,0.4374,51.7405,1,0
190.0408,0.3588,51.0031,1,0
190.2341,0.482,51.2419,1,0
189.8059,0.4499,50.7396,1,0
189.9766,0.4534,50.968,1,0
190.0203,0.4454,51.0233,1,0
189.9477,0.4139,50.7237,1,0
189.8748,0.5376,51.7979,1,0
189.921,0.4937,52.0165,1,0
190.2606,0.4269,51.2288,1,0
189.8659,0.3958,51.9145,1,0
189.7218,0.5237,51.8196,1,0
189.8386,0.4334,50.6496,1,0
190.0654,0.3862,50.8737,1,0
190.2116,0.422,51.6802,1,0
189.8699,0.5024,50.7752,1,0
189.7007,0.4291,51.5962,1,0
189.9844,0.4534,50.8127,1,0
189.8374,0.274,50.5258,1,0
189.997,0.4149,50.3644,1,0
190.1016,0.5089,51.3423,1,0
189.9773,0.3964,50.8268,1,0
190.157,0.4487,51.5289,1,0
190.0037,0.2986,50.8351,1,0
189.7173,0.4299,51.9203,1,0
189.9395,0.394,50.7239,1,0
190.114,0.3499,51.1415,1,0
189.9863,0.4803,50.4539,1,0
190.1748,0.4482,51.5706,1,0
189.5984,0.4016,51.5208,1,0
189.9251,0.4698,50.955,1,0
190.0153,0.3893,50.762,1,0
189.8877,0.4019,50.1917,1,0
190.11,0.5427,50.6822,1,0
190.1866,0.4995,51.8142,1,0
189.55,0.3781,51.1426,1,0
189.925,0.4382,51.171,1,0
189.9283,0.4215,52.0599,1,0
190.2943,0.4697,52.0932,1,0
190.1273,0.4485,51.9331,1,0
189.8565,0.4084,50.7702,1,0
190.4649,0.5347,51.0548,1,0
190.0738,0.5276,51.2156,1,0
189.8609,0.5238,51.2042,1,0
190.1684,0.3659,50.6475,1,0
189.8246,0.5148,51.5299,1,0
189.7136,0.5022,51.1011,1,0
189.9185,0.5417,51.3868,1,0
190.1563,0.443,50.6106,1,0
189.5346,0.2976,51.8871,1,0
190.0953,0.4401,51.8511,1,0
189.6943,0.3263,51.0301,1,0
189.9331,0.4169,51.7915,1,0
190.1268,0.4693,50.7593,1,0
189.9719,0.4462,51.096,1,0
189.6818,0.411,50.5018,1,0
189.9579,0.3792,50.6814,1,0
189.8256,0.4753,52.1539,1,0
190.1288,0.4216,51.3802,1,0
189.8793,0.5779,50.364,1,0
190.104,0.425,51.0681,1,0
190.0595,0.3601,50.4919,1,0
190.0712,0.4603,51.1198,1,0
189.918,0.3688,51.0342,1,0
190.2009,0.3961,51.6611,1,0
190.0786,0.3814,51.7337,1,0
190.0585,0.4647,51.6657,1,0
190.0953,0.4415,51.6905,1,0
189.714,0.3924,51.6233,1,0
190.0768,0.5122,50.9925,1,0
190.0366,0.3843,50.9175,1,0
190.4665,0.4852,51.2556,1,0
189.9865,0.4478,50.7266,1,0
189.969,0.394,51.3162,1,0
189.7247,0.4047,51.0699,1,0
189.8977,0.4716,49.7901,0,1
190.07,0.3236,50.9597,1,0
189.9836,0.2965,50.9646,1,0
189.8089,0.4063,50.7477,1,0
190.1263,0.5592,50.2338,1,0
189.9045,0.4139,51.3687,1,0
189.7919,0.428,51.1424,1,0
189.8325,0.5777,50.9958,1,0
190.0257,0.3957,50.1993,1,0
189.9152,0.6507,51.3301,1,0
190.0162,0.4144,51.441,1,0
190.1284,0.5341,50.8001,1,0
190.2156,0.4841,50.4563,1,0
190.0269,0.377,50.4754,1,0
190.0051,0.478,51.0262,1,0
190.0106,0.3271,50.8819,1,0
189.966,0.4086,51.871,1,0
189.9909,0.406,51.0342,1,0
190.1332,0.4347,51.0078,1,0
189.9514,0.4734,52.4757,1,0
190.0189,0.3792,51.5694,1,0
189.9646,0.4353,51.256,1,0
190.1907,0.5328,51.7175,1,0
189.9668,0.3569,50.8831,1,0
190.1387,0.4654,51.3152,1,0
190.2116,0.5421,50.9968,1,0
189.8977,0.4478,50.7029,1,0
190.2208,0.3967,51.1274,1,0
189.8524,0.4388,51.6947,1,0
190.1651,0.43,52.0101,1,0
189.735,0.4806,50.2195,1,0
190.0698,0.5544,51.787,1,0
189.9294,0.4782,51.1805,1,0
190.2779,0.4884,52.4289,1,0
189.928,0.5938,50.7047,1,0
190.057,0.361,51.0032,1,0
189.7225,0.3397,51.0292,1,0
189.8459,0.539,51.3219,1,0
190.2113,0.4477,51.6656,1,0
189.9084,0.4951,51.1024,1,0
189.9394,0.4585,51.1703,1,0
190.1022,0.4633,51.1048,1,0
190.3561,0.2608,51.0469,1,0
189.8877,0.3706,50.8599,1,0
190.1452,0.4634,50.9292,1,0
189.8637,0.5926,51.7483,1,0
189.9478,0.4576,51.9602,1,0
189.8771,0.5554,50.9758,1,0
189.9482,0.4208,51.5981,1,0
189.8281,0.3552,51.1738,1,0
190.1304,0.4347,51.4704,1,0
189.932,0.5473,51.6601,1,0
189.8744,0.2928,51.4837,1,0
190.0347,0.3007,51.1448,1,0
190.0481,0.4796,51.5198,1,0
190.0401,0.4944,52.5126,1,0
190.223,0.6045,51.5924,1,0
189.71,0.443,50.9187,1,0
190.1019,0.5206,51.006,1,0
189.8072,0.3924,52.1159,1,0
189.6136,0.4022,51.0801,1,0
189.9651,0.4309,50.8457,1,0
189.9724,0.4304,52.4847,1,0
189.8826,0.4324,51.3422,1,0
190.0037,0.3881,51.4423,1,0
189.8393,0.4412,50.5061,1,0
189.9956,0.4348,50.8809,1,0
189.8616,0.4345,51.4985,1,0
190.1348,0.3992,50.6033,1,0
190.0355,0.4679,52.0527,1,0
189.9703,0.377,50.9687,1,0
190.301,0.4866,51.5576,1,0
189.7585,0.4852,51.8519,1,0
190.0013,0.5433,51.136,1,0
190.248,0.3585,50.9641,1,0
190.3092,0.4495,51.6759,1,0
189.8997,0.4309,51.5093,1,0
189.8057,0.5143,51.3505,1,0
189.8974,0.3947,51.4144,1,0
189.8272,0.4468,50.8365,1,0
190.2661,0.4095,50.6748,1,0
190.0749,0.2709,50.7914,1,0
190.0248,0.3685,51.1896,1,0
189.8769,0.4697,50.921,1,0
189.9443,0.4794,50.938,1,0
190.1319,0.4598,51.6488,1,0
189.956,0.4749,50.7162,1,0
190.0275,0.5206,51.4817,1,0
189.8274,0.3809,51.1079,1,0
189.9924,0.5511,52.1807,1,0
190.1059,0.3968,51.0748,1,0
189.9684,0.4844,51.2553,1,0
190.0181,0.3749,51.3779,1,0
190.0129,0.4128,51.1269,1,0
190.1057,0.389,51.8942,1,0
190.0566,0.4294,50.0421,1,0
189.6605,0.3734,50.3791,1,0
189.8229,0.4001,51.5371,1,0
189.9515,0.4586,50.0401,1,0
189.9872,0.4272,51.8534,1,0
189.9272,0.5243,51.136,1,0
189.9084,0.3828,50.9409,1,0
189.8087,0.5066,50.7677,1,0
190.0618,0.4338,51.6328,1,0
189.8343,0.4262,50.4207,1,0
189.7873,0.5011,50.8305,1,0
189.771,0.3727,51.2171,1,0
189.8859,0.3278,50.8631,1,0
189.7085,0.4442,50.8943,1,0
190.1202,0.3456,51.0811,1,0
190.0626,0.575,51.2187,1,0
189.824,0.4865,51.1615,1,0
190.3271,0.4783,50.7635,1,0
190.1125,0.3865,50.8545,1,0
190.1914,0.4543,51.1194,1,0
189.8194,0.4854,51.2184,1,0
190.1887,0.3606,51.2468,1,0
189.8988,0.5788,50.8955,1,0
190.0658,0.4463,50.6981,1,0
190.1122,0.3973,51.546,1,0
190.2506,0.3701,50.6961,1,0
190.0309,0.5636,50.3619,1,0
189.8929,0.4377,50.9157,1,0
190.0584,0.4639,51.1433,1,0
189.6832,0.5837,50.997,1,0
189.985,0.4808,51.2051,1,0
190.0908,0.4129,51.3544,1,0
190.172,0.4986,50.6449,1,0
190.0256,0.4912,52.3413,1,0
190.0169,0.3336,52.27,1,0
190.0113,0.4039,51.5876,1,0
189.8414,0.3901,50.4569,1,0
190.147,0.5145,51.8981,1,0
190.1458,0.461,50.8072,1,0
190.0142,0.415,50.5197,1,0
190.0171,0.4868,51.4175,1,0
190.1625,0.514,51.1144,1,0
189.9988,0.5048,51.6986,1,0
190.2667,0.4186,51.3005,1,0
190.0923,0.3379,51.8914,1,0
189.7025,0.4347,50.9328,1,0
190.0646,0.3763,50.754,1,0
190.0244,0.4593,51.9087,1,0
189.7785,0.4266,50.9465,1,0
189.8007,0.4236,50.7201,1,0
190.3186,0.2962,51.3687,1,0
190.0511,0.4647,49.9693,0,1
189.9025,0.4675,51.4515,1,0
190.1137,0.5191,51.4694,1,0
189.829,0.4365,51.606,1,0
189.9172,0.5257,50.861,1,0
190.1152,0.3899,50.6581,1,0
189.9197,0.4282,51.6475,1,0
189.9509,0.3859,50.6783,1,0
190.0886,0.4277,52.0515,1,0
189.7221,0.3721,51.2489,1,0
190.0979,0.4034,52.4013,1,0
190.3149,0.477,51.3899,1,0
189.8683,0.4161,51.699,1,0
190.0545,0.3921,51.7347,1,0
189.7504,0.5234,50.8525,1,0
190.0402,0.326,51.4659,1,0
190.0335,0.5051,50.704,1,0
190.0837,0.4342,51.2644,1,0
190.0347,0.4616,51.4561,1,0
189.8814,0.5096,51.3541,1,0
189.9334,0.4839,51.1114,1,0
190.0176,0.5253,51.2036,1,0
189.8501,0.4315,51.4479,1,0
189.9924,0.5936,51.4566,1,0
190.1795,0.4155,52.4326,1,0
189.9982,0.4848,51.7227,1,0
190.2763,0.4743,50.277,1,0
190.1441,0.4948,51.9016,1,0
190.122,0.4859,50.9861,1,0
189.9859,0.4121,51.3114,1,0
190.0033,0.45,51.3981,1,0
190.2611,0.4401,52.2649,1,0
189.9813,0.5779,50.4836,1,0
189.8871,0.4813,50.0018,1,0
189.969,0.4633,51.0041,1,0
189.9305,0.3587,51.1587,1,0
190.0422,0.2998,51.2496,1,0
189.755,0.4412,50.8448,1,0
190.0725,0.4512,52.2443,1,0
189.841,0.4494,51.1451,1,0
189.9504,0.4179,51.214,1,0
190.0908,0.33,51.0788,1,0
189.9173,0.6109,51.7929,1,0
190.1336,0.5023,51.8304,1,0
190.1171,0.4325,51.0069,1,0
189.9523,0.4576,51.476,1,0
189.8831,0.5242,50.4654,1,0
189.7665,0.431,50.6017,1,0
190.062,0.405,50.9497,1,0
189.9261,0.5121,51.5134,1,0
190.0083,0.4152,51.5241,1,0
190.1754,0.3923,51.5687,1,0
189.7734,0.4725,51.5167,1,0
189.9305,0.511,50.8987,1,0
189.9292,0.5817,50.9588,1,0
190.1368,0.555,50.8438,1,0
189.7432,0.4001,51.8054,1,0
189.8319,0.5891,50.863,1,0
189.7754,0.4584,51.5889,1,0
190.1817,0.4394,51.7182,1,0
190.0484,0.5079,50.3272,1,0
190.0176,0.4198,51.6899,1,0
190.0193,0.5146,52.0519,1,0
189.867,0.5261,50.7902,1,0
189.7714,0.4586,50.817,1,0
189.9625,0.4082,51.106,1,0
189.7805,0.5658,50.8751,1,0
189.908,0.3758,51.207,1,0
190.2098,0.4114,51.8495,1,0
189.8376,0.3482,50.7601,1,0
189.7727,0.5354,50.9968,1,0
190.2626,0.4445,50.2801,1,0
189.8199,0.5756,51.8097,1,0
189.8825,0.4291,50.8938,1,0
189.9878,0.5396,51.8901,1,0
189.9855,0.5335,50.532,1,0
190.0944,0.4376,50.4224,1,0
190.0894,0.5953,51.1437,1,0
190.1613,0.5621,50.3658,1,0
190.1263,0.5239,50.9099,1,0
189.761,0.4948,51.3339,1,0
190.1066,0.5232,51.5734,1,0
190.1022,0.485,51.2614,1,0
190.1374,0.4411,51.056,1,0
189.9872,0.4017,50.412,1,0
189.8729,0.4193,50.6782,1,0
189.7791,0.496,51.443,1,0
189.8322,0.4832,51.2045,1,0
189.8626,0.4936,51.2185,1,0
189.9257,0.3844,51.6295,1,0
189.8061,0.4428,51.1924,1,0
190.1641,0.3027,52.0875,1,0
190.045,0.4237,51.4593,1,0
189.9059,0.5472,50.8084,1,0
189.7629,0.3415,50.9889,1,0
189.945,0.4704,50.6492,1,0
190.2221,0.4779,50.9927,1,0
189.9569,0.4975,50.9626,1,0
189.7678,0.4559,51.5148,1,0
190.0552,0.3737,50.9919,1,0
190.0493,0.4025,51.8832,1,0
189.9299,0.5032,50.9291,1,0
190.1855,0.5556,51.323,1,0
190.0088,0.3816,51.4382,1,0
189.9754,0.4627,51.1879,1,0
189.8975,0.4115,50.3353,1,0
190.07,0.4713,51.7182,1,0
190.0441,0.3583,52.0621,1,0
189.9514,0.3013,51.0474,1,0
190.3833,0.4438,50.9267,1,0
189.7718,0.5365,50.4074,1,0
190.1598,0.4863,51.7302,1,0
190.1007,0.4504,51.9231,1,0
189.9197,0.4035,51.8013,1,0
190.089,0.4225,51.2968,1,0
190.058,0.4683,50.108,1,0
190.0583,0.5478,51.4233,1,0
190.1057,0.4201,52.192,1,0
190.0537,0.3448,51.5114,1,0
190.0986,0.516,52.4965,1,0
189.7136,0.4598,51.9773,1,0
190.0131,0.4414,50.8366,1,0
189.881,0.3511,51.8299,1,0
190.071,0.4126,51.4159,1,0
190.1798,0.259,51.1192,1,0
190.0554,0.326,50.9474,1,0
190.0261,0.3661,51.0651,1,0
190.2497,0.4058,51.0126,1,0
190.3057,0.5198,52.2933,1,0
189.9068,0.5117,50.8083,1,0
190.0771,0.4456,51.281,1,0
189.8727,0.4582,51.8833,1,0
189.8531,0.5477,52.304,1,0
189.9327,0.4813,51.3992,1,0
189.637,0.3991,51.2674,1,0
189.715,0.5301,51.0627,1,0
189.9951,0.4776,51.1969,1,0
190.129,0.5131,51.0406,1,0
190.026,0.5719,50.9269,1,0
190.0501,0.5631,50.7714,1,0
190.3084,0.4931,51.812,1,0
189.8809,0.3836,50.7041,1,0
189.9303,0.4168,51.0249,1,0
189.9339,0.302,51.0768,1,0
190.2288,0.2928,50.5523,1,0
189.8635,0.4944,50.3688,1,0
190.2053,0.523,51.1851,1,0
190.0532,0.4839,51.8084,1,0
189.5282,0.5056,51.7114,1,0
190.0,0.4374,51.4845,1,0
190.1986,0.3383,51.4736,1,0
189.5947,0.4192,49.9231,0,1
189.9674,0.5284,50.5844,1,0
189.9974,0.4327,50.4779,1,0
190.0871,0.4092,51.2868,1,0
190.2267,0.4929,51.0748,1,0
189.7652,0.5091,51.2675,1,0
190.1085,0.5154,51.0636,1,0
189.9035,0.3373,51.1409,1,0
190.1353,0.3634,51.4962,1,0
190.0885,0.3172,51.342,1,0
190.0124,0.4166,52.122,1,0
189.9662,0.4405,50.9677,1,0
190.1987,0.4879,51.4119,1,0
190.1679,0.6028,51.1546,1,0
190.0324,0.4365,50.6649,1,0
189.9112,0.5217,51.1969,1,0
189.9848,0.4913,51.0955,1,0
189.9155,0.4579,50.786,1,0
189.8308,0.3773,50.6387,1,0
189.922,0.5572,51.247,1,0
190.2132,0.3763,51.1349,1,0
190.0806,0.4473,52.1272,1,0
189.9318,0.4465,51.2555,1,0
190.0022,0.4987,51.0137,1,0
189.9096,0.3853,51.2004,1,0
189.8761,0.5555,51.2341,1,0
190.289,0.5376,51.2519,1,0
190.0114,0.4401,51.3392,1,0
190.1816,0.4393,51.4736,1,0
190.0491,0.4971,51.3731,1,0
189.9295,0.4195,51.8611,1,0
190.0852,0.5271,50.9919,1,0
189.8783,0.3956,51.3599,1,0
189.9579,0.5078,51.2205,1,0
189.9884,0.4454,51.6242,1,0
189.923,0.4738,52.0965,1,0
190.0119,0.5358,51.0808,1,0
189.9185,0.358,50.9024,1,0
189.7925,0.5022,50.8966,1,0
190.2954,0.4649,51.3521,1,0
190.1699,0.4171,50.8178,1,0
190.0962,0.4422,51.5616,1,0
190.138,0.3092,51.5248,1,0
189.9242,0.5312,51.0069,1,0
189.94,0.4791,51.0908,1,0
189.967,0.5107,51.4277,1,0
189.7884,0.45,51.2885,1,0
189.704,0.369,51.0872,1,0
189.7875,0.369,51.431,1,0
190.0672,0.4671,51.0569,1,0
190.0113,0.4769,51.3598,1,0
190.2443,0.444,50.8161,1,0
189.829,0.4382,51.9097,1,0
189.7324,0.3497,52.043,1,0
189.686,0.5279,51.7058,1,0
190.0545,0.413,51.1859,1,0
190.0218,0.4548,50.6526,1,0
190.296,0.4958,51.5219,1,0
189.8483,0.47,49.9405,0,1
189.7876,0.5018,51.8232,1,0
190.2461,0.4689,50.4195,1,0
189.6107,0.5263,51.9212,1,0
189.9644,0.4129,51.1157,1,0
190.2898,0.4669,51.3153,1,0
190.1789,0.474,51.6229,1,0
190.0099,0.5016,51.002,1,0
189.9558,0.3738,51.5073,1,0
189.9412,0.3899,50.6008,1,0
189.8105,0.4426,50.8049,1,0
189.7898,0.382,51.6604,1,0
189.9347,0.3704,50.8335,1,0
190.008,0.3929,51.5022,1,0
190.4166,0.403,50.7065,1,0
189.8026,0.4133,50.942,1,0
189.9388,0.6,51.6172,1,0
190.0358,0.3452,51.0701,1,0
190.1707,0.4416,51.1393,1,0
189.9933,0.5521,51.1801,1,0
189.8842,0.4495,50.5032,1,0
190.0577,0.4329,50.9419,1,0
190.3235,0.4922,50.9198,1,0
189.978,0.4065,52.2138,1,0
190.2796,0.4187,52.7097,1,0
189.8998,0.3148,51.2282,1,0
189.7785,0.439,51.755,1,0
190.2059,0.5244,51.9057,1,0
190.2024,0.3589,50.577,1,0
190.0141,0.427,50.7358,1,0
189.6078,0.4212,51.4804,1,0
189.8808,0.5436,51.8979,1,0
190.0,0.3452,51.2561,1,0
190.0703,0.2951,50.9884,1,0
190.1235,0.4588,51.5606,1,0
190.203,0.4772,51.3066,1,0
190.1781,0.5506,52.0087,1,0
189.9169,0.548,51.0732,1,0
189.9213,0.475,51.1487,1,0
190.1129,0.4217,50.5408,1,0
190.0218,0.5047,51.7501,1,0
190.2334,0.4787,51.7227,1,0
190.0474,0.4835,50.4552,1,0
189.5666,0.5225,51.9305,1,0
190.2068,0.4712,50.9243,1,0
190.1658,0.4802,51.4191,1,0
189.8648,0.5209,50.9438,1,0
189.8791,0.3961,51.0141,1,0
189.7322,0.28,51.4241,1,0
189.9077,0.4481,51.0846,1,0
190.0606,0.3608,50.5709,1,0
190.1519,0.3671,51.5645,1,0
190.0124,0.3536,50.4827,1,0
189.9205,0.3881,50.9071,1,0
189.8745,0.3547,50.0198,1,0
189.5205,0.4503,51.7514,1,0
189.9235,0.3523,51.819,1,0
190.4067,0.4489,51.8401,1,0
190.024,0.3547,51.3981,1,0
189.9332,0.439,50.7087,1,0
189.8853,0.5631,51.1245,1,0
190.0624,0.3722,51.355,1,0
189.855,0.4316,51.4209,1,0
190.0091,0.4982,50.6481,1,0
189.8621,0.5318,51.1682,1,0
190.0544,0.414,51.8432,1,0
190.0946,0.5266,51.8639,1,0
190.1384,0.4699,51.9057,1,0
190.127,0.4522,50.4509,1,0
189.9688,0.4698,51.3678,1,0
190.1888,0.4689,51.3686,1,0
190.0382,0.4866,50.7918,1,0
190.0018,0.4529,50.9944,1,0
190.3261,0.5055,51.0603,1,0
190.0924,0.5127,50.428,1,0
189.9019,0.4409,50.8578,1,0
189.921,0.484,51.7384,1,0
190.1161,0.4991,50.175,1,0
190.0672,0.3184,51.1701,1,0
190.0859,0.3368,51.0144,1,0
189.9261,0.4222,51.1338,1,0
189.9101,0.4519,52.3119,1,0
189.8324,0.3891,51.2343,1,0
189.6357,0.4093,50.7043,1,0
190.0888,0.3756,50.8929,1,0
190.1392,0.432,51.0968,1,0
189.9466,0.3354,51.057,1,0
190.1259,0.3917,51.781,1,0
190.0121,0.4276,51.2801,1,0
190.1355,0.3819,51.5834,1,0
190.0741,0.4957,51.1523,1,0
189.9401,0.3851,50.8416,1,0
189.8816,0.5418,50.4596,1,0
189.8868,0.5004,51.4638,1,0
190.0821,0.5135,51.4375,1,0
190.0154,0.5086,51.31,1,0
189.8518,0.4842,50.4797,1,0
190.1537,0.3489,50.5977,1,0
189.8906,0.4229,50.4,1,0
189.9632,0.4496,51.1316,1,0
190.0437,0.3885,50.5027,1,0
190.1565,0.479,50.6804,1,0
190.3247,0.457,50.9574,1,0
189.952,0.5766,50.8753,1,0
189.9697,0.3609,51.3503,1,0
190.1166,0.3926,51.2187,1,0
190.5511,0.4396,51.7181,1,0
189.934,0.3244,51.7436,1,0
189.7938,0.4868,51.4903,1,0
190.0422,0.4631,50.2792,1,0
189.9773,0.4337,51.5778,1,0
190.0734,0.5007,51.4309,1,0
189.7947,0.4336,50.4009,1,0
190.0628,0.4147,51.5819,1,0
189.9758,0.4321,51.1835,1,0
189.9437,0.4335,50.9954,1,0
189.9636,0.5423,50.9761,1,0
189.7949,0.3749,51.2263,1,0
189.8184,0.4159,51.3596,1,0
190.1279,0.4466,51.7484,1,0
190.1148,0.5177,50.3812,1,0
189.8796,0.4668,51.4909,1,0
190.2019,0.5147,51.076,1,0
189.7538,0.3738,51.351,1,0
189.8941,0.4907,50.7253,1,0
190.0577,0.5169,50.8545,1,0
189.9973,0.4252,50.946,1,0
190.0499,0.3972,50.5116,1,0
189.9829,0.536,51.9847,1,0
190.1144,0.515,51.3403,1,0
189.9808,0.4731,50.8869,1,0
189.9073,0.5101,51.0023,1,0
189.9863,0.5634,51.5104,1,0
190.1345,0.4369,51.5706,1,0
189.9646,0.5091,51.0622,1,0
189.8667,0.5204,50.9933,1,0
189.854,0.4216,52.1456,1,0
189.883,0.4419,51.7462,1,0
190.1743,0.5074,50.8847,1,0
189.9309,0.4083,51.6335,1,0
190.0709,0.5074,51.5851,1,0
190.0121,0.4998,50.694,1,0
189.8705,0.4766,50.7484,1,0
190.0175,0.4388,51.4816,1,0
190.0068,0.5658,51.6856,1,0
190.0887,0.4678,52.3152,1,0
189.8182,0.4013,51.3679,1,0
190.2759,0.3922,50.4652,1,0
190.0589,0.3994,50.8951,1,0
189.9661,0.3271,51.2745,1,0
189.7775,0.5137,50.5058,1,0
189.9564,0.4698,51.4185,1,0
190.1326,0.3712,51.2421,1,0
190.1756,0.5541,50.9539,1,0
190.0909,0.4889,51.1542,1,0
190.2762,0.5853,50.9271,1,0
190.0543,0.4161,51.606,1,0
189.7442,0.3671,50.8314,1,0
190.0487,0.477,50.7776,1,0
189.9977,0.5415,50.9919,1,0
189.9004,0.4154,51.2844,1,0
190.188,0.5559,51.4692,1,0
189.9735,0.5025,51.4646,1,0
190.2022,0.4408,51.5318,1,0
190.0268,0.4772,51.3793,1,0
189.8651,0.4158,51.6189,1,0
190.2545,0.4215,51.7615,1,0
190.0055,0.4519,51.2723,1,0
190.1149,0.387,51.1927,1,0
189.5517,0.5071,51.3113,1,0
189.6943,0.4596,51.4174,1,0
190.0136,0.55,50.5631,1,0
190.0057,0.4509,50.9563,1,0
189.9139,0.4606,50.7767,1,0
190.0326,0.4846,51.8489,1,0
190.2184,0.5373,51.2077,1,0
190.3009,0.4488,50.5602,1,0
190.2162,0.5246,50.2666,1,0
190.0451,0.5079,50.957,1,0
190.105,0.3585,50.6484,1,0
189.8875,0.4636,51.2833,1,0
189.9585,0.4497,50.4272,1,0
190.0385,0.4179,51.0917,1,0
190.0496,0.4677,51.335,1,0
189.9461,0.4549,50.0988,1,0
190.121,0.3875,50.8671,1,0
190.1395,0.3864,51.0076,1,0
189.6681,0.2786,51.3465,1,0
190.0467,0.4841,52.0176,1,0
190.0748,0.3264,51.7683,1,0
189.965,0.3959,52.2355,1,0
189.9826,0.5182,52.0322,1,0
189.6914,0.4404,51.2994,1,0
189.8804,0.4166,51.2785,1,0
190.1029,0.5857,50.9324,1,0
190.0716,0.448,51.0534,1,0
190.21,0.3549,51.4011,1,0
189.8634,0.3999,52.0564,1,0
190.1757,0.4516,50.9871,1,0
190.0015,0.4435,51.2518,1,0
189.9401,0.3442,50.7975,1,0
190.1953,0.4724,50.9647,1,0
189.8246,0.3188,51.286,1,0
189.7478,0.4727,50.3045,1,0
189.8749,0.3533,51.7874,1,0
190.3034,0.4329,50.6439,1,0
189.5578,0.4965,50.8963,1,0
189.807,0.4568,50.8261,1,0
189.9993,0.4956,50.7062,1,0
190.102,0.3891,50.8051,1,0
189.8104,0.5613,50.5914,1,0
190.1408,0.4609,50.7577,1,0
190.042,0.4209,51.1658,1,0
190.3345,0.388,51.966,1,0
190.1653,0.4045,51.5395,1,0
190.0268,0.5569,51.506,1,0
189.9831,0.5212,51.1825,1,0
189.7099,0.3675,52.1057,1,0
190.0024,0.4841,50.9855,1,0
190.1074,0.5622,51.7518,1,0
189.7058,0.4172,51.0781,1,0
189.8096,0.4776,51.9724,1,0
189.9997,0.541,51.875,1,0
189.8707,0.3761,51.3642,1,0
190.0066,0.3557,51.2599,1,0
190.1338,0.4951,50.9051,1,0
189.8503,0.349,50.7341,1,0
190.2919,0.3777,51.2419,1,0
190.1473,0.4422,50.684,1,0
189.8522,0.5318,50.8186,1,0
190.0955,0.4779,50.5389,1,0
190.0464,0.3926,51.4335,1,0
190.0356,0.5144,52.0082,1,0
190.1499,0.5024,51.0583,1,0
189.9303,0.4583,51.0545,1,0
190.0929,0.5506,50.6535,1,0
189.874,0.3977,50.9568,1,0
190.3123,0.373,51.1487,1,0
189.9311,0.4779,51.0316,1,0
189.736,0.4236,51.9295,1,0
190.0549,0.3895,51.7928,1,0
189.9468,0.4316,51.482,1,0
189.9578,0.4406,52.0824,1,0
190.0114,0.4133,50.9111,1,0
190.1419,0.6072,50.3519,1,0
190.4155,0.5497,50.5725,1,0
190.0102,0.3149,51.1617,1,0
189.9696,0.5435,51.1196,1,0
190.0515,0.4876,51.2921,1,0
189.8266,0.5047,50.2786,1,0
189.9635,0.3522,51.4824,1,0
190.0369,0.3493,51.0908,1,0
189.9846,0.6611,50.9103,1,0
189.8841,0.477,50.4042,1,0
189.7445,0.4057,51.0323,1,0
189.7502,0.3674,50.1362,1,0
189.8572,0.4791,50.9081,1,0
190.3786,0.4603,51.7477,1,0
189.783,0.4336,51.1813,1,0
190.102,0.4816,51.067,1,0
189.9857,0.2705,51.6886,1,0
189.7584,0.5357,51.0921,1,0
189.9804,0.4399,50.8178,1,0
189.9191,0.4713,51.254,1,0
190.2763,0.5261,51.1756,1,0
190.0846,0.4475,51.9886,1,0
190.1114,0.5331,50.3098,1,0
189.9399,0.3862,51.108,1,0
189.9161,0.5407,50.8397,1,0
189.9353,0.4537,51.0432,1,0
189.9683,0.4783,52.7302,1,0
190.032,0.5768,51.05,1,0
189.83,0.4783,50.9705,1,0
190.107,0.4211,50.8127,1,0
189.9324,0.4488,50.7929,1,0
189.7106,0.552,51.7032,1,0
190.0107,0.47,51.6406,1,0
190.109,0.392,51.3308,1,0
190.2866,0.3907,51.4815,1,0
190.1362,0.5943,51.6651,1,0
189.9372,0.5339,51.5002,1,0
190.0854,0.497,50.7822,1,0
190.2071,0.4772,50.5834,1,0
190.2342,0.5637,51.8678,1,0
189.9481,0.4335,51.1433,1,0
190.0655,0.5535,51.0871,1,0
189.7357,0.4679,51.1925,1,0
189.9716,0.4301,51.338,1,0
189.926,0.4599,51.1523,1,0
190.153,0.4917,50.3844,1,0
189.6451,0.4776,51.8493,1,0
189.9417,0.4037,51.671,1,0
189.9834,0.5449,51.7176,1,0
189.7386,0.3969,50.2009,1,0
189.9874,0.3285,51.8143,1,0
189.8279,0.4879,51.1905,1,0
190.0159,0.5045,51.0953,1,0
190.1336,0.5461,51.1395,1,0
190.1246,0.5807,51.2509,1,0
190.2745,0.4804,51.1041,1,0
189.8247,0.4696,51.2242,1,0
190.1253,0.463,50.6995,1,0
190.1238,0.4333,50.78,1,0
189.9914,0.3773,51.4426,1,0
190.0818,0.5326,51.5316,1,0
190.2023,0.4033,51.4872,1,0
190.139,0.4619,50.9251,1,0
190.3801,0.4072,51.2958,1,0
190.1617,0.4541,50.9786,1,0
189.7867,0.5338,51.3729,1,0
190.0659,0.5072,51.084,1,0
189.6808,0.5968,51.5812,1,0
190.1871,0.505,50.888,1,0
189.7597,0.3845,51.7782,1,0
190.1092,0.4683,52.1226,1,0
189.7154,0.4187,51.3375,1,0
190.0613,0.4958,51.0911,1,0
189.8906,0.4997,51.313,1,0
190.102,0.451,50.4195,1,0
189.882,0.5158,51.0908,1,0
189.7304,0.4313,51.0398,1,0
189.8041,0.5442,51.4128,1,0
189.8413,0.4984,50.876,1,0
189.9323,0.3684,52.452,1,0
190.0883,0.489,51.1771,1,0
190.1377,0.4728,50.9067,1,0
190.1596,0.4487,51.4673,1,0
189.8153,0.5011,51.4926,1,0
190.057,0.4935,49.2947,0,1
190.0807,0.4689,50.4727,1,0
190.0661,0.4297,52.0578,1,0
190.269,0.3736,50.2998,1,0
190.0116,0.3996,51.3867,1,0
189.9134,0.4928,50.5938,1,0
189.9901,0.4013,50.7591,1,0
189.9449,0.3586,51.2415,1,0
189.9041,0.4982,50.5686,1,0
189.8571,0.515,51.2611,1,0
189.7763,0.4993,50.6741,1,0
190.012,0.5153,51.3199,1,0
190.0558,0.4287,51.5099,1,0
190.1981,0.4944,50.9028,1,0
189.8882,0.463,50.6887,1,0
189.9492,0.3714,50.0352,1,0
190.2201,0.3833,50.7316,1,0
190.1645,0.4841,51.4334,1,0
190.0012,0.3935,50.4497,1,0
190.1478,0.5342,51.7506,1,0
189.8839,0.4218,51.4207,1,0
189.7773,0.4612,51.1621,1,0
189.9458,0.5117,50.7864,1,0
190.0203,0.6408,50.7721,1,0
189.8817,0.3763,51.2575,1,0
189.8963,0.5157,51.2518,1,0
189.9448,0.4601,50.8327,1,0
190.2202,0.5121,51.3266,1,0
190.0306,0.3536,51.0216,1,0
189.8705,0.4562,51.4901,1,0
190.0522,0.4137,50.7847,1,0
189.8153,0.4551,51.2649,1,0
189.9359,0.4629,51.2766,1,0
189.9642,0.3814,50.8926,1,0
190.1663,0.4322,52.0393,1,0
189.9069,0.4722,51.2417,1,0
189.8805,0.479,51.8858,1,0
189.9526,0.4791,51.5505,1,0
190.1988,0.3983,50.6996,1,0
189.9889,0.457,52.1448,1,0
189.839,0.4914,51.1087,1,0
190.0427,0.4306,51.5572,1,0
189.8243,0.4741,51.2896,1,0
190.0519,0.3238,51.3735,1,0
190.0161,0.4626,50.5144,1,0
190.0917,0.5316,50.3411,1,0
190.2785,0.5484,51.61,1,0
190.1913,0.5146,50.8935,1,0
189.8021,0.3768,51.5691,1,0
189.8842,0.4341,50.9363,1,0
190.0157,0.5728,50.8663,1,0
190.0261,0.4265,50.8881,1,0
189.9567,0.323,50.6524,1,0
190.0607,0.506,51.5947,1,0
190.1538,0.5868,50.8548,1,0
190.1638,0.5081,49.9203,0,1
189.963,0.5063,50.708,1,0
190.2101,0.5488,52.0955,1,0
190.1603,0.4078,50.8278,1,0
189.9425,0.4895,51.2144,1,0
189.8428,0.4005,51.4579,1,0
190.3306,0.5378,50.1284,1,0
190.0351,0.5614,50.6291,1,0
189.8082,0.2906,51.4912,1,0
189.9485,0.4831,51.0036,1,0
189.9073,0.4072,50.5708,1,0
189.7434,0.44,51.2438,1,0
189.8595,0.3822,50.886,1,0
190.0194,0.5454,51.2035,1,0
189.995,0.3701,51.0252,1,0
189.9304,0.5603,51.3156,1,0
190.0497,0.5167,50.8014,1,0
190.0447,0.3468,51.2917,1,0
189.8467,0.3922,51.5413,1,0
190.0889,0.495,50.7603,1,0
189.8901,0.3019,51.3004,1,0
189.9824,0.4275,50.8593,1,0
190.1167,0.5662,50.9195,1,0
189.9174,0.5279,50.767,1,0
189.8126,0.5783,51.9672,1,0
189.924,0.4196,52.1192,1,0
190.2736,0.3678,52.1502,1,0
190.2997,0.5499,51.966,1,0
190.4688,0.4087,50.4117,1,0
190.2429,0.4848,51.5058,1,0
189.9858,0.5046,51.7068,1,0
189.9097,0.376,51.5118,1,0
190.0814,0.4805,51.0728,1,0
190.0555,0.5826,50.7961,1,0
190.0048,0.4841,51.9832,1,0
189.9427,0.428,50.8265,1,0
189.9886,0.3946,51.2049,1,0
189.9825,0.3689,51.2473,1,0
189.9503,0.3592,50.5361,1,0
190.1654,0.3215,51.1074,1,0
189.7461,0.4866,50.9602,1,0
189.7577,0.41,50.7201,1,0
190.1847,0.5197,51.2266,1,0
190.1261,0.4783,50.7828,1,0
190.0208,0.4269,50.6972,1,0
189.7863,0.4393,52.0609,1,0
190.1447,0.573,50.8193,1,0
189.7797,0.6257,51.1544,1,0
190.027,0.4689,51.0166,1,0
189.9429,0.4114,50.365,1,0
189.8863,0.5206,51.2921,1,0
189.9656,0.4785,51.0102,1,0
189.8398,0.3934,51.4077,1,0
189.9496,0.5602,51.9329,1,0
189.9902,0.4357,50.9733,1,0
190.0916,0.4666,50.8761,1,0
189.695,0.3987,51.5031,1,0
189.9607,0.3435,51.2278,1,0
189.8609,0.4548,51.7806,1,0
189.8406,0.3975,51.295,1,0
189.981,0.3504,50.9797,1,0
189.8967,0.3799,50.943,1,0
189.9017,0.5637,51.2272,1,0
189.775,0.4435,51.0995,1,0
189.9697,0.4977,52.06,1,0
190.0114,0.5281,51.5367,1,0
189.9861,0.6097,51.5018,1,0
189.9681,0.4212,51.1478,1,0
190.3736,0.4565,51.9031,1,0
189.8412,0.4277,51.0479,1,0
190.0098,0.566,50.4803,1,0
189.8631,0.3742,50.424,1,0
189.7807,0.5561,50.3745,1,0
190.3328,0.4979,51.2171,1,0
189.7891,0.4095,51.7546,1,0
189.9308,0.5409,50.8166,1,0
190.0324,0.5014,50.5054,1,0
189.8593,0.4547,50.7609,1,0
190.1622,0.463,51.0715,1,0
189.7223,0.5108,51.7726,1,0
190.112,0.4054,51.2248,1,0
190.1279,0.3748,51.325,1,0
189.9376,0.4344,50.8183,1,0
190.03,0.3469,50.0214,1,0
189.7754,0.4728,51.2359,1,0
189.7755,0.5009,51.3981,1,0
190.1095,0.4492,51.7494,1,0
189.944,0.3661,50.8857,1,0
189.8526,0.3007,51.5299,1,0
189.8318,0.4845,51.437,1,0
190.0086,0.4802,51.0122,1,0
190.0393,0.5414,50.9885,1,0
189.9575,0.3993,50.6271,1,0
189.7739,0.3853,50.6536,1,0
189.8348,0.3696,51.89,1,0
190.472,0.4921,51.0212,1,0
190.0218,0.4052,51.0461,1,0
189.9464,0.4871,49.9817,0,1
189.8805,0.4713,51.382,1,0
189.9071,0.6013,51.3009,1,0
190.1047,0.5101,51.3839,1,0
190.2762,0.4485,50.8429,1,0
189.9126,0.4508,51.5929,1,0
190.2471,0.4905,51.097,1,0
190.0439,0.5162,51.3374,1,0
190.0268,0.4799,50.6795,1,0
189.8225,0.4809,50.8704,1,0
190.0052,0.4116,49.8407,0,1
190.0796,0.371,51.4876,1,0
190.1254,0.4411,51.999,1,0
190.0618,0.4486,50.8974,1,0
190.2528,0.3983,51.0698,1,0
190.052,0.4897,51.9311,1,0
190.0062,0.4621,51.0033,1,0
190.0402,0.5585,50.7646,1,0
189.8761,0.5223,51.3294,1,0
190.0436,0.3301,51.2671,1,0
190.0565,0.4905,52.0477,1,0
189.9473,0.4696,51.0481,1,0
190.0513,0.3932,50.9609,1,0
189.6498,0.3921,51.5188,1,0
190.0055,0.4146,50.6825,1,0
190.0967,0.4978,51.4648,1,0
189.9339,0.3267,51.5371,1,0
190.1395,0.4725,52.0959,1,0
189.8771,0.4541,51.0401,1,0
189.9437,0.3944,51.5547,1,0
189.8631,0.4347,51.3033,1,0
189.877,0.4867,51.4347,1,0
189.9006,0.3957,50.9396,1,0
190.0136,0.3949,50.8916,1,0
190.1234,0.3281,50.8185,1,0
190.1078,0.443,51.0154,1,0
190.0477,0.4083,51.4381,1,0
190.0686,0.4119,50.9891,1,0
190.2542,0.3201,51.0801,1,0
190.0127,0.5188,50.6076,1,0
190.2492,0.4383,50.8299,1,0
190.1581,0.5393,51.4226,1,0
189.979,0.4885,50.3405,1,0
190.1925,0.4316,51.5823,1,0
190.0659,0.487,51.1188,1,0
190.1982,0.4236,51.1632,1,0
190.0194,0.3508,51.4517,1,0
190.0265,0.4359,51.3904,1,0
189.7985,0.4846,51.0956,1,0
190.114,0.4273,51.2257,1,0
190.2796,0.3756,51.329,1,0
189.8824,0.4504,50.9563,1,0
189.9049,0.5104,50.689,1,0
189.9409,0.5322,51.704,1,0
189.7103,0.3639,51.8093,1,0
190.1433,0.3827,50.88,1,0
189.8675,0.4973,50.298,1,0
189.8936,0.4211,52.1748,1,0
190.0079,0.4397,51.4983,1,0
190.1534,0.443,50.7488,1,0
190.1193,0.4351,49.7884,0,1
190.12,0.4447,51.0866,1,0
189.9397,0.5387,50.8471,1,0
189.6768,0.3949,50.8417,1,0
189.9093,0.5365,50.9241,1,0
189.8949,0.61,51.5185,1,0
189.9171,0.5642,50.9454,1,0
189.949,0.4287,51.0108,1,0
189.9888,0.4767,50.7617,1,0
189.9877,0.4404,52.6133,1,0
189.9093,0.4123,51.7979,1,0
190.0185,0.6221,50.7763,1,0
190.004,0.3552,51.8739,1,0
189.8614,0.4923,50.9907,1,0
189.947,0.4828,50.9373,1,0
189.8969,0.454,51.8972,1,0
190.0793,0.5083,52.1907,1,0
190.1185,0.3589,51.7307,1,0
190.2059,0.3648,51.2277,1,0
190.108,0.433,50.5485,1,0
190.0235,0.3586,51.64,1,0
189.8071,0.4753,51.1866,1,0
190.2146,0.5048,51.6729,1,0
190.1495,0.4876,50.2586,1,0
190.1191,0.5106,51.3611,1,0
190.1647,0.425,50.7449,1,0
189.9285,0.4439,51.8646,1,0
190.0896,0.3269,51.513,1,0
189.7076,0.4765,52.1701,1,0
189.8923,0.4066,51.6655,1,0
189.99,0.4919,51.0214,1,0
190.1782,0.3261,50.968,1,0
189.9049,0.3737,51.1789,1,0
189.897,0.4362,50.5652,1,0
190.0795,0.3668,51.8596,1,0
189.808,0.3799,51.3325,1,0
190.0721,0.3941,50.5699,1,0
189.8128,0.4537,50.604,1,0
190.1087,0.3215,51.1147,1,0
190.0699,0.465,49.7298,0,1
189.9722,0.4031,51.5966,1,0
190.0177,0.3584,51.4792,1,0
190.1242,0.4435,51.7383,1,0
190.2439,0.3946,50.6267,1,0
190.1474,0.3326,51.7951,1,0
189.9709,0.46,51.5374,1,0
189.6642,0.4643,50.6562,1,0
190.0966,0.446,50.6041,1,0
189.7457,0.418,51.4197,1,0
190.1019,0.57,50.3545,1,0
189.8434,0.5848,50.5592,1,0
190.116,0.5412,50.8566,1,0
190.0898,0.5221,51.8041,1,0
190.107,0.501,51.2013,1,0
190.1903,0.5487,52.032,1,0
189.9923,0.4721,51.0323,1,0
190.3141,0.4912,50.4117,1,0
189.8346,0.3882,51.0911,1,0
189.8787,0.4324,50.7459,1,0
190.0795,0.4561,50.8329,1,0
189.7398,0.607,50.7255,1,0
189.8794,0.4739,51.4055,1,0
189.8848,0.3601,51.1012,1,0
189.7777,0.4001,51.6479,1,0
190.0362,0.4282,51.9273,1,0
189.7714,0.3587,51.2944,1,0
189.927,0.5391,51.5023,1,0
189.7592,0.4299,51.7514,1,0
189.8858,0.3943,51.7179,1,0
190.0263,0.3676,52.1115,1,0
189.9181,0.4862,51.7395,1,0
189.9944,0.3397,50.5517,1,0
190.1899,0.4505,51.6946,1,0
189.6996,0.4347,50.7855,1,0
189.9837,0.4397,51.1837,1,0
190.3238,0.3952,50.9062,1,0
190.0493,0.5184,50.0453,1,0
189.6355,0.4514,50.7895,1,0
189.8242,0.419,51.0756,1,0
190.0948,0.4318,50.8955,1,0
189.8634,0.5167,50.6179,1,0
189.9201,0.4522,49.8203,0,1
189.8392,0.4757,51.4331,1,0
189.962,0.451,50.9266,1,0
189.9394,0.4755,51.6225,1,0
190.0426,0.3969,50.9459,1,0
189.8931,0.5283,50.5989,1,0
189.9346,0.3385,51.1097,1,0
189.9203,0.3288,52.0167,1,0
190.0373,0.4527,51.5427,1,0
190.1966,0.4328,50.9917,1,0
189.8981,0.4347,50.6659,1,0
189.9911,0.4461,50.5797,1,0
190.0486,0.4689,51.7348,1,0
190.0615,0.4382,51.3565,1,0
189.8852,0.5387,51.4874,1,0
189.7675,0.4966,51.6845,1,0
189.9671,0.4294,51.4587,1,0
190.3595,0.4298,51.2245,1,0
189.9159,0.2892,51.2646,1,0
189.7847,0.4298,51.216,1,0
189.9957,0.3507,51.5205,1,0
190.2673,0.4866,50.3932,1,0
189.6338,0.349,51.0897,1,0
189.8721,0.5408,51.2883,1,0
189.9495,0.3252,51.7517,1,0
189.9305,0.3072,51.1052,1,0
190.1214,0.3446,51.2855,1,0
189.7675,0.4815,50.6636,1,0
190.1065,0.5317,51.6262,1,0
189.8955,0.4815,50.8062,1,0
190.0771,0.3954,51.414,1,0
189.7809,0.529,51.1654,1,0
189.8205,0.5226,50.9023,1,0
189.8817,0.3587,51.6797,1,0
190.259,0.3713,51.0263,1,0
189.9344,0.568,50.8566,1,0
189.8553,0.4596,50.823,1,0
190.2764,0.3791,51.278,1,0
190.1426,0.4653,51.0349,1,0
189.9288,0.52,51.4974,1,0
189.9681,0.3766,51.5044,1,0
189.7,0.6083,50.7412,1,0
190.213,0.4132,50.504,1,0
189.8732,0.3976,50.3614,1,0
190.1655,0.3787,50.9564,1,0
190.3254,0.4737,51.3249,1,0
189.5985,0.4956,51.073,1,0
190.2221,0.4242,51.6717,1,0
189.4576,0.4088,51.0049,1,0
189.9729,0.4529,51.4686,1,0
190.3863,0.4313,51.0852,1,0
189.8667,0.5299,50.9028,1,0
190.0112,0.2817,50.3686,1,0
189.8471,0.4913,50.9709,1,0
189.762,0.3262,50.385,1,0
190.089,0.4763,51.5694,1,0
189.7328,0.4819,51.875,1,0
190.2015,0.3999,51.1821,1,0
189.8565,0.3218,51.3216,1,0
189.9885,0.447,51.7648,1,0
189.9032,0.4614,51.2489,1,0
190.3207,0.5387,50.2308,1,0
190.3328,0.3522,51.5005,1,0
189.7989,0.4642,51.2894,1,0
189.8771,0.4968,51.5912,1,0
189.9311,0.5451,51.6596,1,0
190.0379,0.4591,51.6754,1,0
190.1564,0.4461,51.5361,1,0
190.0138,0.4897,51.3835,1,0
189.9614,0.4407,51.5888,1,0
190.4029,0.4215,50.4932,1,0
189.8382,0.3571,51.2639,1,0
190.0495,0.3675,51.2477,1,0
190.187,0.4271,51.5972,1,0
190.0843,0.4816,51.9252,1,0
189.9344,0.5047,51.4988,1,0
189.7618,0.5762,51.5182,1,0
189.7994,0.4484,51.6067,1,0
190.0098,0.4486,51.0789,1,0
190.0434,0.5514,50.6954,1,0
189.8831,0.4363,51.538,1,0
190.0555,0.614,51.0406,1,0
189.7569,0.5379,50.3167,1,0
190.1089,0.5042,50.9873,1,0
190.039,0.4826,51.4808,1,0
189.7982,0.5197,51.6299,1,0
190.0014,0.4255,51.175,1,0
189.9307,0.5069,50.9551,1,0
190.0786,0.3675,50.7868,1,0
190.1878,0.3923,50.9773,1,0
190.0031,0.4937,51.527,1,0
190.0483,0.4125,51.0156,1,0
190.1169,0.4466,50.3486,1,0
189.9722,0.3057,52.0152,1,0
189.9438,0.4335,50.9305,1,0
189.9348,0.5387,51.1835,1,0
190.0493,0.3908,51.6471,1,0
190.1855,0.4542,50.985,1,0
189.4462,0.4002,52.0071,1,0
190.2113,0.5182,50.3545,1,0
190.1579,0.4386,51.7321,1,0
189.7753,0.4575,51.002,1,0
190.1178,0.4726,50.7342,1,0
190.1682,0.5081,50.8572,1,0
189.7134,0.5034,50.8098,1,0
190.1468,0.3879,50.9826,1,0
189.8028,0.5324,51.2736,1,0
189.9853,0.4455,51.3223,1,0
189.9603,0.518,51.4252,1,0
189.9989,0.5759,51.0419,1,0
190.1408,0.3395,51.2687,1,0
190.4672,0.3975,51.3402,1,0
190.0392,0.3953,51.0578,1,0
189.881,0.343,50.8032,1,0
190.0537,0.4169,51.5367,1,0
189.8795,0.4423,50.8889,1,0
189.9124,0.5201,51.3002,1,0
189.9769,0.4522,50.2577,1,0
189.9504,0.4825,51.2079,1,0
190.0614,0.4435,51.1748,1,0
189.8488,0.4136,51.3582,1,0
189.945,0.516,50.8176,1,0
189.8399,0.4246,50.7523,1,0
190.0167,0.4767,49.8562,0,1
189.7718,0.5101,51.714,1,0
190.0438,0.3167,51.5088,1,0
189.9353,0.4571,51.1767,1,0
189.9185,0.5273,50.9556,1,0
190.2631,0.4334,51.8839,1,0
189.8559,0.4943,52.1131,1,0
190.0644,0.376,51.2035,1,0
189.9599,0.4498,50.735,1,0
190.1084,0.5194,50.4663,1,0
190.0806,0.5614,52.1146,1,0
189.6974,0.3397,50.7633,1,0
190.2392,0.4268,50.7472,1,0
190.1908,0.4575,51.0362,1,0
190.1599,0.4579,50.4832,1,0
190.1263,0.4005,51.4341,1,0
189.9444,0.3868,51.4891,1,0
189.8363,0.4246,50.8812,1,0
190.1374,0.4507,51.1778,1,0
190.3312,0.516,50.541,1,0
189.9673,0.5411,52.0953,1,0
189.9513,0.4465,50.5983,1,0
189.9866,0.3632,51.569,1,0
189.8368,0.4798,50.933,1,0
189.9131,0.4965,51.8256,1,0
190.1539,0.4106,51.2998,1,0
189.7206,0.4455,50.5729,1,0
190.06,0.5617,51.8584,1,0
189.8312,0.5019,51.248,1,0
189.856,0.4621,51.237,1,0
190.0935,0.4938,51.7699,1,0
189.8348,0.4431,50.7195,1,0
189.9464,0.4187,51.2901,1,0
189.9839,0.4069,50.8503,1,0
190.0764,0.443,50.3937,1,0
190.1078,0.5422,51.815,1,0
189.9861,0.3896,51.4552,1,0
189.8456,0.3942,50.843,1,0
189.956,0.4593,51.5496,1,0
189.9374,0.3745,49.9653,0,1
189.9751,0.4189,51.5939,1,0
189.9406,0.4808,51.5598,1,0
190.051,0.4468,51.0291,1,0
190.0116,0.3367,51.3901,1,0
190.0405,0.3836,51.3028,1,0
189.9273,0.49,51.8226,1,0
190.2413,0.3218,51.0396,1,0
190.0696,0.4617,50.4714,1,0
189.9626,0.3402,50.968,1,0
190.0486,0.5126,52.223,1,0
190.0011,0.5162,50.8804,1,0
190.1015,0.4003,50.9413,1,0
189.9956,0.4439,51.6616,1,0
189.9179,0.4348,52.2452,1,0
189.9624,0.3789,50.9879,1,0
190.0625,0.5606,51.4416,1,0
190.0437,0.5212,51.8613,1,0
189.8424,0.5272,51.1491,1,0
190.2011,0.3954,51.6215,1,0
189.6234,0.3925,50.13,1,0
189.861,0.5044,51.4069,1,0
189.8973,0.3377,50.7402,1,0
190.0312,0.4791,51.4326,1,0
190.0766,0.4628,51.4726,1,0
189.7288,0.4045,50.6573,1,0
190.4355,0.4955,50.6464,1,0
190.0608,0.5308,51.0497,1,0
190.2221,0.52,52.0067,1,0
189.6149,0.5596,51.3772,1,0
190.0675,0.3387,51.1428,1,0
190.1247,0.4504,50.8003,1,0
189.8182,0.4557,51.0558,1,0
190.0536,0.4173,51.7664,1,0
190.2326,0.3414,51.5985,1,0
190.3683,0.4328,51.3552,1,0
189.9629,0.5362,51.1219,1,0
190.1976,0.4699,51.0104,1,0
189.9686,0.5222,51.23,1,0
190.1395,0.3837,50.1419,1,0
189.6502,0.3061,51.1074,1,0
190.0187,0.4106,51.0553,1,0
190.1347,0.4291,50.3839,1,0
189.9871,0.403,51.498,1,0
190.3029,0.4077,52.2536,1,0
189.8888,0.469,50.942,1,0
190.2754,0.4341,50.7017,1,0
189.9948,0.5136,50.5023,1,0
189.9406,0.5331,52.6831,1,0
189.9579,0.4627,51.3725,1,0
189.9041,0.4597,52.3084,1,0
189.9226,0.4052,50.721,1,0
189.9325,0.4528,51.1708,1,0
190.0992,0.5445,50.7923,1,0
189.5941,0.3743,50.9067,1,0
189.7855,0.4783,50.6825,1,0
189.7846,0.3909,51.9071,1,0
190.0933,0.4103,50.8847,1,0
189.9597,0.3973,51.1883,1,0
189.9921,0.4627,50.9789,1,0
190.2963,0.4623,50.6304,1,0
190.1413,0.4765,50.7757,1,0
189.8147,0.5103,51.5947,1,0
189.9222,0.421,51.2174,1,0
189.9032,0.5419,51.0328,1,0
190.16,0.5565,51.6267,1,0
189.9731,0.3766,51.4204,1,0
190.0632,0.4344,52.4715,1,0
189.8231,0.3552,50.2604,1,0
189.9089,0.2853,51.4485,1,0
189.8153,0.4777,50.9912,1,0
190.0214,0.4985,50.9155,1,0
190.0217,0.4033,50.5941,1,0
189.7638,0.4911,51.6026,1,0
189.8077,0.4844,50.7842,1,0
190.098,0.6126,51.1671,1,0
189.9373,0.3713,51.5298,1,0
189.8788,0.412,51.264,1,0
189.9473,0.4735,51.088,1,0
189.8354,0.4819,51.0313,1,0
189.9329,0.5899,50.6748,1,0
189.5897,0.4072,50.8489,1,0
189.8222,0.3867,51.8173,1,0
190.1693,0.4844,51.1109,1,0
190.1551,0.4258,51.1736,1,0
190.1624,0.5413,52.0395,1,0
189.9956,0.4677,51.2867,1,0
190.2993,0.5005,51.2088,1,0
189.8224,0.3648,51.4631,1,0
190.3388,0.4073,51.6603,1,0
190.1347,0.4466,49.7101,0,1
190.0482,0.3951,51.6736,1,0
190.048,0.3769,50.7711,1,0
189.9888,0.435,50.9884,1,0
190.055,0.462,50.785,1,0
190.2103,0.427,50.7617,1,0
189.8021,0.4751,51.0372,1,0
189.8353,0.5085,51.8185,1,0
190.0109,0.4567,51.7682,1,0
190.1326,0.3443,50.2374,1,0
189.7203,0.4657,50.8045,1,0
189.8058,0.5157,52.3072,1,0
189.8322,0.5015,50.4904,1,0
190.0451,0.4255,51.8545,1,0
190.0512,0.4315,51.3935,1,0
190.2078,0.4631,50.5324,1,0
189.8047,0.3443,51.1328,1,0
189.941,0.381,50.9884,1,0
190.1045,0.494,52.1084,1,0
189.9476,0.3987,51.7215,1,0
189.9596,0.4053,52.0256,1,0
189.7956,0.5291,51.8443,1,0
189.9524,0.5227,51.7154,1,0
190.4902,0.4138,50.6943,1,0
190.1924,0.4439,51.0004,1,0
190.1905,0.5419,52.2783,1,0
189.8955,0.4074,51.6287,1,0
190.0784,0.4509,51.4316,1,0
189.7798,0.5063,50.8064,1,0
189.7845,0.4351,50.577,1,0
190.0018,0.4104,51.486,1,0
189.9202,0.5244,50.9985,1,0
190.0268,0.4741,51.3447,1,0
190.1476,0.3778,51.4232,1,0
190.28,0.3101,51.0887,1,0
190.0477,0.4885,51.0497,1,0
190.202,0.4729,51.8452,1,0
190.117,0.4453,50.8787,1,0
190.0491,0.4379,51.054,1,0
190.2495,0.3999,51.1442,1,0
189.6349,0.4325,50.9927,1,0
189.8004,0.4371,50.8539,1,0
190.0206,0.4415,51.7179,1,0
189.9636,0.4016,51.0383,1,0
190.3157,0.3055,51.2596,1,0
189.7273,0.4407,52.2509,1,0
189.6108,0.4624,50.4712,1,0
190.1314,0.4308,51.005,1,0
189.7354,0.5173,51.6481,1,0
190.0718,0.4176,51.485,1,0
190.1292,0.5665,50.7316,1,0
190.1427,0.4752,51.9913,1,0
190.1872,0.5555,51.4711,1,0
189.8079,0.4469,51.4138,1,0
189.8934,0.4394,51.8831,1,0
189.9775,0.3966,51.4843,1,0
189.5215,0.4731,51.7644,1,0
189.5798,0.5406,51.4698,1,0
189.9875,0.3494,50.8951,1,0
190.1828,0.3515,51.6322,1,0
190.0242,0.5508,50.9724,1,0
189.9498,0.4711,50.9405,1,0
190.0333,0.41,52.0116,1,0
190.2992,0.483,51.6184,1,0
190.1248,0.4606,51.543,1,0
189.9218,0.4534,52.4016,1,0
190.003,0.495,52.0106,1,0
189.8362,0.4808,50.0507,1,0
190.1387,0.4829,51.6061,1,0
189.997,0.4771,51.0144,1,0
190.0107,0.4415,51.1568,1,0
189.8209,0.4771,51.5126,1,0
189.9147,0.4735,51.3399,1,0
189.7521,0.4029,51.303,1,0
190.0959,0.4794,50.7184,1,0
190.0013,0.4363,51.6693,1,0
190.0158,0.4201,51.0295,1,0
189.722,0.4331,50.5103,1,0
190.2238,0.5044,50.5409,1,0
190.0555,0.5075,51.6358,1,0
190.1386,0.4471,50.7792,1,0
189.8845,0.404,50.9383,1,0
189.8663,0.4505,51.1189,1,0
190.1653,0.3836,51.1545,1,0
189.9163,0.2745,50.5924,1,0
190.0934,0.3003,50.4333,1,0
190.0023,0.466,51.3227,1,0
190.0429,0.492,50.4312,1,0
189.8768,0.4668,52.1816,1,0
190.2663,0.4876,50.7054,1,0
189.9146,0.3774,50.9545,1,0
190.1454,0.531,51.4442,1,0
190.0427,0.4888,51.4246,1,0
190.0134,0.5433,51.0493,1,0
189.9461,0.3129,50.7395,1,0
190.1838,0.3927,50.884,1,0
190.1164,0.3823,50.6072,1,0
190.0372,0.3854,51.8209,1,0
190.0778,0.3752,51.0213,1,0
189.7685,0.4503,51.2663,1,0
190.1188,0.5271,51.6625,1,0
190.2952,0.3171,50.928,1,0
190.0028,0.3144,51.9317,1,0
190.3965,0.5464,50.5524,1,0
190.2831,0.4028,51.5448,1,0
189.7139,0.407,50.9733,1,0
189.738,0.4303,51.7932,1,0
189.8783,0.5506,51.0875,1,0
189.947,0.5104,51.1132,1,0
189.8584,0.4326,51.04,1,0
189.8934,0.4916,50.6951,1,0
190.0098,0.443,50.8806,1,0
190.1456,0.5123,51.047,1,0
190.1927,0.485,51.7481,1,0
189.9957,0.5322,51.8117,1,0
189.9754,0.3849,49.9827,0,1
189.8227,0.4025,51.1321,1,0
190.0367,0.4583,51.5052,1,0
190.0542,0.347,51.1846,1,0
189.8013,0.4634,50.9324,1,0
189.7502,0.512,52.3998,1,0
190.2144,0.5236,51.5797,1,0
189.7399,0.4531,51.217,1,0
190.0148,0.4618,51.015,1,0
189.9052,0.4567,50.5892,1,0
189.9607,0.6227,51.5623,1,0
189.922,0.4108,51.1231,1,0
189.7167,0.5714,51.4297,1,0
189.8831,0.3974,51.4745,1,0
190.0234,0.5312,51.7941,1,0
189.8702,0.3267,51.5831,1,0
190.1629,0.4669,51.1601,1,0
189.9608,0.5136,51.343,1,0
190.119,0.4544,51.8152,1,0
190.2532,0.4004,50.7913,1,0
189.9554,0.5477,51.2601,1,0
190.049,0.5445,50.5917,1,0
190.0868,0.5885,51.6118,1,0
190.011,0.5333,50.2183,1,0
190.1895,0.3575,50.9973,1,0
189.8585,0.385,52.0802,1,0
189.9977,0.4637,51.9879,1,0
189.8076,0.4937,51.4448,1,0
190.2322,0.3944,50.8345,1,0
189.7339,0.2971,50.5326,1,0
189.8626,0.4698,50.2446,1,0
190.1221,0.4649,51.2629,1,0
190.1249,0.4384,51.0493,1,0
189.7988,0.4647,51.6809,1,0
189.8049,0.6279,50.6343,1,0
189.9164,0.4336,50.5447,1,0
190.013,0.4219,50.2599,1,0
190.2048,0.4942,51.6631,1,0
189.9315,0.3516,51.0925,1,0
189.7624,0.3711,51.7705,1,0
190.0843,0.4211,50.7172,1,0
190.068,0.4325,50.1689,1,0
189.7941,0.4523,51.3073,1,0
189.6963,0.4645,51.2672,1,0
189.8519,0.4018,51.3841,1,0
190.0389,0.5098,50.3229,1,0
190.0683,0.5138,50.6381,1,0
189.9764,0.5023,50.8488,1,0
189.9097,0.4828,51.3833,1,0
189.7049,0.5835,50.7368,1,0
190.2859,0.5078,51.5247,1,0
190.4007,0.4295,50.9004,1,0
190.0584,0.4956,51.0473,1,0
190.1607,0.4822,51.4797,1,0
190.1878,0.456,50.728,1,0
189.8565,0.4592,51.8947,1,0
189.8321,0.5329,50.7681,1,0
190.1483,0.4271,50.8174,1,0
190.0995,0.3953,50.8959,1,0
189.967,0.6194,51.2814,1,0
189.7917,0.3988,51.8153,1,0
190.1528,0.4678,51.2725,1,0
189.8355,0.5594,50.8018,1,0
190.0083,0.4479,52.4674,1,0
190.0628,0.4994,51.3425,1,0
190.1516,0.5839,50.7261,1,0
189.83,0.5008,50.9666,1,0
190.0651,0.5947,51.6431,1,0
190.0856,0.5052,50.5114,1,0
189.8433,0.5532,50.5821,1,0
189.9945,0.3345,51.5322,1,0
190.0019,0.4338,51.5068,1,0
190.0871,0.5056,51.2312,1,0
190.0367,0.4636,50.6935,1,0
190.0803,0.502,51.4357,1,0
190.1329,0.6276,51.0588,1,0
189.9748,0.559,51.1434,1,0
189.9627,0.4875,52.0386,1,0
190.2642,0.5069,50.6456,1,0
190.0508,0.3714,51.1673,1,0
190.2901,0.3759,51.3515,1,0
190.0441,0.4323,51.8206,1,0
189.7699,0.5068,51.1728,1,0
189.9462,0.4464,51.0334,1,0
190.2257,0.488,50.8124,1,0
189.7464,0.3847,50.7963,1,0
190.0001,0.4656,52.324,1,0
190.0929,0.4479,50.9722,1,0
189.8107,0.5124,50.8982,1,0
189.8577,0.463,51.6332,1,0
189.9761,0.503,51.1587,1,0
189.7127,0.3574,51.0215,1,0
190.0682,0.4338,50.6913,1,0
189.7479,0.4736,51.6306,1,0
189.7924,0.4961,52.0993,1,0
189.8437,0.481,50.8482,1,0
190.0352,0.4364,51.0054,1,0
189.6692,0.5328,51.6622,1,0
189.8404,0.4441,50.7529,1,0
189.9,0.451,51.5921,1,0
189.7156,0.4889,50.0452,1,0
189.8691,0.4239,51.0255,1,0
190.1026,0.3798,51.0647,1,0
189.7771,0.4722,51.5723,1,0
189.9901,0.3439,51.3521,1,0
189.9897,0.5304,51.8434,1,0
190.0683,0.5101,50.7143,1,0
190.0412,0.4236,51.6002,1,0
190.0635,0.4202,50.6284,1,0
189.9569,0.3657,50.614,1,0
190.0426,0.436,50.9902,1,0
190.0788,0.5861,50.8678,1,0
189.9905,0.5224,51.79,1,0
189.7884,0.4047,50.9069,1,0
189.8215,0.4056,52.0964,1,0
189.937,0.3203,50.7871,1,0
189.9294,0.5187,51.3168,1,0
189.8822,0.2823,51.5899,1,0
190.1095,0.4216,51.4779,1,0
190.0299,0.5023,51.1473,1,0
189.5873,0.3319,51.6556,1,0
189.9574,0.3574,50.82,1,0
189.917,0.4686,50.9615,1,0
190.3106,0.5207,51.0514,1,0
189.8067,0.4899,50.2297,1,0
190.1638,0.3719,50.9908,1,0
189.9811,0.3772,52.106,1,0
189.9477,0.4891,51.0577,1,0
189.9746,0.6255,50.4326,1,0
190.0783,0.3452,51.312,1,0
189.6451,0.5273,51.6655,1,0
190.1552,0.4778,50.9092,1,0
189.7231,0.4631,51.0407,1,0
189.7332,0.4776,50.6069,1,0
189.9649,0.3674,51.5176,1,0
189.851,0.6089,51.3484,1,0
190.2164,0.4177,50.849,1,0
189.8166,0.4755,51.4475,1,0
189.9535,0.5053,51.2496,1,0
189.962,0.4759,50.8938,1,0
190.0581,0.4629,50.7582,1,0
189.756,0.4474,50.396,1,0
189.9307,0.4719,51.3359,1,0
190.0401,0.3827,51.5603,1,0
190.0723,0.4884,51.2907,1,0
190.1193,0.3276,50.8575,1,0
189.8535,0.4642,50.0563,1,0
190.0621,0.4762,50.9065,1,0
190.2122,0.5276,51.5528,1,0
190.0265,0.5379,51.1024,1,0
189.8834,0.4342,51.1766,1,0
189.9309,0.4272,50.6765,1,0
189.9691,0.5285,51.2135,1,0
189.9947,0.4193,51.042,1,0
189.9596,0.3995,51.3926,1,0
189.9924,0.4614,51.4065,1,0
189.9254,0.3433,50.6249,1,0
189.9064,0.2263,51.2693,1,0
190.0304,0.4503,51.1375,1,0
189.9417,0.5747,50.4458,1,0
190.0545,0.4039,51.1809,1,0
190.0782,0.5079,50.9444,1,0
190.0345,0.3873,50.5278,1,0
189.9712,0.4514,51.1408,1,0
189.914,0.5723,51.4588,1,0
189.8299,0.409,50.568,1,0
190.4388,0.4415,51.4862,1,0
190.1199,0.553,50.3662,1,0
189.9415,0.4653,50.99,1,0
190.2332,0.4241,51.523,1,0
189.9705,0.5271,51.3822,1,0
189.7132,0.6066,50.6516,1,0
190.1105,0.4962,51.1712,1,0
190.0723,0.4936,50.1754,1,0
189.7975,0.4983,51.6446,1,0
189.7973,0.4576,51.3813,1,0
190.16,0.5132,51.0273,1,0
190.1394,0.3543,51.2227,1,0
189.9211,0.3646,50.4118,1,0
190.279,0.3963,51.5979,1,0
190.2241,0.4295,51.411,1,0
189.8353,0.48,51.3411,1,0
189.9977,0.3176,51.8579,1,0
190.1572,0.429,50.9053,1,0
190.2127,0.2691,50.9864,1,0
190.1815,0.4583,51.9297,1,0
189.9573,0.4542,51.4228,1,0
190.3273,0.4927,51.5026,1,0
190.1776,0.4881,51.2982,1,0
189.931,0.464,51.2002,1,0
189.7706,0.51,51.7837,1,0
189.9686,0.3884,51.8187,1,0
189.8872,0.4226,52.1671,1,0
189.9143,0.5658,51.4383,1,0
189.9301,0.312,52.0071,1,0
189.9557,0.5192,50.9459,1,0
189.7879,0.4415,51.2391,1,0
189.9123,0.4932,51.4412,1,0
190.1191,0.3784,51.0445,1,0
189.9639,0.4886,51.8957,1,0
189.9246,0.5034,51.1615,1,0
189.846,0.5458,50.6955,1,0
190.0046,0.5191,51.141,1,0
189.828,0.3835,51.4906,1,0
189.9906,0.2895,51.133,1,0
189.8789,0.4464,51.5897,1,0
190.0736,0.4099,51.9038,1,0
189.7865,0.4744,51.0514,1,0
190.1512,0.4927,51.2637,1,0
190.1717,0.54,51.3936,1,0
189.8707,0.3201,50.8331,1,0
190.3177,0.4019,51.4158,1,0
189.9705,0.4154,50.6622,1,0
189.7775,0.4614,51.2503,1,0
190.15,0.4245,50.7032,1,0
190.2544,0.5399,51.7764,1,0
190.2631,0.4163,50.2821,1,0
190.2214,0.5779,51.0809,1,0
190.0088,0.3985,50.6609,1,0
190.2376,0.3389,51.1046,1,0
189.9217,0.5142,51.455,1,0
189.9549,0.4232,51.2872,1,0
189.901,0.41,51.6303,1,0
190.2291,0.4415,51.7378,1,0
189.6688,0.3695,51.6109,1,0
190.028,0.4971,50.6894,1,0
189.9494,0.4477,51.5622,1,0
190.028,0.4979,51.1039,1,0
189.6905,0.3739,50.4566,1,0
190.1616,0.419,51.4664,1,0
189.8705,0.4665,51.3956,1,0
190.006,0.5697,51.2199,1,0
190.1573,0.547,51.6609,1,0
189.8169,0.3727,51.5543,1,0
190.1173,0.4029,51.3576,1,0
190.5352,0.3385,51.9914,1,0
190.0746,0.4728,51.4369,1,0
189.8329,0.4863,50.3927,1,0
189.8304,0.5442,51.0161,1,0
190.135,0.4897,52.2374,1,0
189.9356,0.3899,51.5196,1,0
190.0197,0.3962,51.1297,1,0
189.9729,0.3538,51.3463,1,0
189.9673,0.4659,51.8486,1,0
189.9787,0.5825,50.5932,1,0
189.9795,0.3362,50.9383,1,0
189.8979,0.5097,51.5645,1,0
189.9074,0.442,50.6339,1,0
189.7384,0.5089,50.7895,1,0
189.8943,0.3403,51.0977,1,0
190.1026,0.4617,50.4854,1,0
190.1444,0.4649,50.5124,1,0
189.8005,0.5078,51.3591,1,0
190.1466,0.4359,51.2056,1,0
190.0159,0.4258,51.3162,1,0
189.9015,0.4187,51.2757,1,0
190.0752,0.4453,50.8024,1,0
189.7545,0.5186,51.2832,1,0
189.939,0.316,50.4416,1,0
189.9757,0.5361,52.7096,1,0
189.8776,0.3139,50.659,1,0
190.039,0.4627,50.441,1,0
189.7359,0.289,50.9905,1,0
189.9909,0.4629,50.7245,1,0
190.1578,0.5517,50.8662,1,0
190.1892,0.4129,50.6824,1,0
189.7865,0.4697,51.4537,1,0
190.0862,0.4405,50.6911,1,0
189.9606,0.383,50.9932,1,0
190.0322,0.5198,51.5493,1,0
190.079,0.4199,52.5057,1,0
189.8301,0.3655,50.706,1,0
190.0844,0.4444,51.0715,1,0
189.8866,0.4512,51.1379,1,0
190.0374,0.3574,51.5423,1,0
189.83,0.5027,50.7746,1,0
189.9935,0.3057,52.2841,1,0
189.9263,0.4587,50.8031,1,0
189.8994,0.3588,51.7626,1,0
190.2003,0.5605,51.941,1,0
189.9336,0.4587,50.7077,1,0
189.9262,0.4548,50.6986,1,0
190.1097,0.4498,50.6927,1,0
189.819,0.472,51.0339,1,0
190.0724,0.4427,51.3921,1,0
190.1647,0.4585,50.8381,1,0
189.7985,0.4099,51.6367,1,0
189.9912,0.4207,51.944,1,0
190.1183,0.3413,51.1687,1,0
189.942,0.3454,51.3447,1,0
189.8711,0.5277,51.4495,1,0
190.1306,0.4063,51.4733,1,0
190.0091,0.4843,50.871,1,0
189.8931,0.5464,51.1103,1,0
190.0535,0.4838,51.8289,1,0
190.1127,0.455,51.113,1,0
190.0367,0.3692,50.1462,1,0
189.9037,0.3001,51.4199,1,0
189.9729,0.5637,51.5183,1,0
189.8977,0.51,51.4514,1,0
189.908,0.4559,51.2507,1,0
189.9969,0.3433,51.817,1,0
189.988,0.5653,51.5078,1,0
190.0881,0.4767,50.8773,1,0
189.9692,0.4917,50.5169,1,0
189.8741,0.3877,50.6815,1,0
189.8591,0.558,51.4386,1,0
190.0481,0.5,51.5183,1,0
190.3203,0.5824,50.7476,1,0
190.1664,0.3716,51.2181,1,0
190.1176,0.3683,51.6866,1,0
190.0298,0.5306,51.5238,1,0
189.7867,0.4104,51.1596,1,0
189.9635,0.3953,51.0202,1,0
189.8669,0.5478,49.8856,0,1
189.8863,0.4599,51.4013,1,0
189.7864,0.3539,51.1583,1,0
189.9717,0.5322,51.0705,1,0
190.0193,0.4815,51.0667,1,0
190.2602,0.4656,51.6329,1,0
189.894,0.5244,50.3802,1,0
189.9429,0.3415,51.4497,1,0
189.9121,0.4287,51.6845,1,0
190.0106,0.4839,50.8705,1,0
189.9806,0.4603,50.2746,1,0
189.8338,0.5232,50.902,1,0
190.3423,0.4296,50.7724,1,0
189.8732,0.3921,51.0282,1,0
189.8984,0.4787,51.4878,1,0
189.975,0.4216,52.035,1,0
189.8322,0.4655,51.9628,1,0
190.0821,0.5269,51.4762,1,0
190.0895,0.4475,51.6587,1,0
189.7523,0.4213,51.3162,1,0
190.0229,0.4019,50.8096,1,0
189.9749,0.341,51.5522,1,0
189.8029,0.4879,50.1063,1,0
189.8493,0.2969,50.6146,1,0
190.1899,0.3397,51.1615,1,0
190.0925,0.4906,51.2548,1,0
189.7266,0.4718,52.7047,1,0
189.9861,0.398,51.5851,1,0
190.1354,0.5388,50.9441,1,0
189.9289,0.459,50.4048,1,0
190.1084,0.368,51.1748,1,0
189.8766,0.3821,50.9163,1,0
190.085,0.4881,51.1214,1,0
189.8388,0.4717,51.0987,1,0
189.7847,0.4057,51.9695,1,0
189.8738,0.4807,51.3109,1,0
189.9563,0.492,51.3389,1,0
189.8529,0.5951,51.1128,1,0
190.1105,0.377,51.3957,1,0
190.2862,0.359,50.6823,1,0
190.1889,0.4699,51.6504,1,0
189.8602,0.5414,50.8922,1,0
189.8958,0.2891,51.7237,1,0
189.9716,0.3776,51.5628,1,0
190.121,0.3973,51.1788,1,0
189.8169,0.4178,51.441,1,0
189.9191,0.5822,52.1876,1,0
189.8272,0.5015,51.5912,1,0
190.1335,0.3897,51.5889,1,0
190.1699,0.5109,51.1922,1,0
189.9757,0.4395,50.5791,1,0
190.041,0.3371,51.895,1,0
190.0359,0.5312,50.8381,1,0
190.088,0.4889,50.7559,1,0
190.0712,0.3819,51.7289,1,0
190.1084,0.3431,51.8316,1,0
190.0947,0.451,51.4404,1,0
190.0507,0.5187,50.7196,1,0
190.1247,0.6778,50.9047,1,0
189.8556,0.4023,51.0581,1,0
190.0009,0.4419,50.4267,1,0
190.2573,0.4623,50.4118,1,0
189.7772,0.4614,51.6052,1,0
190.0954,0.5134,51.1145,1,0
190.0395,0.4217,52.6336,1,0
190.067,0.4752,51.5272,1,0
190.2352,0.4106,52.2571,1,0
189.9266,0.3719,51.4154,1,0
189.9715,0.5485,52.1718,1,0
190.2647,0.4895,51.3948,1,0
189.8679,0.328,50.4389,1,0
190.1855,0.2638,51.6158,1,0
190.0566,0.4655,50.3721,1,0
190.0941,0.5126,51.997,1,0
190.0442,0.5103,51.6556,1,0
189.9593,0.4907,51.5715,1,0
190.329,0.4994,51.0673,1,0
190.0639,0.6039,51.7183,1,0
190.0104,0.5161,50.6348,1,0
190.063,0.4952,50.8847,1,0
190.0819,0.5148,52.3744,1,0
190.0093,0.4908,51.592,1,0
189.7996,0.427,51.9047,1,0
190.1028,0.3288,51.0518,1,0
189.8156,0.3988,51.0726,1,0
190.0361,0.6057,51.2427,1,0
190.0794,0.4209,51.0253,1,0
190.1107,0.411,50.7486,1,0
190.0524,0.3407,51.0597,1,0
189.9942,0.5029,50.5565,1,0
190.0199,0.3833,51.1432,1,0
190.1415,0.3912,51.6987,1,0
190.2938,0.3664,52.5413,1,0
190.2378,0.463,51.4461,1,0
190.0155,0.4055,51.4287,1,0
189.7132,0.5017,51.2587,1,0
189.9467,0.4814,52.3515,1,0
189.8548,0.5676,51.1531,1,0
190.1192,0.305,51.6339,1,0
189.879,0.3582,50.3973,1,0
189.8505,0.3746,50.4865,1,0
189.9941,0.3803,51.4134,1,0
190.1941,0.3424,50.5528,1,0
190.1815,0.4724,51.4396,1,0
189.8737,0.4434,51.0543,1,0
190.0666,0.4153,51.4962,1,0
189.8485,0.5569,50.7591,1,0
189.7691,0.3754,51.0438,1,0
189.9744,0.319,50.7573,1,0
190.1531,0.3926,51.6011,1,0
190.1729,0.4768,52.6015,1,0
190.2289,0.5956,51.7367,1,0
189.767,0.4553,50.4268,1,0
189.9374,0.5104,51.1501,1,0
189.9273,0.4774,52.0935,1,0
190.0459,0.5397,51.5763,1,0
190.1222,0.5882,51.1442,1,0
189.7128,0.5408,50.7147,1,0
190.1202,0.4573,50.7847,1,0
190.2375,0.4044,51.1074,1,0
190.036,0.4144,51.436,1,0
190.0406,0.4336,51.1047,1,0
189.8267,0.5596,51.6962,1,0
189.9064,0.5225,51.4485,1,0
189.7619,0.4819,50.0727,1,0
190.2979,0.2471,51.87,1,0
189.8878,0.4088,50.7843,1,0
190.1999,0.3792,50.9235,1,0
190.065,0.4839,50.9502,1,0
190.0311,0.5528,50.2468,1,0
190.1683,0.4848,50.5509,1,0
190.1149,0.4815,51.3789,1,0
189.8201,0.4347,50.4928,1,0
189.7688,0.5106,51.8022,1,0
189.9418,0.5086,51.0264,1,0
189.9087,0.3864,51.1971,1,0
189.913,0.4547,50.2389,1,0
190.0743,0.6559,50.8971,1,0
190.0602,0.3636,51.3933,1,0
190.0829,0.5645,50.9079,1,0
189.8995,0.5017,51.0908,1,0
190.2222,0.5174,50.866,1,0
190.1359,0.4568,50.7512,1,0
190.1569,0.4031,50.7073,1,0
189.9474,0.5115,51.2353,1,0
189.9079,0.5592,52.0683,1,0
189.901,0.5223,50.9896,1,0
189.8748,0.4225,51.383,1,0
189.9477,0.4964,51.5796,1,0
189.98,0.5158,51.4687,1,0
189.9817,0.5234,52.4915,1,0
189.977,0.5231,52.2595,1,0
190.1369,0.4285,51.6348,1,0
190.2043,0.3822,51.4637,1,0
189.9308,0.4642,50.9229,1,0
190.08,0.392,50.7004,1,0
189.9533,0.3574,51.5755,1,0
189.9723,0.3426,51.5009,1,0
189.8564,0.54,50.8169,1,0
189.8131,0.5689,51.4466,1,0
190.0305,0.4539,51.3794,1,0
189.9754,0.5476,51.4256,1,0
190.0879,0.3814,51.9021,1,0
189.9445,0.4461,51.457,1,0
189.6501,0.3994,51.6274,1,0
189.8506,0.3975,51.2038,1,0
190.1083,0.5298,51.3664,1,0
189.7682,0.4551,51.0382,1,0
190.0595,0.5352,50.7292,1,0
190.2109,0.5781,50.6816,1,0
189.8422,0.4779,51.4483,1,0
189.8868,0.4503,51.109,1,0
189.8042,0.4384,51.4916,1,0
190.0903,0.4102,51.5365,1,0
189.8718,0.4097,51.2562,1,0
189.8605,0.4961,51.4461,1,0
190.0016,0.474,51.4879,1,0
190.1444,0.5076,51.1553,1,0
189.9863,0.3476,50.5963,1,0
189.7578,0.5894,50.9438,1,0
190.0173,0.4099,50.4121,1,0
189.8121,0.4268,49.9674,0,1
189.9375,0.4316,51.4985,1,0
190.2507,0.4753,51.8282,1,0
190.0265,0.3379,52.2545,1,0
190.3552,0.4643,50.7012,1,0
190.1272,0.3216,50.5766,1,0
189.8435,0.5015,51.4007,1,0
189.744,0.5274,51.1941,1,0
189.9473,0.4422,51.249,1,0
190.0343,0.4571,50.6848,1,0
190.0466,0.3624,50.704,1,0
189.6189,0.3498,50.3847,1,0
190.1423,0.5821,51.547,1,0
190.1925,0.4128,51.464,1,0
190.064,0.5153,51.0686,1,0
189.9374,0.4719,51.0794,1,0
189.8656,0.3885,51.9921,1,0
189.9736,0.403,50.1685,1,0
189.9203,0.4176,50.7412,1,0
189.9529,0.3887,50.9248,1,0
189.885,0.4364,51.2843,1,0
189.8602,0.4737,51.4683,1,0
189.7209,0.3661,51.345,1,0
190.0443,0.4412,50.6277,1,0
190.1763,0.3819,51.0625,1,0
189.8575,0.4113,51.6701,1,0
190.0729,0.5274,50.8219,1,0
189.6471,0.4027,50.8048,1,0
190.1482,0.329,50.1518,1,0
190.1081,0.4226,52.0712,1,0
189.9836,0.4187,51.2219,1,0
189.9996,0.4666,50.5618,1,0
189.7958,0.425,52.3495,1,0
189.9333,0.5484,51.1904,1,0
189.9012,0.5396,51.4879,1,0
190.2669,0.3594,51.3273,1,0
189.83,0.3818,51.9033,1,0
189.765,0.4259,51.138,1,0
190.0914,0.4287,52.3347,1,0
189.7753,0.4643,50.9593,1,0
189.775,0.5322,50.8464,1,0
189.5861,0.3904,51.5303,1,0
190.1849,0.3984,51.25,1,0
190.0649,0.487,50.8994,1,0
189.8377,0.4315,50.9883,1,0
190.3668,0.4318,50.7167,1,0
190.0742,0.5056,52.006,1,0
190.1565,0.6066,51.8181,1,0
189.9593,0.3194,50.4731,1,0
190.1568,0.4407,51.4653,1,0
190.0337,0.4782,51.3866,1,0
189.8885,0.4383,51.1818,1,0
189.8326,0.4139,51.0662,1,0
189.9412,0.5757,51.6656,1,0
189.981,0.3756,50.8299,1,0
190.2075,0.3271,51.1642,1,0
189.9135,0.5022,51.0246,1,0
190.2158,0.5332,50.9273,1,0
190.0272,0.5049,51.1334,1,0
190.0333,0.3387,50.9239,1,0
190.3145,0.3706,51.6693,1,0
189.8951,0.5927,50.7849,1,0
190.0336,0.4512,50.5918,1,0
190.0632,0.5328,51.6447,1,0
190.0422,0.5386,50.8947,1,0
189.9592,0.3574,50.7793,1,0
189.5976,0.5327,51.6262,1,0
189.9855,0.3909,50.7322,1,0
189.8745,0.472,51.0297,1,0
190.1512,0.5024,51.2877,1,0
189.8722,0.4419,51.5458,1,0
189.7892,0.4706,50.9482,1,0
190.003,0.3826,50.6614,1,0
189.9678,0.4233,51.261,1,0
189.9641,0.3252,52.3819,1,0
189.9833,0.3928,51.3414,1,0
189.9739,0.4168,49.7672,0,1
189.9471,0.5087,51.1459,1,0
190.1143,0.5623,51.4099,1,0
190.1751,0.5096,51.5949,1,0
190.0213,0.3359,51.121,1,0
189.8081,0.4591,49.7238,0,1
189.7654,0.409,50.7898,1,0
190.1337,0.3792,50.6203,1,0
189.9816,0.4462,52.2832,1,0
189.9723,0.4411,50.6779,1,0
189.8275,0.4873,51.8568,1,0
189.9913,0.5969,51.2048,1,0
189.9545,0.4982,50.6966,1,0
189.9399,0.4515,51.313,1,0
189.9954,0.4556,50.5684,1,0
190.0259,0.3978,52.0163,1,0
190.1147,0.4425,50.9725,1,0
190.0454,0.4676,52.4183,1,0
189.8325,0.4276,52.0747,1,0
189.7277,0.3909,50.5899,1,0
190.116,0.4419,52.5406,1,0
189.922,0.4427,50.471,1,0
190.1637,0.5042,50.9882,1,0
190.0941,0.3854,50.0027,1,0
190.0052,0.5924,50.644,1,0
189.9765,0.4407,51.2364,1,0
189.9419,0.4607,51.2444,1,0
190.07,0.5262,50.8729,1,0
190.0363,0.4299,50.9938,1,0
189.9986,0.3791,51.1644,1,0
190.1051,0.3545,50.6493,1,0
189.8445,0.4813,50.8844,1,0
190.068,0.4053,51.1289,1,0
190.005,0.44,50.9072,1,0
190.0564,0.3618,51.0472,1,0
190.1607,0.4554,50.7317,1,0
189.8973,0.3589,51.2357,1,0
189.9903,0.336,51.1812,1,0
190.0736,0.4108,51.3827,1,0
189.9586,0.3602,51.0668,1,0
189.7895,0.5801,52.3533,1,0
189.952,0.3987,51.4887,1,0
190.0392,0.5265,51.7589,1,0
190.063,0.3977,50.8342,1,0
190.1017,0.3624,51.1101,1,0
189.9592,0.4799,51.4273,1,0
189.812,0.4682,51.6188,1,0
189.9783,0.4667,50.9183,1,0
189.9296,0.3472,51.2861,1,0
189.8965,0.4384,51.3051,1,0
189.9855,0.4826,51.5929,1,0
189.9788,0.6245,50.8022,1,0
189.9585,0.5588,50.893,1,0
189.7438,0.4101,50.5462,1,0
189.8214,0.2096,50.8628,1,0
189.826,0.5493,50.5537,1,0
190.1262,0.413,50.9406,1,0
189.9921,0.508,51.3656,1,0
189.8522,0.4049,51.4597,1,0
190.5117,0.4254,50.9137,1,0
189.8146,0.4291,50.9008,1,0
190.1444,0.3386,52.0908,1,0
189.9862,0.4839,51.202,1,0
190.1072,0.4001,51.5089,1,0
190.0065,0.4093,51.8104,1,0
189.836,0.3422,51.5734,1,0
190.0886,0.5249,51.2094,1,0
190.0736,0.4237,51.5782,1,0
189.9685,0.506,50.959,1,0
189.9487,0.4327,52.3842,1,0
190.0842,0.3362,51.025,1,0
189.8792,0.4638,50.5842,1,0
189.7668,0.42,50.8804,1,0
189.7635,0.4816,51.7424,1,0
189.8346,0.4905,51.3899,1,0
189.9169,0.4122,51.0882,1,0
190.0264,0.3924,50.6983,1,0
190.2011,0.363,51.3693,1,0
190.0753,0.4074,51.2943,1,0
189.8197,0.3528,50.7133,1,0
190.3655,0.5727,51.411,1,0
190.1031,0.4695,50.5826,1,0
190.0598,0.4395,50.0214,1,0
189.909,0.4097,51.1637,1,0
189.9517,0.3973,50.5412,1,0
190.108,0.4292,51.5954,1,0
189.9298,0.4912,51.4174,1,0
189.6736,0.4123,51.3307,1,0
190.0263,0.4721,52.2564,1,0
190.0662,0.4503,51.2518,1,0
189.8831,0.5608,51.035,1,0
190.0373,0.4038,51.3048,1,0
189.997,0.5195,50.9605,1,0
190.0563,0.4511,51.1352,1,0
190.1352,0.3621,51.2085,1,0
189.913,0.4852,50.9955,1,0
190.115,0.3965,50.9626,1,0
189.9313,0.518,51.3599,1,0
190.2234,0.4958,50.6028,1,0
189.9125,0.4974,52.2299,1,0
189.9254,0.3753,51.3037,1,0
190.0538,0.3947,51.0533,1,0
190.0481,0.4191,51.9132,1,0
190.349,0.4854,50.0707,1,0
190.0144,0.4461,50.9368,1,0
190.1492,0.4806,51.3004,1,0
190.0989,0.348,51.4914,1,0
189.9975,0.4403,51.1837,1,0
189.8135,0.4385,50.8862,1,0
189.8731,0.3845,51.7278,1,0
190.0699,0.4534,51.6922,1,0
189.7939,0.2184,50.6438,1,0
189.9568,0.3982,50.7343,1,0
190.171,0.4603,50.9081,1,0
190.1696,0.4457,51.0131,1,0
190.013,0.4234,50.8557,1,0
190.1951,0.4961,50.4063,1,0
190.0793,0.4036,52.3114,1,0
189.8608,0.4185,51.4585,1,0
189.9221,0.5775,51.3874,1,0
189.9987,0.4517,50.0221,1,0
189.8544,0.4219,51.1177,1,0
189.9997,0.3829,50.73,1,0
190.1103,0.4824,50.7676,1,0
189.8389,0.4965,51.5797,1,0
190.0381,0.3988,50.0425,1,0
189.8836,0.3935,50.4826,1,0
190.0517,0.4329,51.0608,1,0
189.9118,0.3951,51.0273,1,0
190.112,0.2746,52.7492,1,0
189.8033,0.3776,51.4099,1,0
190.0846,0.5029,51.925,1,0
190.0245,0.4582,51.9089,1,0
189.7972,0.4983,51.8701,1,0
189.8553,0.4165,51.1842,1,0
190.0991,0.397,52.1623,1,0
190.2504,0.492,52.3585,1,0
189.8923,0.4656,51.1615,1,0
189.9798,0.4877,51.3192,1,0
190.0768,0.4323,51.745,1,0
189.6467,0.4534,51.0404,1,0
190.2455,0.3534,51.1876,1,0
189.8016,0.474,50.9026,1,0
189.8247,0.4412,51.4639,1,0
189.946,0.4791,50.1654,1,0
190.2864,0.4257,51.4185,1,0
189.8217,0.457,51.2803,1,0
190.105,0.4386,51.1945,1,0
190.1859,0.4831,51.3755,1,0
190.0299,0.4898,50.036,1,0
190.0737,0.5169,51.6894,1,0
189.9921,0.5063,50.9975,1,0
190.0899,0.4009,51.2359,1,0
190.0416,0.6219,50.8369,1,0
189.7433,0.5218,51.0274,1,0
189.8657,0.4626,50.4548,1,0
190.0615,0.4617,51.1747,1,0
190.186,0.5981,51.1904,1,0
190.0334,0.4988,51.8241,1,0
190.0267,0.3387,51.2045,1,0
189.8958,0.4617,50.6683,1,0
190.1753,0.4596,51.2803,1,0
190.0498,0.4723,51.0141,1,0
190.0826,0.4353,50.9132,1,0
189.8922,0.39,51.2881,1,0
190.1651,0.4247,51.011,1,0
190.2992,0.4405,50.7793,1,0
189.8502,0.4336,51.3858,1,0
189.9707,0.4493,51.3944,1,0
189.7341,0.4894,50.4918,1,0
190.1635,0.3799,51.6341,1,0
189.958,0.5102,51.5906,1,0
190.2394,0.4952,51.2049,1,0
189.9209,0.474,50.3148,1,0
190.0856,0.5432,51.2002,1,0
190.0097,0.4489,50.5451,1,0
190.0247,0.4549,50.596,1,0
190.1313,0.5779,50.9573,1,0
190.0059,0.5519,50.9828,1,0
190.168,0.3271,50.419,1,0
190.1617,0.3769,51.711,1,0
190.0593,0.5147,51.5428,1,0
189.8776,0.4016,51.2728,1,0
190.1071,0.3684,51.0011,1,0
190.0685,0.4229,51.9,1,0
189.8732,0.4701,52.0638,1,0
190.0534,0.466,51.233,1,0
190.0211,0.443,50.2311,1,0
190.0109,0.4485,51.2781,1,0
189.8261,0.4044,51.1638,1,0
190.1317,0.5615,50.7317,1,0
190.0318,0.4444,50.952,1,0
189.9857,0.4637,51.6914,1,0
189.8575,0.416,50.9995,1,0
189.8359,0.5291,51.0578,1,0
190.0768,0.3766,51.6268,1,0
190.03,0.5095,50.5794,1,0
189.9027,0.4846,51.684,1,0
189.7186,0.5252,51.527,1,0
189.7847,0.4805,51.6722,1,0
189.8954,0.2846,50.1156,1,0
189.6174,0.4685,50.6594,1,0
189.7616,0.4488,51.8871,1,0
189.852,0.4282,50.8616,1,0
190.0678,0.3942,51.6319,1,0
189.7817,0.4724,51.2926,1,0
189.9427,0.5506,50.4081,1,0
190.1057,0.4495,50.2163,1,0
189.7555,0.4337,51.7387,1,0
189.8742,0.5424,50.9427,1,0
189.8766,0.345,50.4759,1,0
189.9433,0.3878,51.4146,1,0
190.0662,0.4445,50.7219,1,0
189.8721,0.5521,50.9938,1,0
189.9049,0.4697,50.7167,1,0
189.78,0.4215,51.3396,1,0
190.1296,0.5018,50.4526,1,0
189.9499,0.3785,50.86,1,0
190.0427,0.4196,51.338,1,0
190.1915,0.4752,51.1591,1,0
189.8736,0.4248,51.3479,1,0
190.1919,0.4677,51.0631,1,0
189.9694,0.4469,51.8419,1,0
190.1129,0.3998,51.1561,1,0
190.409,0.464,50.5375,1,0
190.1645,0.4247,50.7773,1,0
189.913,0.4887,50.6225,1,0
190.138,0.408,50.957,1,0
189.942,0.2693,49.8663,0,1
190.1207,0.3831,51.7673,1,0
190.2791,0.4193,51.5064,1,0
190.1169,0.4325,51.6078,1,0
190.065,0.4272,50.8682,1,0
189.8158,0.4157,50.8824,1,0
189.9472,0.4064,51.8347,1,0
190.5621,0.4694,50.382,1,0
189.9341,0.3948,51.23,1,0
190.1029,0.5205,51.0576,1,0
190.0668,0.5055,50.8913,1,0
189.8523,0.5274,50.6922,1,0
189.7804,0.4197,52.0222,1,0
189.9716,0.3584,51.5088,1,0
190.0818,0.4745,51.378,1,0
189.9127,0.5801,51.2358,1,0
190.1321,0.4442,51.0824,1,0
190.1385,0.4323,51.556,1,0
190.0881,0.4587,51.2378,1,0
190.2314,0.5445,50.089,1,0
189.9971,0.4944,51.4472,1,0
190.005,0.4349,51.5841,1,0
190.2158,0.2621,50.3272,1,0
189.9737,0.4849,50.7938,1,0
190.0814,0.4681,51.4345,1,0
189.9862,0.4119,51.7677,1,0
190.1473,0.4321,51.389,1,0
189.5332,0.5228,51.5509,1,0
190.0584,0.5722,52.1081,1,0
189.9912,0.4495,50.9174,1,0
190.0442,0.4488,51.2735,1,0
190.2224,0.4451,51.5285,1,0
189.7318,0.3697,51.2438,1,0
189.6961,0.637,51.879,1,0
190.1498,0.4214,51.9957,1,0
189.594,0.5156,51.059,1,0
190.1522,0.3714,51.2618,1,0
189.9536,0.4057,51.9894,1,0
189.9512,0.4892,51.3455,1,0
189.6381,0.348,51.4798,1,0
189.9653,0.3742,51.0291,1,0
190.1296,0.5522,51.3975,1,0
189.9775,0.3425,51.3367,1,0
189.9867,0.4953,51.2083,1,0
190.167,0.4091,51.146,1,0
189.8212,0.4649,50.2652,1,0
190.0007,0.4927,51.1062,1,0
189.9633,0.4434,50.2376,1,0
190.2986,0.4064,52.0531,1,0
189.8448,0.3307,51.5969,1,0
189.7466,0.565,50.6343,1,0
190.0457,0.3614,50.7799,1,0
190.185,0.4905,51.0484,1,0
190.0226,0.4278,50.6347,1,0
190.2676,0.4498,51.8871,1,0
189.9986,0.3739,50.9758,1,0
189.7654,0.4238,51.7113,1,0
189.8269,0.2591,50.8029,1,0
190.1664,0.5199,51.199,1,0
190.1034,0.3962,51.1352,1,0
189.9858,0.3436,51.8045,1,0
190.0999,0.4113,51.4301,1,0
190.2923,0.3874,51.1571,1,0
190.0301,0.5362,51.218,1,0
190.1875,0.4092,51.6277,1,0
190.1583,0.5082,51.1369,1,0
189.9597,0.3337,50.9365,1,0
190.0936,0.3737,51.0428,1,0
189.8729,0.4834,50.9509,1,0
189.8237,0.4978,50.5776,1,0
189.84,0.4635,52.1752,1,0
190.1893,0.4326,50.5086,1,0
189.9149,0.426,50.4988,1,0
189.9747,0.574,51.319,1,0
189.8931,0.5396,50.8263,1,0
190.3798,0.4571,50.4015,1,0
189.9333,0.3536,51.109,1,0
190.1275,0.5648,51.9375,1,0
190.0004,0.5815,51.7885,1,0
190.023,0.5246,51.0037,1,0
189.7764,0.4078,50.8479,1,0
190.0349,0.5358,51.4255,1,0
190.2991,0.4961,51.1295,1,0
190.0444,0.4581,51.9908,1,0
189.9561,0.4734,50.4607,1,0
189.9262,0.5151,51.013,1,0
190.0226,0.426,50.6715,1,0
190.1453,0.4626,51.5384,1,0
190.2019,0.4522,52.0115,1,0
189.741,0.4334,51.3875,1,0
190.0147,0.4945,51.4629,1,0
189.669,0.3624,50.9834,1,0
190.1274,0.4445,52.0876,1,0
189.9843,0.5125,51.805,1,0
190.0393,0.5984,51.7869,1,0
189.7492,0.4138,50.3919,1,0
190.1872,0.4759,51.4124,1,0
190.0573,0.3783,50.8717,1,0
190.0615,0.5463,51.0794,1,0
189.7834,0.4696,51.1229,1,0
190.0009,0.4972,51.1349,1,0
189.7367,0.239,50.8635,1,0
189.6809,0.4501,51.8552,1,0
189.7732,0.4367,51.3741,1,0
189.9543,0.6213,50.6331,1,0
190.2535,0.4097,50.7929,1,0
189.9458,0.4716,51.8787,1,0
189.8182,0.3725,51.4993,1,0
189.8948,0.4286,50.9359,1,0
190.1728,0.4786,51.1959,1,0
189.8125,0.4681,51.1095,1,0
190.3171,0.3072,51.0105,1,0
189.9257,0.4219,51.0416,1,0
189.8269,0.4421,50.628,1,0
190.254,0.4763,50.798,1,0
190.0631,0.4475,51.3351,1,0
190.1265,0.4299,50.9881,1,0
190.0533,0.5133,50.5452,1,0
190.1109,0.4899,50.9364,1,0
190.0364,0.3998,51.4022,1,0
190.0362,0.4402,50.7744,1,0
190.0101,0.3752,51.5275,1,0
189.9909,0.44,51.7057,1,0
190.2831,0.3947,51.1165,1,0
190.0298,0.4903,51.0168,1,0
190.0214,0.395,51.5399,1,0
190.0409,0.3486,51.0021,1,0
190.1227,0.4561,51.6646,1,0
190.1401,0.4216,51.0495,1,0
189.879,0.4733,50.5354,1,0
190.2564,0.4132,51.895,1,0
189.9205,0.5109,51.6748,1,0
190.2059,0.4562,51.2335,1,0
189.8774,0.4695,50.6465,1,0
189.9236,0.5426,51.0012,1,0
189.7344,0.5702,50.539,1,0
190.0302,0.4811,51.1149,1,0
190.0597,0.3211,51.892,1,0
190.0251,0.545,51.9985,1,0
189.787,0.4841,51.6124,1,0
189.9585,0.493,51.6945,1,0
189.7155,0.3546,51.5204,1,0
190.1187,0.5066,50.9144,1,0
190.0334,0.3431,51.4424,1,0
189.8213,0.5574,50.6527,1,0
189.875,0.5723,50.8368,1,0
190.0861,0.3745,51.7067,1,0
189.9909,0.4935,51.2713,1,0
189.961,0.4252,50.9532,1,0
190.131,0.4006,51.5866,1,0
190.239,0.3354,51.2725,1,0
189.8032,0.4328,51.9432,1,0
189.9215,0.3665,50.74,1,0
190.3109,0.5058,51.1628,1,0
190.0781,0.456,52.0279,1,0
190.2273,0.4193,50.9797,1,0
189.8455,0.3328,50.6637,1,0
190.0093,0.4448,51.1946,1,0
190.205,0.4249,51.8008,1,0
189.9147,0.4823,51.8591,1,0
190.1709,0.4037,51.1495,1,0
189.8205,0.4281,50.5864,1,0
189.8819,0.3272,50.7898,1,0
189.7832,0.4063,50.597,1,0
189.8754,0.4227,51.2216,1,0
189.8567,0.3056,51.4172,1,0
189.8581,0.402,50.8269,1,0
190.0947,0.474,50.7258,1,0
189.94,0.5296,52.0829,1,0
189.9408,0.4033,50.9173,1,0
190.0252,0.4157,51.2572,1,0
189.9677,0.4906,51.4111,1,0
190.1574,0.3569,50.8092,1,0
190.0693,0.3375,51.2313,1,0
189.9449,0.5301,51.2128,1,0
190.1209,0.4165,51.8565,1,0
190.2481,0.3815,51.2228,1,0
190.1148,0.3087,49.9517,0,1
190.0217,0.4669,51.9615,1,0
189.7854,0.4041,51.7603,1,0
189.9421,0.5048,51.1778,1,0
190.1874,0.418,50.9218,1,0
189.9831,0.4314,51.0675,1,0
190.1964,0.475,50.3679,1,0
190.0988,0.5796,50.9383,1,0
190.0103,0.4346,50.8421,1,0
190.1684,0.4639,51.2992,1,0
190.1013,0.5112,51.5532,1,0
189.9452,0.5241,50.6908,1,0
189.8616,0.3177,51.7598,1,0
190.2205,0.4886,50.7575,1,0
190.0866,0.4279,51.808,1,0
189.9602,0.4636,51.0809,1,0
189.9886,0.3952,50.8831,1,0
190.1392,0.4884,51.7375,1,0
190.0404,0.4285,51.2471,1,0
189.9057,0.4066,51.2534,1,0
189.8723,0.3674,51.1118,1,0
189.8391,0.4884,50.9373,1,0
189.7969,0.284,51.2353,1,0
189.8128,0.3967,50.4758,1,0
190.0981,0.5003,51.3611,1,0
189.9379,0.4007,50.9418,1,0
190.0358,0.399,51.1672,1,0
190.159,0.4322,51.4248,1,0
190.003,0.4546,51.7737,1,0
189.9645,0.4536,51.1107,1,0
189.7058,0.4371,51.1309,1,0
189.7556,0.465,51.0891,1,0
189.9973,0.3482,51.2958,1,0
189.9697,0.3466,52.1423,1,0
189.8059,0.4305,50.2115,1,0
189.9783,0.5803,50.8277,1,0
189.9241,0.3612,50.416,1,0
190.1847,0.4564,51.2054,1,0
190.1555,0.3355,52.2483,1,0
190.153,0.3768,52.0489,1,0
190.1119,0.5279,50.9732,1,0
189.6963,0.4417,51.0795,1,0
189.9434,0.5515,51.6702,1,0
189.8832,0.4067,51.306,1,0
190.2842,0.4854,51.7639,1,0
189.8369,0.406,51.5647,1,0
189.6937,0.4695,51.051,1,0
189.8299,0.4785,51.8901,1,0
190.1097,0.3527,50.3815,1,0
189.989,0.483,51.4609,1,0
190.0592,0.416,52.0159,1,0
189.9703,0.3807,50.5511,1,0
190.0226,0.4681,50.8129,1,0
189.7924,0.4659,51.6253,1,0
189.7739,0.4657,51.1123,1,0
190.0429,0.5132,51.534,1,0
190.1776,0.5413,50.8957,1,0
190.0163,0.3455,51.0991,1,0
189.9431,0.5187,51.7573,1,0
190.0452,0.4768,51.3283,1,0
190.2467,0.4611,51.3573,1,0
189.9132,0.5088,52.3773,1,0
189.7551,0.3476,52.0051,1,0
190.0634,0.4038,51.7066,1,0
190.1029,0.4531,52.1725,1,0
189.9067,0.4483,51.0318,1,0
189.8552,0.4589,52.1283,1,0
190.1158,0.4922,50.9854,1,0
190.1095,0.3557,51.0437,1,0
190.0391,0.3972,50.6808,1,0
190.0256,0.4373,51.0293,1,0
190.0682,0.4134,51.9396,1,0
189.8828,0.356,50.2708,1,0
190.0962,0.4306,50.7091,1,0
189.954,0.3945,51.3608,1,0
190.0126,0.3515,51.7259,1,0
190.0892,0.4155,51.7552,1,0
189.8866,0.448,52.0531,1,0
189.8188,0.491,50.6912,1,0
190.1723,0.5254,51.1277,1,0
190.0211,0.4296,51.8507,1,0
190.0047,0.3969,50.8151,1,0
190.1114,0.4729,50.5977,1,0
190.1144,0.4543,51.3271,1,0
189.941,0.4396,51.4442,1,0
189.9442,0.3876,52.0246,1,0
189.8257,0.4313,50.6835,1,0
190.195,0.5546,50.6715,1,0
190.1086,0.5375,51.3918,1,0
189.9347,0.4281,52.0985,1,0
189.7944,0.4353,51.548,1,0
190.1353,0.4731,50.7871,1,0
190.1428,0.4584,51.0839,1,0
189.7736,0.488,50.9856,1,0
189.9916,0.4695,51.6597,1,0
189.7683,0.474,50.6121,1,0
190.2469,0.5081,51.4864,1,0
189.9354,0.436,52.0875,1,0
189.7876,0.4089,51.362,1,0
190.0708,0.3736,52.3025,1,0
189.9415,0.4583,51.1045,1,0
190.0288,0.5657,51.2841,1,0
190.0419,0.2845,51.2703,1,0
190.0935,0.3962,50.4902,1,0
190.2287,0.2996,51.1565,1,0
190.0525,0.4005,51.608,1,0
189.9643,0.4309,51.5547,1,0
190.0917,0.4635,51.0253,1,0
189.9361,0.5001,52.5083,1,0
189.9059,0.4055,51.243,1,0
190.0249,0.4055,51.3347,1,0
189.8804,0.4829,51.4546,1,0
190.0718,0.457,50.8394,1,0
190.1391,0.4907,51.332,1,0
189.8766,0.4336,51.8284,1,0
190.0864,0.4103,51.2627,1,0
190.1331,0.4,51.4173,1,0
189.9301,0.3698,51.3448,1,0
190.3623,0.4915,52.3786,1,0
189.8479,0.352,50.7486,1,0
189.9985,0.5251,51.5269,1,0
189.9663,0.4212,50.4452,1,0
190.2676,0.4998,51.4583,1,0
189.9075,0.4437,51.0716,1,0
189.8802,0.4417,50.7739,1,0
190.1254,0.5384,52.3497,1,0
189.9853,0.5722,51.1606,1,0
190.0594,0.4247,50.8403,1,0
190.0397,0.4536,51.6184,1,0
190.0342,0.4329,51.7608,1,0
190.2998,0.4628,51.4104,1,0
189.7309,0.4369,50.3866,1,0
189.7843,0.4166,50.4728,1,0
190.371,0.6174,51.5255,1,0
189.901,0.5399,51.3299,1,0
190.1696,0.5114,50.914,1,0
190.1292,0.3678,50.7632,1,0
190.0994,0.4747,49.8186,0,1
190.5341,0.4904,51.4951,1,0
190.2122,0.4326,51.5438,1,0
190.1431,0.4344,51.3832,1,0
189.783,0.4432,50.6912,1,0
190.0273,0.4641,51.7951,1,0
190.1083,0.5038,51.4007,1,0
190.0274,0.4286,50.8635,1,0
190.0985,0.4508,51.0603,1,0
189.8322,0.3329,51.6308,1,0
190.0529,0.4548,51.3742,1,0
190.0236,0.3222,50.6656,1,0
190.1476,0.4622,50.6746,1,0
190.1084,0.4647,50.8056,1,0
190.0112,0.518,51.0091,1,0
189.9556,0.5133,51.3493,1,0
189.8929,0.5367,50.4685,1,0
190.1426,0.5186,51.464,1,0
190.2469,0.5677,51.1464,1,0
190.0662,0.2904,51.5845,1,0
190.1066,0.385,51.3185,1,0
189.9809,0.4851,50.8791,1,0
189.7762,0.5004,51.8119,1,0
189.6149,0.483,51.5164,1,0
189.8182,0.5303,51.5752,1,0
189.9758,0.4126,50.9996,1,0
189.8908,0.5095,51.4447,1,0
189.9573,0.4999,50.6772,1,0
190.0099,0.444,50.6337,1,0
190.1283,0.3353,51.7376,1,0
190.0718,0.4073,51.6175,1,0
190.0034,0.507,50.1767,1,0
189.8112,0.5586,51.9979,1,0
190.0812,0.3789,51.1768,1,0
189.9018,0.5423,50.6676,1,0
190.053,0.5674,50.9396,1,0
189.8964,0.4498,51.5896,1,0
190.145,0.477,51.8395,1,0
190.2507,0.4453,51.2633,1,0
189.9674,0.4555,51.4631,1,0
189.9062,0.4359,51.6958,1,0
189.9732,0.4617,49.8686,0,1
189.9516,0.4767,50.9005,1,0
190.0766,0.474,51.7608,1,0
189.7852,0.3748,50.7862,1,0
189.9092,0.4598,51.8773,1,0
190.1185,0.4364,51.1922,1,0
190.0439,0.3835,51.5898,1,0
189.8518,0.4225,51.3088,1,0
190.0355,0.5181,50.6774,1,0
190.047,0.4847,51.3645,1,0
190.3131,0.3627,51.091,1,0
190.1005,0.4908,51.5442,1,0
190.0012,0.4367,51.5193,1,0
190.0032,0.3599,50.6794,1,0
189.8572,0.5021,50.952,1,0
189.8367,0.484,51.6776,1,0
189.8297,0.3762,51.3248,1,0
190.1452,0.5077,51.7697,1,0
189.7304,0.4237,50.7693,1,0
190.0294,0.3722,51.7961,1,0
190.0413,0.4123,51.221,1,0
189.7354,0.4543,51.7166,1,0
189.9101,0.4531,51.0757,1,0
190.1262,0.5165,52.3746,1,0
189.9249,0.3303,51.3074,1,0
190.1812,0.3955,51.0737,1,0
189.9532,0.5067,51.6354,1,0
189.8552,0.5306,51.0401,1,0
189.81,0.43,51.0734,1,0
189.9488,0.4666,50.467,1,0
189.903,0.4087,51.332,1,0
190.0629,0.3887,51.052,1,0
190.169,0.3363,51.7795,1,0
189.944,0.3584,50.6403,1,0
190.0505,0.4399,51.4048,1,0
190.1848,0.4427,51.1394,1,0
189.9244,0.4528,50.7472,1,0
189.8974,0.4748,51.3453,1,0
190.3701,0.4373,51.0324,1,0
190.2293,0.5214,51.7802,1,0
189.974,0.4522,51.1016,1,0
189.7268,0.575,51.2829,1,0
189.885,0.3806,50.8997,1,0
189.8151,0.4645,50.2707,1,0
190.0812,0.4769,51.2414,1,0
189.9985,0.5095,51.4514,1,0
190.1454,0.4398,51.2848,1,0
190.243,0.5988,51.5182,1,0
189.9965,0.5092,51.2413,1,0
190.0656,0.4752,51.0013,1,0
189.9957,0.4552,51.8344,1,0
189.8506,0.4502,51.0508,1,0
190.0689,0.4755,50.9654,1,0
190.0094,0.4443,50.9532,1,0
190.045,0.4204,51.1478,1,0
189.9,0.3463,51.118,1,0
189.9077,0.5025,50.3876,1,0
190.2099,0.433,51.6266,1,0
190.0867,0.4461,50.8308,1,0
190.2963,0.4203,50.9913,1,0
189.9223,0.2792,50.7512,1,0
190.1748,0.4994,51.9065,1,0
189.9988,0.4968,51.1937,1,0
189.8907,0.4835,50.4412,1,0
189.9907,0.4705,51.3066,1,0
190.0112,0.5771,51.4907,1,0
189.7786,0.4369,50.2819,1,0
189.9684,0.586,51.4821,1,0
190.0171,0.5858,51.1107,1,0
190.0888,0.4872,49.8457,0,1
189.9909,0.3167,51.2309,1,0
189.96,0.4246,51.1112,1,0
189.7701,0.5835,51.8896,1,0
190.0317,0.3542,50.9145,1,0
189.4204,0.5642,50.8252,1,0
190.1332,0.4893,51.0708,1,0
190.1642,0.4159,50.3487,1,0
189.8883,0.4483,51.3262,1,0
190.0824,0.3432,51.2595,1,0
189.9359,0.3669,50.3205,1,0
189.9243,0.4639,51.5407,1,0
189.6245,0.4645,51.1832,1,0
189.9182,0.3273,51.2802,1,0
189.8299,0.3991,51.595,1,0
189.9132,0.5431,51.629,1,0
190.1117,0.5445,50.6274,1,0
190.1112,0.4477,51.5486,1,0
189.7182,0.3735,50.7815,1,0
189.8873,0.4786,51.3833,1,0
189.9594,0.4702,51.233,1,0
189.9356,0.4557,50.8226,1,0
190.1569,0.5016,50.8517,1,0
190.2396,0.5914,51.732,1,0
189.8935,0.52,50.6531,1,0
189.9206,0.3585,51.3005,1,0
189.8834,0.5179,50.4094,1,0
189.968,0.4189,51.4748,1,0
190.1663,0.4423,51.6877,1,0
190.1204,0.455,51.1785,1,0
189.9771,0.544,51.6485,1,0
189.9497,0.5937,51.2427,1,0
190.2187,0.4546,52.1387,1,0
190.2361,0.3346,51.2705,1,0
190.2055,0.2703,51.8324,1,0
190.074,0.3554,51.6836,1,0
189.8798,0.534,51.0558,1,0
189.8378,0.3624,51.1828,1,0
189.8686,0.4563,50.8464,1,0
189.8735,0.4539,51.7365,1,0
190.2177,0.4261,51.7657,1,0
190.0081,0.4547,50.9818,1,0
190.0545,0.3316,51.0296,1,0
189.9276,0.3069,52.0615,1,0
190.323,0.3104,50.3061,1,0
189.9292,0.4681,51.2483,1,0
189.8303,0.4037,51.3395,1,0
189.7579,0.436,51.5266,1,0
190.2642,0.367,51.0627,1,0
190.1576,0.3458,51.2283,1,0
189.7106,0.4497,51.845,1,0
189.7784,0.4776,50.7789,1,0
190.1904,0.5157,51.0755,1,0
190.0465,0.4847,51.6987,1,0
190.0636,0.4733,51.442,1,0
190.0355,0.5205,51.4399,1,0
189.9638,0.4767,50.7134,1,0
190.0877,0.613,51.1154,1,0
190.0518,0.5022,51.2582,1,0
189.7069,0.3461,51.3118,1,0
189.9043,0.3413,51.4378,1,0
189.9671,0.4305,50.9625,1,0
189.9827,0.515,51.9741,1,0
190.1492,0.4243,50.3764,1,0
190.0435,0.4383,51.2029,1,0
189.9986,0.446,51.3023,1,0
190.0985,0.5652,50.8732,1,0
190.1543,0.4081,51.644,1,0
190.0171,0.3242,51.6616,1,0
190.1094,0.4549,51.4054,1,0
190.1301,0.5165,51.086,1,0
189.7606,0.4903,50.9082,1,0
189.9468,0.4682,52.167,1,0
189.8611,0.4339,51.1176,1,0
189.8937,0.6041,51.1089,1,0
189.6891,0.4033,51.3916,1,0
190.0766,0.4964,51.0392,1,0
190.145,0.401,51.1097,1,0
190.056,0.5377,50.7651,1,0
190.1302,0.371,51.593,1,0
189.9047,0.4427,51.2119,1,0
190.2354,0.3223,50.7471,1,0
189.8834,0.3919,52.2445,1,0
190.0354,0.5078,51.0451,1,0
190.1385,0.4792,50.9012,1,0
190.0956,0.4385,50.6623,1,0
190.1034,0.4608,51.6101,1,0
190.0215,0.4665,51.6079,1,0
190.1641,0.4873,51.7032,1,0
190.1953,0.5448,51.7176,1,0
190.2709,0.4589,50.9036,1,0
190.0881,0.5306,51.5368,1,0
190.1212,0.3428,51.7059,1,0
189.9719,0.428,50.8819,1,0
190.1109,0.4716,51.7028,1,0
189.8996,0.4676,50.784,1,0
189.7874,0.4009,51.2017,1,0
190.1215,0.3558,51.7473,1,0
190.0902,0.4609,50.2808,1,0
190.1807,0.4561,51.6464,1,0
190.1269,0.4571,50.3502,1,0
189.8962,0.4557,50.3403,1,0
189.7677,0.4089,51.7978,1,0
189.9844,0.5205,51.3189,1,0
189.809,0.4416,50.3559,1,0
189.9313,0.6081,51.2048,1,0
189.8862,0.3901,51.6588,1,0
190.2269,0.3518,51.2595,1,0
190.0677,0.4225,51.0727,1,0
190.1668,0.454,51.9828,1,0
189.945,0.4895,51.3392,1,0
189.76,0.4023,50.8235,1,0
190.0362,0.3686,51.0027,1,0
189.9987,0.5009,50.7431,1,0
189.7006,0.4243,51.5426,1,0
190.0184,0.4133,50.6787,1,0
190.0485,0.4352,50.9508,1,0
189.9463,0.3944,50.7722,1,0
190.3515,0.4673,51.1353,1,0
189.9386,0.5221,51.1968,1,0
190.1453,0.4188,51.1809,1,0
190.2663,0.453,51.8527,1,0
190.1795,0.3149,50.3849,1,0
189.9096,0.4965,51.1703,1,0
190.1006,0.4172,51.4917,1,0
190.0333,0.4645,50.6083,1,0
189.7173,0.2583,51.3394,1,0
190.1957,0.544,50.7985,1,0
190.152,0.4762,50.6714,1,0
189.9614,0.4367,51.6106,1,0
189.8858,0.4708,50.9389,1,0
189.7637,0.5083,51.5277,1,0
190.0079,0.4823,51.693,1,0
190.0268,0.4568,51.0318,1,0
190.0116,0.4542,51.7524,1,0
189.95,0.4464,50.9828,1,0
189.917,0.5019,50.901,1,0
190.2176,0.4787,51.5003,1,0
189.9302,0.3227,50.7961,1,0
190.3666,0.3266,50.8736,1,0
189.8319,0.3418,50.6605,1,0
190.1769,0.4812,51.1099,1,0
190.1335,0.4276,51.8614,1,0
190.0932,0.4301,50.8976,1,0
189.9945,0.4822,51.6738,1,0
190.2749,0.4086,50.9569,1,0
190.0537,0.5005,51.7918,1,0
189.9713,0.355,51.3898,1,0
189.8262,0.4406,51.5317,1,0
190.0236,0.6399,51.4037,1,0
190.1336,0.3801,51.552,1,0
189.944,0.558,50.7488,1,0
190.0528,0.3733,52.3934,1,0
190.2229,0.3993,52.5495,1,0
190.1079,0.477,51.4153,1,0
189.9341,0.5104,50.9237,1,0
190.173,0.3695,51.2661,1,0
189.9725,0.4978,49.8747,0,1
190.3579,0.3435,50.836,1,0
189.9731,0.5258,51.6261,1,0
189.8655,0.4605,51.0609,1,0
190.1064,0.4541,50.9535,1,0
190.0489,0.2547,51.4065,1,0
189.9489,0.3708,51.238,1,0
189.8379,0.3796,51.3836,1,0
190.1419,0.4051,51.2301,1,0
189.9621,0.3715,50.9435,1,0
189.8048,0.4926,51.0496,1,0
190.2212,0.4187,50.9887,1,0
189.9599,0.4393,50.7641,1,0
189.9882,0.495,50.5569,1,0
189.9801,0.3719,51.488,1,0
190.205,0.4842,50.3789,1,0
189.9928,0.3238,51.5302,1,0
189.7581,0.3134,51.9958,1,0
189.8604,0.5152,50.8049,1,0
189.9673,0.4993,50.5551,1,0
189.9285,0.3898,51.3285,1,0
189.8464,0.5408,50.934,1,0
189.9746,0.4609,51.2022,1,0
189.7666,0.372,50.4384,1,0
190.2419,0.5104,49.8374,0,1
189.8426,0.2933,51.7116,1,0
189.918,0.442,51.231,1,0
190.1539,0.4908,51.7512,1,0
189.8666,0.4235,51.5692,1,0
189.8238,0.468,51.1033,1,0
190.0473,0.5177,52.0167,1,0
190.0258,0.4908,50.9496,1,0
190.0551,0.4407,51.5445,1,0
189.7917,0.3255,51.0217,1,0
190.169,0.4457,52.0518,1,0
189.8367,0.408,52.4322,1,0
190.1208,0.4489,50.578,1,0
189.7815,0.4669,50.5529,1,0
189.9934,0.4444,51.4593,1,0
190.266,0.3862,51.1662,1,0
189.8808,0.4425,51.2334,1,0
190.225,0.423,51.4249,1,0
189.7786,0.4593,51.1044,1,0
189.918,0.5417,50.933,1,0
190.0585,0.4373,51.5901,1,0
189.9189,0.3661,50.5982,1,0
189.9659,0.3527,51.1847,1,0
190.1988,0.483,52.0249,1,0
190.0947,0.3921,50.2863,1,0
189.9391,0.4003,50.7573,1,0
190.0299,0.5389,51.0513,1,0
190.065,0.3402,50.9981,1,0
189.9571,0.3837,50.1572,1,0
189.9118,0.4314,51.2359,1,0
189.9578,0.4563,50.6445,1,0
190.19,0.4442,50.0455,1,0
189.91,0.5289,50.4864,1,0
190.2561,0.6588,51.2515,1,0
190.0426,0.2834,51.1969,1,0
189.6296,0.3811,51.3717,1,0
189.9128,0.412,51.1149,1,0
190.1627,0.5014,50.9754,1,0
190.1097,0.4782,50.8512,1,0
190.105,0.4212,51.9041,1,0
189.8459,0.4279,51.7135,1,0
190.3495,0.4129,51.5737,1,0
189.9848,0.4732,50.4382,1,0
190.1991,0.4446,50.5129,1,0
189.9616,0.5051,51.383,1,0
189.9025,0.5614,51.2937,1,0
190.0807,0.3643,51.8863,1,0
189.7688,0.4207,50.913,1,0
189.9918,0.5129,50.8342,1,0
189.7899,0.5291,52.3736,1,0
189.7809,0.5046,50.9357,1,0
189.8142,0.4449,51.6829,1,0
189.9144,0.4705,51.4222,1,0
189.8715,0.5392,50.7049,1,0
189.8712,0.3849,51.2526,1,0
189.9837,0.3061,51.2919,1,0
190.2027,0.3187,51.755,1,0
189.7979,0.4339,50.3042,1,0
190.1823,0.3934,51.328,1,0
190.1589,0.464,50.8097,1,0
189.9871,0.4062,50.6528,1,0
190.1284,0.4421,51.166,1,0
189.9564,0.4481,51.4382,1,0
189.9083,0.3966,51.7415,1,0
189.9893,0.3519,51.2046,1,0
190.0054,0.4842,52.0418,1,0
190.0405,0.3854,51.4521,1,0
189.8717,0.42,51.4931,1,0
190.1143,0.4726,51.1663,1,0
189.9992,0.3629,51.2489,1,0
190.3824,0.5618,51.4095,1,0
189.8509,0.3672,51.4189,1,0
190.2543,0.476,51.2489,1,0
189.9737,0.4735,50.8319,1,0
190.112,0.515,51.034,1,0
190.0737,0.3887,51.3203,1,0
190.0435,0.3443,51.2015,1,0
190.0455,0.5733,50.8674,1,0
189.7854,0.3206,51.1166,1,0
189.875,0.5168,50.6688,1,0
189.9989,0.3761,51.3117,1,0
189.8771,0.3789,50.6117,1,0
190.0074,0.4868,51.6298,1,0
189.97,0.3375,51.1969,1,0
189.9698,0.4181,51.2309,1,0
189.7002,0.5366,51.2062,1,0
189.9038,0.5344,51.4541,1,0
190.1161,0.4655,51.7,1,0
190.0682,0.3988,51.5688,1,0
190.2762,0.3824,50.9446,1,0
189.8288,0.4886,51.672,1,0
190.0816,0.3957,51.3271,1,0
190.0684,0.4257,51.6804,1,0
190.14,0.3255,50.3123,1,0
190.1388,0.4916,51.4392,1,0
190.0034,0.5115,50.035,1,0
189.7609,0.3576,51.4189,1,0
189.9959,0.4487,51.3769,1,0
190.0111,0.4333,51.6629,1,0
189.7482,0.3343,50.0779,1,0
190.2258,0.4776,51.7635,1,0
190.0083,0.4408,50.4727,1,0
189.9948,0.4111,51.6815,1,0
189.9411,0.4918,51.7006,1,0
190.1717,0.4381,51.8344,1,0
190.0174,0.3654,50.7173,1,0
189.6943,0.4459,51.7982,1,0
189.9419,0.4371,51.0419,1,0
190.1301,0.5251,51.147,1,0
190.0425,0.5415,52.0478,1,0
190.0671,0.482,51.8898,1,0
189.8564,0.2838,50.8376,1,0
189.9703,0.4255,51.8085,1,0
190.0249,0.4675,51.8458,1,0
190.0819,0.594,51.4472,1,0
189.9575,0.4685,51.1783,1,0
190.0476,0.4822,51.327,1,0
190.1189,0.4035,51.2318,1,0
190.0924,0.4643,50.4324,1,0
189.919,0.4857,51.6963,1,0
190.1186,0.4722,50.9302,1,0
190.2816,0.4727,50.9321,1,0
190.1886,0.4832,50.8803,1,0
189.914,0.5129,51.0617,1,0
190.0422,0.4857,51.7051,1,0
189.9109,0.3489,51.2603,1,0
190.1359,0.3917,51.2962,1,0
189.9819,0.5418,51.3388,1,0
190.2419,0.2747,51.7468,1,0
189.9536,0.5592,50.82,1,0
189.9443,0.386,51.8848,1,0
190.0001,0.4316,51.1665,1,0
190.0805,0.3184,50.7616,1,0
190.0547,0.5197,50.6324,1,0
190.0533,0.4388,50.6055,1,0
189.9418,0.4643,52.3154,1,0
189.6888,0.4821,51.6189,1,0
189.989,0.41,51.3,1,0
190.1087,0.5018,51.6519,1,0
190.2391,0.4877,51.292,1,0
189.8309,0.4638,51.9438,1,0
190.0948,0.4466,50.7134,1,0
189.8538,0.5318,51.9201,1,0
190.2928,0.3505,51.2931,1,0
190.2134,0.4722,50.7291,1,0
189.9204,0.3551,51.2255,1,0
190.0665,0.3719,51.4167,1,0
190.0691,0.5105,50.8216,1,0
189.8007,0.368,51.0422,1,0
190.2995,0.4869,50.2622,1,0
189.8148,0.5544,51.4823,1,0
189.8559,0.3197,51.4546,1,0
190.0394,0.4781,51.7448,1,0
189.8802,0.4851,51.3161,1,0
189.977,0.3838,51.3607,1,0
190.1493,0.4917,50.3978,1,0
189.7007,0.4339,51.4272,1,0
189.8656,0.4553,51.4026,1,0
190.0749,0.34,52.2541,1,0
189.8123,0.3366,51.4339,1,0
190.1944,0.4593,50.6746,1,0
189.7407,0.5457,50.9133,1,0
189.7814,0.3901,51.5625,1,0
190.1212,0.4135,50.6968,1,0
189.6686,0.4565,50.7186,1,0
190.1929,0.5787,50.4293,1,0
190.0559,0.3481,51.8838,1,0
189.8978,0.4572,50.9629,1,0
189.9649,0.3915,52.1609,1,0
190.1281,0.4165,51.0306,1,0
189.8692,0.3643,51.6051,1,0
190.1667,0.389,51.9241,1,0
190.0819,0.5003,51.8834,1,0
190.0382,0.4836,51.0993,1,0
189.9923,0.4838,50.7704,1,0
190.1887,0.3977,51.0235,1,0
190.0708,0.4993,51.2175,1,0
189.9585,0.5968,51.2045,1,0
189.946,0.5658,51.0208,1,0
189.8985,0.4151,50.6761,1,0
190.2819,0.4607,51.9107,1,0
190.1854,0.316,52.2181,1,0
190.2643,0.5125,50.4083,1,0
189.8736,0.3004,51.3845,1,0
190.0326,0.4521,49.8789,0,1
190.1218,0.4078,51.6437,1,0
189.9051,0.3682,51.0449,1,0
190.2167,0.4886,50.7448,1,0
190.2399,0.3736,51.1981,1,0
190.2513,0.5113,50.5689,1,0
190.0451,0.3651,52.0861,1,0
190.2405,0.5,51.4759,1,0
189.9964,0.3931,51.3915,1,0
189.9849,0.4827,50.4201,1,0
189.6322,0.5431,51.3388,1,0
189.944,0.462,50.8639,1,0
189.9022,0.4279,52.1482,1,0
189.9469,0.494,50.9049,1,0
190.167,0.4288,51.613,1,0
190.1217,0.4921,50.9742,1,0
189.8239,0.3707,51.0623,1,0
190.0494,0.5242,50.8288,1,0
189.8419,0.4246,51.4133,1,0
189.813,0.4666,51.3563,1,0
190.1358,0.4036,51.843,1,0
190.2079,0.3578,51.1688,1,0
189.8788,0.3032,51.5908,1,0
189.817,0.409,51.6072,1,0
189.9885,0.5105,51.4766,1,0
189.8013,0.4457,51.4834,1,0
189.754,0.4303,51.3751,1,0
190.3159,0.4968,51.5034,1,0
189.9957,0.4697,51.1051,1,0
189.9217,0.4525,51.5554,1,0
190.0472,0.4575,51.3968,1,0
189.7421,0.438,50.492,1,0
190.3601,0.4545,50.9608,1,0
189.982,0.4221,51.259,1,0
189.949,0.3182,50.8614,1,0
189.726,0.3541,50.0859,1,0
189.8217,0.3712,51.9547,1,0
190.0396,0.5569,51.4944,1,0
190.229,0.4276,51.0976,1,0
189.954,0.4473,50.6239,1,0
189.7715,0.4606,51.7417,1,0
189.9295,0.5488,52.0248,1,0
189.7179,0.4765,51.2469,1,0
190.037,0.3319,51.8464,1,0
189.9961,0.525,51.3266,1,0
190.0023,0.5164,51.0662,1,0
189.8554,0.501,51.3013,1,0
190.0065,0.4269,50.8591,1,0
189.8693,0.5114,51.1699,1,0
190.1105,0.4542,51.9074,1,0
189.9324,0.531,51.0189,1,0
189.8283,0.3837,50.633,1,0
189.8893,0.3502,51.5187,1,0
189.6671,0.5291,50.5458,1,0
190.0972,0.4023,51.4043,1,0
189.9152,0.5047,50.4938,1,0
190.0649,0.3894,50.9268,1,0
190.0307,0.3622,51.4619,1,0
189.9603,0.5091,51.1704,1,0
190.2597,0.4898,50.7535,1,0
189.8073,0.3822,50.7161,1,0
189.7622,0.5736,51.0361,1,0
190.3964,0.4019,50.8793,1,0
189.9998,0.4873,51.0414,1,0
190.09,0.2935,50.2656,1,0
190.0142,0.4241,51.4685,1,0
189.8618,0.4179,50.9511,1,0
190.0231,0.4252,51.5917,1,0
189.7244,0.4419,51.5586,1,0
190.0591,0.4554,51.4309,1,0
190.0237,0.4663,50.9671,1,0
189.8984,0.4258,50.9891,1,0
189.9699,0.3682,51.5194,1,0
189.7351,0.4774,50.711,1,0
189.9269,0.36,50.7212,1,0
190.1055,0.3904,51.635,1,0
189.8724,0.4349,51.8311,1,0
189.9898,0.4541,51.2426,1,0
189.7117,0.3592,51.6357,1,0
190.0029,0.6444,50.3052,1,0
190.0634,0.5088,50.1448,1,0
190.1519,0.5046,51.0223,1,0
189.8725,0.45,51.6751,1,0
189.7422,0.5538,51.6155,1,0
190.2464,0.3914,51.7134,1,0
190.168,0.4668,50.7878,1,0
190.021,0.4804,51.3236,1,0
190.0626,0.4154,50.9048,1,0
189.8879,0.4083,51.1065,1,0
189.8101,0.4815,51.2254,1,0
189.9157,0.4945,51.4247,1,0
190.0641,0.3678,50.6676,1,0
189.8978,0.4505,51.1406,1,0
189.993,0.553,50.9276,1,0
190.2048,0.4253,51.8152,1,0
190.0176,0.4149,51.4623,1,0
189.9473,0.4338,51.6609,1,0
190.0035,0.4927,51.188,1,0
190.0431,0.4154,50.8976,1,0
189.7516,0.5136,51.1996,1,0
189.9958,0.4481,51.7935,1,0
190.1436,0.2541,51.3635,1,0
190.0302,0.3385,51.7882,1,0
189.9253,0.4823,50.773,1,0
189.955,0.523,51.5125,1,0
190.1744,0.4827,51.0815,1,0
190.1248,0.4552,50.2622,1,0
189.7939,0.3164,51.52,1,0
189.75,0.4565,50.2389,1,0
190.0217,0.4498,51.3529,1,0
190.0738,0.4513,51.4395,1,0
190.1315,0.4932,51.4339,1,0
189.9608,0.3877,51.0886,1,0
189.7592,0.4645,51.9396,1,0
190.2812,0.3724,51.4215,1,0
190.1188,0.513,50.8087,1,0
190.2248,0.3869,51.4636,1,0
189.9212,0.5602,50.8541,1,0
190.1255,0.4523,51.1077,1,0
189.9503,0.4354,51.6871,1,0
190.1227,0.5447,51.0787,1,0
190.3482,0.3828,51.1662,1,0
189.896,0.5755,50.762,1,0
189.6431,0.4074,50.7137,1,0
190.1227,0.4376,51.2618,1,0
190.185,0.5242,50.9056,1,0
190.2327,0.5587,50.7425,1,0
190.0172,0.4911,50.6447,1,0
190.0641,0.5507,51.0367,1,0
189.9123,0.4649,51.288,1,0
190.0243,0.4048,51.4476,1,0
189.9275,0.4466,51.5546,1,0
189.6922,0.4158,50.8259,1,0
190.0935,0.3985,51.3028,1,0
190.1793,0.4153,50.711,1,0
189.7822,0.334,51.4002,1,0
189.9776,0.4571,50.8543,1,0
190.2886,0.4967,51.0468,1,0
189.842,0.336,50.9288,1,0
189.935,0.4071,50.4251,1,0
189.9606,0.3649,50.6842,1,0
189.8543,0.4117,51.7971,1,0
189.8047,0.4063,51.1373,1,0
190.0185,0.3598,52.5624,1,0
189.7986,0.3713,51.4871,1,0
189.8054,0.4684,50.6804,1,0
189.9573,0.3635,51.3626,1,0
190.2359,0.4727,50.828,1,0
190.1038,0.4518,51.6294,1,0
190.2725,0.4431,52.9884,1,0
189.9113,0.3766,51.3706,1,0
190.0522,0.3768,51.0863,1,0
189.5417,0.4241,51.3233,1,0
190.2932,0.4887,49.9694,0,1
190.1591,0.3823,50.9754,1,0
189.8225,0.5795,51.9893,1,0
190.2439,0.3893,50.0131,1,0
190.173,0.5935,51.1423,1,0
190.0101,0.3991,51.9449,1,0
190.1494,0.3262,51.2362,1,0
190.0547,0.2898,51.259,1,0
190.139,0.537,51.2456,1,0
190.1479,0.4901,51.8115,1,0
189.9392,0.4768,51.5868,1,0
189.8416,0.4111,51.4764,1,0
189.8833,0.6327,50.6927,1,0
190.1291,0.4109,51.6325,1,0
190.0072,0.5226,51.6356,1,0
190.0891,0.3025,50.9326,1,0
189.8034,0.4599,50.5178,1,0
189.8288,0.3644,50.7654,1,0
189.6382,0.5321,52.1104,1,0
190.1342,0.5995,51.4394,1,0
190.1305,0.4295,50.8584,1,0
189.9738,0.5368,51.1618,1,0
189.8991,0.2551,51.3863,1,0
190.066,0.5035,50.523,1,0
190.0101,0.5201,51.5032,1,0
189.9164,0.4396,50.8228,1,0
190.3074,0.6178,51.0815,1,0
190.1502,0.344,50.4142,1,0
189.9454,0.486,51.0528,1,0
189.7403,0.3918,50.7335,1,0
190.0508,0.4446,51.5899,1,0
190.0338,0.3993,51.1563,1,0
189.8989,0.3947,50.9509,1,0
190.0993,0.5224,51.6433,1,0
190.0029,0.4049,51.6378,1,0
190.2839,0.4448,51.1042,1,0
189.9446,0.3457,51.8186,1,0
189.9735,0.4208,51.2939,1,0
190.1572,0.4667,51.4293,1,0
190.1656,0.502,51.4144,1,0
189.9364,0.4943,51.2029,1,0
190.3859,0.4912,51.7806,1,0
190.3352,0.4408,50.9372,1,0
190.1272,0.4602,51.5214,1,0
189.6977,0.4161,51.689,1,0
190.1587,0.4306,51.1987,1,0
190.1461,0.4826,51.6957,1,0
189.8202,0.493,51.9336,1,0
189.9635,0.2876,50.9936,1,0
189.8472,0.5319,50.9567,1,0
189.8623,0.3763,51.0533,1,0
190.0567,0.5722,50.8344,1,0
190.0441,0.4399,51.4097,1,0
189.8752,0.4643,51.3571,1,0
190.2813,0.4053,50.8894,1,0
189.8251,0.481,51.9048,1,0
189.7917,0.5481,51.3017,1,0
189.9046,0.4512,51.6062,1,0
190.1139,0.3971,51.6542,1,0
190.0397,0.456,50.9916,1,0
189.9838,0.43,51.7331,1,0
189.5981,0.4599,51.6115,1,0
189.9086,0.4485,50.912,1,0
189.9236,0.4435,50.5071,1,0
189.9174,0.4479,51.3437,1,0
189.8431,0.4247,50.5995,1,0
190.1111,0.4763,52.1162,1,0
190.0848,0.5489,52.4377,1,0
190.1827,0.4821,50.5809,1,0
190.0351,0.306,51.1505,1,0
189.9297,0.5706,50.9225,1,0
190.0318,0.4212,51.7563,1,0
190.188,0.4828,51.7335,1,0
189.8399,0.3768,51.1925,1,0
190.0736,0.4372,50.4085,1,0
189.8456,0.4475,50.2184,1,0
190.0791,0.5914,51.3609,1,0
190.3601,0.402,52.0487,1,0
190.0598,0.3918,50.5476,1,0
190.084,0.4578,51.2176,1,0
189.9349,0.5686,49.329,0,1
189.9558,0.4572,50.9873,1,0
190.3683,0.3544,50.9181,1,0
190.2645,0.3832,50.7411,1,0
190.3874,0.4949,51.6589,1,0
189.5693,0.413,51.2849,1,0
189.9104,0.4277,51.2529,1,0
189.8129,0.4223,51.3093,1,0
190.0262,0.4291,51.6613,1,0
190.1757,0.5864,51.4092,1,0
190.3095,0.3916,51.3272,1,0
189.7392,0.4739,50.9492,1,0
190.1569,0.4349,51.8008,1,0
189.9576,0.4381,51.9545,1,0
189.8276,0.386,51.3503,1,0
190.1194,0.4912,51.3392,1,0
190.0729,0.5974,51.9122,1,0
190.0707,0.5856,51.6358,1,0
189.77,0.2986,52.1994,1,0
190.0038,0.4063,50.6684,1,0
189.9086,0.3605,51.8691,1,0
190.0223,0.4963,50.4825,1,0
190.041,0.4005,51.0401,1,0
189.8994,0.4218,51.1354,1,0
189.853,0.4225,51.5708,1,0
189.9469,0.4396,50.8204,1,0
189.9882,0.3624,50.0691,1,0
189.7129,0.481,51.6543,1,0
189.8987,0.3155,51.1867,1,0
189.9861,0.4116,52.0964,1,0
189.5887,0.6225,49.9617,0,1
189.9137,0.4216,51.5929,1,0
189.6997,0.6004,51.1282,1,0
190.1926,0.4819,51.7281,1,0
189.8871,0.5097,50.6859,1,0
189.9371,0.3768,50.8208,1,0
190.0734,0.4434,51.448,1,0
189.7578,0.5338,51.6499,1,0
190.2252,0.4692,51.3023,1,0
189.9771,0.4084,50.8186,1,0
189.9537,0.3814,50.4426,1,0
190.2327,0.3252,51.1003,1,0
189.9463,0.4472,51.1561,1,0
190.1075,0.4039,51.9254,1,0
190.0598,0.4684,50.6972,1,0
189.6889,0.338,50.5885,1,0
190.0239,0.4397,51.0337,1,0
189.9979,0.502,51.8959,1,0
190.0898,0.4133,50.3061,1,0
189.9814,0.4423,50.9707,1,0
190.0205,0.4569,51.1004,1,0
190.2362,0.3642,50.9662,1,0
190.0233,0.4152,50.8995,1,0
189.7558,0.4938,50.6859,1,0
190.1057,0.3895,51.0821,1,0
189.8305,0.4682,51.0162,1,0
189.935,0.441,51.9215,1,0
190.2917,0.3812,51.194,1,0
189.7017,0.369,51.3609,1,0
189.7382,0.3814,51.3893,1,0
189.9236,0.4344,51.1953,1,0
190.0515,0.4801,50.9431,1,0
190.0922,0.3839,51.5673,1,0
190.2575,0.5408,51.2167,1,0
189.8263,0.3176,51.0235,1,0
190.1185,0.5267,51.3488,1,0
190.1685,0.4683,50.9774,1,0
189.9012,0.5127,51.2441,1,0
189.7583,0.498,50.9868,1,0
190.0042,0.4481,52.0839,1,0
190.0344,0.4527,50.7798,1,0
189.9239,0.5101,51.1488,1,0
190.0255,0.5184,51.1988,1,0
189.8176,0.4858,51.9924,1,0
190.0234,0.5997,50.7975,1,0
190.0665,0.5718,50.7735,1,0
190.0241,0.4541,51.2401,1,0
189.9758,0.4731,51.6552,1,0
189.903,0.433,51.792,1,0
190.6374,0.3416,51.8574,1,0
189.9814,0.3139,51.9221,1,0
190.1253,0.526,51.608,1,0
189.9322,0.4638,52.0201,1,0
190.127,0.3535,50.8683,1,0
190.1843,0.395,51.5425,1,0
189.9544,0.4306,51.1047,1,0
189.9851,0.5107,50.6317,1,0
190.2406,0.479,51.3658,1,0
189.9837,0.3909,51.5397,1,0
190.1315,0.3742,51.8791,1,0
189.8202,0.323,51.4155,1,0
189.8529,0.4529,50.802,1,0
190.0505,0.4243,50.4174,1,0
189.8373,0.4709,51.4845,1,0
189.8283,0.3288,50.3869,1,0
190.3497,0.3911,50.2612,1,0
190.1353,0.4967,51.5903,1,0
190.0618,0.4852,50.6597,1,0
190.3843,0.3068,51.0077,1,0
190.1025,0.4713,50.93,1,0
189.8079,0.3138,51.8211,1,0
190.1012,0.4181,50.7254,1,0
189.883,0.4496,51.5501,1,0
189.7952,0.3183,50.3858,1,0
190.2925,0.3801,52.0075,1,0
189.9659,0.4479,51.4754,1,0
190.1127,0.4832,51.3239,1,0
190.3046,0.4205,50.9157,1,0
190.0828,0.4776,51.3398,1,0
190.2052,0.3604,51.1479,1,0
189.8034,0.4105,49.9395,0,1
190.1623,0.4348,51.4561,1,0
189.972,0.4919,51.5347,1,0
189.8301,0.5752,51.7283,1,0
190.0954,0.3831,51.5737,1,0
189.8875,0.4441,50.9045,1,0
189.915,0.5655,51.1313,1,0
189.9008,0.5739,52.2254,1,0
189.9395,0.3273,51.2825,1,0
190.0773,0.3822,50.732,1,0
189.8982,0.4997,51.2357,1,0
190.0322,0.516,51.6526,1,0
190.3743,0.4513,51.307,1,0
190.2584,0.4355,50.7352,1,0
189.9696,0.4626,51.128,1,0
190.0184,0.3556,51.0565,1,0
190.1652,0.4845,51.1237,1,0
189.9691,0.4984,50.7671,1,0
189.979,0.5549,51.4514,1,0
190.0776,0.4284,51.0338,1,0
190.1319,0.3756,51.3551,1,0
189.9643,0.4598,52.064,1,0
190.1026,0.4526,51.1326,1,0
189.6788,0.4426,51.183,1,0
190.0539,0.4538,51.6728,1,0
190.0691,0.5294,51.4718,1,0
190.0911,0.3169,50.8533,1,0
190.1997,0.3746,51.1887,1,0
189.9177,0.3604,51.1746,1,0
189.9113,0.5234,50.6425,1,0
189.8421,0.4527,51.0601,1,0
190.0426,0.442,50.8508,1,0
190.1937,0.3261,51.5666,1,0
190.1042,0.4107,51.4021,1,0
189.8537,0.2906,51.4015,1,0
189.4717,0.5747,51.6437,1,0
189.9981,0.5051,51.2499,1,0
189.8361,0.4289,50.3792,1,0
189.8025,0.5897,51.6213,1,0
189.8571,0.5268,50.0557,1,0
189.9601,0.4789,51.7321,1,0
189.9321,0.476,50.7718,1,0
189.8876,0.3628,49.7086,0,1
189.8999,0.5115,51.1274,1,0
189.9983,0.5179,51.5296,1,0
189.8962,0.5093,51.4832,1,0
190.1636,0.2939,51.4827,1,0
190.0677,0.3264,51.0321,1,0
190.2409,0.3023,52.4646,1,0
189.9063,0.4334,50.8068,1,0
189.9291,0.4662,51.6589,1,0
189.9976,0.4441,50.4873,1,0
190.2355,0.5559,51.2189,1,0
190.0636,0.4418,51.1723,1,0
190.2927,0.5244,51.1578,1,0
189.7409,0.4058,51.6399,1,0
190.1057,0.4363,50.6644,1,0
189.8535,0.4617,51.1905,1,0
190.2287,0.4657,50.6899,1,0
189.9497,0.565,50.9273,1,0
190.0724,0.6217,50.619,1,0
189.8117,0.4315,51.8263,1,0
190.05,0.5003,51.7108,1,0
189.9666,0.4139,50.5509,1,0
189.7652,0.414,51.6876,1,0
190.0093,0.5341,50.8383,1,0
190.0323,0.4286,51.5022,1,0
189.6696,0.5195,51.4585,1,0
189.8054,0.4989,51.0215,1,0
190.1653,0.3919,50.8015,1,0
190.0185,0.53,50.7568,1,0
189.8379,0.3477,50.0805,1,0
190.0782,0.4607,51.8441,1,0
190.2218,0.4119,50.9451,1,0
190.1927,0.6186,50.732,1,0
190.1914,0.4027,50.2946,1,0
190.0928,0.418,51.0456,1,0
190.2866,0.4418,50.9011,1,0
190.024,0.3842,51.4876,1,0
189.9747,0.5363,51.1847,1,0
189.8751,0.3872,50.6749,1,0
190.0008,0.3951,51.1197,1,0
190.071,0.523,51.7623,1,0
189.9559,0.3809,51.353,1,0
189.7566,0.367,50.7857,1,0
190.0503,0.366,51.5645,1,0
189.8363,0.4161,51.8837,1,0
189.7172,0.4068,52.0337,1,0
189.9637,0.4615,51.5851,1,0
190.3515,0.4155,51.9438,1,0
190.0385,0.4913,51.326,1,0
189.9182,0.535,51.3957,1,0
189.9383,0.5322,50.8234,1,0
189.8619,0.4847,51.5683,1,0
189.9523,0.4962,51.3168,1,0
190.0639,0.36,51.287,1,0
189.9128,0.5824,51.3455,1,0
190.0329,0.5081,51.135,1,0
189.8554,0.481,50.9193,1,0
190.2241,0.5085,51.4286,1,0
189.8625,0.2984,51.9909,1,0
190.0034,0.5712,51.5938,1,0
190.077,0.5235,51.9309,1,0
189.8884,0.5259,50.8678,1,0
190.1554,0.3709,51.525,1,0
190.0179,0.4745,51.2812,1,0
190.0419,0.4791,51.3992,1,0
189.9286,0.5065,50.3828,1,0
190.0697,0.465,51.6275,1,0
190.3097,0.5324,51.573,1,0
189.7076,0.4366,51.0132,1,0
189.9604,0.4795,50.8288,1,0
189.9457,0.4287,51.0309,1,0
189.921,0.3668,50.9571,1,0
190.0162,0.4308,51.7386,1,0
190.079,0.4288,51.061,1,0
190.1294,0.4061,52.4247,1,0
189.9031,0.4609,51.0828,1,0
190.2112,0.4357,51.3229,1,0
190.0707,0.5347,51.4891,1,0
189.7659,0.4511,50.4569,1,0
189.638,0.4123,52.0134,1,0
190.1866,0.594,50.8149,1,0
190.0377,0.4369,51.7558,1,0
189.9466,0.5108,51.8489,1,0
189.7217,0.5532,51.4643,1,0
189.9972,0.361,51.1537,1,0
190.2619,0.3942,50.681,1,0
189.9429,0.5588,51.5675,1,0
190.0701,0.4089,50.9842,1,0
189.8614,0.3687,50.5212,1,0
190.0544,0.3753,50.9208,1,0
190.0309,0.5195,50.8097,1,0
189.8994,0.4674,50.6365,1,0
189.9793,0.3506,50.9944,1,0
189.9551,0.4656,51.2919,1,0
189.8763,0.3891,50.7538,1,0
189.905,0.4879,51.5447,1,0
190.0142,0.3961,50.9063,1,0
189.7521,0.3027,50.6213,1,0
189.9404,0.4647,50.6154,1,0
189.6987,0.4966,50.8187,1,0
189.9132,0.4977,50.9024,1,0
189.996,0.4258,50.4981,1,0
190.0571,0.4374,51.5778,1,0
189.862,0.5412,51.5997,1,0
190.1227,0.4846,51.7546,1,0
190.1314,0.423,51.8129,1,0
190.0875,0.4316,50.528,1,0
189.6943,0.5023,51.2009,1,0
189.6263,0.4102,50.4108,1,0
189.7571,0.4125,51.1212,1,0
189.8191,0.4009,51.3844,1,0
189.967,0.3481,51.3637,1,0
190.1083,0.4319,51.4739,1,0
190.063,0.4489,50.5809,1,0
190.001,0.5921,50.336,1,0
189.9679,0.5022,50.9385,1,0
189.9399,0.409,52.0856,1,0
189.8453,0.44,50.8866,1,0
190.0869,0.6198,50.3466,1,0
189.7617,0.4682,51.7926,1,0
190.2052,0.465,50.9098,1,0
190.3203,0.5622,50.5111,1,0
189.8815,0.5724,50.6519,1,0
190.1434,0.4983,51.29,1,0
190.1497,0.5066,52.0205,1,0
189.9833,0.2966,50.1941,1,0
189.6638,0.4318,51.8493,1,0
190.0836,0.427,50.79,1,0
189.977,0.4109,51.4524,1,0
190.1878,0.5551,52.2208,1,0
189.9175,0.4562,52.527,1,0
190.2202,0.5571,51.631,1,0
189.8548,0.5098,51.1661,1,0
189.7925,0.3852,51.3632,1,0
189.9708,0.3947,51.2242,1,0
189.9167,0.5014,51.2802,1,0
189.8851,0.4534,51.9826,1,0
190.1047,0.4273,50.7195,1,0
189.5391,0.5692,50.7999,1,0
190.0642,0.4739,50.8495,1,0
189.8386,0.5015,51.9168,1,0
190.2314,0.5252,51.9435,1,0
190.1243,0.5004,50.5938,1,0
190.0344,0.4795,50.3404,1,0
189.7395,0.5098,50.9445,1,0
190.0204,0.4431,51.7097,1,0
189.9373,0.4489,51.2988,1,0
190.0886,0.4003,50.0757,1,0
190.0068,0.4747,50.5907,1,0
190.2451,0.3867,51.1669,1,0
190.0587,0.4988,50.5325,1,0
189.8662,0.3604,50.8047,1,0
189.6458,0.4862,51.6828,1,0
190.1382,0.3645,50.3986,1,0
189.945,0.4519,50.978,1,0
190.0557,0.4494,50.7282,1,0
189.8302,0.4717,51.6142,1,0
190.1797,0.4198,51.4967,1,0
190.0378,0.3816,50.256,1,0
190.0981,0.4165,51.0303,1,0
189.9615,0.4134,50.7535,1,0
190.091,0.4674,51.3261,1,0
190.0456,0.4673,50.3273,1,0
189.9619,0.5785,50.938,1,0
190.0176,0.4975,51.3519,1,0
190.057,0.3645,51.489,1,0
190.1757,0.4062,50.9859,1,0
189.9056,0.4461,51.3365,1,0
189.915,0.4465,50.0888,1,0
189.9907,0.4725,51.567,1,0
189.6692,0.5275,51.7035,1,0
189.9543,0.5551,50.8985,1,0
189.9847,0.3873,51.2837,1,0
189.7147,0.4278,52.2534,1,0
189.9599,0.386,51.2246,1,0
190.0115,0.4729,50.3307,1,0
189.8535,0.5791,51.3484,1,0
189.842,0.3738,49.9731,0,1
190.029,0.413,51.4446,1,0
190.0675,0.4579,51.1154,1,0
189.9091,0.4684,50.8342,1,0
190.0941,0.4518,50.6271,1,0
190.1532,0.4123,50.2781,1,0
189.8771,0.4832,51.7009,1,0
189.8308,0.6004,52.1078,1,0
190.4717,0.6285,51.6947,1,0
190.1031,0.4216,51.0541,1,0
190.0717,0.5707,51.779,1,0
189.7941,0.4956,50.8177,1,0
190.236,0.371,51.0416,1,0
189.7064,0.4635,51.6051,1,0
190.1233,0.5918,50.9059,1,0
190.1468,0.444,50.6647,1,0
189.6093,0.5101,50.9351,1,0
189.9479,0.324,52.2765,1,0
190.2751,0.3135,51.4266,1,0
190.2895,0.4505,51.0306,1,0
190.1107,0.496,51.2028,1,0
189.9462,0.5431,50.9917,1,0
189.9315,0.5851,50.7941,1,0
190.2903,0.521,50.5959,1,0
190.0634,0.4616,51.0491,1,0
189.9353,0.5368,51.2821,1,0
190.1236,0.4171,50.9543,1,0
189.9138,0.3947,50.5383,1,0
189.9855,0.4443,51.9459,1,0
189.9472,0.4216,51.2794,1,0
190.1948,0.3824,51.551,1,0
189.6535,0.485,51.2162,1,0
190.1964,0.3647,50.7823,1,0
190.0508,0.4987,51.0865,1,0
189.9539,0.3916,52.678,1,0
190.05,0.4269,50.8648,1,0
190.0688,0.3597,50.9475,1,0
189.8858,0.5379,51.3338,1,0
190.2093,0.422,51.5505,1,0
189.9437,0.4043,51.2568,1,0
189.8123,0.3717,52.3239,1,0
190.3028,0.5401,51.2306,1,0
190.0012,0.4748,52.0045,1,0
189.8193,0.393,51.6137,1,0
190.1514,0.423,51.8483,1,0
189.9919,0.393,51.301,1,0
190.0085,0.3415,51.264,1,0
190.1716,0.345,50.4313,1,0
190.0704,0.3868,51.8565,1,0
189.8604,0.4711,51.6951,1,0
189.9634,0.5332,50.9282,1,0
189.821,0.4208,51.6064,1,0
189.8865,0.4003,50.8051,1,0
189.7618,0.4034,51.223,1,0
190.0323,0.4756,50.7163,1,0
189.8064,0.4001,51.6436,1,0
190.1012,0.4736,51.1848,1,0
189.9856,0.3597,51.49,1,0
190.1251,0.5001,51.3365,1,0
189.8569,0.3968,50.5283,1,0
189.853,0.4615,51.3161,1,0
190.0855,0.5063,49.7744,0,1
190.0852,0.4316,51.5768,1,0
189.8546,0.4256,50.9193,1,0
190.0307,0.433,51.3225,1,0
190.0004,0.4453,50.505,1,0
190.1944,0.3953,51.0029,1,0
189.9934,0.3751,50.9585,1,0
190.0118,0.4541,50.2422,1,0
190.0312,0.5185,52.0221,1,0
189.981,0.3857,52.0647,1,0
190.2568,0.4577,51.0519,1,0
190.1527,0.4582,51.3093,1,0
189.9999,0.4798,51.4091,1,0
190.1418,0.4359,51.1617,1,0
189.9518,0.4849,50.5712,1,0
190.0475,0.4634,52.1254,1,0
190.3833,0.3461,51.5154,1,0
189.8558,0.4319,51.7003,1,0
190.1497,0.4666,51.8819,1,0
190.2247,0.4288,51.2021,1,0
190.3432,0.326,52.1696,1,0
190.0,0.5504,50.6623,1,0
189.8984,0.3598,51.3822,1,0
189.967,0.5276,51.0182,1,0
190.0246,0.5206,50.5983,1,0
189.7302,0.5564,51.3561,1,0
190.0958,0.4532,51.2423,1,0
190.1994,0.3946,51.1696,1,0
190.0734,0.4429,51.3321,1,0
189.9467,0.3736,51.693,1,0
190.186,0.486,51.4197,1,0
189.6633,0.4179,51.2187,1,0
189.7001,0.4036,50.1344,1,0
189.8864,0.4162,51.1151,1,0
189.8837,0.3352,51.0126,1,0
190.0002,0.4332,52.3303,1,0
189.6781,0.4783,51.1884,1,0
190.0359,0.4646,50.2174,1,0
189.93,0.4401,51.0422,1,0
189.841,0.4683,51.5601,1,0
189.8158,0.4792,51.0281,1,0
189.8671,0.5275,51.1643,1,0
189.9955,0.3726,50.945,1,0
189.9997,0.4934,50.8803,1,0
189.8524,0.3755,50.7576,1,0
189.9947,0.4238,52.0581,1,0
190.1242,0.5028,51.2098,1,0
190.205,0.3663,51.2337,1,0
189.8178,0.34,51.7037,1,0
189.9753,0.4198,50.7336,1,0
189.8804,0.475,51.6597,1,0
189.9068,0.3624,51.6723,1,0
189.8461,0.4559,51.1161,1,0
190.1358,0.4954,51.3026,1,0
189.9468,0.3381,50.7236,1,0
189.8424,0.4448,50.9305,1,0
189.7381,0.5388,50.9413,1,0
190.0739,0.4297,51.135,1,0
190.0868,0.4625,50.8391,1,0
189.6973,0.3247,50.6638,1,0
190.0532,0.5346,51.2433,1,0
189.7267,0.4078,51.3504,1,0
190.165,0.5996,50.4946,1,0
190.0015,0.5091,51.2055,1,0
189.8579,0.5204,51.7389,1,0
190.1092,0.424,51.4736,1,0
189.8673,0.3667,51.4242,1,0
189.8806,0.5369,51.7377,1,0
189.9104,0.377,50.5063,1,0
189.8248,0.5183,51.3717,1,0
189.6841,0.4693,50.4567,1,0
189.9356,0.3672,51.1218,1,0
190.1281,0.3733,51.6646,1,0
189.9993,0.4709,51.6981,1,0
189.8485,0.527,51.5793,1,0
189.9756,0.4102,51.2877,1,0
190.0533,0.4005,50.391,1,0
190.0621,0.4283,50.8656,1,0
189.9006,0.5062,51.3259,1,0
190.0577,0.3651,50.1815,1,0
190.0274,0.5464,51.9103,1,0
190.0683,0.3732,51.0957,1,0
189.814,0.5154,51.5196,1,0
189.8347,0.4692,51.5897,1,0
189.8069,0.4093,51.5041,1,0
189.7594,0.3894,50.8322,1,0
190.0712,0.4571,51.6821,1,0
190.3173,0.3052,50.2762,1,0
190.0076,0.5887,51.5772,1,0
190.0347,0.4212,51.1293,1,0
190.2919,0.4922,51.066,1,0
189.9687,0.4596,50.4538,1,0
190.014,0.3556,51.9066,1,0
189.9239,0.5384,51.8178,1,0
189.7324,0.3736,50.9945,1,0
190.2417,0.3451,50.4802,1,0
190.1394,0.5495,50.8452,1,0
189.9549,0.5128,51.2684,1,0
190.1231,0.419,51.1878,1,0
189.883,0.4404,51.0255,1,0
189.6414,0.5355,51.256,1,0
190.1094,0.3747,51.2925,1,0
190.0411,0.428,50.3604,1,0
189.7752,0.4575,51.7808,1,0
189.7067,0.397,51.1295,1,0
189.9207,0.4445,51.2542,1,0
190.0839,0.5352,51.9473,1,0
189.9685,0.3677,51.088,1,0
189.8372,0.4042,51.9704,1,0
190.4282,0.4416,50.9869,1,0
189.9357,0.3518,50.1487,1,0
190.0479,0.3818,50.8157,1,0
189.8947,0.4876,51.4761,1,0
190.2089,0.5045,50.9226,1,0
189.9354,0.4074,50.7237,1,0
190.0429,0.472,50.9139,1,0
189.6949,0.4136,51.0522,1,0
189.7461,0.4301,51.2607,1,0
190.3053,0.3842,52.1651,1,0
189.9815,0.369,51.5129,1,0
190.0792,0.4979,51.2058,1,0
190.2469,0.4858,51.3151,1,0
190.0723,0.4648,50.8665,1,0
189.9414,0.4128,51.8097,1,0
190.0901,0.5219,50.6263,1,0
190.0745,0.4609,50.8747,1,0
190.001,0.5351,50.5853,1,0
190.092,0.428,51.4834,1,0
190.1111,0.4539,50.7227,1,0
190.0445,0.5013,51.4137,1,0
190.057,0.4435,51.1336,1,0
189.8247,0.5551,51.2629,1,0
190.1044,0.4536,51.6006,1,0
190.1784,0.4399,50.19,1,0
189.8699,0.4442,50.1089,1,0
190.3816,0.5596,51.5137,1,0
190.057,0.4177,51.4705,1,0
190.1639,0.47,51.326,1,0
189.85,0.5155,50.7322,1,0
190.086,0.4737,51.011,1,0
190.161,0.4659,51.501,1,0
189.8248,0.3799,52.2968,1,0
190.2566,0.402,50.8646,1,0
190.0022,0.4695,50.8819,1,0
190.0069,0.4125,51.4524,1,0
190.2108,0.3887,51.5794,1,0
189.8439,0.4279,50.3194,1,0
190.2553,0.3639,51.4265,1,0
189.8417,0.5231,51.5151,1,0
190.0308,0.3771,52.0344,1,0
189.7716,0.3991,50.4475,1,0
190.0053,0.4021,51.7039,1,0
189.9147,0.4339,51.3645,1,0
189.8775,0.479,51.096,1,0
190.1901,0.4318,51.5252,1,0
190.2141,0.5764,52.3212,1,0
190.1174,0.5558,51.5902,1,0
189.9718,0.4565,51.0043,1,0
190.1852,0.3895,51.2072,1,0
190.0625,0.4279,50.9011,1,0
190.1184,0.4661,51.23,1,0
190.2088,0.5534,51.7453,1,0
190.0719,0.3553,50.4446,1,0
190.2329,0.3966,51.2149,1,0
189.8253,0.4562,51.0131,1,0
190.0993,0.5369,51.2774,1,0
190.0307,0.4471,50.6472,1,0
189.92,0.4114,51.6852,1,0
189.8101,0.4085,51.9045,1,0
189.8196,0.3799,51.1945,1,0
190.0052,0.4679,50.8046,1,0
190.0074,0.438,52.5973,1,0
190.036,0.351,50.5075,1,0
189.9084,0.5442,50.4889,1,0
190.0188,0.4772,51.1695,1,0
190.1079,0.4241,50.1857,1,0
190.0246,0.3962,51.5121,1,0
190.0041,0.3668,51.1225,1,0
189.7596,0.4278,51.1255,1,0
189.9978,0.5147,51.3431,1,0
190.1289,0.5874,51.432,1,0
190.0298,0.3644,51.2539,1,0
189.9075,0.5322,51.2753,1,0
190.0378,0.3514,52.0608,1,0
190.2237,0.5491,50.5902,1,0
190.0523,0.4576,50.9794,1,0
190.0106,0.4088,50.8472,1,0
190.0187,0.5381,51.2728,1,0
190.0033,0.513,51.509,1,0
189.8553,0.5026,50.7806,1,0
189.8968,0.3105,51.1499,1,0
189.7706,0.3133,51.3727,1,0
189.9601,0.547,50.8794,1,0
190.0078,0.4124,51.1455,1,0
190.1358,0.4967,52.2188,1,0
190.0992,0.4843,50.6345,1,0
190.1144,0.497,52.911,1,0
189.9679,0.4253,51.2934,1,0
189.8353,0.3523,51.4612,1,0
190.1185,0.532,51.3474,1,0
190.311,0.5743,51.6562,1,0
189.8005,0.4779,51.1068,1,0
190.0462,0.4358,51.4389,1,0
189.9738,0.5144,50.2006,1,0
189.7202,0.5228,50.4056,1,0
190.1854,0.6,51.4572,1,0
189.8887,0.4412,51.7317,1,0
189.7204,0.3674,51.3413,1,0
189.9265,0.4067,51.2955,1,0
189.8063,0.4954,51.5849,1,0
189.9637,0.379,51.5663,1,0
190.2411,0.4526,50.7564,1,0
189.9213,0.2867,51.9513,1,0
189.9878,0.3635,51.0481,1,0
190.041,0.4816,50.8649,1,0
190.0535,0.5027,50.9903,1,0
190.2875,0.4772,51.0193,1,0
189.9215,0.554,51.9359,1,0
190.2784,0.4858,51.1123,1,0
190.0842,0.3918,51.2639,1,0
190.1486,0.4884,50.9022,1,0
189.807,0.47,51.5197,1,0
189.8185,0.4642,50.4343,1,0
189.706,0.4868,50.6893,1,0
190.0967,0.5016,51.0271,1,0
189.9881,0.4367,51.468,1,0
190.1801,0.4385,51.9115,1,0
190.1215,0.3878,49.2393,0,1
189.7458,0.4345,51.6806,1,0
190.118,0.5143,51.0694,1,0
190.0519,0.4467,51.3776,1,0
190.0413,0.4418,51.108,1,0
189.9664,0.4433,51.7869,1,0
190.1885,0.5398,50.9723,1,0
190.0554,0.5358,51.078,1,0
190.009,0.4796,50.9659,1,0
190.3161,0.3997,50.7601,1,0
189.9436,0.5061,51.7761,1,0
190.0933,0.3975,51.5172,1,0
189.5398,0.5358,51.1572,1,0
189.8375,0.4375,51.3811,1,0
189.9658,0.5013,51.8477,1,0
189.898,0.4883,51.6326,1,0
189.8191,0.4876,51.5334,1,0
190.2616,0.446,51.6779,1,0
189.9405,0.3681,50.6331,1,0
190.008,0.4521,50.6488,1,0
190.0909,0.4305,51.2052,1,0
189.902,0.5135,51.3691,1,0
190.0057,0.5491,51.159,1,0
189.9056,0.4948,52.2731,1,0
190.0726,0.4932,52.2158,1,0
189.8148,0.4563,50.8364,1,0
189.8929,0.4306,51.1402,1,0
190.1976,0.3844,51.4804,1,0
190.3109,0.455,51.3802,1,0
190.1171,0.6246,50.8502,1,0
189.9611,0.4206,49.9795,0,1
189.6669,0.5147,51.2456,1,0
190.1267,0.4255,50.6987,1,0
189.9472,0.4488,51.7127,1,0
189.7157,0.5839,51.0891,1,0
190.2652,0.4945,51.0905,1,0
189.9443,0.4795,51.3266,1,0
190.2631,0.3974,50.6436,1,0
189.8272,0.5069,50.6135,1,0
189.8776,0.5003,50.8877,1,0
189.8384,0.5238,50.6718,1,0
190.0006,0.5468,50.8575,1,0
189.9515,0.5086,50.8644,1,0
189.9616,0.4671,51.5982,1,0
190.0347,0.4832,51.0281,1,0
189.8725,0.4351,51.013,1,0
189.8322,0.4325,51.5478,1,0
189.9638,0.4608,50.9234,1,0
189.9656,0.4382,50.3412,1,0
190.0346,0.4713,51.4499,1,0
189.9261,0.4499,51.8182,1,0
190.0857,0.4125,51.3746,1,0
189.9486,0.357,51.5803,1,0
189.894,0.4639,50.9283,1,0
190.1049,0.432,51.6665,1,0
190.0837,0.4516,51.0068,1,0
189.8392,0.4547,51.3071,1,0
190.0173,0.298,50.646,1,0
189.9373,0.5923,51.3982,1,0
190.1919,0.3449,50.5481,1,0
190.1396,0.4611,50.7036,1,0
190.0028,0.3722,51.2585,1,0
190.0125,0.4595,50.2994,1,0
190.048,0.5161,51.2779,1,0
190.1273,0.4697,51.0914,1,0
190.0287,0.4385,50.9389,1,0
190.1005,0.3088,51.2248,1,0
190.0128,0.4397,52.1026,1,0
189.908,0.3765,52.1594,1,0
189.9979,0.4787,52.1881,1,0
189.9595,0.4065,51.7412,1,0
189.9426,0.4933,51.7594,1,0
190.0562,0.4959,52.0885,1,0
189.965,0.2957,50.6501,1,0
190.119,0.4539,51.6657,1,0
190.0177,0.4333,51.0309,1,0
189.8769,0.2984,50.5066,1,0
190.3284,0.4783,51.46,1,0
189.8111,0.522,51.3876,1,0
189.9417,0.3163,51.2141,1,0
190.0825,0.4333,51.2492,1,0
189.9232,0.5195,51.4307,1,0
189.9346,0.4894,51.3657,1,0
190.0297,0.4449,51.3672,1,0
189.7752,0.4075,50.7838,1,0
190.1044,0.379,52.5686,1,0
190.083,0.4056,51.0749,1,0
190.055,0.3363,51.9751,1,0
190.1012,0.5169,50.7616,1,0
189.7931,0.4414,51.0767,1,0
190.1049,0.4257,51.6741,1,0
190.1145,0.4495,51.1724,1,0
190.0682,0.3762,50.8366,1,0
190.3396,0.6146,51.1072,1,0
190.1685,0.5705,51.8817,1,0
189.9052,0.4134,50.9072,1,0
190.0331,0.4365,51.0419,1,0
189.9856,0.5032,51.6619,1,0
189.8249,0.504,50.6268,1,0
189.7772,0.4905,50.9101,1,0
190.3776,0.5505,50.4802,1,0
190.179,0.5676,51.9285,1,0
189.9455,0.5091,51.5984,1,0
190.0283,0.3667,50.9817,1,0
189.9165,0.3893,51.519,1,0
189.7037,0.5304,50.7798,1,0
190.1239,0.4782,51.1349,1,0
190.1578,0.4037,51.2508,1,0
190.2067,0.4269,50.7799,1,0
189.8524,0.4755,50.9649,1,0
190.2181,0.459,51.2868,1,0
189.5862,0.3647,51.7256,1,0
190.2412,0.3998,51.5596,1,0
190.2823,0.3288,51.3145,1,0
190.1909,0.4686,51.2785,1,0
190.3814,0.5201,51.1103,1,0
189.9526,0.3766,50.1712,1,0
189.9776,0.4198,51.7772,1,0
190.0468,0.5099,51.1782,1,0
190.1077,0.4829,51.5476,1,0
189.9044,0.4631,51.3209,1,0
190.0046,0.4014,50.8962,1,0
189.9797,0.4357,52.2146,1,0
190.0531,0.401,50.8586,1,0
190.2059,0.391,50.9898,1,0
190.08,0.4809,51.0305,1,0
189.7788,0.4196,51.504,1,0
189.9553,0.4722,51.2964,1,0
190.1161,0.4749,51.0689,1,0
189.9193,0.5314,51.5557,1,0
189.9593,0.4546,50.8363,1,0
189.8601,0.3864,51.1907,1,0
190.0131,0.4002,51.5131,1,0
190.1412,0.3812,51.6637,1,0
189.9984,0.4907,51.4449,1,0
189.9695,0.2568,51.317,1,0
190.024,0.3974,52.0946,1,0
190.2067,0.4603,50.6939,1,0
190.7,0.4599,52.2021,0,1
189.8371,0.4024,51.1877,1,0
189.8604,0.5225,50.9243,1,0
190.2938,0.397,51.2493,1,0
190.1238,0.3849,51.8676,1,0
189.8054,0.4867,50.9923,1,0
190.2625,0.5744,50.9128,1,0
190.2867,0.5404,51.7329,1,0
190.0722,0.505,51.3409,1,0
189.844,0.4249,51.321,1,0
190.0561,0.4257,51.2011,1,0
190.0896,0.4374,52.2699,1,0
190.0079,0.3822,51.1187,1,0
190.0031,0.4937,50.5278,1,0
190.102,0.5744,51.6426,1,0
189.7876,0.5397,50.574,1,0
189.7275,0.398,50.6635,1,0
190.3414,0.4565,51.1256,1,0
189.9702,0.4795,50.8961,1,0
189.8941,0.4721,51.1487,1,0
189.6099,0.581,51.0177,1,0
189.6532,0.4654,51.4502,1,0
190.1292,0.4461,51.4904,1,0
189.9349,0.4546,51.6327,1,0
190.135,0.4495,50.5117,1,0
189.9467,0.5142,50.677,1,0
190.1006,0.5882,51.236,1,0
190.1163,0.5577,50.8792,1,0
189.9384,0.5015,50.9957,1,0
189.8829,0.5028,51.3912,1,0
190.008,0.3377,50.7496,1,0
190.004,0.4412,50.9022,1,0
189.8132,0.6421,50.8211,1,0
190.047,0.4206,51.8735,1,0
189.9516,0.5201,51.6734,1,0
190.0647,0.3977,51.4813,1,0
190.0958,0.4019,50.5648,1,0
190.2345,0.4575,50.4597,1,0
190.0121,0.4684,51.344,1,0
190.0284,0.3628,51.3164,1,0
189.9926,0.4507,50.8193,1,0
189.7979,0.4731,50.5697,1,0
189.9595,0.3563,51.5693,1,0
189.9394,0.4806,51.9251,1,0
190.0208,0.3891,51.273,1,0
189.8374,0.4745,51.3347,1,0
189.9096,0.5278,51.0802,1,0
189.9227,0.5335,51.3141,1,0
189.9639,0.5002,51.5446,1,0
189.9089,0.4425,51.1424,1,0
189.9121,0.3039,50.2922,1,0
190.109,0.4767,51.2929,1,0
189.7999,0.4191,50.8095,1,0
190.0526,0.5409,51.1146,1,0
189.9205,0.4628,50.401,1,0
190.1364,0.4775,51.3722,1,0
189.9528,0.5152,50.7126,1,0
190.0786,0.4385,51.6919,1,0
189.7986,0.5067,50.663,1,0
189.948,0.4583,51.4981,1,0
190.1435,0.4281,50.8212,1,0
190.0621,0.4859,50.794,1,0
189.8989,0.5084,51.9372,1,0
190.0762,0.3755,50.7831,1,0
189.9469,0.441,50.9824,1,0
190.0558,0.4667,51.4304,1,0
189.9607,0.3955,51.1254,1,0
190.0623,0.4211,50.9567,1,0
190.0819,0.4435,51.6722,1,0
190.0384,0.5266,51.1106,1,0
190.0848,0.496,51.7924,1,0
190.1123,0.3181,51.4637,1,0
190.0055,0.4066,51.4549,1,0
190.2629,0.3718,51.0147,1,0
189.8026,0.4407,51.2508,1,0
190.0989,0.5274,51.1797,1,0
189.8192,0.462,49.9037,0,1
189.9813,0.3092,50.4857,1,0
189.9558,0.3637,51.5338,1,0
189.9775,0.5875,51.1876,1,0
189.9741,0.3683,51.0867,1,0
189.9647,0.3091,50.5073,1,0
190.1181,0.5001,51.0719,1,0
190.431,0.4797,52.1097,1,0
189.979,0.446,51.3515,1,0
189.8805,0.5194,51.9242,1,0
189.9946,0.3388,50.8904,1,0
189.8625,0.5627,50.9628,1,0
189.9482,0.6421,51.3674,1,0
190.0107,0.4017,51.0641,1,0
189.6452,0.5214,50.7794,1,0
190.2155,0.4262,51.0154,1,0
189.9653,0.3377,51.2998,1,0
189.8713,0.4645,51.1414,1,0
189.7914,0.4337,51.7605,1,0
189.665,0.3609,51.2699,1,0
190.2269,0.4234,51.6549,1,0
190.046,0.408,51.4868,1,0
189.938,0.4358,50.6502,1,0
189.8072,0.5081,50.8231,1,0
189.9977,0.3957,50.6994,1,0
189.8099,0.384,50.8594,1,0
189.754,0.4607,51.5533,1,0
189.8605,0.4171,51.0539,1,0
189.8549,0.3458,51.2191,1,0
190.0622,0.5006,51.532,1,0
190.1787,0.3886,51.1362,1,0
189.8523,0.3807,50.6727,1,0
189.8837,0.3782,51.0844,1,0
190.0926,0.469,51.2326,1,0
189.8882,0.4038,51.3694,1,0
190.1795,0.4775,51.7003,1,0
189.9978,0.416,51.4523,1,0
189.9577,0.495,50.8913,1,0
190.3263,0.4413,51.3643,1,0
189.8813,0.4251,51.11,1,0
190.1867,0.536,50.7345,1,0
189.8208,0.4241,51.567,1,0
189.6281,0.3353,51.1892,1,0
189.6175,0.4631,50.6971,1,0
189.915,0.4845,50.4729,1,0
189.9338,0.3255,50.9529,1,0
189.9826,0.5324,51.2935,1,0
189.8003,0.5053,51.9638,1,0
189.7586,0.418,51.3493,1,0
190.1927,0.4952,51.6523,1,0
190.2841,0.3732,51.8592,1,0
189.8307,0.4131,52.0116,1,0
189.9396,0.3837,51.7654,1,0
189.9971,0.3717,51.5304,1,0
189.9999,0.5477,50.5319,1,0
189.8387,0.4651,51.5796,1,0
190.3314,0.4361,50.8136,1,0
189.8921,0.4871,51.161,1,0
190.0191,0.4417,52.0883,1,0
190.0973,0.4758,51.8338,1,0
189.6965,0.4637,50.7914,1,0
189.9726,0.5192,51.1179,1,0
189.9921,0.4314,51.3084,1,0
189.9979,0.3717,51.611,1,0
190.0893,0.4093,50.1887,1,0
189.9575,0.3639,51.0551,1,0
189.7837,0.4479,50.8486,1,0
189.9128,0.4732,51.5422,1,0
190.2495,0.3263,51.3715,1,0
189.8571,0.473,51.3886,1,0
190.0013,0.5082,51.4169,1,0
190.024,0.2959,51.8735,1,0
189.7996,0.3521,51.3016,1,0
190.0972,0.6249,51.3436,1,0
189.9456,0.4759,51.4629,1,0
190.0129,0.4274,50.8518,1,0
189.8888,0.6451,52.062,1,0
190.01,0.3911,51.4729,1,0
190.2016,0.3585,50.8917,1,0
190.1118,0.4886,51.0525,1,0
190.0797,0.3638,51.663,1,0
189.7365,0.465,50.5362,1,0
189.9097,0.3836,52.0583,1,0
189.7973,0.5298,51.1903,1,0
190.1302,0.4484,52.0112,1,0
189.6155,0.4332,50.9737,1,0
189.9294,0.5027,52.0002,1,0
189.832,0.4127,51.5846,1,0
189.9874,0.3878,50.9973,1,0
190.2442,0.3959,51.7838,1,0
190.0196,0.4748,50.9557,1,0
189.9796,0.4066,52.1271,1,0
189.8914,0.4857,50.5355,1,0
190.1118,0.4114,51.3154,1,0
189.6891,0.5385,50.6784,1,0
189.9966,0.4248,51.2546,1,0
190.0567,0.5119,50.4321,1,0
189.9576,0.4055,51.3143,1,0
189.8628,0.5555,51.0653,1,0
189.8792,0.4931,51.1186,1,0
189.966,0.4199,50.4188,1,0
189.8636,0.4178,50.6003,1,0
189.82,0.4168,51.7804,1,0
190.1994,0.4128,51.3166,1,0
189.6791,0.4371,51.5336,1,0
189.8428,0.4352,51.4651,1,0
189.9174,0.5091,51.2564,1,0
190.0015,0.4407,50.9862,1,0
189.8321,0.4083,51.1592,1,0
190.3572,0.533,51.1745,1,0
190.0544,0.4488,50.8485,1,0
190.1157,0.5871,51.8157,1,0
190.1144,0.4469,50.424,1,0
189.8202,0.3403,51.8772,1,0
190.0981,0.5884,50.4314,1,0
189.7077,0.3689,51.2074,1,0
190.1376,0.4775,51.4077,1,0
190.0378,0.3779,51.0457,1,0
189.9255,0.469,51.8689,1,0
189.8844,0.444,51.816,1,0
189.9975,0.3731,51.5143,1,0
189.9212,0.3456,51.5925,1,0
189.9623,0.5659,51.7303,1,0
189.8882,0.406,50.1667,1,0
189.9469,0.4208,51.1275,1,0
189.9428,0.3841,51.1607,1,0
190.0174,0.3957,50.8319,1,0
190.17,0.5628,51.0223,1,0
190.0203,0.4129,51.0163,1,0
189.8725,0.542,50.2815,1,0
190.0518,0.5274,51.3741,1,0
189.9204,0.5185,51.388,1,0
189.7332,0.4955,51.1436,1,0
189.696,0.3883,51.8023,1,0
189.9849,0.4168,51.4725,1,0
189.8344,0.4458,51.3032,1,0
189.6349,0.5307,50.2295,1,0
189.9438,0.3196,51.8871,1,0
189.7798,0.3111,51.4225,1,0
189.8691,0.5146,51.2739,1,0
190.1576,0.2246,51.5106,1,0
190.1138,0.4601,51.8264,1,0
189.7256,0.3999,51.3546,1,0
190.1883,0.4364,50.8267,1,0
189.7882,0.3914,50.605,1,0
190.1151,0.406,50.9334,1,0
189.8592,0.5719,50.7518,1,0
189.7697,0.3639,51.4348,1,0
189.8108,0.4945,51.025,1,0
189.9696,0.5223,51.3198,1,0
190.0721,0.4382,51.5595,1,0
189.7711,0.4282,51.6646,1,0
189.8919,0.4112,51.518,1,0
190.3001,0.4447,51.6174,1,0
189.8855,0.4693,50.8825,1,0
189.9524,0.4453,51.605,1,0
189.7163,0.2933,51.5591,1,0
189.9591,0.4896,50.9343,1,0
189.9255,0.3945,51.2504,1,0
190.0515,0.472,51.1122,1,0
190.1774,0.5458,50.8062,1,0
189.9044,0.5269,51.5222,1,0
190.0093,0.5226,51.5403,1,0
190.0582,0.4358,50.4896,1,0
190.1259,0.3589,50.6128,1,0
190.0525,0.3673,51.9622,1,0
189.8547,0.4336,50.8801,1,0
189.9715,0.5069,50.6714,1,0
189.7349,0.5155,51.3606,1,0
189.995,0.3014,51.8141,1,0
189.9649,0.4755,51.0649,1,0
189.953,0.4383,50.4834,1,0
190.0973,0.4636,51.2068,1,0
189.979,0.3354,51.1625,1,0
190.1389,0.4084,50.9422,1,0
189.9041,0.3963,51.1447,1,0
189.8375,0.4102,50.9867,1,0
190.338,0.3819,51.3879,1,0
189.9792,0.563,51.0934,1,0
189.9165,0.4688,51.4678,1,0
190.0945,0.5001,50.3562,1,0
189.9454,0.4148,51.1632,1,0
190.1811,0.5314,50.7125,1,0
189.926,0.4714,51.3767,1,0
189.9734,0.4727,52.7639,1,0
190.0111,0.4698,51.7729,1,0
189.942,0.4492,51.3892,1,0
189.9984,0.4821,51.4059,1,0
189.799,0.5105,51.2856,1,0
190.082,0.2949,50.6967,1,0
190.0267,0.5259,51.5692,1,0
190.0175,0.279,51.202,1,0
189.9261,0.3456,50.9,1,0
190.0789,0.5554,50.7893,1,0
189.9124,0.411,50.8701,1,0
190.3377,0.3913,51.1517,1,0
190.1124,0.431,50.8483,1,0
190.0378,0.4887,51.526,1,0
189.9105,0.4366,50.7112,1,0
189.9535,0.5022,51.4607,1,0
190.2543,0.4311,50.456,1,0
190.0208,0.4682,50.9095,1,0
190.2326,0.2956,51.2705,1,0
190.0965,0.5306,51.1628,1,0
190.0128,0.426,50.5621,1,0
190.4279,0.4144,50.4406,1,0
190.0164,0.3666,50.9116,1,0
190.3076,0.3687,51.2815,1,0
190.3625,0.4419,50.9364,1,0
190.1148,0.491,51.1172,1,0
190.2367,0.5055,50.9375,1,0
190.3001,0.408,52.1176,1,0
190.0276,0.5429,50.9772,1,0
189.7612,0.4368,51.5508,1,0
189.7556,0.4685,51.2003,1,0
189.9964,0.5347,51.0838,1,0
190.3423,0.5095,51.9943,1,0
189.784,0.4119,51.1131,1,0
189.9842,0.4434,51.5217,1,0
189.7701,0.445,52.0124,1,0
190.0711,0.397,51.4437,1,0
190.0841,0.4579,50.8855,1,0
189.8665,0.5326,51.1395,1,0
189.9127,0.4124,51.4289,1,0
189.8354,0.6497,51.056,1,0
190.0464,0.5329,50.3532,1,0
189.9901,0.4497,50.8319,1,0
189.8309,0.4832,51.2979,1,0
190.0997,0.4479,51.9164,1,0
189.9282,0.4573,51.4875,1,0
190.1821,0.3313,51.4754,1,0
190.3328,0.5728,51.0694,1,0
189.9125,0.5502,50.9613,1,0
189.9435,0.3603,51.4565,1,0
189.8477,0.4734,51.2122,1,0
190.1999,0.2883,50.9694,1,0
190.1805,0.4417,50.8029,1,0
189.9237,0.5005,51.3698,1,0
189.9214,0.4068,50.4557,1,0
190.0277,0.3526,50.6978,1,0
190.0334,0.4802,51.524,1,0
190.1938,0.4234,51.6758,1,0
190.1219,0.4183,51.0409,1,0
190.0162,0.417,52.1303,1,0
189.9133,0.4935,51.6282,1,0
190.1303,0.4282,52.0763,1,0
189.9752,0.4023,51.1123,1,0
190.2324,0.3933,51.8328,1,0
189.9363,0.496,51.8486,1,0
190.189,0.61,52.0475,1,0
190.1501,0.4159,51.54,1,0
190.1432,0.5603,51.1878,1,0
190.1516,0.464,50.7889,1,0
189.8709,0.3974,51.741,1,0
189.9573,0.5038,51.2093,1,0
190.1641,0.4787,52.3566,1,0
190.0556,0.4782,52.0896,1,0
189.9696,0.5519,51.6622,1,0
189.964,0.3546,50.5737,1,0
190.3763,0.439,51.2894,1,0
190.0248,0.4974,50.8948,1,0
189.916,0.4023,50.4056,1,0
190.1486,0.424,51.3606,1,0
189.9116,0.4319,51.8586,1,0
190.3264,0.5134,50.6791,1,0
190.0879,0.5777,51.0492,1,0
189.9711,0.5271,51.0522,1,0
190.1961,0.502,50.8277,1,0
189.9194,0.4501,51.2865,1,0
190.0624,0.3809,50.9577,1,0
189.983,0.4559,50.6006,1,0
190.0034,0.4239,50.5686,1,0
189.8199,0.5453,51.7107,1,0
190.0602,0.3945,52.0515,1,0
189.8516,0.5343,50.4534,1,0
190.2463,0.4635,50.5152,1,0
190.0446,0.4674,51.7451,1,0
190.1161,0.5884,51.1032,1,0
190.055,0.4608,51.0886,1,0
190.1462,0.4493,51.7636,1,0
189.9438,0.4964,50.4666,1,0
189.9979,0.4141,51.4638,1,0
189.8908,0.3714,51.8288,1,0
190.0578,0.5096,50.7179,1,0
189.8581,0.2811,51.1329,1,0
189.8658,0.4053,51.6337,1,0
189.9201,0.4644,50.7701,1,0
190.1063,0.3223,51.8078,1,0
189.9304,0.4235,51.447,1,0
190.3188,0.4886,51.628,1,0
190.0632,0.5479,50.2761,1,0
190.046,0.4296,52.2165,1,0
190.2302,0.4369,50.786,1,0
190.1503,0.4151,51.2696,1,0
190.2523,0.3348,51.9127,1,0
189.9177,0.4176,50.1919,1,0
190.302,0.4681,51.8696,1,0
190.0947,0.5483,50.8144,1,0
190.3018,0.431,51.0877,1,0
189.8615,0.5742,50.7292,1,0
189.9021,0.2711,50.6417,1,0
189.8687,0.5008,50.9306,1,0
189.7238,0.3845,51.0999,1,0
190.1,0.4205,50.8286,1,0
189.9733,0.4795,49.7169,0,1
190.0066,0.4139,51.8793,1,0
189.9433,0.4019,50.9909,1,0
189.9184,0.5354,52.007,1,0
190.003,0.3131,50.9879,1,0
189.9567,0.3091,51.6703,1,0
189.9138,0.5782,51.1903,1,0
189.7964,0.3607,49.765,0,1
189.8615,0.271,50.6224,1,0
189.9336,0.4199,51.1186,1,0
190.1279,0.4181,50.7587,1,0
190.3453,0.4221,51.3718,1,0
190.0412,0.4178,50.509,1,0
189.9369,0.3731,51.0411,1,0
190.2983,0.5418,50.8977,1,0
189.8512,0.4547,51.5388,1,0
189.8823,0.3787,51.5852,1,0
189.9402,0.5008,50.9535,1,0
189.9893,0.3926,51.9655,1,0
190.0924,0.4433,51.4102,1,0
190.1143,0.4991,50.9938,1,0
189.9374,0.4846,51.167,1,0
189.7047,0.4039,50.839,1,0
190.0818,0.5727,51.4106,1,0
190.0392,0.4737,50.8257,1,0
189.7677,0.3714,52.1027,1,0
189.7267,0.4849,50.8008,1,0
190.0742,0.4405,50.8677,1,0
190.2257,0.5691,50.9113,1,0
189.7449,0.483,51.7009,1,0
190.0735,0.4796,51.1983,1,0
190.1457,0.6055,51.596,1,0
189.6237,0.3956,50.7786,1,0
190.1709,0.388,52.2063,1,0
189.7174,0.6382,51.6267,1,0
189.7972,0.458,51.1894,1,0
189.8725,0.3544,51.3242,1,0
189.7409,0.5609,51.2177,1,0
189.8449,0.4805,51.7666,1,0
190.036,0.4206,50.2265,1,0
190.0218,0.5456,51.0501,1,0
189.9993,0.5832,51.2929,1,0
190.2471,0.5267,50.6126,1,0
189.9917,0.3697,51.8607,1,0
190.1246,0.3545,51.0558,1,0
189.719,0.3731,50.794,1,0
189.8577,0.3851,52.0968,1,0
189.9299,0.3085,50.9722,1,0
190.3431,0.449,50.8772,1,0
190.0904,0.4834,51.036,1,0
190.2497,0.4167,51.1228,1,0
189.8031,0.3849,52.0305,1,0
190.2626,0.3629,51.5566,1,0
190.0296,0.445,51.7681,1,0
190.292,0.3423,50.601,1,0
189.9467,0.5951,50.9937,1,0
189.9315,0.465,51.5425,1,0
189.8413,0.3778,51.1215,1,0
189.9491,0.4456,50.5025,1,0
190.0579,0.3407,51.363,1,0
189.7252,0.4492,51.9777,1,0
190.0183,0.5139,51.4649,1,0
190.2556,0.3449,51.1914,1,0
189.9426,0.4605,50.1658,1,0
190.1733,0.4889,51.209,1,0
190.1349,0.3482,50.8888,1,0
189.8047,0.4467,50.6519,1,0
190.0322,0.4155,51.4796,1,0
190.1115,0.6308,51.2212,1,0
189.8756,0.3589,50.691,1,0
189.8044,0.5054,51.0475,1,0
190.2546,0.4712,51.4428,1,0
190.0907,0.3623,51.342,1,0
189.9306,0.3232,50.2127,1,0
189.7851,0.4303,51.266,1,0
190.1247,0.445,51.1992,1,0
190.2637,0.6375,51.7472,1,0
189.804,0.496,51.3664,1,0
190.0081,0.4027,51.1424,1,0
190.1295,0.4804,50.9663,1,0
190.0335,0.4283,51.5229,1,0
190.0043,0.4565,51.0075,1,0
190.1638,0.471,50.8522,1,0
189.7027,0.3604,51.1833,1,0
190.1721,0.4392,50.7851,1,0
190.1339,0.5433,51.4814,1,0
190.0164,0.4559,50.6727,1,0
189.8582,0.4158,51.1875,1,0
190.0235,0.5125,50.8726,1,0
189.817,0.4121,50.9749,1,0
189.9874,0.3633,51.4013,1,0
190.1842,0.4337,51.5704,1,0
189.9529,0.4735,51.4767,1,0
189.9347,0.4271,51.9845,1,0
190.0682,0.5102,52.4532,1,0
190.0884,0.4009,50.8348,1,0
190.0736,0.4345,50.7804,1,0
190.0165,0.4735,50.9793,1,0
190.0427,0.495,51.3346,1,0
189.872,0.4063,50.6299,1,0
189.7431,0.4433,52.481,1,0
190.0038,0.3912,50.8454,1,0
189.6113,0.4476,51.7174,1,0
190.044,0.4255,50.8163,1,0
189.9182,0.4727,51.0234,1,0
190.0648,0.5165,50.7665,1,0
189.8404,0.3953,50.41,1,0
190.3307,0.3359,51.5486,1,0
190.0346,0.3727,50.5649,1,0
189.7357,0.5462,51.1884,1,0
190.1366,0.4938,51.129,1,0
190.0638,0.489,51.2822,1,0
189.9676,0.4777,50.7998,1,0
189.9579,0.4222,50.934,1,0
190.0658,0.4718,51.2306,1,0
189.7849,0.3879,51.235,1,0
190.1129,0.3906,51.9605,1,0
189.8637,0.4082,51.5889,1,0
190.0164,0.6456,51.8175,1,0
190.1005,0.4004,50.6946,1,0
190.0486,0.4354,51.3654,1,0
189.8875,0.3545,51.646,1,0
189.9599,0.5287,51.711,1,0
190.09,0.4165,50.806,1,0
189.8374,0.4682,51.0772,1,0
189.9461,0.4159,51.9572,1,0
189.9373,0.427,50.8893,1,0
189.9533,0.4347,51.3497,1,0
190.0117,0.515,51.5489,1,0
189.8036,0.412,51.4075,1,0
190.0471,0.4548,51.3882,1,0
190.0362,0.4363,51.6715,1,0
190.2061,0.3365,51.5188,1,0
190.1583,0.4591,51.6374,1,0
189.8772,0.3625,51.0383,1,0
189.9727,0.3996,51.7748,1,0
190.1194,0.457,51.1447,1,0
189.9396,0.4819,51.4132,1,0
190.1197,0.4396,50.8319,1,0
190.0579,0.4797,51.4769,1,0
189.8107,0.4914,50.8715,1,0
189.8294,0.4813,51.5339,1,0
190.0705,0.4233,52.2319,1,0
189.9802,0.3652,52.0481,1,0
189.8517,0.4418,50.5738,1,0
189.9408,0.4634,51.4701,1,0
190.0326,0.6584,51.1309,1,0
190.1444,0.3614,50.988,1,0
190.1758,0.5146,50.7615,1,0
189.8173,0.4446,51.779,1,0
190.0503,0.3258,51.4286,1,0
190.2105,0.4895,51.752,1,0
189.862,0.5015,51.5226,1,0
189.8569,0.3028,50.8459,1,0
189.7059,0.4032,50.7808,1,0
190.0737,0.4404,52.1596,1,0
190.1468,0.5111,51.7158,1,0
189.9451,0.3514,51.6049,1,0
190.0131,0.5103,50.4435,1,0
190.0099,0.4261,50.8003,1,0
189.9533,0.3685,52.6237,1,0
190.2476,0.4484,50.899,1,0
190.2718,0.3583,51.129,1,0
189.8718,0.4145,51.3256,1,0
190.0885,0.5386,51.4217,1,0
190.0006,0.4935,51.6731,1,0
190.2601,0.4621,51.0068,1,0
190.1053,0.3856,51.4322,1,0
190.0979,0.4982,50.6952,1,0
190.0161,0.5038,50.7736,1,0
189.9209,0.4976,51.8053,1,0
190.1765,0.4315,50.8197,1,0
190.0328,0.3032,51.2251,1,0
190.1093,0.4952,52.3664,1,0
189.9069,0.4778,51.6334,1,0
189.8389,0.3142,50.9924,1,0
190.013,0.496,51.224,1,0
189.9354,0.509,51.3623,1,0
189.9666,0.5122,51.7891,1,0
189.7567,0.4582,51.1772,1,0
190.2538,0.3584,51.2904,1,0
190.2147,0.327,50.4826,1,0
189.9993,0.3563,50.9199,1,0
189.77,0.5553,51.5655,1,0
190.2165,0.408,50.6694,1,0
189.8102,0.4368,50.5373,1,0
189.8952,0.4612,50.5122,1,0
189.9072,0.4979,51.2664,1,0
189.5303,0.5599,50.7601,1,0
189.9234,0.3613,51.4617,1,0
189.8101,0.4325,51.0814,1,0
190.1596,0.5583,50.7069,1,0
189.8604,0.5421,51.953,1,0
190.082,0.2731,52.0778,1,0
190.1249,0.571,51.4183,1,0
189.9358,0.4869,51.5211,1,0
189.8677,0.4324,51.1317,1,0
190.0892,0.4511,51.9077,1,0
189.905,0.5168,50.5785,1,0
190.0985,0.4233,51.4097,1,0
189.8878,0.4348,51.664,1,0
189.8287,0.4208,50.9717,1,0
189.7739,0.4215,51.5564,1,0
189.817,0.5238,50.9448,1,0
189.9459,0.4925,51.3157,1,0
189.8772,0.483,51.6632,1,0
190.0672,0.4679,50.8532,1,0
189.971,0.4283,51.4075,1,0
189.9631,0.3823,51.1022,1,0
190.1512,0.488,51.7024,1,0
190.1465,0.3617,51.1095,1,0
190.0469,0.3752,51.8515,1,0
189.8611,0.3752,52.338,1,0
190.0688,0.4658,50.5287,1,0
190.2116,0.5746,51.1301,1,0
190.1564,0.3564,50.3592,1,0
189.7526,0.4133,50.1942,1,0
189.9608,0.4134,51.3832,1,0
189.9582,0.4372,51.498,1,0
190.1466,0.4655,50.8576,1,0
190.3049,0.3283,51.2627,1,0
189.7147,0.4657,51.3317,1,0
189.6812,0.3688,51.5453,1,0
190.1232,0.5977,50.2473,1,0
190.0704,0.4057,51.8996,1,0
189.9883,0.369,51.0761,1,0
189.8581,0.5267,51.0133,1,0
189.9915,0.5333,51.2307,1,0
190.2886,0.4747,50.0124,1,0
190.0044,0.3668,50.931,1,0
189.9093,0.3401,50.8683,1,0
190.1608,0.3559,51.0878,1,0
190.0814,0.4217,51.8796,1,0
189.9088,0.4625,50.6637,1,0
189.6618,0.5291,51.3227,1,0
190.1152,0.4821,51.1758,1,0
189.8735,0.4064,51.4173,1,0
190.2804,0.4721,50.7532,1,0
190.0556,0.4234,51.76,1,0
190.1178,0.3868,50.6475,1,0
189.8637,0.5904,51.163,1,0
189.8287,0.4473,51.4998,1,0
190.1031,0.4972,51.2267,1,0
190.1689,0.5778,50.8466,1,0
190.1627,0.465,51.3462,1,0
189.8708,0.3152,52.099,1,0
189.9915,0.5214,50.3375,1,0
190.3188,0.441,51.1839,1,0
189.715,0.4575,51.5574,1,0
190.0506,0.4151,51.6871,1,0
190.1098,0.4257,51.4558,1,0
189.9459,0.4545,51.1593,1,0
190.0915,0.3332,51.5147,1,0
189.8188,0.5169,50.8781,1,0
190.1483,0.3999,52.0388,1,0
189.8089,0.446,51.6861,1,0
190.0622,0.3372,50.4208,1,0
190.426,0.4172,51.2953,1,0
190.0056,0.424,51.3591,1,0
190.0982,0.4152,51.0404,1,0
190.1362,0.5213,51.3361,1,0
190.1741,0.4643,51.326,1,0
190.0625,0.5608,51.5828,1,0
190.1034,0.3809,51.197,1,0
189.8118,0.4402,50.6082,1,0
189.9908,0.486,51.0505,1,0
189.8748,0.4386,51.7426,1,0
189.7725,0.4699,51.6268,1,0
189.915,0.4521,50.7598,1,0
190.167,0.5873,51.3387,1,0
189.9984,0.4515,51.0056,1,0
190.2099,0.4715,51.6195,1,0
190.0237,0.5688,50.7412,1,0
190.1297,0.473,51.0918,1,0
190.0648,0.4388,50.8017,1,0
190.0319,0.5454,51.496,1,0
190.1038,0.4516,51.2367,1,0
189.9152,0.4973,50.7374,1,0
189.9525,0.364,51.3093,1,0
189.6655,0.4497,50.8419,1,0
189.9964,0.479,50.7555,1,0
189.9045,0.4965,51.2815,1,0
190.3029,0.3339,51.1131,1,0
190.2164,0.4296,51.6149,1,0
189.949,0.4747,50.9501,1,0
189.9895,0.5632,51.5971,1,0
190.1695,0.3324,51.5718,1,0
190.1194,0.5626,51.7176,1,0
189.9167,0.5384,51.5124,1,0
189.9158,0.5167,51.4775,1,0
189.8989,0.4195,50.6044,1,0
189.9559,0.4173,51.9823,1,0
190.0433,0.345,50.9895,1,0
190.3731,0.5045,51.1535,1,0
189.8636,0.3282,51.3018,1,0
190.1061,0.5774,51.3479,1,0
189.4551,0.6009,50.5304,1,0
189.6615,0.3363,51.2517,1,0
189.6963,0.4976,51.6533,1,0
190.0703,0.3473,51.2742,1,0
190.1275,0.3854,51.0223,1,0
189.7758,0.4681,52.2001,1,0
189.7071,0.453,51.4639,1,0
189.7201,0.4821,50.9722,1,0
189.9055,0.3607,50.8142,1,0
189.9565,0.4426,51.929,1,0
190.0562,0.4708,50.3162,1,0
189.7906,0.4467,51.1399,1,0
190.337,0.3107,50.2717,1,0
189.7862,0.3661,51.176,1,0
190.0332,0.3813,51.3759,1,0
190.1194,0.5018,50.632,1,0
190.1006,0.374,51.1717,1,0
189.9123,0.4948,51.3408,1,0
189.901,0.4174,50.5275,1,0
190.1638,0.4069,50.9118,1,0
190.0109,0.4653,50.774,1,0
190.1275,0.5094,51.0451,1,0
189.9025,0.4333,51.1125,1,0
190.1201,0.4266,51.5436,1,0
189.9881,0.3835,50.8004,1,0
190.4568,0.4645,51.4638,1,0
189.7828,0.4852,51.2484,1,0
189.8934,0.4224,50.827,1,0
190.0806,0.406,51.4755,1,0
189.9109,0.3864,50.6545,1,0
190.0024,0.4695,50.8908,1,0
189.8309,0.4249,51.4361,1,0
190.3696,0.3516,49.9704,0,1
190.0409,0.5679,51.2883,1,0
190.1164,0.4642,52.0867,1,0
190.1658,0.3713,50.7961,1,0
189.8705,0.3804,51.457,1,0
189.5139,0.4224,52.2135,1,0
190.1971,0.4365,51.7219,1,0
189.8935,0.4325,51.2998,1,0
189.952,0.5207,51.3589,1,0
189.7729,0.4043,51.3183,1,0
189.923,0.3656,50.5412,1,0
189.8411,0.4289,51.97,1,0
189.8385,0.4167,50.9468,1,0
190.0129,0.4667,51.5528,1,0
189.8513,0.4183,50.3487,1,0
189.9154,0.3215,50.3943,1,0
190.0741,0.5524,50.6667,1,0
190.0027,0.3866,51.4687,1,0
190.0553,0.5216,50.8787,1,0
190.1485,0.4579,50.7001,1,0
190.0344,0.3434,51.1775,1,0
190.2204,0.4478,51.4841,1,0
189.9898,0.4405,51.5179,1,0
190.2052,0.3515,51.9444,1,0
190.0249,0.3849,50.3558,1,0
189.9331,0.554,50.7195,1,0
190.1591,0.4266,51.5473,1,0
190.0331,0.5096,51.5218,1,0
189.9766,0.4899,50.6577,1,0
189.743,0.4891,50.535,1,0
190.0243,0.3938,51.591,1,0
189.9452,0.4002,50.9097,1,0
190.225,0.4938,51.7353,1,0
189.9899,0.4674,50.4801,1,0
189.997,0.4304,51.0808,1,0
189.9612,0.5377,51.4579,1,0
190.0312,0.5284,51.7253,1,0
190.0418,0.3857,51.3079,1,0
189.9126,0.3531,51.3383,1,0
189.7093,0.4775,50.9156,1,0
189.9741,0.3976,51.1942,1,0
189.7535,0.4525,51.1332,1,0
189.937,0.3968,50.8492,1,0
189.9808,0.4043,50.6119,1,0
190.1243,0.3604,51.3616,1,0
190.0408,0.4671,51.2898,1,0
189.64,0.4021,51.8118,1,0
190.2518,0.4126,50.8509,1,0
190.3952,0.6649,52.2277,1,0
190.1472,0.3538,51.153,1,0
189.9359,0.5229,51.5172,1,0
189.9839,0.4393,51.2246,1,0
190.2496,0.3947,51.2171,1,0
190.0654,0.4609,51.4199,1,0
190.2307,0.2994,51.9419,1,0
189.9638,0.4006,51.8669,1,0
190.0564,0.3238,51.1014,1,0
189.6641,0.3562,51.6185,1,0
190.2486,0.5573,51.9899,1,0
190.4127,0.4094,50.8606,1,0
189.8389,0.4318,49.9676,0,1
189.9647,0.4734,51.3011,1,0
189.9462,0.4497,51.0488,1,0
189.8773,0.4959,51.1483,1,0
189.816,0.4157,50.5597,1,0
189.8859,0.3644,50.7935,1,0
190.0393,0.2595,51.482,1,0
190.1426,0.3858,50.6478,1,0
190.3061,0.4357,50.1358,1,0
190.0289,0.4878,51.5934,1,0
189.8828,0.5378,51.2036,1,0
189.8542,0.5189,51.9328,1,0
190.004,0.5063,51.7098,1,0
189.8508,0.3741,51.4577,1,0
190.1414,0.4779,51.5642,1,0
190.0422,0.3786,51.8374,1,0
189.9405,0.4346,50.4705,1,0
190.0801,0.5104,51.157,1,0
189.837,0.4592,50.5053,1,0
190.1848,0.448,50.9212,1,0
190.0811,0.289,51.3419,1,0
190.1121,0.3343,51.3655,1,0
189.9475,0.4545,51.5128,1,0
189.9095,0.3419,51.5846,1,0
190.081,0.4971,50.5526,1,0
190.011,0.4405,51.6693,1,0
190.0879,0.5417,51.4563,1,0
190.015,0.4004,51.4843,1,0
189.9245,0.3995,51.3009,1,0
190.1864,0.3741,50.9063,1,0
189.7399,0.423,52.8341,1,0
189.8932,0.4363,51.3147,1,0
190.0931,0.3018,50.5426,1,0
190.2299,0.6107,50.18,1,0
189.7335,0.5004,51.3201,1,0
190.0465,0.3642,51.6611,1,0
190.2607,0.5289,51.6107,1,0
189.9613,0.3655,51.6502,1,0
189.6853,0.4053,50.9541,1,0
190.0438,0.3832,51.8672,1,0
189.9666,0.4337,51.1617,1,0
190.2118,0.383,50.5986,1,0
190.103,0.431,51.804,1,0
190.0894,0.5077,51.6279,1,0
190.0213,0.394,51.6585,1,0
189.9841,0.4637,50.8854,1,0
190.1406,0.4285,51.1849,1,0
190.1419,0.5878,51.2464,1,0
190.0695,0.5442,51.5694,1,0
189.9886,0.424,51.3292,1,0
190.2253,0.4534,50.79,1,0
190.1869,0.3777,50.2348,1,0
189.9915,0.498,51.4089,1,0
189.7445,0.4622,50.8043,1,0
190.0373,0.4578,51.4646,1,0
190.0455,0.4065,50.9852,1,0
190.0483,0.3671,50.9044,1,0
190.0486,0.654,51.4817,1,0
190.1756,0.477,50.8423,1,0
190.096,0.3219,50.9136,1,0
190.037,0.4062,51.3149,1,0
189.9963,0.5596,52.1599,1,0
189.9854,0.5004,51.3454,1,0
190.0836,0.5179,51.4016,1,0
189.8864,0.3912,51.2952,1,0
189.886,0.4753,50.5627,1,0
190.0049,0.4573,52.0516,1,0
189.9016,0.5305,51.0663,1,0
189.839,0.4186,50.5681,1,0
190.0527,0.4114,51.3461,1,0
189.6811,0.3853,51.4571,1,0
190.0612,0.4484,50.1389,1,0
190.0166,0.4335,50.5941,1,0
189.9041,0.5435,50.6557,1,0
189.9832,0.4174,51.7442,1,0
189.9398,0.4563,51.4428,1,0
189.9705,0.4853,51.5919,1,0
190.2719,0.4926,50.6887,1,0
190.0965,0.4783,51.1517,1,0
189.7273,0.5396,50.8754,1,0
189.8245,0.4105,51.5682,1,0
190.0504,0.5798,50.9346,1,0
190.1156,0.3526,51.3762,1,0
189.8307,0.4835,50.0015,1,0
189.8153,0.5768,51.6191,1,0
189.9856,0.4321,51.482,1,0
189.9872,0.5367,51.3091,1,0
189.6484,0.4484,51.2116,1,0
189.7388,0.5481,51.4473,1,0
189.9559,0.4499,50.5829,1,0
189.9546,0.3746,50.454,1,0
189.9124,0.3832,51.9846,1,0
190.0147,0.5709,51.3757,1,0
190.0548,0.3377,50.7564,1,0
190.1207,0.3562,50.5683,1,0
189.8307,0.4534,51.062,1,0
189.922,0.4424,51.1936,1,0
189.8095,0.4902,51.93,1,0
189.6374,0.4239,51.7013,1,0
189.8012,0.46,51.682,1,0
190.1519,0.4547,50.39,1,0
190.0771,0.466,51.2793,1,0
189.7326,0.5705,51.1567,1,0
190.271,0.3447,50.7839,1,0
189.9599,0.3247,51.4884,1,0
190.1646,0.3822,50.7735,1,0
189.8266,0.4084,51.7383,1,0
190.1243,0.517,51.4333,1,0
190.0112,0.4294,51.3518,1,0
190.0786,0.5652,50.6569,1,0
189.6729,0.5881,51.8305,1,0
190.1997,0.399,51.4125,1,0
190.161,0.4229,50.6563,1,0
189.7797,0.3283,51.2001,1,0
189.8412,0.4092,51.1922,1,0
190.2011,0.3945,51.1316,1,0
190.1701,0.3586,50.7198,1,0
189.9716,0.4769,51.4788,1,0
189.9597,0.3818,51.2812,1,0
190.278,0.5174,51.0726,1,0
189.9803,0.309,51.4049,1,0
190.1579,0.4941,52.3287,1,0
189.7807,0.4512,51.3248,1,0
190.1072,0.3812,50.4176,1,0
189.9475,0.473,51.036,1,0
190.1657,0.4214,51.5315,1,0
190.0275,0.4379,51.0534,1,0
190.2385,0.5527,51.3726,1,0
189.8955,0.4023,50.2157,1,0
190.1951,0.4296,50.3236,1,0
190.0153,0.4062,51.2136,1,0
189.7286,0.321,50.9827,1,0
190.0086,0.3601,51.5823,1,0
190.2372,0.4743,51.6037,1,0
190.0578,0.3803,51.4669,1,0
190.0155,0.4748,51.1567,1,0
190.1297,0.3556,51.0627,1,0
190.2331,0.4675,50.9078,1,0
190.1163,0.2705,51.3118,1,0
190.0021,0.5205,50.8074,1,0
190.0915,0.424,50.9985,1,0
190.0323,0.4865,50.5682,1,0
190.0428,0.461,50.7949,1,0
190.1541,0.2137,51.3006,1,0
189.7768,0.5859,51.4293,1,0
190.0899,0.5129,51.3674,1,0
189.8624,0.4214,51.7026,1,0
190.1295,0.4639,50.7226,1,0
190.0522,0.4864,51.6969,1,0
190.212,0.5293,51.3191,1,0
190.322,0.4045,51.1732,1,0
189.9885,0.6033,51.8995,1,0
190.0909,0.3796,51.8483,1,0
189.9447,0.4891,51.9706,1,0
190.1617,0.4815,51.4241,1,0
189.8867,0.413,50.4139,1,0
189.8272,0.4071,51.1571,1,0
189.8863,0.4286,51.0885,1,0
190.119,0.3771,51.833,1,0
190.2468,0.5264,51.3434,1,0
190.1651,0.3573,51.2776,1,0
190.1686,0.3907,51.4711,1,0
190.1604,0.3905,51.2713,1,0
189.7591,0.4072,51.2195,1,0
190.1637,0.3253,50.6932,1,0
189.8072,0.3808,50.8821,1,0
190.009,0.4234,50.3729,1,0
190.0556,0.5493,51.0316,1,0
189.8477,0.399,51.421,1,0
189.7628,0.4458,50.5214,1,0
189.9743,0.5101,51.4293,1,0
189.759,0.5817,50.7186,1,0
190.0938,0.4194,49.7545,0,1
190.089,0.413,51.3687,1,0
189.9372,0.4837,51.4295,1,0
190.1946,0.3989,50.6241,1,0
189.9985,0.4473,51.7294,1,0
189.9302,0.4309,51.5356,1,0
190.0824,0.4416,50.7918,1,0
190.1031,0.4694,50.9998,1,0
189.9079,0.3956,50.7067,1,0
189.9049,0.4083,49.5987,0,1
189.929,0.4196,51.8942,1,0
190.1008,0.4174,51.9854,1,0
190.1874,0.4983,51.7382,1,0
190.1454,0.4378,51.8362,1,0
189.6049,0.4945,51.7647,1,0
190.2554,0.4977,51.361,1,0
189.9125,0.3518,51.2799,1,0
190.0004,0.4337,51.5546,1,0
190.1431,0.2805,51.1372,1,0
190.2752,0.4117,50.9794,1,0
189.9233,0.658,52.5182,1,0
190.1876,0.4014,51.1912,1,0
189.7284,0.4188,50.5469,1,0
189.9694,0.4188,51.5301,1,0
189.7006,0.4521,51.1199,1,0
190.0409,0.4108,50.8732,1,0
190.1779,0.3956,51.9439,1,0
189.9695,0.3474,51.1317,1,0
189.9209,0.4521,51.062,1,0
189.5774,0.5211,51.0631,1,0
190.0066,0.5749,50.9574,1,0
189.9831,0.4553,50.7636,1,0
190.1514,0.4746,51.3567,1,0
190.0168,0.3942,51.7084,1,0
190.1026,0.3636,51.0928,1,0
189.9234,0.5142,51.9354,1,0
189.9292,0.4421,50.7551,1,0
189.8582,0.3798,51.3458,1,0
190.0503,0.5814,51.5181,1,0
190.1606,0.3665,51.1969,1,0
190.056,0.3981,51.1139,1,0
189.9284,0.3247,50.1951,1,0
190.157,0.4449,51.09,1,0
190.2017,0.4734,51.3445,1,0
189.6889,0.4687,51.2822,1,0
189.9963,0.4318,51.7358,1,0
190.1611,0.373,50.6836,1,0
190.0287,0.3861,50.4213,1,0
189.9349,0.4913,51.6507,1,0
189.9146,0.351,50.5996,1,0
189.8807,0.5638,50.6711,1,0
189.828,0.5292,50.4089,1,0
189.884,0.4853,51.2552,1,0
189.9245,0.5276,52.1393,1,0
190.0707,0.3238,52.5475,1,0
190.2483,0.5654,50.7431,1,0
189.9311,0.646,50.9085,1,0
190.0113,0.521,49.9842,0,1
190.1972,0.5599,51.8722,1,0
190.0779,0.3981,50.9987,1,0
189.8548,0.5645,51.5618,1,0
190.0491,0.4426,51.0767,1,0
189.8415,0.4826,51.5746,1,0
189.9123,0.3712,52.1317,1,0
190.0953,0.3581,50.5746,1,0
189.9385,0.4376,50.8281,1,0
190.4119,0.5057,51.0644,1,0
190.2368,0.3903,51.72,1,0
190.1676,0.436,51.5917,1,0
190.0246,0.521,50.9788,1,0
189.9696,0.4656,50.9259,1,0
190.0721,0.3848,51.2787,1,0
189.907,0.4583,51.3466,1,0
190.052,0.5403,51.4105,1,0
189.8975,0.4309,50.7133,1,0
189.9958,0.3079,50.7456,1,0
190.2119,0.5086,51.1298,1,0
189.9288,0.3406,51.0319,1,0
190.0817,0.4797,50.4652,1,0
190.1638,0.4328,51.3121,1,0
189.8231,0.5976,51.5175,1,0
190.0785,0.4693,50.7525,1,0
190.1868,0.4809,50.5853,1,0
189.7108,0.4561,51.4226,1,0
189.9505,0.2522,51.3967,1,0
189.8407,0.393,50.7992,1,0
189.9019,0.4806,51.2726,1,0
190.1139,0.5505,51.4418,1,0
189.9716,0.5147,51.2107,1,0
190.1283,0.3701,52.7049,1,0
189.8436,0.4215,50.2478,1,0
189.8927,0.3159,51.5492,1,0
190.0546,0.5416,51.7731,1,0
190.0144,0.444,51.7171,1,0
190.1026,0.3916,51.1661,1,0
190.212,0.4789,51.3691,1,0
189.9497,0.4197,51.6274,1,0
189.9609,0.4348,51.8444,1,0
190.0416,0.3245,51.7098,1,0
190.1286,0.34,50.8789,1,0
189.8511,0.4443,51.4597,1,0
190.0719,0.4833,51.6095,1,0
189.9311,0.5211,51.6982,1,0
190.0711,0.4985,50.9979,1,0
189.8152,0.4944,51.1124,1,0
189.9863,0.3831,51.4597,1,0
190.0227,0.3888,51.0915,1,0
189.5111,0.5554,50.8816,1,0
190.2504,0.4427,51.1553,1,0
189.9643,0.4155,50.945,1,0
189.8377,0.4068,50.4624,1,0
189.8962,0.3834,51.9654,1,0
189.9811,0.5177,50.955,1,0
190.1492,0.4958,50.7082,1,0
190.2149,0.4474,51.3646,1,0
190.0221,0.4465,51.4827,1,0
190.056,0.3754,51.1115,1,0
189.7986,0.484,51.3994,1,0
189.7293,0.3487,51.6144,1,0
189.9038,0.3529,50.913,1,0
189.8451,0.478,51.2255,1,0
189.8906,0.5475,50.9249,1,0
190.1372,0.4758,51.7646,1,0
189.9672,0.4517,51.7782,1,0
189.9225,0.5672,51.0442,1,0
189.988,0.6651,51.4702,1,0
190.1629,0.4892,50.9324,1,0
189.9573,0.3896,50.6377,1,0
189.8784,0.4256,51.4852,1,0
189.8538,0.3265,50.7733,1,0
189.851,0.4456,50.935,1,0
190.0408,0.425,51.0853,1,0
190.0413,0.3886,50.5262,1,0
190.1416,0.4647,50.2162,1,0
190.0552,0.2259,51.5284,1,0
190.1307,0.5209,51.3976,1,0
189.9354,0.3454,51.4613,1,0
190.1434,0.4725,52.1422,1,0
190.0346,0.4482,51.3963,1,0
190.0028,0.5606,50.5717,1,0
190.0968,0.4386,51.008,1,0
189.7802,0.4317,51.4342,1,0
190.1558,0.5171,51.6709,1,0
190.0948,0.5635,51.3951,1,0
190.0274,0.4854,50.8933,1,0
189.8409,0.4899,50.2296,1,0
189.8998,0.5264,50.7353,1,0
190.1347,0.5235,50.8576,1,0
189.963,0.3552,51.3985,1,0
189.8666,0.539,50.7906,1,0
190.1757,0.6081,50.6173,1,0
189.8898,0.4506,50.9692,1,0
189.9231,0.4455,50.5988,1,0
189.9719,0.4315,51.1445,1,0
190.0046,0.3708,51.1826,1,0
190.0242,0.5044,51.0023,1,0
190.2553,0.4006,51.5104,1,0
190.127,0.4398,51.5594,1,0
189.7975,0.5145,51.3475,1,0
190.1973,0.5212,52.2249,1,0
190.0696,0.4445,50.4895,1,0
190.1538,0.4672,51.0067,1,0
189.9604,0.4304,51.5826,1,0
190.2987,0.3402,51.2225,1,0
189.8911,0.4213,50.8069,1,0
190.1014,0.4302,50.8433,1,0
189.9094,0.4627,51.352,1,0
190.1783,0.381,51.1439,1,0
190.2174,0.4846,51.7347,1,0
189.8943,0.4653,51.5529,1,0
190.1873,0.5794,51.346,1,0
189.9053,0.4222,51.2787,1,0
190.1253,0.3774,50.7975,1,0
189.7584,0.529,51.4755,1,0
189.8476,0.4134,52.2534,1,0
190.1404,0.4621,50.6936,1,0
189.7945,0.5245,52.4219,1,0
190.2385,0.4306,51.2821,1,0
189.9283,0.4372,52.4291,1,0
190.0845,0.4935,50.8822,1,0
190.1068,0.361,51.8243,1,0
190.0627,0.4264,51.1157,1,0
189.6628,0.3502,50.7769,1,0
189.9415,0.4261,51.1996,1,0
189.914,0.4175,50.7686,1,0
189.7531,0.4494,51.1637,1,0
189.8973,0.5292,50.2855,1,0
190.218,0.5263,50.9767,1,0
189.7978,0.4062,50.4366,1,0
189.8295,0.5319,50.1448,1,0
189.9354,0.416,50.2884,1,0
189.7548,0.4972,50.3676,1,0
190.2274,0.4532,51.5892,1,0
189.858,0.5483,50.8665,1,0
190.1398,0.3924,51.3344,1,0
190.0146,0.5722,51.845,1,0
190.035,0.4689,50.5611,1,0
190.0124,0.4889,51.0036,1,0
190.053,0.5255,50.9642,1,0
189.9484,0.5049,51.8592,1,0
190.0306,0.5191,50.689,1,0
190.1024,0.5523,51.5786,1,0
190.0977,0.4987,50.5623,1,0
190.082,0.3898,52.3945,1,0
190.1176,0.4296,51.0025,1,0
189.9373,0.4326,51.8697,1,0
190.333,0.4295,50.8614,1,0
190.1597,0.3158,51.6275,1,0
189.9587,0.4253,50.946,1,0
190.348,0.4026,50.4181,1,0
189.6183,0.4051,51.0198,1,0
190.0867,0.4393,50.6186,1,0
189.9163,0.3973,50.4867,1,0
189.744,0.528,50.7982,1,0
189.9102,0.4902,50.3166,1,0
189.9701,0.5405,51.206,1,0
189.943,0.5153,51.1729,1,0
190.2629,0.3941,51.1986,1,0
190.0438,0.5721,50.9485,1,0
189.9495,0.5147,51.9343,1,0
190.1178,0.4093,52.139,1,0
189.941,0.3588,50.5176,1,0
189.8323,0.3955,52.0783,1,0
189.8352,0.3217,50.8903,1,0
189.9911,0.4551,51.8553,1,0
189.8737,0.5202,50.9387,1,0
189.9802,0.4051,51.4067,1,0
189.8838,0.5718,50.9269,1,0
189.3827,0.3874,51.8355,1,0
189.6304,0.3532,51.065,1,0
189.7334,0.5293,50.5594,1,0
189.9727,0.5372,50.7105,1,0
190.0121,0.5096,50.9638,1,0
190.2083,0.4599,50.8376,1,0
190.2211,0.4711,50.798,1,0
190.1181,0.4728,51.4141,1,0
189.507,0.4571,50.932,1,0
190.1089,0.5788,50.7695,1,0
190.0372,0.3844,50.9335,1,0
189.813,0.2561,50.9909,1,0
190.2165,0.5086,51.7626,1,0
189.9072,0.398,51.2019,1,0
189.7893,0.4286,51.1148,1,0
189.7833,0.3523,50.9759,1,0
190.1775,0.2942,51.4271,1,0
189.7392,0.5402,51.4598,1,0
189.7861,0.4358,50.7026,1,0
190.2511,0.3956,51.3305,1,0
189.5562,0.52,50.588,1,0
189.9962,0.5029,51.0444,1,0
190.0157,0.5043,50.7993,1,0
190.2853,0.3631,51.1165,1,0
189.9984,0.5362,51.2513,1,0
190.0801,0.4055,52.663,1,0
190.1268,0.3682,50.6318,1,0
189.9463,0.4563,51.3513,1,0
189.9133,0.3411,52.0137,1,0
189.8529,0.4757,51.1361,1,0
190.0208,0.406,50.8223,1,0
189.9587,0.3356,51.2499,1,0
190.4717,0.6205,50.6321,1,0
189.864,0.6014,51.5181,1,0
189.845,0.4683,51.4156,1,0
189.973,0.3762,51.9923,1,0
189.9275,0.3497,51.1589,1,0
189.9762,0.4764,52.3898,1,0
189.9823,0.391,51.1123,1,0
190.102,0.5249,50.5826,1,0
190.0875,0.2587,51.4617,1,0
189.7976,0.4681,51.2017,1,0
189.9178,0.3675,51.016,1,0
189.9661,0.5226,51.5295,1,0
190.0166,0.4334,52.5757,1,0
190.1243,0.4236,50.4301,1,0
189.9924,0.4243,50.7137,1,0
190.0219,0.4404,50.6746,1,0
190.0094,0.3988,51.108,1,0
190.0422,0.421,52.0865,1,0
189.9299,0.492,51.2524,1,0
189.8306,0.442,51.1987,1,0
189.8155,0.4798,51.0498,1,0
190.056,0.5243,51.3646,1,0
190.2447,0.3833,51.4984,1,0
190.3595,0.4734,50.7648,1,0
190.2038,0.5006,51.0886,1,0
189.8218,0.4953,50.752,1,0
189.9755,0.4721,51.4888,1,0
190.1897,0.4127,51.8028,1,0
190.2483,0.2583,51.9302,1,0
189.9194,0.4943,51.1701,1,0
189.7405,0.3931,50.3508,1,0
189.9405,0.5055,51.6185,1,0
189.8664,0.3948,51.7004,1,0
190.0496,0.4683,50.2224,1,0
190.1893,0.5743,50.9423,1,0
189.9059,0.5155,50.6453,1,0
190.1829,0.4316,50.4398,1,0
190.0348,0.424,51.022,1,0
189.9346,0.5137,51.4012,1,0
190.0536,0.4587,50.427,1,0
190.1189,0.4018,50.6892,1,0
190.0419,0.432,50.963,1,0
190.1927,0.4926,50.6266,1,0
190.1727,0.5549,50.6648,1,0
190.0905,0.5136,51.1924,1,0
189.9841,0.453,50.7851,1,0
189.9483,0.5411,50.9616,1,0
190.345,0.3275,50.8829,1,0
190.2843,0.4481,51.8204,1,0
189.9015,0.3868,51.7415,1,0
190.2059,0.4136,51.8659,1,0
190.0018,0.4784,51.7865,1,0
190.0388,0.3145,51.8039,1,0
189.6792,0.5319,51.5007,1,0
190.0168,0.4256,51.5887,1,0
189.9555,0.5121,51.065,1,0
189.8982,0.4623,50.4923,1,0
190.0903,0.4119,51.1941,1,0
190.0486,0.4106,52.2057,1,0
190.0726,0.4181,51.3754,1,0
190.0747,0.4351,50.6423,1,0
189.9619,0.4237,53.0801,0,1
190.0844,0.4432,51.1136,1,0
190.2482,0.3288,50.8392,1,0
190.0121,0.542,51.0897,1,0
190.1831,0.5272,51.4104,1,0
189.8604,0.4116,50.4916,1,0
190.1153,0.5487,51.1607,1,0
189.859,0.514,51.1412,1,0
190.0608,0.4137,50.1997,1,0
190.3443,0.5446,51.8223,1,0
189.7642,0.4103,51.067,1,0
189.7672,0.4042,51.2955,1,0
190.1691,0.4057,51.2203,1,0
189.7256,0.4744,51.5539,1,0
189.6302,0.4982,50.8305,1,0
189.9519,0.3542,50.469,1,0
190.1899,0.4848,50.4925,1,0
190.0705,0.5079,50.7318,1,0
189.9516,0.3961,51.5186,1,0
190.2846,0.3907,50.2529,1,0
190.2142,0.3197,51.004,1,0
190.1219,0.4378,50.4324,1,0
189.8306,0.4709,51.068,1,0
190.0161,0.4745,51.0031,1,0
189.9612,0.4074,50.6289,1,0
190.3515,0.5234,51.4647,1,0
189.5917,0.5897,51.2343,1,0
190.0063,0.5436,50.9818,1,0
190.0941,0.4675,52.1957,1,0
189.7724,0.5327,50.7625,1,0
190.2138,0.3886,51.5133,1,0
190.0048,0.3618,51.5034,1,0
189.9676,0.305,52.2154,1,0
190.0338,0.4593,51.0575,1,0
190.0426,0.3797,51.8747,1,0
190.1495,0.5911,51.1287,1,0
189.8258,0.4893,51.0769,1,0
189.8352,0.4785,51.2875,1,0
189.9349,0.5379,50.8823,1,0
190.0279,0.3893,51.2789,1,0
189.9181,0.5599,50.8281,1,0
189.9367,0.5156,51.6504,1,0
190.2424,0.3715,51.2428,1,0
189.9836,0.3593,51.1881,1,0
189.96,0.5016,50.7108,1,0
189.9847,0.4809,51.134,1,0
189.9602,0.4227,50.5339,1,0
189.7749,0.483,51.0578,1,0
189.9255,0.5442,50.4677,1,0
190.0651,0.5173,51.9595,1,0
190.1791,0.5119,50.9687,1,0
190.0614,0.4143,50.2332,1,0
190.0167,0.4649,51.1663,1,0
189.9537,0.5039,50.9328,1,0
189.9737,0.5478,51.4162,1,0
189.9783,0.3997,50.9907,1,0
189.9556,0.4099,51.3445,1,0
190.0056,0.5436,52.0225,1,0
190.0499,0.4849,50.8766,1,0
190.108,0.5159,50.4432,1,0
190.0625,0.4747,51.3569,1,0
189.9141,0.4539,51.5638,1,0
189.8371,0.5387,51.1648,1,0
190.1119,0.2653,51.7519,1,0
189.8754,0.4831,50.3282,1,0
190.1496,0.4601,51.0641,1,0
190.0297,0.5152,51.0554,1,0
190.0981,0.5108,52.1556,1,0
190.3507,0.3804,51.1569,1,0
190.3369,0.467,50.7371,1,0
189.9812,0.4657,51.018,1,0
190.0142,0.3517,50.7649,1,0
189.9179,0.3794,51.0247,1,0
190.2182,0.4542,50.7919,1,0
189.8723,0.5167,50.1053,1,0
190.0603,0.3968,50.645,1,0
190.0377,0.433,50.5876,1,0
190.0691,0.4327,51.8271,1,0
189.7039,0.3582,50.6678,1,0
190.0599,0.398,52.3939,1,0
190.0263,0.4447,51.7554,1,0
190.0692,0.5286,51.5806,1,0
189.8846,0.4354,50.5675,1,0
189.9001,0.5166,51.2217,1,0
189.8414,0.424,51.1504,1,0
190.2213,0.4542,51.841,1,0
190.1327,0.4167,51.3034,1,0
189.7485,0.4731,51.5986,1,0
190.0942,0.3616,50.6123,1,0
189.8455,0.3082,51.5429,1,0
189.9062,0.5237,51.1445,1,0
190.1028,0.5147,51.326,1,0
189.7514,0.4585,50.8654,1,0
189.9336,0.2057,50.3281,1,0
190.2098,0.4707,51.8717,1,0
190.1265,0.4944,51.3224,1,0
190.2896,0.4805,51.7091,1,0
189.9941,0.4483,51.7186,1,0
190.0297,0.4503,51.1139,1,0
190.1194,0.3733,51.1251,1,0
190.1477,0.3949,51.2865,1,0
189.8198,0.4091,51.3269,1,0
190.1137,0.5254,50.9002,1,0
189.9195,0.4709,51.4791,1,0
189.694,0.4696,50.8748,1,0
189.9833,0.4199,51.0087,1,0
189.9435,0.5019,50.7469,1,0
190.0759,0.5125,50.9959,1,0
190.171,0.4975,51.8352,1,0
189.8812,0.5409,50.8013,1,0
190.0183,0.5262,51.1932,1,0
189.975,0.4884,51.3583,1,0
189.9052,0.6034,50.5099,1,0
190.1532,0.519,52.2842,1,0
190.1717,0.553,50.813,1,0
189.6523,0.4382,51.7339,1,0
190.1105,0.4978,50.3548,1,0
190.121,0.4572,51.1233,1,0
189.9938,0.522,51.1557,1,0
190.1255,0.4815,51.2395,1,0
190.14,0.4381,50.8324,1,0
190.13,0.5541,51.0911,1,0
190.1876,0.3954,51.0277,1,0
189.6454,0.4878,51.3129,1,0
189.9098,0.5061,50.8039,1,0
189.9537,0.4429,50.1238,1,0
189.9615,0.3718,51.354,1,0
190.0402,0.5151,51.1024,1,0
189.9978,0.3894,51.3079,1,0
189.9936,0.2979,51.0754,1,0
189.5137,0.3503,51.3216,1,0
189.9006,0.4984,50.4259,1,0
190.0488,0.3626,51.0027,1,0
190.067,0.4864,51.1063,1,0
190.1751,0.4669,51.4263,1,0
189.8506,0.4565,50.5294,1,0
189.8818,0.4368,51.5505,1,0
189.91,0.5486,50.4517,1,0
189.9087,0.2516,51.5185,1,0
190.0105,0.4622,51.5815,1,0
190.0724,0.5178,50.7243,1,0
190.1453,0.4284,50.8156,1,0
190.1267,0.4749,51.2748,1,0
190.0743,0.4357,50.6826,1,0
189.9213,0.4343,51.5295,1,0
189.9926,0.453,52.547,1,0
190.0413,0.38,51.8869,1,0
189.7794,0.4138,51.8,1,0
189.9348,0.4534,51.0047,1,0
190.1445,0.4163,51.9425,1,0
190.0081,0.4724,50.5826,1,0
189.9302,0.375,50.9837,1,0
190.4304,0.3962,51.2203,1,0
190.089,0.506,51.0509,1,0
190.0516,0.5098,51.0027,1,0
190.0291,0.4516,50.6447,1,0
189.9097,0.5015,51.8892,1,0
189.9667,0.4738,51.2597,1,0
190.0677,0.5586,51.6366,1,0
190.056,0.5102,51.0666,1,0
190.0091,0.4499,51.8361,1,0
190.0036,0.443,52.1288,1,0
189.8688,0.4138,51.2523,1,0
190.124,0.4814,50.6769,1,0
189.9319,0.5443,50.8744,1,0
189.993,0.5501,51.6526,1,0
189.8751,0.4874,50.8422,1,0
189.809,0.4835,51.4089,1,0
190.0874,0.4665,50.9349,1,0
189.9228,0.501,50.4816,1,0
189.9462,0.4803,51.2231,1,0
189.881,0.4433,51.6304,1,0
190.0044,0.4552,50.5136,1,0
190.0403,0.5303,50.5266,1,0
189.8602,0.3922,50.919,1,0
190.2327,0.4599,51.8951,1,0
189.6699,0.5085,51.1166,1,0
190.0509,0.4308,52.0976,1,0
189.9655,0.3687,50.7384,1,0
189.9383,0.3954,50.8854,1,0
190.37,0.4672,50.8315,1,0
189.8726,0.4963,50.6108,1,0
190.0791,0.4324,50.9843,1,0
190.2579,0.4055,50.4313,1,0
190.3374,0.3885,51.6798,1,0
190.0361,0.4865,52.2145,1,0
189.8574,0.5878,51.1606,1,0
190.0624,0.3928,51.9769,1,0
189.7296,0.5008,50.5183,1,0
189.9089,0.5517,51.5875,1,0
189.885,0.446,51.0269,1,0
190.1145,0.4995,51.9397,1,0
190.0545,0.4017,51.6125,1,0
190.0172,0.5184,51.1515,1,0
190.2971,0.4767,50.6905,1,0
189.7258,0.4151,49.9682,0,1
189.8986,0.5886,50.8193,1,0
190.2462,0.6015,50.8423,1,0
189.8933,0.5112,51.5735,1,0
190.2294,0.4256,51.1305,1,0
190.0125,0.4717,51.7328,1,0
190.0714,0.5227,51.0226,1,0
189.8612,0.4307,51.7073,1,0
189.7876,0.5443,51.2148,1,0
189.8748,0.4066,51.3246,1,0
189.8482,0.4324,51.2873,1,0
190.0007,0.5231,50.5715,1,0
190.0625,0.3989,51.0926,1,0
190.0696,0.5011,51.6471,1,0
190.1215,0.5784,50.9958,1,0
190.2392,0.4402,51.4404,1,0
189.992,0.3975,51.5377,1,0
190.0868,0.3843,51.2246,1,0
189.9589,0.5313,51.0369,1,0
189.7598,0.4421,52.0238,1,0
189.737,0.5646,51.8008,1,0
190.0099,0.4673,50.6742,1,0
189.8939,0.4518,51.2284,1,0
189.8186,0.4452,50.4713,1,0
189.8821,0.4127,51.1611,1,0
190.0847,0.3636,51.4249,1,0
190.1611,0.3715,51.4366,1,0
189.9471,0.4326,51.123,1,0
190.1012,0.4304,51.7711,1,0
190.003,0.5566,52.1774,1,0
189.6555,0.4816,50.6839,1,0
189.8505,0.3807,50.9332,1,0
190.0935,0.4452,51.1021,1,0
190.1925,0.4969,51.9025,1,0
189.8164,0.489,51.3592,1,0
190.037,0.4443,51.9344,1,0
189.8733,0.5217,50.3449,1,0
189.9548,0.326,51.2556,1,0
190.0275,0.439,51.7249,1,0
190.1042,0.5073,50.5277,1,0
190.1925,0.4678,50.1068,1,0
190.0192,0.416,51.1204,1,0
189.8085,0.4682,51.4765,1,0
189.7366,0.5504,51.0391,1,0
189.9293,0.4064,51.0336,1,0
190.4491,0.564,51.1006,1,0
190.1346,0.4413,50.9875,1,0
189.8682,0.32,51.0175,1,0
190.0871,0.3874,51.0572,1,0
190.195,0.4918,51.8213,1,0
190.2963,0.4632,50.9209,1,0
189.9124,0.4637,50.5448,1,0
189.7154,0.3189,50.5047,1,0
190.0128,0.4407,50.713,1,0
189.9661,0.6058,50.6624,1,0
189.9219,0.4009,51.86,1,0
189.7256,0.3613,52.2192,1,0
189.9164,0.5181,50.9201,1,0
190.023,0.4464,51.3571,1,0
190.1113,0.4624,51.3412,1,0
190.081,0.5123,51.6386,1,0
189.9588,0.4824,51.77,1,0
189.9651,0.3842,50.7578,1,0
189.8074,0.4659,50.9198,1,0
189.8937,0.5965,50.9879,1,0
190.0486,0.491,50.3157,1,0
190.0201,0.4125,51.1489,1,0
190.1981,0.3545,50.3474,1,0
189.9143,0.5847,52.0727,1,0
190.1567,0.4718,50.8056,1,0
189.8816,0.4933,50.3898,1,0
189.9217,0.4357,51.514,1,0
190.0954,0.4341,50.7874,1,0
190.0193,0.4703,51.4616,1,0
189.799,0.3688,51.3368,1,0
190.1092,0.3915,51.1268,1,0
189.6775,0.5217,50.1649,1,0
189.9163,0.458,50.7146,1,0
190.0767,0.468,51.6207,1,0
189.9331,0.3898,51.5752,1,0
190.0181,0.5266,51.1952,1,0
189.7946,0.4739,51.3994,1,0
190.0309,0.4631,51.4316,1,0
189.9204,0.5412,50.7936,1,0
189.8204,0.37,51.1288,1,0
189.8757,0.5468,51.262,1,0
190.0844,0.5053,51.262,1,0
190.1021,0.3122,51.6721,1,0
189.8876,0.3254,51.2358,1,0
190.0889,0.4053,51.1477,1,0
189.8733,0.4864,51.3859,1,0
190.0135,0.4432,51.0184,1,0
189.8444,0.5047,51.1597,1,0
190.0187,0.4233,51.5748,1,0
190.1027,0.4517,50.7876,1,0
190.0599,0.3689,51.1942,1,0
190.2439,0.4808,51.6762,1,0
189.9454,0.3039,50.8873,1,0
189.801,0.5222,52.0056,1,0
189.7711,0.4892,51.6362,1,0
190.0678,0.4627,51.9053,1,0
190.0697,0.477,51.0468,1,0
190.0845,0.4973,50.0279,1,0
189.8776,0.4485,51.0384,1,0
189.7191,0.4062,50.8549,1,0
190.2006,0.4947,51.7173,1,0
189.8937,0.4854,50.664,1,0
190.0341,0.5126,51.3306,1,0
190.1097,0.4654,51.434,1,0
189.9919,0.4401,52.3256,1,0
189.9236,0.3896,51.0576,1,0
189.7565,0.4092,50.8404,1,0
189.8365,0.3906,50.9283,1,0
189.8338,0.4058,50.773,1,0
189.8422,0.4741,51.1069,1,0
189.9929,0.4516,51.4245,1,0
189.9265,0.4858,51.7209,1,0
190.0356,0.3033,51.1974,1,0
189.8466,0.4442,51.9129,1,0
190.2088,0.4659,50.8172,1,0
190.1839,0.5748,51.1975,1,0
189.8879,0.5164,50.8689,1,0
189.9633,0.4242,52.0377,1,0
190.0166,0.416,51.5721,1,0
189.8679,0.4391,51.5374,1,0
189.9275,0.5142,51.0986,1,0
190.244,0.326,51.0295,1,0
190.162,0.5446,50.6008,1,0
189.9816,0.4164,50.6678,1,0
189.6832,0.4533,50.7538,1,0
189.9694,0.45,51.4167,1,0
190.2934,0.4187,50.7708,1,0
189.8804,0.3428,51.0818,1,0
190.0916,0.4406,50.3748,1,0
189.907,0.3783,50.6102,1,0
189.9195,0.3949,51.0131,1,0
190.1975,0.5831,51.6034,1,0
190.1857,0.3218,52.1419,1,0
190.0458,0.51,51.7935,1,0
189.6906,0.3366,50.927,1,0
189.9975,0.4191,51.0262,1,0
190.1131,0.4485,52.0117,1,0
190.1774,0.4531,50.6115,1,0
190.0726,0.4145,51.0551,1,0
189.7459,0.3421,51.3087,1,0
189.9536,0.2798,51.1467,1,0
190.0566,0.4746,51.5283,1,0
189.9227,0.3307,51.9463,1,0
190.2159,0.5356,51.2297,1,0
190.1313,0.3579,52.0295,1,0
190.0188,0.4594,51.0464,1,0
189.9919,0.3937,51.7612,1,0
189.7734,0.4094,51.5225,1,0
190.3891,0.37,51.4322,1,0
189.9398,0.4392,51.378,1,0
190.2955,0.419,50.8333,1,0
190.0838,0.5359,52.0552,1,0
190.0871,0.4936,51.3102,1,0
190.3451,0.5094,50.1878,1,0
189.9166,0.4482,51.1769,1,0
189.9792,0.445,51.6308,1,0
189.7835,0.4237,51.047,1,0
190.0174,0.4559,51.4626,1,0
189.9246,0.5476,51.9446,1,0
190.098,0.4855,51.1541,1,0
190.1525,0.4208,50.4828,1,0
190.0009,0.5095,51.5893,1,0
189.8818,0.4817,51.6016,1,0
189.9406,0.3915,50.4761,1,0
189.7098,0.451,50.7093,1,0
189.9895,0.5148,51.3014,1,0
189.9936,0.4674,51.3855,1,0
190.0703,0.3667,51.6676,1,0
189.6319,0.3593,51.9413,1,0
190.0803,0.3826,51.2621,1,0
189.9578,0.3923,50.587,1,0
189.9981,0.5609,51.4941,1,0
190.1694,0.5175,50.3379,1,0
190.02,0.4584,51.2166,1,0
189.8334,0.5236,51.6072,1,0
189.6252,0.4713,51.3125,1,0
190.0868,0.5338,51.3939,1,0
190.0711,0.4502,51.841,1,0
189.9873,0.4506,50.9349,1,0
189.9042,0.3769,50.7178,1,0
190.0833,0.2988,50.955,1,0
190.0273,0.4262,52.1813,1,0
189.9164,0.4938,52.5239,1,0
190.0975,0.3725,51.3297,1,0
189.8648,0.5046,51.5937,1,0
190.2515,0.3975,50.3286,1,0
189.9438,0.4342,51.332,1,0
190.0533,0.4936,51.3684,1,0
189.8491,0.3965,50.7854,1,0
189.9858,0.5525,51.4762,1,0
189.841,0.5308,50.6362,1,0
190.0577,0.5079,51.297,1,0
190.1169,0.3822,50.9493,1,0
190.2504,0.4399,52.1212,1,0
189.3901,0.4219,50.124,1,0
189.9635,0.352,51.3078,1,0
189.9876,0.4687,50.767,1,0
189.8336,0.4112,51.431,1,0
190.242,0.5045,51.6602,1,0
189.9809,0.5144,51.0222,1,0
190.2295,0.3364,50.6803,1,0
189.9794,0.4403,49.9358,0,1
189.6736,0.6253,50.7907,1,0
189.9241,0.3295,51.0711,1,0
190.407,0.4093,50.5374,1,0
189.9559,0.4176,52.047,1,0
189.8364,0.5446,51.6078,1,0
190.0441,0.5709,51.6955,1,0
189.845,0.4261,50.9782,1,0
189.8356,0.4979,51.4581,1,0
189.8158,0.5243,50.9971,1,0
190.1032,0.566,50.7734,1,0
189.8964,0.4005,50.4285,1,0
189.9636,0.4531,50.9687,1,0
190.0434,0.489,51.1905,1,0
190.0686,0.3387,51.3777,1,0
190.1108,0.4585,50.1303,1,0
189.9501,0.518,51.4091,1,0
190.134,0.5364,49.8598,0,1
189.8816,0.3759,50.7339,1,0
190.0935,0.4801,51.478,1,0
190.132,0.5435,50.1772,1,0
189.8746,0.4563,51.8205,1,0
190.3205,0.5489,51.3918,1,0
190.0323,0.4554,51.0534,1,0
190.2671,0.4437,50.7843,1,0
190.125,0.4845,50.1332,1,0
190.0515,0.3868,50.7187,1,0
189.9163,0.4347,52.1688,1,0
189.8665,0.5214,51.2964,1,0
190.067,0.5371,50.8707,1,0
189.8477,0.4364,51.1666,1,0
190.0503,0.5093,50.4644,1,0
190.0845,0.256,52.2609,1,0
190.0317,0.4454,51.5623,1,0
190.1837,0.4723,50.8921,1,0
190.2264,0.4719,51.3274,1,0
189.951,0.4823,51.0844,1,0
190.3383,0.4716,52.1495,1,0
190.1793,0.4843,50.9118,1,0
189.9663,0.4303,52.1362,1,0
190.0775,0.3252,51.2908,1,0
189.8736,0.4806,51.4008,1,0
189.9022,0.4331,50.9256,1,0
190.0642,0.4147,51.089,1,0
189.9486,0.5231,51.1997,1,0
190.2488,0.4344,51.6229,1,0
189.8774,0.4834,51.4104,1,0
189.9912,0.4995,52.4595,1,0
189.7124,0.4775,51.0403,1,0
190.0028,0.353,51.1212,1,0
189.8897,0.5598,50.8573,1,0
190.2777,0.2996,51.0218,1,0
190.0594,0.4756,50.9027,1,0
190.0091,0.4033,50.7405,1,0
190.0998,0.419,51.2521,1,0
189.8502,0.4208,50.5529,1,0
189.9149,0.4785,50.5858,1,0
190.2332,0.446,50.9351,1,0
190.2328,0.4577,52.1098,1,0
190.0862,0.3448,51.4909,1,0
190.1319,0.5218,51.4716,1,0
190.0786,0.5356,50.8501,1,0
189.8255,0.4318,51.2611,1,0
189.9167,0.3716,52.1353,1,0
189.8142,0.4788,51.3749,1,0
190.1459,0.4421,50.8909,1,0
190.1085,0.4887,51.5821,1,0
190.0214,0.4177,51.4508,1,0
189.9239,0.3252,51.8904,1,0
189.9296,0.4256,50.5534,1,0
189.9263,0.4374,51.1544,1,0
190.1328,0.5521,51.2953,1,0
189.9693,0.4102,50.2679,1,0
190.1377,0.3342,51.468,1,0
189.982,0.4078,50.6508,1,0
190.1375,0.6174,50.3247,1,0
190.1265,0.3966,50.9341,1,0
189.8633,0.3647,50.548,1,0
189.8165,0.3475,51.3994,1,0
189.7781,0.3807,50.345,1,0
190.1907,0.4182,51.6551,1,0
190.0531,0.4732,51.8047,1,0
190.0083,0.471,50.9196,1,0
189.7814,0.4075,51.5875,1,0
190.3237,0.6157,52.0241,1,0
190.0116,0.3955,51.9111,1,0
190.1306,0.4754,50.655,1,0
189.8974,0.4504,51.1952,1,0
189.9011,0.4471,51.1569,1,0
190.2965,0.4021,52.5585,1,0
190.2432,0.3889,50.7406,1,0
190.0328,0.4891,50.3387,1,0
189.9234,0.5375,51.5466,1,0
190.1055,0.6043,50.9312,1,0
190.272,0.4775,51.3325,1,0
190.1424,0.4975,51.3257,1,0
189.9779,0.5862,50.9837,1,0
190.1378,0.3155,50.9786,1,0
190.0629,0.5772,51.1649,1,0
189.9059,0.5488,52.5266,1,0
190.1085,0.4291,51.0553,1,0
190.0544,0.422,50.6508,1,0
190.1941,0.5348,51.6013,1,0
190.0687,0.4655,52.2431,1,0
189.8468,0.5829,51.9456,1,0
190.2019,0.3894,50.4187,1,0
190.1385,0.5753,50.7432,1,0
189.9673,0.4632,51.2818,1,0
190.1719,0.3556,51.1656,1,0
189.8272,0.5001,52.166,1,0
189.8557,0.3396,51.1178,1,0
189.706,0.3814,50.3822,1,0
189.7308,0.4658,51.3826,1,0
189.8628,0.4182,51.2645,1,0
190.1925,0.5527,51.4974,1,0
190.1379,0.4563,51.2492,1,0
189.8636,0.346,50.67,1,0
189.8632,0.5126,50.8802,1,0
189.8531,0.5119,51.4515,1,0
190.0643,0.5032,51.577,1,0
190.0659,0.444,50.4157,1,0
190.136,0.3737,51.8535,1,0
189.8034,0.4963,51.6903,1,0
189.9771,0.356,51.1229,1,0
190.2718,0.4385,51.2431,1,0
190.0903,0.5385,50.6737,1,0
189.9464,0.5339,51.6221,1,0
190.1893,0.3141,51.2797,1,0
190.241,0.4758,51.109,1,0
189.8863,0.3484,50.2151,1,0
189.8281,0.5265,51.0638,1,0
190.0976,0.3653,50.8897,1,0
190.0531,0.3941,51.2287,1,0
189.9418,0.4326,51.217,1,0
189.9398,0.4133,52.062,1,0
189.7997,0.4891,51.4015,1,0
190.0047,0.3984,51.5847,1,0
189.9686,0.3818,50.3717,1,0
189.7829,0.5783,51.3038,1,0
189.8512,0.3488,51.4062,1,0
190.1081,0.3833,51.2172,1,0
190.1754,0.4098,51.4893,1,0
189.8383,0.2394,51.279,1,0
189.8959,0.471,51.6021,1,0
189.8311,0.6672,50.2254,1,0
189.8537,0.4153,51.2832,1,0
190.0886,0.4369,51.1229,1,0
189.7457,0.3975,52.04,1,0
189.7082,0.3742,50.9364,1,0
190.1161,0.4211,50.795,1,0
189.8427,0.5708,51.5768,1,0
189.74,0.4729,51.6089,1,0
189.7769,0.3785,50.9489,1,0
190.1763,0.4749,50.7616,1,0
189.9146,0.4551,50.8856,1,0
189.9817,0.4867,51.4128,1,0
189.8459,0.4951,51.2827,1,0
189.8379,0.4946,51.8668,1,0
189.7848,0.4141,51.0862,1,0
190.0775,0.3813,49.7962,0,1
190.3229,0.4459,50.7983,1,0
189.6738,0.4889,51.5219,1,0
190.116,0.5686,50.789,1,0
189.7437,0.4564,51.1898,1,0
189.9055,0.5763,51.6134,1,0
190.3297,0.5703,50.8632,1,0
189.8885,0.3841,50.602,1,0
189.8888,0.4045,50.8511,1,0
189.8551,0.3869,51.2901,1,0
190.0683,0.4072,50.4112,1,0
189.6323,0.3794,51.2778,1,0
190.1365,0.4929,51.58,1,0
189.8551,0.4799,50.8253,1,0
189.9427,0.5709,51.7268,1,0
190.0649,0.4431,50.8063,1,0
190.1036,0.4056,51.4989,1,0
189.9244,0.3917,50.7766,1,0
189.8518,0.4218,51.237,1,0
190.1237,0.4898,51.0749,1,0
190.1042,0.6667,50.3633,1,0
190.1884,0.4164,52.6111,1,0
190.0819,0.4716,50.458,1,0
190.0577,0.5413,51.4643,1,0
190.0908,0.5051,51.2409,1,0
190.1147,0.3527,50.9811,1,0
189.9468,0.4815,51.6452,1,0
189.7658,0.4321,50.8155,1,0
190.084,0.3964,50.3595,1,0
189.8479,0.4403,51.645,1,0
189.6399,0.4605,51.6233,1,0
190.0278,0.3802,51.0689,1,0
189.695,0.4296,51.3005,1,0
189.8225,0.4199,50.303,1,0
190.0469,0.4464,51.8474,1,0
189.8228,0.5465,51.326,1,0
190.3437,0.5133,50.9981,1,0
189.8835,0.4108,51.5747,1,0
189.6929,0.4878,51.7814,1,0
189.941,0.4695,50.5447,1,0
190.163,0.4855,50.4693,1,0
190.0884,0.5408,51.3868,1,0
190.1054,0.6252,51.6292,1,0
190.0625,0.4678,51.6378,1,0
189.9354,0.4318,51.6765,1,0
189.6932,0.5185,52.0222,1,0
190.1086,0.4245,50.543,1,0
189.6161,0.4021,51.7892,1,0
190.0886,0.3543,50.2257,1,0
189.859,0.3763,51.4016,1,0
189.8674,0.5249,50.8826,1,0
190.0872,0.5822,51.2228,1,0
190.0081,0.3776,51.7641,1,0
190.1346,0.444,51.4658,1,0
190.0306,0.4837,50.4847,1,0
189.801,0.4842,52.086,1,0
190.0704,0.4055,50.482,1,0
190.0903,0.4898,50.7428,1,0
189.7753,0.485,51.5404,1,0
190.1958,0.4558,50.509,1,0
189.9158,0.447,51.6228,1,0
190.0795,0.3879,50.5109,1,0
190.0217,0.5636,50.6408,1,0
190.0629,0.3878,50.8679,1,0
189.9244,0.4335,51.4599,1,0
190.0927,0.5041,51.4774,1,0
189.8815,0.5467,51.0125,1,0
190.1536,0.4692,51.7069,1,0
189.8464,0.4422,50.5136,1,0
190.1699,0.4251,50.7256,1,0
190.1672,0.4239,50.8537,1,0
190.0815,0.514,51.4823,1,0
190.0594,0.3712,50.5766,1,0
190.1454,0.4844,51.793,1,0
190.0959,0.5188,50.8728,1,0
189.9707,0.5192,52.2364,1,0
189.8117,0.4093,50.3752,1,0
189.9171,0.382,51.3072,1,0
190.0384,0.5017,50.5041,1,0
190.1262,0.4154,51.1399,1,0
189.9518,0.4141,51.1016,1,0
190.0669,0.4059,51.4402,1,0
190.0564,0.5062,50.3931,1,0
189.8798,0.4965,50.6705,1,0
190.0499,0.4032,51.2037,1,0
190.073,0.4242,51.7072,1,0
189.9853,0.4914,51.701,1,0
190.0344,0.4919,51.3144,1,0
189.7961,0.4631,51.6331,1,0
189.9471,0.4456,51.594,1,0
189.8847,0.3851,50.7548,1,0
189.9714,0.4762,50.6778,1,0
189.9935,0.4884,51.1655,1,0
189.8759,0.3838,51.0618,1,0
189.9353,0.378,51.184,1,0
189.7314,0.4599,52.0591,1,0
189.9587,0.421,51.0089,1,0
189.7346,0.4945,51.427,1,0
189.6004,0.4778,50.7923,1,0
189.9127,0.4649,50.9486,1,0
189.9865,0.5309,51.8643,1,0
189.9016,0.4643,51.5705,1,0
190.0316,0.4768,51.7539,1,0
190.1639,0.3436,51.6121,1,0
190.2088,0.4013,51.3088,1,0
190.0082,0.3806,50.8839,1,0
190.1411,0.4648,51.7561,1,0
189.8561,0.4214,50.7505,1,0
189.9027,0.4816,51.4067,1,0
190.0575,0.5067,51.2818,1,0
189.7854,0.3778,50.3609,1,0
189.9029,0.5121,51.4028,1,0
189.736,0.4444,51.5851,1,0
190.2715,0.6212,50.6592,1,0
190.1737,0.478,50.8031,1,0
189.8134,0.4431,51.3291,1,0
189.7922,0.37,51.6951,1,0
190.1319,0.484,50.769,1,0
190.17,0.4611,51.1828,1,0
190.1966,0.3911,52.2422,1,0
190.0404,0.5334,50.4631,1,0
189.8299,0.4295,51.1487,1,0
189.8991,0.3884,51.7404,1,0
189.9701,0.4653,51.2196,1,0
190.0946,0.4743,50.5825,1,0
190.3294,0.388,51.8321,1,0
190.0583,0.5393,50.927,1,0
189.9592,0.4412,50.6825,1,0
190.1457,0.4436,51.5471,1,0
189.7602,0.342,51.2065,1,0
190.2613,0.4324,51.2928,1,0
189.9053,0.4886,50.8391,1,0
190.1553,0.4343,51.311,1,0
189.7682,0.495,51.397,1,0
189.7686,0.4285,50.9796,1,0
190.0523,0.5848,51.0504,1,0
189.6905,0.4221,52.0997,1,0
190.009,0.4347,50.7094,1,0
190.0237,0.3983,50.3525,1,0
189.8051,0.5196,51.0316,1,0
190.0103,0.5267,51.2081,1,0
189.9887,0.5137,51.2573,1,0
189.9404,0.364,51.2635,1,0
190.2454,0.3283,50.447,1,0
190.0087,0.4048,51.2491,1,0
190.1404,0.323,51.2073,1,0
190.1111,0.5556,50.9709,1,0
190.0824,0.6451,51.4571,1,0
190.0096,0.4309,52.1274,1,0
189.543,0.3357,51.7663,1,0
190.3558,0.5203,51.9622,1,0
190.069,0.4123,51.6539,1,0
189.9845,0.4295,50.7981,1,0
190.175,0.4322,51.1555,1,0
189.8327,0.5519,50.9302,1,0
190.153,0.4945,51.9226,1,0
190.2913,0.3754,50.11,1,0
190.1212,0.5442,51.2591,1,0
189.8255,0.3581,51.4878,1,0
190.0591,0.5021,51.5618,1,0
189.9844,0.4786,51.4888,1,0
189.8404,0.4533,51.5434,1,0
190.2362,0.4174,50.8862,1,0
189.9954,0.4254,50.8159,1,0
189.9499,0.5404,51.6747,1,0
189.9136,0.3946,52.0677,1,0
189.8041,0.4567,50.3751,1,0
189.8142,0.54,49.8951,0,1
190.0875,0.3551,50.8107,1,0
189.9041,0.3685,51.5455,1,0
190.07,0.546,51.4585,1,0
189.834,0.4522,51.4793,1,0
190.0184,0.5504,50.5171,1,0
190.4873,0.4716,51.8756,1,0
190.1148,0.5407,50.4846,1,0
189.9843,0.3701,51.694,1,0
190.1722,0.3546,51.0612,1,0
189.8105,0.3609,51.7407,1,0
190.19,0.3516,51.4244,1,0
190.0326,0.4836,50.6223,1,0
190.1617,0.5487,50.5704,1,0
189.8949,0.3572,51.3112,1,0
190.1821,0.3654,51.4335,1,0
190.1358,0.358,50.8159,1,0
190.1244,0.3319,51.8976,1,0
189.8927,0.3469,50.9531,1,0
190.0934,0.3477,51.199,1,0
189.8766,0.4698,50.9889,1,0
190.0193,0.3561,50.3513,1,0
190.0811,0.4398,51.6659,1,0
189.8265,0.4242,51.2202,1,0
189.9125,0.4729,52.128,1,0
189.8956,0.4924,50.9313,1,0
189.7269,0.4144,50.9726,1,0
190.0013,0.4906,51.0868,1,0
190.058,0.5908,50.9219,1,0
190.2189,0.4578,50.898,1,0
190.0582,0.5436,51.6188,1,0
189.8584,0.4626,51.3169,1,0
189.903,0.3449,50.8025,1,0
190.1471,0.3009,51.1195,1,0
190.13,0.4893,49.9706,0,1
190.4089,0.3541,51.0523,1,0
190.0997,0.6082,51.8278,1,0
190.1359,0.4494,51.2639,1,0
190.3627,0.5633,50.4041,1,0
189.7632,0.3642,52.4654,1,0
189.9327,0.3336,51.0841,1,0
190.203,0.5295,51.8585,1,0
189.6861,0.5993,51.2713,1,0
190.0933,0.378,51.2051,1,0
189.9996,0.4729,51.9788,1,0
189.8777,0.4089,52.6211,1,0
189.9565,0.5735,50.9204,1,0
190.1381,0.3827,51.2352,1,0
189.9372,0.2905,50.285,1,0
189.9977,0.3901,51.1557,1,0
190.1004,0.38,50.3953,1,0
190.1204,0.5022,51.9118,1,0
189.9768,0.4944,51.7749,1,0
190.0946,0.4547,51.0145,1,0
189.9354,0.4533,50.8511,1,0
190.2933,0.4277,51.8566,1,0
189.6822,0.344,51.2623,1,0
189.9492,0.4514,50.781,1,0
190.0129,0.5492,50.9601,1,0
190.0939,0.506,50.2127,1,0
189.9529,0.4857,50.8441,1,0
189.9708,0.4779,50.8774,1,0
189.7357,0.5103,51.1338,1,0
189.7713,0.4822,51.25,1,0
190.0035,0.4258,52.1695,1,0
190.0533,0.364,51.3482,1,0
190.0883,0.4383,51.0173,1,0
190.1625,0.448,51.7599,1,0
189.8828,0.4699,51.552,1,0
190.008,0.4369,51.163,1,0
190.2367,0.4203,51.682,1,0
190.0515,0.4648,51.6172,1,0
190.3042,0.4768,51.8298,1,0
189.9837,0.2884,50.8444,1,0
190.0928,0.5594,51.6936,1,0
189.6935,0.3955,51.5217,1,0
190.0275,0.6125,51.1637,1,0
190.2781,0.4606,50.8953,1,0
190.1222,0.5473,52.048,1,0
189.8219,0.4733,50.9876,1,0
189.878,0.3766,51.3619,1,0
189.5803,0.4285,51.6194,1,0
190.1211,0.417,51.2643,1,0
189.8695,0.5301,51.4012,1,0
190.0834,0.5096,51.853,1,0
190.0191,0.5027,51.7134,1,0
189.8423,0.5052,51.6097,1,0
190.0216,0.3768,50.3701,1,0
189.8993,0.4631,51.7822,1,0
189.7904,0.2685,51.8278,1,0
190.0144,0.4944,51.4548,1,0
190.1292,0.3613,51.4085,1,0
190.3003,0.552,51.723,1,0
189.8539,0.3953,51.0292,1,0
190.0221,0.3967,51.8798,1,0
189.9082,0.3995,50.1724,1,0
189.9848,0.3559,51.3708,1,0
190.0387,0.5044,51.8385,1,0
190.0127,0.4583,51.3672,1,0
189.9622,0.3423,51.3223,1,0
189.7758,0.4782,51.5944,1,0
189.7631,0.3733,51.5134,1,0
190.0638,0.7068,50.4835,1,0
189.9856,0.3738,51.5476,1,0
190.0876,0.5684,50.982,1,0
190.0926,0.4773,51.2534,1,0
189.9822,0.3255,50.8889,1,0
189.9135,0.509,50.342,1,0
190.0723,0.5287,51.3105,1,0
190.0144,0.4684,51.374,1,0
190.008,0.413,50.6162,1,0
189.9449,0.4649,51.0683,1,0
189.6092,0.4223,51.2232,1,0
190.0282,0.4489,51.1238,1,0
189.9672,0.4583,50.8934,1,0
189.9166,0.488,51.5721,1,0
189.9888,0.5235,50.3965,1,0
190.1984,0.4942,52.0786,1,0
189.8742,0.5343,51.7646,1,0
189.9723,0.4286,51.538,1,0
190.0516,0.4272,51.4384,1,0
189.9671,0.5341,50.7111,1,0
189.9344,0.5171,50.8042,1,0
189.5333,0.3443,50.7117,1,0
190.2622,0.4336,50.8333,1,0
189.8761,0.4697,52.2333,1,0
189.7844,0.4565,51.1336,1,0
190.0628,0.3884,51.8614,1,0
190.0815,0.2901,51.5719,1,0
190.1724,0.5283,50.1202,1,0
189.8711,0.5163,51.7319,1,0
189.8224,0.4088,51.083,1,0
189.9173,0.3622,50.5792,1,0
190.179,0.4339,51.7254,1,0
189.834,0.4378,51.9603,1,0
190.133,0.538,51.0264,1,0
189.8221,0.2683,50.6961,1,0
190.1695,0.3593,50.8468,1,0
189.6847,0.4987,51.3665,1,0
190.1566,0.4927,51.7978,1,0
190.0316,0.3438,51.3558,1,0
190.3117,0.5105,51.1697,1,0
190.1353,0.433,51.2193,1,0
190.1792,0.3981,50.9601,1,0
190.1752,0.357,52.0407,1,0
190.0025,0.4237,51.4894,1,0
190.0121,0.3187,51.7938,1,0
189.9515,0.4627,50.2413,1,0
190.1903,0.4415,52.0038,1,0
189.891,0.4463,50.9141,1,0
190.0609,0.4783,50.7406,1,0
190.0952,0.4463,50.0888,1,0
189.8915,0.4638,51.2066,1,0
189.713,0.4211,52.127,1,0
189.834,0.3742,51.3687,1,0
190.1258,0.34,51.3476,1,0
189.7912,0.4574,50.7655,1,0
190.2717,0.4979,50.9107,1,0
190.1482,0.3624,51.7008,1,0
190.0515,0.4182,50.9698,1,0
190.0651,0.497,51.0449,1,0
190.0107,0.5311,51.4117,1,0
189.7091,0.2487,50.625,1,0
190.01,0.4523,52.0422,1,0
190.0616,0.4286,52.1557,1,0
189.7317,0.4909,51.0597,1,0
190.0747,0.3761,51.4092,1,0
190.094,0.5319,51.3931,1,0
190.3871,0.523,51.0005,1,0
189.8713,0.5819,51.7117,1,0
190.0538,0.463,51.3562,1,0
190.0284,0.3935,50.7817,1,0
189.9543,0.3852,51.4491,1,0
190.1211,0.601,51.3878,1,0
190.036,0.3838,51.3221,1,0
190.2504,0.4664,50.7959,1,0
189.7249,0.5172,51.5977,1,0
189.8985,0.5726,51.5105,1,0
190.2395,0.4986,50.669,1,0
189.7781,0.4604,51.6155,1,0
190.2454,0.3741,50.5234,1,0
189.928,0.5723,51.8921,1,0
189.7655,0.3909,50.7623,1,0
189.8879,0.5066,51.3551,1,0
190.4289,0.5026,50.1803,1,0
189.9907,0.4209,50.9468,1,0
190.1029,0.6201,51.0578,1,0
189.519,0.443,51.4788,1,0
189.9542,0.5564,50.5086,1,0
190.0197,0.5976,51.2241,1,0
190.089,0.4229,50.7832,1,0
189.7262,0.4939,51.8273,1,0
189.7531,0.4439,51.4344,1,0
190.032,0.4966,50.5242,1,0
189.9012,0.409,51.7357,1,0
189.8929,0.5175,50.9442,1,0
189.8137,0.4432,50.6481,1,0
189.9355,0.3974,51.1556,1,0
189.972,0.4708,51.0614,1,0
189.9028,0.463,51.6846,1,0
189.6929,0.2937,51.87,1,0
189.9063,0.4666,51.4205,1,0
190.1466,0.374,50.7695,1,0
189.9717,0.4845,51.1787,1,0
190.0763,0.4004,52.2566,1,0
189.8276,0.6597,50.5965,1,0
190.1257,0.4088,51.5371,1,0
190.2099,0.4261,50.7843,1,0
189.8936,0.4614,50.0744,1,0
190.1682,0.4518,51.1495,1,0
190.3172,0.4203,50.9131,1,0
189.8939,0.3602,51.1092,1,0
189.7496,0.3845,50.7846,1,0
190.2383,0.3157,51.0647,1,0
190.1483,0.3668,51.6899,1,0
190.1425,0.4125,52.1824,1,0
190.1466,0.4829,52.1251,1,0
190.2323,0.5357,50.9348,1,0
189.8172,0.4734,50.8515,1,0
190.1885,0.4592,50.6199,1,0
189.931,0.3949,51.1982,1,0
190.322,0.4297,50.609,1,0
189.6768,0.4556,51.329,1,0
189.9782,0.4192,51.1915,1,0
189.9988,0.458,51.9727,1,0
190.2378,0.4627,51.3469,1,0
190.1165,0.3986,50.9184,1,0
190.1062,0.4448,51.0055,1,0
190.1149,0.4673,50.6072,1,0
190.1101,0.3766,52.133,1,0
190.1339,0.5389,50.8929,1,0
189.6942,0.5473,50.9803,1,0
189.9754,0.4812,51.3339,1,0
189.707,0.5332,50.8523,1,0
189.8517,0.3505,52.0957,1,0
189.8679,0.4208,51.2263,1,0
190.0415,0.4822,50.3986,1,0
189.8692,0.5419,51.0873,1,0
190.0074,0.4523,51.5181,1,0
190.312,0.4237,51.0911,1,0
190.0196,0.5636,50.7191,1,0
190.0318,0.4795,51.1149,1,0
189.882,0.4048,51.4874,1,0
190.064,0.4893,51.4892,1,0
190.0303,0.4242,50.179,1,0
189.7627,0.4135,52.2088,1,0
190.094,0.4068,51.0412,1,0
190.1687,0.391,51.1261,1,0
189.9242,0.5442,50.7295,1,0
190.0999,0.3581,51.6224,1,0
189.8165,0.409,51.3702,1,0
190.2595,0.3814,50.7952,1,0
190.0491,0.41,51.5026,1,0
189.9442,0.466,50.5892,1,0
189.7359,0.3985,51.0875,1,0
190.0176,0.4828,51.387,1,0
189.8045,0.5457,51.361,1,0
189.9743,0.4579,51.801,1,0
189.951,0.4078,51.9707,1,0
190.1522,0.5169,50.9865,1,0
189.7521,0.4129,50.7538,1,0
189.9008,0.4798,51.467,1,0
190.0104,0.4572,51.5239,1,0
190.1293,0.5132,51.4348,1,0
190.0012,0.4097,50.819,1,0
190.0289,0.5248,50.62,1,0
190.0165,0.432,52.0834,1,0
189.9502,0.3289,51.6962,1,0
190.0415,0.3398,51.228,1,0
190.0245,0.4701,50.8992,1,0
189.7946,0.3287,51.3368,1,0
189.9325,0.4867,51.3366,1,0
190.0085,0.4831,51.3999,1,0
190.31,0.5288,51.1947,1,0
190.0209,0.4444,51.909,1,0
189.788,0.4773,51.4416,1,0
190.0643,0.429,51.45,1,0
189.8759,0.4338,50.8145,1,0
189.8249,0.5148,51.6294,1,0
189.986,0.5409,52.0157,1,0
190.2296,0.4396,50.7191,1,0
189.907,0.4408,52.1116,1,0
189.8395,0.4386,51.3884,1,0
190.1584,0.4545,52.8164,1,0
189.8118,0.5224,50.6299,1,0
190.4547,0.3699,52.0164,1,0
190.2782,0.4529,51.2972,1,0
189.7548,0.4136,51.8736,1,0
190.1078,0.453,50.7155,1,0
189.9034,0.4677,50.9631,1,0
189.8662,0.4871,51.6298,1,0
189.9193,0.4239,50.8985,1,0
190.0804,0.4104,52.1601,1,0
190.6305,0.4001,50.9076,1,0
189.781,0.3294,51.8608,1,0
189.9989,0.5186,50.5555,1,0
190.2247,0.4632,51.188,1,0
189.9672,0.3996,51.3315,1,0
190.1785,0.4336,51.4641,1,0
190.188,0.5441,50.7911,1,0
190.052,0.3813,50.4811,1,0
190.2001,0.4327,51.976,1,0
190.2016,0.4904,51.4839,1,0
190.1186,0.5702,51.2833,1,0
190.0967,0.5183,51.2182,1,0
190.0481,0.4053,50.6249,1,0
189.9021,0.5265,51.9938,1,0
190.0174,0.5072,51.7484,1,0
190.0705,0.4511,51.7959,1,0
190.1711,0.5317,51.4549,1,0
190.2295,0.474,51.3351,1,0
189.8778,0.3808,51.863,1,0
190.2489,0.3313,51.0858,1,0
190.0561,0.4613,51.1242,1,0
189.8925,0.4434,51.5865,1,0
190.102,0.4133,51.535,1,0
190.2319,0.3827,51.0805,1,0
190.15,0.4506,51.9469,1,0
189.7793,0.4764,49.8849,0,1
190.3742,0.5085,51.078,1,0
190.1694,0.4832,50.7795,1,0
189.9335,0.4695,51.3858,1,0
190.1147,0.4721,51.1075,1,0
190.0825,0.4264,50.6356,1,0
189.9925,0.5392,50.7425,1,0
189.8738,0.4714,51.4071,1,0
190.0724,0.316,52.2223,1,0
190.1186,0.5865,51.2566,1,0
189.9971,0.4185,51.4054,1,0
190.2343,0.3096,51.2038,1,0
189.9266,0.4067,51.0095,1,0
189.8915,0.293,51.9177,1,0
190.1277,0.3161,51.3823,1,0
190.2151,0.5316,51.2577,1,0
189.7696,0.495,50.9848,1,0
190.1809,0.3906,51.4007,1,0
189.9756,0.515,51.2871,1,0
189.9767,0.4913,51.9624,1,0
190.0439,0.3654,50.6143,1,0
190.0983,0.3728,50.9556,1,0
190.1175,0.4543,50.6919,1,0
190.1006,0.4476,52.5025,1,0
189.9861,0.4674,50.4353,1,0
189.9931,0.4029,51.3457,1,0
189.7447,0.4692,52.3198,1,0
189.8977,0.3405,51.2593,1,0
189.6941,0.484,50.1922,1,0
190.0464,0.3624,51.9788,1,0
190.0251,0.5478,51.6263,1,0
189.8596,0.5397,51.3279,1,0
189.7108,0.4858,51.5728,1,0
190.1835,0.3508,51.1944,1,0
190.1933,0.499,51.3353,1,0
189.9874,0.347,51.4035,1,0
190.0321,0.4914,52.401,1,0
189.8726,0.4348,51.1733,1,0
189.7969,0.4355,50.6421,1,0
189.7412,0.6022,51.8015,1,0
189.9267,0.4613,50.8727,1,0
190.0222,0.3308,51.11,1,0
190.1872,0.5672,51.2114,1,0
189.9398,0.4975,51.0097,1,0
189.8445,0.4256,50.9321,1,0
190.0826,0.5331,50.8652,1,0
189.9379,0.3895,51.5454,1,0
190.0753,0.4595,51.3569,1,0
190.1188,0.3368,50.832,1,0
190.1652,0.5822,51.78,1,0
189.6242,0.354,51.5645,1,0
190.1733,0.4917,51.3784,1,0
190.0372,0.471,51.0836,1,0
189.8709,0.5309,51.5294,1,0
190.127,0.3371,50.7931,1,0
190.112,0.496,50.8321,1,0
189.9562,0.408,50.6479,1,0
190.1324,0.4553,51.3226,1,0
190.0162,0.4677,51.7748,1,0
189.9689,0.4303,51.2946,1,0
190.0393,0.4706,51.1154,1,0
190.128,0.4197,51.5826,1,0
190.0888,0.4892,51.0568,1,0
190.0685,0.3606,51.0746,1,0
189.8655,0.4626,51.064,1,0
189.8256,0.4269,51.1141,1,0
190.2479,0.4305,51.7295,1,0
190.0652,0.5256,51.0838,1,0
190.008,0.402,51.7773,1,0
190.0577,0.4578,50.585,1,0
189.9721,0.4659,51.003,1,0
189.9473,0.4557,52.0136,1,0
189.8267,0.365,51.0915,1,0
189.8479,0.3887,51.2048,1,0
189.8851,0.4223,52.2536,1,0
189.9025,0.3986,50.9245,1,0
190.0822,0.461,51.0563,1,0
189.8959,0.4765,51.8039,1,0
190.0663,0.4593,51.0087,1,0
189.8594,0.3301,51.5681,1,0
190.3172,0.3111,50.7026,1,0
190.1215,0.4085,51.5005,1,0
189.991,0.4844,51.4104,1,0
189.9834,0.4379,50.9645,1,0
189.9544,0.4167,50.702,1,0
190.4137,0.4384,51.1314,1,0
190.0205,0.5287,51.0366,1,0
189.7338,0.251,51.1821,1,0
190.3728,0.3297,51.8683,1,0
189.8691,0.5002,50.1863,1,0
189.8113,0.4298,50.5498,1,0
189.8111,0.4205,52.3101,1,0
190.4594,0.4347,49.96,0,1
189.8655,0.5164,51.4638,1,0
189.963,0.4822,50.1032,1,0
190.2533,0.4343,50.8434,1,0
189.7073,0.3432,51.6491,1,0
189.896,0.569,50.3124,1,0
189.7873,0.4778,52.4245,1,0
190.4013,0.4846,51.9936,1,0
189.8236,0.6002,50.1718,1,0
189.9429,0.4089,51.4491,1,0
190.1139,0.3692,50.7052,1,0
189.7919,0.5177,51.2648,1,0
190.1299,0.3552,51.5888,1,0
190.0623,0.4341,50.9883,1,0
190.024,0.5078,51.161,1,0
189.9956,0.4925,51.3677,1,0
189.8379,0.4198,51.584,1,0
190.0407,0.5404,51.0208,1,0
189.9452,0.4718,50.3609,1,0
190.031,0.4286,50.9656,1,0
189.8091,0.4109,50.5743,1,0
189.9258,0.493,51.1703,1,0
190.1732,0.2851,50.0096,1,0
189.9991,0.3432,51.7171,1,0
190.0052,0.34,50.7887,1,0
189.8598,0.4545,51.9665,1,0
189.9503,0.3784,51.2116,1,0
190.0166,0.4271,51.0907,1,0
190.113,0.442,52.1407,1,0
190.126,0.3117,51.9825,1,0
190.1779,0.3616,51.2388,1,0
189.9151,0.4564,51.0389,1,0
190.1122,0.4816,50.9964,1,0
189.8268,0.5438,51.8879,1,0
190.0531,0.4427,52.1851,1,0
189.8038,0.4425,50.8403,1,0
190.2276,0.3597,51.7389,1,0
190.0816,0.5248,51.1484,1,0
190.27,0.4093,50.6744,1,0
189.6306,0.4228,51.33,1,0
189.9308,0.2974,50.6586,1,0
189.8709,0.3975,51.8624,1,0
189.82,0.4873,50.8303,1,0
189.9713,0.5034,51.7443,1,0
190.2433,0.3765,51.5534,1,0
189.9883,0.4266,51.2741,1,0
189.9082,0.4157,50.8422,1,0
190.1427,0.4018,50.1322,1,0
190.1177,0.1932,50.7948,0,1
190.2168,0.4538,50.4944,1,0
190.0081,0.375,51.366,1,0
190.2282,0.4887,51.4319,1,0
189.964,0.5046,51.0799,1,0
190.2606,0.5361,50.5388,1,0
189.9388,0.432,51.2941,1,0
190.1795,0.3656,51.8175,1,0
189.6675,0.4239,51.3986,1,0
189.8151,0.4028,50.7399,1,0
189.9712,0.4901,51.7405,1,0
190.2352,0.4364,51.236,1,0
190.0077,0.5308,51.0711,1,0
190.0981,0.4906,51.2507,1,0
189.933,0.3829,51.3253,1,0
189.8666,0.4503,50.2186,1,0
190.1373,0.4669,51.3498,1,0
189.86,0.4109,51.4584,1,0
189.9713,0.6093,52.3857,1,0
190.1379,0.3729,50.5675,1,0
189.98,0.3832,51.0965,1,0
189.8868,0.5081,51.6723,1,0
190.0576,0.4507,51.504,1,0
189.6553,0.3898,49.9507,0,1
189.7866,0.3752,50.7632,1,0
189.9109,0.4795,50.9609,1,0
189.9403,0.5925,51.231,1,0
189.923,0.6438,51.9194,1,0
189.6938,0.3048,52.046,1,0
189.95,0.4546,51.1513,1,0
190.1991,0.5106,51.2925,1,0
190.0899,0.492,51.0249,1,0
190.1287,0.3984,50.6953,1,0
190.1559,0.4192,51.2769,1,0
190.0019,0.4576,51.2573,1,0
190.2623,0.4121,50.8263,1,0
190.0172,0.4397,50.6159,1,0
190.046,0.3672,51.3001,1,0
190.0425,0.3919,51.375,1,0
190.0584,0.3929,51.3956,1,0
190.0621,0.4141,51.5652,1,0
189.8681,0.546,51.495,1,0
189.9485,0.4435,51.6179,1,0
190.0543,0.4747,50.6092,1,0
189.9371,0.442,51.1795,1,0
190.1348,0.422,50.2411,1,0
189.9743,0.5199,50.4292,1,0
189.9279,0.4222,51.3041,1,0
190.0844,0.3366,49.925,0,1
190.0808,0.6443,50.5496,1,0
189.7522,0.3959,50.9835,1,0
190.1162,0.488,51.117,1,0
190.0074,0.3788,51.3632,1,0
190.006,0.4545,50.5763,1,0
189.9049,0.5657,52.0201,1,0
190.0725,0.5655,51.3147,1,0
190.0421,0.4239,51.8158,1,0
190.2825,0.4903,51.6356,1,0
190.0779,0.4526,52.022,1,0
189.7666,0.4966,50.2675,1,0
189.9415,0.58,51.6235,1,0
190.0219,0.4917,51.5248,1,0
190.0933,0.4871,51.9633,1,0
190.3009,0.3375,50.5631,1,0
189.7432,0.4711,50.7498,1,0
189.6524,0.4409,51.1536,1,0
190.0201,0.4529,51.9623,1,0
190.0674,0.3781,51.3491,1,0
190.0155,0.4921,51.3273,1,0
190.1303,0.397,50.7994,1,0
190.3591,0.5836,51.4356,1,0
189.7829,0.4169,51.7123,1,0
189.9946,0.5072,51.1388,1,0
189.9309,0.3916,52.0021,1,0
190.0285,0.5895,51.3417,1,0
189.9915,0.5518,50.4585,1,0
189.9718,0.4297,51.4093,1,0
189.8073,0.6508,51.6573,1,0
190.3283,0.4841,51.2909,1,0
190.3686,0.4786,51.5795,1,0
189.9966,0.2735,51.3211,1,0
190.0067,0.4997,50.9706,1,0
189.8165,0.4575,51.5532,1,0
189.8748,0.5196,51.1584,1,0
189.8364,0.3609,50.4409,1,0
189.7313,0.5309,51.6588,1,0
190.1153,0.4895,51.6945,1,0
190.1932,0.4371,51.4609,1,0
189.7404,0.3723,50.6715,1,0
189.7023,0.478,50.6996,1,0
189.8244,0.4418,51.4868,1,0
190.107,0.5517,51.635,1,0
189.7067,0.3639,51.476,1,0
189.9962,0.4688,50.5322,1,0
190.0916,0.3468,51.428,1,0
189.8335,0.5367,51.7409,1,0
190.199,0.5736,50.7647,1,0
189.9723,0.4582,50.8242,1,0
190.2642,0.4998,51.4503,1,0
190.1561,0.5234,51.0728,1,0
190.0181,0.5303,51.5742,1,0
189.9814,0.4585,50.4835,1,0
190.0527,0.4457,50.9213,1,0
189.963,0.4874,50.8582,1,0
189.9359,0.5269,50.4452,1,0
189.9603,0.5322,50.4685,1,0
190.0327,0.3909,51.3935,1,0
189.7969,0.5018,51.9507,1,0
190.1114,0.379,51.8226,1,0
189.8688,0.4268,50.8401,1,0
190.1256,0.474,51.6235,1,0
190.1532,0.3969,52.0407,1,0
190.036,0.5253,51.51,1,0
190.1144,0.4064,51.4152,1,0
190.3252,0.3757,51.1323,1,0
190.111,0.5922,50.7824,1,0
189.9574,0.3953,51.213,1,0
190.0823,0.613,50.3568,1,0
190.1718,0.425,51.6551,1,0
189.6346,0.4953,50.1072,1,0
190.2678,0.3914,51.0003,1,0
190.1255,0.3646,50.2913,1,0
190.0389,0.4828,50.5422,1,0
190.036,0.4752,50.4518,1,0
189.8521,0.498,50.8418,1,0
189.9153,0.5894,51.6016,1,0
190.0557,0.468,50.8745,1,0
189.9946,0.2895,50.9987,1,0
189.9258,0.3523,51.645,1,0
190.0532,0.429,51.4163,1,0
189.6895,0.4848,52.1971,1,0
189.9813,0.4259,51.3678,1,0
190.0495,0.5938,51.4658,1,0
189.657,0.2828,51.9554,1,0
189.5866,0.457,51.338,1,0
189.9384,0.4292,51.245,1,0
190.1096,0.3805,50.9825,1,0
190.0682,0.5132,51.5614,1,0
190.1988,0.5177,50.9443,1,0
190.1724,0.3397,51.221,1,0
190.0469,0.5216,51.0511,1,0
189.7692,0.5445,51.6557,1,0
189.8124,0.4093,51.7809,1,0
189.737,0.4729,50.9495,1,0
190.0044,0.518,51.3564,1,0
189.9938,0.4927,51.5176,1,0
190.1649,0.5305,52.0994,1,0
190.0302,0.462,50.3692,1,0
190.1571,0.4568,51.1809,1,0
190.0186,0.4091,50.8571,1,0
189.8437,0.4594,51.5257,1,0
190.1292,0.3792,51.9004,1,0
190.2409,0.4718,51.9674,1,0
190.0083,0.4961,50.6663,1,0
190.0782,0.4477,50.4636,1,0
190.205,0.353,51.7967,1,0
190.1742,0.5466,51.2955,1,0
189.9924,0.3888,51.213,1,0
190.1118,0.4519,50.4469,1,0
190.2321,0.3416,51.0709,1,0
189.7732,0.4004,51.3821,1,0
190.0607,0.3482,51.5866,1,0
189.7885,0.331,51.8091,1,0
190.1669,0.3639,50.9884,1,0
190.0685,0.4673,51.1946,1,0
189.7336,0.4483,50.9289,1,0
189.9744,0.4388,51.4764,1,0
189.9847,0.4867,50.5998,1,0
189.8802,0.3619,50.9027,1,0
190.1064,0.3962,50.7867,1,0
190.0974,0.415,51.3805,1,0
189.9793,0.4273,51.5977,1,0
189.9808,0.4411,51.3037,1,0
189.8112,0.3691,51.7081,1,0
190.1774,0.4579,50.7478,1,0
190.1828,0.3835,50.5366,1,0
189.9166,0.433,50.6938,1,0
190.1086,0.5011,50.7365,1,0
189.9977,0.4578,51.3199,1,0
190.2419,0.4174,51.3425,1,0
190.0514,0.4639,50.3439,1,0
189.9153,0.4378,51.1293,1,0
189.8603,0.3556,50.694,1,0
190.0842,0.4662,51.2118,1,0
189.869,0.4944,51.8994,1,0
189.8665,0.4773,50.8052,1,0
189.9373,0.5118,51.526,1,0
189.7389,0.2763,51.9547,1,0
190.2666,0.3274,51.5445,1,0
189.7071,0.4216,51.0669,1,0
189.9154,0.4461,50.8324,1,0
189.9194,0.3771,51.8833,1,0
190.1444,0.5075,50.9983,1,0
189.9515,0.424,50.52,1,0
190.2335,0.5161,51.1005,1,0
190.1071,0.3663,51.5884,1,0
190.0974,0.5123,51.369,1,0
190.117,0.5651,51.5285,1,0
190.0409,0.5178,50.8461,1,0
189.4091,0.6233,51.4671,1,0
190.0888,0.5431,51.2779,1,0
190.1283,0.4611,52.1172,1,0
190.3724,0.4547,51.1099,1,0
190.0974,0.3768,51.0304,1,0
189.9468,0.506,51.3819,1,0
190.0451,0.4334,51.1216,1,0
190.0139,0.4757,51.1886,1,0
190.0409,0.4765,51.4138,1,0
190.0695,0.5756,51.765,1,0
190.1718,0.5242,52.0409,1,0
190.1,0.4816,50.7152,1,0
190.0265,0.4476,51.5991,1,0
190.0641,0.5283,51.0252,1,0
190.2955,0.5181,51.4376,1,0
189.8923,0.4568,50.4285,1,0
189.9489,0.5161,51.9878,1,0
189.9552,0.4484,51.3441,1,0
190.0692,0.4728,50.6843,1,0
190.219,0.4272,50.9965,1,0
190.1074,0.3556,51.2604,1,0
190.2495,0.4755,50.3814,1,0
190.1338,0.4623,50.9535,1,0
190.0511,0.4418,51.021,1,0
189.9449,0.3638,50.9663,1,0
190.0157,0.5484,50.9797,1,0
189.9542,0.3778,51.2219,1,0
189.9662,0.5068,51.4558,1,0
190.2026,0.5726,51.1795,1,0
190.0893,0.4535,51.6738,1,0
189.9523,0.4903,51.5114,1,0
189.9758,0.5145,51.4679,1,0
189.9174,0.5677,50.7722,1,0
189.8643,0.4458,51.4374,1,0
189.9069,0.3906,50.803,1,0
190.1468,0.344,51.5425,1,0
190.2079,0.4859,51.2076,1,0
189.9818,0.4342,50.7332,1,0
190.1285,0.4636,51.107,1,0
190.2494,0.4565,51.467,1,0
190.0624,0.4381,50.6343,1,0
190.1306,0.4056,52.5632,1,0
189.6574,0.4246,51.9648,1,0
190.2003,0.4323,50.2751,1,0
190.0202,0.3421,51.3386,1,0
190.0303,0.4564,50.6752,1,0
190.1381,0.4622,50.5219,1,0
190.085,0.3688,51.4783,1,0
190.2164,0.4324,51.4567,1,0
190.1271,0.4002,50.4565,1,0
189.9102,0.5055,50.726,1,0
190.1264,0.4537,50.7818,1,0
190.0005,0.5174,50.4712,1,0
189.9801,0.4464,51.4145,1,0
189.7181,0.2704,51.0681,1,0
189.8894,0.5649,51.3794,1,0
189.9168,0.5155,50.844,1,0
190.0659,0.4245,51.4203,1,0
189.9507,0.5171,50.2081,1,0
190.1035,0.4177,52.2448,1,0
190.0207,0.5396,52.1369,1,0
190.0151,0.413,50.7576,1,0
190.0493,0.4339,51.4382,1,0
190.1652,0.4778,51.4713,1,0
190.044,0.515,51.1414,1,0
189.9252,0.4197,50.6535,1,0
189.9018,0.5113,51.3454,1,0
189.4048,0.4116,51.2313,1,0
190.0763,0.4939,50.991,1,0
189.7616,0.3237,50.475,1,0
189.8295,0.4928,50.8362,1,0
189.9044,0.495,50.2914,1,0
189.9965,0.3909,50.3609,1,0
189.7486,0.3659,51.5741,1,0
190.0857,0.4806,49.9876,0,1
189.9203,0.5163,52.0957,1,0
189.836,0.3403,51.7469,1,0
189.9439,0.4321,51.8323,1,0
190.2671,0.4872,52.0404,1,0
190.0633,0.5056,50.6615,1,0
190.1418,0.4409,50.4729,1,0
190.0667,0.5314,51.4179,1,0
190.2106,0.5279,50.7455,1,0
189.995,0.479,51.5785,1,0
189.9498,0.3938,52.0611,1,0
189.7908,0.3539,50.5925,1,0
189.877,0.4804,50.4757,1,0
189.7858,0.4594,50.549,1,0
189.8621,0.5635,51.4263,1,0
189.9022,0.4738,51.275,1,0
189.9225,0.365,50.7612,1,0
189.9214,0.4148,51.7974,1,0
189.9446,0.4249,51.8146,1,0
189.8905,0.2738,51.747,1,0
189.8002,0.4155,51.0203,1,0
190.1139,0.4776,50.5218,1,0
190.1664,0.4897,51.5065,1,0
190.0242,0.4515,51.6043,1,0
189.9746,0.4788,51.4649,1,0
190.0601,0.4664,52.3853,1,0
190.0241,0.4456,51.5031,1,0
190.1681,0.3899,51.5097,1,0
189.9044,0.4886,51.8598,1,0
189.8733,0.3608,51.0442,1,0
189.9654,0.4845,51.7953,1,0
189.9737,0.5049,51.141,1,0
190.0106,0.4217,51.3681,1,0
189.9086,0.3706,50.5588,1,0
190.2187,0.4084,51.3801,1,0
190.0402,0.5103,50.9074,1,0
190.2353,0.5442,50.9073,1,0
189.9912,0.3707,50.9098,1,0
190.3598,0.3932,51.5469,1,0
190.1054,0.5622,51.1315,1,0
190.0176,0.4874,50.1832,1,0
189.9581,0.4248,51.7895,1,0
190.1764,0.4679,50.7032,1,0
189.8212,0.4942,50.5742,1,0
190.124,0.4189,50.9613,1,0
190.2846,0.3709,50.8625,1,0
189.9003,0.5044,51.0327,1,0
189.8832,0.3196,51.5345,1,0
190.1413,0.4168,50.7773,1,0
190.1714,0.4131,50.3869,1,0
189.9464,0.4563,52.1225,1,0
189.9218,0.4917,51.8291,1,0
190.0219,0.4201,52.1021,1,0
190.2852,0.3543,50.7025,1,0
190.0376,0.3568,51.1734,1,0
190.0416,0.436,51.283,1,0
189.8535,0.4734,51.5414,1,0
189.9501,0.3851,50.9781,1,0
190.016,0.4422,51.3041,1,0
189.8578,0.4386,50.952,1,0
189.9306,0.4742,51.9368,1,0
190.0725,0.3945,51.3872,1,0
190.0272,0.5333,51.4521,1,0
189.8752,0.439,50.071,1,0
190.1544,0.539,51.0884,1,0
189.8822,0.4606,50.9108,1,0
190.0106,0.4035,52.1324,1,0
189.6807,0.3262,51.2626,1,0
189.8202,0.439,51.6929,1,0
190.3199,0.4797,51.7431,1,0
189.8026,0.4964,51.6619,1,0
190.1975,0.4044,50.564,1,0
189.7679,0.3601,51.2258,1,0
190.0767,0.4685,51.3449,1,0
190.1618,0.4616,51.0259,1,0
189.6606,0.4774,51.513,1,0
190.1316,0.481,51.4432,1,0
189.9913,0.5299,49.6667,0,1
189.8563,0.5092,51.6081,1,0
189.9278,0.3572,50.9423,1,0
190.0153,0.3049,50.7347,1,0
189.989,0.3421,51.2262,1,0
189.9194,0.4031,51.7576,1,0
190.2277,0.3429,50.8602,1,0
189.8586,0.4257,51.0733,1,0
189.9853,0.4167,51.147,1,0
190.1439,0.4447,51.2907,1,0
190.3105,0.3497,50.1412,1,0
189.8197,0.4912,51.4743,1,0
190.215,0.5341,51.0223,1,0
190.1698,0.501,50.97,1,0
190.165,0.4729,51.4428,1,0
190.1828,0.4434,51.1315,1,0
190.1086,0.4949,51.3735,1,0
190.2174,0.5198,51.154,1,0
190.1435,0.4395,51.1521,1,0
189.7527,0.4003,51.6422,1,0
190.2359,0.4516,51.1813,1,0
189.6996,0.5091,52.3094,1,0
189.694,0.3474,51.0629,1,0
190.1452,0.4931,51.5615,1,0
189.9532,0.5205,51.4541,1,0
189.9241,0.4554,50.6924,1,0
190.0101,0.4415,50.8755,1,0
189.8409,0.4406,51.3187,1,0
190.2577,0.4171,50.0532,1,0
189.8931,0.5964,50.176,1,0
189.8966,0.4727,51.0129,1,0
190.1435,0.2974,51.4228,1,0
189.9327,0.4519,51.3022,1,0
190.1389,0.3923,50.8337,1,0
189.9532,0.4259,51.7203,1,0
190.0685,0.5913,51.4268,1,0
190.1623,0.4702,51.4438,1,0
189.8464,0.3044,50.6602,1,0
190.0051,0.3684,51.881,1,0
189.7503,0.5092,50.7653,1,0
189.9742,0.4901,51.8197,1,0
189.9499,0.5228,51.3856,1,0
190.1674,0.3798,52.1101,1,0
189.9648,0.421,50.4522,1,0
190.0297,0.3842,51.2527,1,0
189.9383,0.4776,50.7508,1,0
190.0806,0.451,51.9801,1,0
189.8554,0.4455,51.3273,1,0
189.8184,0.4895,50.9631,1,0
189.994,0.536,50.0018,1,0
189.9699,0.5549,51.9482,1,0
189.7993,0.5794,51.2175,1,0
189.9452,0.4071,50.8897,1,0
190.0491,0.4421,51.8178,1,0
190.0215,0.5793,51.9582,1,0
189.8253,0.4309,51.1681,1,0
189.6578,0.4699,51.5288,1,0
189.896,0.4356,51.4466,1,0
190.2806,0.5557,51.6559,1,0
189.798,0.396,50.9434,1,0
189.9597,0.3905,50.9501,1,0
190.0037,0.3652,50.1826,1,0
189.9234,0.4359,51.6674,1,0
189.9459,0.4553,50.9296,1,0
190.1008,0.5264,51.3552,1,0
189.8821,0.4038,51.0158,1,0
189.9689,0.4532,52.2581,1,0
190.1745,0.5087,50.5937,1,0
190.1402,0.3968,50.6626,1,0
189.9653,0.3976,50.77,1,0
189.8815,0.448,50.6686,1,0
190.1175,0.5197,51.223,1,0
190.0488,0.4095,50.6264,1,0
189.8079,0.3825,50.6569,1,0
190.0792,0.3278,51.4283,1,0
190.0663,0.5595,51.4052,1,0
190.3288,0.4565,51.2902,1,0
190.0844,0.4722,50.6298,1,0
190.0755,0.5678,50.6482,1,0
189.9008,0.5196,51.8291,1,0
189.9869,0.4155,50.7689,1,0
189.9526,0.4707,51.1483,1,0
190.1147,0.3864,51.8553,1,0
190.0533,0.3822,51.6048,1,0
189.9344,0.3726,51.7991,1,0
190.1675,0.3804,51.2724,1,0
190.3402,0.6401,51.6073,1,0
190.0008,0.4838,51.6124,1,0
190.0541,0.4242,51.5014,1,0
190.2687,0.4958,50.8613,1,0
190.0152,0.459,50.5363,1,0
190.1584,0.3283,51.1872,1,0
189.9801,0.4793,52.222,1,0
190.2431,0.4251,51.3632,1,0
189.9681,0.4634,50.7508,1,0
189.8254,0.4709,51.1179,1,0
189.7679,0.486,51.1411,1,0
189.974,0.4568,51.5039,1,0
189.9845,0.4486,51.7125,1,0
189.8143,0.4337,50.7331,1,0
190.0803,0.6137,50.7634,1,0
189.9858,0.4047,52.1216,1,0
189.7916,0.4459,50.4629,1,0
189.9447,0.4495,50.3803,1,0
190.1633,0.6108,50.4297,1,0
190.1378,0.4913,50.5664,1,0
189.8141,0.3448,50.8891,1,0
190.1862,0.4203,51.7428,1,0
190.0068,0.477,51.7536,1,0
190.061,0.5157,51.1067,1,0
190.0454,0.4828,49.585,0,1
189.9437,0.5742,50.8624,1,0
190.1641,0.5029,50.8027,1,0
190.024,0.5275,51.6712,1,0
189.9924,0.4809,50.947,1,0
189.9306,0.4774,50.8249,1,0
189.8963,0.5342,50.9849,1,0
189.8909,0.3755,50.1726,1,0
189.7554,0.3557,51.6879,1,0
189.9234,0.5245,51.2892,1,0
189.8336,0.5179,52.2489,1,0
189.8048,0.5869,50.9121,1,0
190.2181,0.5347,50.388,1,0
189.9954,0.5014,51.4976,1,0
190.2513,0.4185,51.4308,1,0
189.9034,0.5226,51.6261,1,0
189.8634,0.4629,51.967,1,0
190.2196,0.3801,51.2067,1,0
190.1678,0.3398,51.2512,1,0
190.0578,0.3309,50.6504,1,0
190.1529,0.5028,51.0515,1,0
189.7841,0.3603,52.3214,1,0
190.0548,0.4862,50.9097,1,0
189.7778,0.513,51.4013,1,0
189.937,0.3656,51.2623,1,0
189.8848,0.4427,51.6281,1,0
189.9486,0.466,51.5116,1,0
189.6563,0.3688,51.0086,1,0
189.9687,0.4151,51.6839,1,0
190.1164,0.3743,50.9623,1,0
189.9227,0.4758,50.3451,1,0
189.835,0.3821,50.5311,1,0
190.2763,0.5766,51.427,1,0
190.0973,0.4753,51.6954,1,0
190.0067,0.4921,51.7593,1,0
190.0879,0.4731,51.7949,1,0
190.1302,0.2813,51.9907,1,0
190.0802,0.4859,51.0708,1,0
189.8999,0.3708,52.3853,1,0
190.0911,0.5186,51.1121,1,0
189.9444,0.3953,51.3278,1,0
189.7239,0.4387,50.7307,1,0
189.7728,0.4478,50.1143,1,0
189.865,0.5067,50.9497,1,0
190.194,0.5197,50.959,1,0
190.069,0.3635,50.108,1,0
190.2147,0.4355,51.4083,1,0
190.0889,0.6057,50.936,1,0
189.93,0.3698,51.0298,1,0
189.874,0.3937,50.8016,1,0
189.6308,0.452,51.3225,1,0
189.7281,0.6433,50.4322,1,0
189.949,0.3777,51.2732,1,0
189.9856,0.3928,52.0083,1,0
190.1693,0.5573,51.011,1,0
190.0147,0.4969,51.3414,1,0
189.8213,0.6112,51.7004,1,0
189.7705,0.4817,51.2472,1,0
189.8922,0.409,50.8287,1,0
189.9294,0.5632,51.526,1,0
190.0572,0.3229,50.5201,1,0
189.9266,0.458,51.034,1,0
190.0058,0.5668,51.2116,1,0
189.9836,0.4347,50.7046,1,0
189.6821,0.4292,50.4818,1,0
190.0328,0.5789,51.4666,1,0
189.8164,0.6308,51.261,1,0
189.9686,0.5315,50.915,1,0
190.2887,0.478,51.5123,1,0
190.263,0.569,51.0574,1,0
189.9251,0.5322,50.5748,1,0
190.1178,0.4304,50.8952,1,0
190.1506,0.5016,51.4588,1,0
189.9748,0.4385,51.6291,1,0
190.0469,0.317,50.7283,1,0
190.1685,0.4066,51.4072,1,0
190.0208,0.3891,51.9155,1,0
190.0065,0.4059,51.1921,1,0
189.9492,0.4544,51.028,1,0
190.142,0.3659,50.8468,1,0
190.0774,0.4806,50.6448,1,0
189.9015,0.4223,51.4892,1,0
190.0606,0.3778,51.4513,1,0
190.1179,0.4476,51.0943,1,0
189.8582,0.6025,50.9453,1,0
189.8684,0.3849,50.5707,1,0
190.3624,0.3879,51.5036,1,0
189.8627,0.3885,51.6886,1,0
189.8316,0.4896,50.3926,1,0
190.225,0.4096,51.8141,1,0
189.9906,0.3428,51.5035,1,0
189.9905,0.381,51.2156,1,0
189.9588,0.4695,51.2343,1,0
190.1226,0.4304,50.8014,1,0
190.0023,0.4492,51.4859,1,0
190.1389,0.4557,51.3169,1,0
190.1334,0.3967,51.3067,1,0
190.0147,0.4928,51.3194,1,0
190.2515,0.427,51.3953,1,0
189.8862,0.5561,51.438,1,0
189.9589,0.5549,51.2334,1,0
189.8249,0.3905,50.8111,1,0
189.9094,0.5801,50.4824,1,0
189.943,0.3568,51.5164,1,0
189.8161,0.4235,51.8097,1,0
189.8428,0.3314,51.9391,1,0
190.1095,0.5142,50.7141,1,0
189.7963,0.4871,50.8521,1,0
189.7618,0.6119,50.653,1,0
190.1855,0.4225,50.5813,1,0
189.9642,0.4456,50.2553,1,0
190.2115,0.4408,50.9425,1,0
189.9719,0.467,51.1028,1,0
189.9431,0.3542,50.9638,1,0
189.8216,0.4677,51.4814,1,0
189.9523,0.5177,51.1708,1,0
189.803,0.5747,51.558,1,0
189.9948,0.4345,51.3547,1,0
189.6705,0.5303,52.0822,1,0
189.879,0.4735,50.61,1,0
189.8571,0.3955,52.3715,1,0
189.8895,0.4543,50.4071,1,0
190.2703,0.4491,49.7993,0,1
190.3517,0.5,50.5867,1,0
190.2536,0.3647,51.301,1,0
189.9112,0.4799,50.8702,1,0
189.931,0.4045,51.2545,1,0
189.9723,0.5201,51.9419,1,0
190.094,0.3911,50.7422,1,0
190.2216,0.5269,51.0746,1,0
189.9637,0.5412,50.9996,1,0
189.8715,0.5557,51.8255,1,0
190.2625,0.4087,51.9306,1,0
189.9071,0.3129,52.2355,1,0
189.6785,0.4095,51.7444,1,0
190.1167,0.4728,50.7106,1,0
190.015,0.4845,50.8244,1,0
189.8096,0.2766,51.1831,1,0
190.207,0.5632,50.7072,1,0
190.1107,0.4824,51.7785,1,0
189.9898,0.5021,51.3943,1,0
190.0162,0.3836,51.3847,1,0
190.0727,0.5616,51.2769,1,0
189.973,0.4291,51.9166,1,0
190.1287,0.4777,51.5168,1,0
189.9252,0.3659,51.3345,1,0
189.9379,0.5563,51.2361,1,0
190.1435,0.4403,51.2423,1,0
190.0731,0.4612,50.6642,1,0
189.5939,0.3086,51.3289,1,0
189.7545,0.3453,51.5531,1,0
190.0731,0.5231,51.5279,1,0
189.8693,0.371,50.7227,1,0
190.0527,0.4342,51.6015,1,0
189.8957,0.5082,51.2703,1,0
189.9598,0.4512,50.8227,1,0
190.0151,0.2668,51.7941,1,0
190.0061,0.483,50.3618,1,0
190.324,0.4396,51.2083,1,0
190.0614,0.5057,51.0257,1,0
189.93,0.4376,49.9698,0,1
190.0938,0.5271,51.1733,1,0
190.0666,0.3891,51.7074,1,0
189.7587,0.5229,50.259,1,0
190.0421,0.4774,50.7083,1,0
190.1555,0.4229,51.0963,1,0
189.852,0.4377,51.4591,1,0
189.9299,0.4834,50.7848,1,0
190.1773,0.3944,51.3888,1,0
189.9864,0.3012,51.7185,1,0
189.9709,0.4602,51.394,1,0
189.8829,0.4099,50.5705,1,0
190.1603,0.4057,50.7847,1,0
189.9923,0.5049,51.0283,1,0
190.1084,0.4301,51.1691,1,0
190.1471,0.5453,51.0596,1,0
189.751,0.5098,50.7491,1,0
189.744,0.4268,51.1109,1,0
189.899,0.4024,51.3479,1,0
190.1646,0.5388,50.7468,1,0
189.8522,0.4691,51.9474,1,0
190.0844,0.5036,51.0563,1,0
190.2163,0.4764,51.0064,1,0
189.8771,0.4903,50.8391,1,0
189.8154,0.4656,51.1638,1,0
190.4375,0.3488,50.2458,1,0
189.7474,0.4436,51.0672,1,0
190.1055,0.4447,51.056,1,0
190.092,0.4454,51.0973,1,0
189.9404,0.391,50.8604,1,0
190.3165,0.3855,50.8026,1,0
190.1953,0.4954,51.2226,1,0
190.0674,0.4308,51.5895,1,0
190.0729,0.4208,51.1264,1,0
190.1796,0.4288,51.1209,1,0
190.2183,0.4865,50.1686,1,0
189.9356,0.4732,51.2087,1,0
190.1501,0.4017,51.1451,1,0
190.0256,0.5159,51.6431,1,0
189.921,0.5056,51.336,1,0
189.8072,0.5492,51.3694,1,0
190.2549,0.4198,51.5548,1,0
189.6325,0.5547,50.7909,1,0
189.747,0.5322,50.686,1,0
189.9498,0.4057,51.6803,1,0
189.9518,0.4742,52.3012,1,0
189.9238,0.4801,50.9296,1,0
189.8691,0.4856,50.1608,1,0
189.851,0.3984,51.5642,1,0
190.0681,0.4777,51.2672,1,0
189.9997,0.4092,50.9948,1,0
189.8892,0.4968,51.1361,1,0
190.0967,0.4836,51.1186,1,0
190.1204,0.4485,50.4376,1,0
190.1069,0.4119,50.4393,1,0
190.0324,0.4155,51.6359,1,0
190.1497,0.4611,51.4149,1,0
190.0423,0.6112,51.1318,1,0
189.6102,0.3934,51.0447,1,0
189.9111,0.2717,51.4349,1,0
189.9326,0.3411,50.8554,1,0
189.8368,0.4813,51.9019,1,0
189.7182,0.3893,50.8149,1,0
189.9758,0.5604,51.6155,1,0
189.9858,0.564,50.5475,1,0
189.7563,0.5228,51.4076,1,0
189.9985,0.4387,50.4108,1,0
189.9713,0.3976,51.1556,1,0
189.9665,0.4425,52.1724,1,0
189.841,0.5552,50.8881,1,0
189.8622,0.5497,50.7903,1,0
190.1234,0.4745,50.6859,1,0
189.9991,0.3406,51.8271,1,0
190.1844,0.4905,51.6244,1,0
189.9398,0.3432,51.5057,1,0
189.7794,0.5382,51.1898,1,0
190.1397,0.388,51.0798,1,0
189.9669,0.5219,51.9362,1,0
189.6426,0.4387,50.9284,1,0
189.8479,0.4468,51.3172,1,0
189.8922,0.3855,50.7026,1,0
190.1154,0.4879,51.1747,1,0
190.1561,0.4562,51.3223,1,0
189.9814,0.3682,50.8763,1,0
190.0624,0.4292,51.1934,1,0
190.1537,0.4077,51.9325,1,0
189.879,0.4624,50.5472,1,0
189.9614,0.4094,51.3201,1,0
189.5728,0.424,50.4517,1,0
190.0185,0.3844,51.142,1,0
189.8534,0.4635,50.9289,1,0
190.181,0.4802,50.4519,1,0
190.1822,0.4638,51.3253,1,0
190.3237,0.4739,52.0291,1,0
190.0685,0.4577,51.5332,1,0
190.179,0.4536,50.6555,1,0
189.7565,0.4505,51.4922,1,0
190.1889,0.5487,51.7923,1,0
190.0142,0.4277,50.4436,1,0
190.3055,0.4449,50.6788,1,0
189.9311,0.3863,51.9607,1,0
190.2367,0.4431,50.9573,1,0
190.1499,0.2869,51.6851,1,0
189.9706,0.3588,51.4723,1,0
189.8845,0.3188,50.148,1,0
189.8461,0.3921,51.1114,1,0
190.0557,0.5118,50.8448,1,0
189.7127,0.3971,51.33,1,0
190.3716,0.3868,51.9488,1,0
190.0226,0.3859,50.6271,1,0
189.8002,0.4848,51.0797,1,0
189.9979,0.5758,52.0707,1,0
189.8966,0.4996,50.6989,1,0
190.2088,0.4933,51.0896,1,0
190.1053,0.4059,51.3044,1,0
190.2496,0.3422,50.8381,1,0
189.9253,0.4927,50.568,1,0
189.8388,0.4903,52.0151,1,0
190.0069,0.4469,52.0305,1,0
190.0387,0.4966,51.4729,1,0
189.9454,0.4409,51.4027,1,0
189.9569,0.4272,52.0637,1,0
190.1941,0.3732,51.4503,1,0
190.1761,0.4194,52.3269,1,0
190.0853,0.4097,51.5292,1,0
190.0331,0.5903,50.6838,1,0
189.8606,0.4876,51.2906,1,0
190.1108,0.4555,50.7441,1,0
190.0123,0.5245,51.1148,1,0
190.0927,0.4247,51.2063,1,0
189.9492,0.5031,51.3528,1,0
190.1131,0.5321,51.3622,1,0
189.7523,0.3502,50.3022,1,0
190.197,0.3846,51.1279,1,0
189.566,0.4114,51.3669,1,0
189.9707,0.4476,50.7258,1,0
190.0392,0.3442,51.6483,1,0
190.0029,0.5222,51.6172,1,0
190.0323,0.4083,50.7571,1,0
189.9365,0.4955,50.836,1,0
189.5539,0.5864,51.7262,1,0
190.2145,0.361,50.3901,1,0
190.1562,0.4173,51.5499,1,0
189.676,0.3088,51.2312,1,0
190.3779,0.4461,51.7684,1,0
189.878,0.5371,51.4475,1,0
190.1531,0.4953,51.6157,1,0
189.8362,0.4538,50.6309,1,0
190.153,0.3953,52.0942,1,0
189.9536,0.3639,51.7161,1,0
189.8166,0.3984,51.0376,1,0
190.0324,0.435,51.2908,1,0
190.1024,0.3832,51.7475,1,0
190.1802,0.4834,51.541,1,0
189.9768,0.3409,51.1762,1,0
190.3689,0.3698,51.2991,1,0
190.1859,0.4516,50.7565,1,0
190.0242,0.3838,51.2413,1,0
189.9413,0.5049,51.4193,1,0
190.0759,0.4062,51.6911,1,0
189.8332,0.3707,51.1901,1,0
189.8748,0.5573,51.586,1,0
189.9868,0.5143,51.4135,1,0
189.772,0.5064,50.6657,1,0
189.9812,0.4633,51.3887,1,0
190.074,0.4714,51.6451,1,0
190.2164,0.3878,51.7021,1,0
189.9483,0.6093,51.9106,1,0
189.776,0.3936,51.3753,1,0
190.2926,0.5599,50.9677,1,0
189.8296,0.512,51.2524,1,0
190.4005,0.5258,51.2306,1,0
189.9487,0.4319,51.5514,1,0
190.304,0.3147,51.3146,1,0
189.9064,0.4579,50.6144,1,0
190.163,0.3678,51.2052,1,0
190.1514,0.5022,51.7416,1,0
190.2154,0.4595,51.5927,1,0
189.9807,0.4789,50.6548,1,0
189.8364,0.4212,51.5564,1,0
189.7839,0.4165,51.1089,1,0
189.9251,0.3391,50.8911,1,0
189.7113,0.2828,51.3384,1,0
190.1457,0.3957,50.9208,1,0
190.0395,0.5496,51.6778,1,0
189.7973,0.4132,51.6537,1,0
189.5519,0.3874,51.0023,1,0
190.1853,0.4287,51.2113,1,0
189.9397,0.3587,50.7007,1,0
190.0208,0.4383,51.0709,1,0
189.9607,0.3892,51.1833,1,0
190.1581,0.4531,51.669,1,0
189.6198,0.539,51.6262,1,0
190.0129,0.4348,50.7668,1,0
190.0159,0.441,51.4949,1,0
189.9761,0.2722,51.2532,1,0
190.0642,0.3179,51.2692,1,0
190.0164,0.4032,51.2418,1,0
190.0062,0.498,50.8987,1,0
190.0337,0.3916,51.0217,1,0
189.9851,0.5005,51.5755,1,0
189.8906,0.4983,51.9525,1,0
189.9661,0.4222,50.1815,1,0
190.199,0.5325,51.4387,1,0
189.7961,0.5545,51.8385,1,0
190.3084,0.526,51.6299,1,0
190.1012,0.4685,51.7184,1,0
189.9286,0.5005,50.4878,1,0
190.177,0.464,51.5595,1,0
189.8563,0.3683,51.3178,1,0
190.1183,0.3351,50.4402,1,0
190.3329,0.4122,51.4113,1,0
190.1664,0.4517,51.2283,1,0
190.0305,0.4734,50.8579,1,0
190.2597,0.2495,50.5775,1,0
190.1194,0.3804,51.4886,1,0
189.5916,0.2851,51.2737,1,0
189.8506,0.5135,51.3338,1,0
189.8374,0.5773,51.1082,1,0
189.9726,0.486,51.3664,1,0
190.1718,0.3539,51.0121,1,0
189.816,0.5074,50.8778,1,0
189.8669,0.5886,50.5488,1,0
189.8619,0.4349,51.0654,1,0
189.6606,0.4779,51.4563,1,0
189.888,0.5335,51.3514,1,0
189.8226,0.5362,51.4914,1,0
189.6566,0.3929,52.0517,1,0
190.0375,0.5998,51.2337,1,0
190.1294,0.3909,50.9952,1,0
189.9617,0.5256,51.4545,1,0
190.0771,0.4406,50.6814,1,0
189.9994,0.482,50.6466,1,0
190.1246,0.3228,50.5904,1,0
189.8311,0.318,51.4756,1,0
190.087,0.4174,51.2024,1,0
190.0141,0.3906,51.0461,1,0
189.9497,0.4785,50.6655,1,0
189.9699,0.4127,50.636,1,0
189.9142,0.3447,51.687,1,0
189.9251,0.5493,51.9343,1,0
190.1217,0.5845,51.0732,1,0
189.8866,0.3679,51.8154,1,0
189.9852,0.4796,51.3238,1,0
189.9621,0.4781,51.3031,1,0
190.0233,0.3239,50.292,1,0
190.1214,0.4223,51.0515,1,0
190.0689,0.3728,50.693,1,0
189.7229,0.283,51.3607,1,0
190.219,0.4017,51.2124,1,0
189.852,0.5316,51.2505,1,0
189.7106,0.4409,51.5356,1,0
190.0727,0.4378,50.6316,1,0
189.8162,0.4657,50.794,1,0
190.2904,0.4431,51.1097,1,0
189.8555,0.4374,50.6593,1,0
190.0983,0.4812,51.3954,1,0
190.0841,0.4851,51.7751,1,0
190.1367,0.5203,51.0149,1,0
189.8739,0.4644,50.9687,1,0
190.0478,0.561,51.8107,1,0
190.1863,0.3265,51.2685,1,0
189.9982,0.4203,51.3863,1,0
189.9349,0.4367,51.0034,1,0
189.9332,0.3812,51.5667,1,0
189.8926,0.4941,50.7832,1,0
190.0863,0.3948,50.7187,1,0
189.986,0.4738,51.2314,1,0
189.9909,0.4506,50.8995,1,0
190.0313,0.5668,50.4055,1,0
189.7986,0.3995,50.3961,1,0
189.8612,0.2926,50.884,1,0
190.169,0.4218,51.0924,1,0
190.1321,0.4976,51.8849,1,0
190.2784,0.3536,50.3953,1,0
189.9423,0.4588,51.2701,1,0
189.9638,0.4585,50.7774,1,0
189.8096,0.3826,51.4626,1,0
190.0332,0.2948,51.1899,1,0
190.1141,0.3764,52.338,1,0
189.981,0.5184,51.6762,1,0
190.1659,0.5062,51.0033,1,0
189.7489,0.5165,51.3788,1,0
190.2107,0.4519,51.2296,1,0
190.2568,0.339,51.4959,1,0
190.1792,0.4593,50.084,1,0
190.2214,0.3273,51.1009,1,0
189.9278,0.4476,52.0296,1,0
190.1311,0.4935,51.8149,1,0
189.5577,0.4431,51.2157,1,0
189.5946,0.5647,50.6899,1,0
190.2522,0.5745,51.9936,1,0
190.0738,0.4098,51.2394,1,0
190.0063,0.5206,51.6079,1,0
189.9659,0.3807,51.2068,1,0
189.8834,0.3924,50.7568,1,0
190.1885,0.491,51.0227,1,0
190.196,0.4664,51.1352,1,0
189.9951,0.3859,50.8566,1,0
189.9351,0.476,51.4898,1,0
189.9371,0.352,50.7833,1,0
190.1352,0.4197,51.6165,1,0
189.867,0.2385,51.5294,1,0
190.0356,0.4431,51.4401,1,0
190.1791,0.429,51.5962,1,0
189.9955,0.2763,51.9885,1,0
189.967,0.4249,51.0997,1,0
190.0158,0.4288,51.4798,1,0
190.0215,0.3833,51.4846,1,0
190.0906,0.3848,51.3068,1,0
189.9052,0.515,50.1399,1,0
190.0984,0.3345,50.4138,1,0
189.9055,0.584,51.217,1,0
190.0935,0.4202,51.2638,1,0
190.1866,0.3974,51.3927,1,0
189.9792,0.4904,50.865,1,0
190.1237,0.4749,51.4596,1,0
189.9861,0.3759,51.2123,1,0
190.1302,0.5015,51.1213,1,0
190.0834,0.3407,51.1072,1,0
190.0003,0.4743,51.107,1,0
189.6846,0.3814,51.3403,1,0
189.8568,0.5256,51.3846,1,0
190.0462,0.3948,51.5531,1,0
189.9481,0.511,50.4523,1,0
189.845,0.5789,51.4472,1,0
189.9845,0.5072,51.3314,1,0
189.8725,0.4634,50.1706,1,0
190.1259,0.4969,51.3321,1,0
189.9627,0.5912,50.8083,1,0
189.96,0.322,50.7592,1,0
189.7938,0.4807,50.7621,1,0
190.328,0.4124,51.9739,1,0
190.0218,0.3696,51.0748,1,0
189.8942,0.4673,50.4675,1,0
189.9239,0.3856,51.4153,1,0
189.9703,0.3533,50.7558,1,0
189.8722,0.5476,51.1494,1,0
189.9709,0.3415,50.7247,1,0
190.1168,0.5111,50.8086,1,0
190.1127,0.4587,51.1054,1,0
189.8236,0.3971,50.5326,1,0
190.0443,0.4658,50.8509,1,0
190.0911,0.4958,50.895,1,0
189.9834,0.5301,50.9616,1,0
190.1782,0.3093,51.5815,1,0
189.7394,0.422,51.8464,1,0
189.6646,0.4738,51.3979,1,0
190.151,0.4003,51.742,1,0
189.7583,0.4616,51.1811,1,0
189.8712,0.4165,51.8465,1,0
189.8377,0.4196,51.3221,1,0
190.3629,0.5115,51.1654,1,0
190.2207,0.4388,51.6892,1,0
190.0241,0.5016,51.1353,1,0
190.1398,0.4522,51.5701,1,0
189.8469,0.3579,50.9994,1,0
190.0961,0.5675,51.6635,1,0
190.1012,0.4769,52.0123,1,0
190.1451,0.462,51.0515,1,0
190.0824,0.472,51.1351,1,0
190.0734,0.3895,50.7838,1,0
190.2175,0.4579,51.1249,1,0
189.7111,0.5645,51.5843,1,0
189.8323,0.6509,50.9092,1,0
189.7192,0.4475,51.5961,1,0
190.2495,0.5265,51.6058,1,0
189.9226,0.4722,51.7932,1,0
190.2519,0.4273,52.4441,1,0
189.8017,0.4773,50.8957,1,0
190.4641,0.4637,50.8691,1,0
189.9644,0.388,51.236,1,0
190.2362,0.4455,50.8855,1,0
189.8221,0.4354,50.4938,1,0
189.6293,0.4807,51.9382,1,0
189.8563,0.5094,51.5526,1,0
189.8828,0.435,51.2365,1,0
189.9377,0.4709,51.1021,1,0
190.1447,0.372,51.5176,1,0
189.9542,0.464,51.819,1,0
190.1275,0.4283,51.0853,1,0
189.815,0.5341,51.7249,1,0
189.8968,0.3859,50.721,1,0
190.14,0.4608,51.5362,1,0
189.9475,0.4086,50.882,1,0
190.2939,0.4611,51.3251,1,0
189.9148,0.335,52.0694,1,0
189.9921,0.5336,51.3938,1,0
189.9935,0.4666,50.9435,1,0
189.9909,0.3678,51.3694,1,0
190.4855,0.3796,51.7073,1,0
189.6929,0.4155,52.2097,1,0
190.307,0.4467,50.751,1,0
190.3286,0.3872,51.5193,1,0
189.9561,0.3689,51.341,1,0
190.0513,0.485,51.2334,1,0
189.9981,0.4094,50.7895,1,0
189.7657,0.5735,51.0959,1,0
189.9446,0.4157,50.5021,1,0
190.1131,0.4421,50.8752,1,0
189.8229,0.3931,50.692,1,0
190.2084,0.4968,52.1208,1,0
189.9554,0.4359,52.1244,1,0
189.8769,0.529,50.6403,1,0
190.1166,0.6194,51.0542,1,0
190.0327,0.422,51.4767,1,0
190.0632,0.4348,51.125,1,0
190.1235,0.4787,50.8556,1,0
190.0153,0.4443,51.1751,1,0
190.0227,0.4101,50.8578,1,0
190.0306,0.5313,51.1636,1,0
189.8403,0.4934,51.1718,1,0
189.9037,0.4089,51.0062,1,0
190.025,0.4475,50.7917,1,0
189.8474,0.5294,50.9102,1,0
190.0068,0.4169,51.2353,1,0
189.8328,0.4167,51.0444,1,0
190.2345,0.4237,50.5588,1,0
189.8255,0.4632,50.9433,1,0
189.8678,0.4468,50.822,1,0
189.8955,0.4095,51.5779,1,0
189.8494,0.418,50.067,1,0
189.9666,0.4775,51.288,1,0
189.9119,0.6062,51.1512,1,0
189.9651,0.5925,50.6766,1,0
189.956,0.5115,51.5848,1,0
190.0123,0.4028,50.7054,1,0
190.1001,0.5053,51.3923,1,0
189.8205,0.4718,50.7785,1,0
190.0706,0.4534,51.4459,1,0
189.9832,0.4664,50.8054,1,0
190.1032,0.556,50.7097,1,0
189.882,0.5207,50.9506,1,0
189.9005,0.4198,50.8716,1,0
189.896,0.4429,51.5054,1,0
189.765,0.3835,50.8825,1,0
190.0183,0.478,51.0331,1,0
189.8292,0.4057,51.7004,1,0
190.1602,0.4428,51.3981,1,0
189.9741,0.5435,51.0859,1,0
189.9732,0.3994,52.0108,1,0
190.0432,0.5024,50.7751,1,0
190.1939,0.3714,51.304,1,0
190.1126,0.358,51.5191,1,0
189.8583,0.3768,50.6469,1,0
189.6467,0.5414,51.1172,1,0
190.0924,0.5152,51.886,1,0
190.0954,0.4718,51.1204,1,0
189.9476,0.4385,51.951,1,0
190.1264,0.4332,52.2237,1,0
189.7692,0.4867,51.8926,1,0
190.147,0.421,51.8664,1,0
190.1495,0.5599,52.0627,1,0
189.995,0.4161,51.2118,1,0
190.2062,0.5459,51.5201,1,0
190.0545,0.4953,50.9154,1,0
190.091,0.3967,50.3482,1,0
189.9619,0.483,51.1877,1,0
190.1424,0.4406,51.0994,1,0
190.1735,0.5319,51.5654,1,0
190.1577,0.4707,50.9292,1,0
190.1198,0.4192,51.1951,1,0
190.1521,0.4711,51.4227,1,0
189.8446,0.3908,50.954,1,0
190.1364,0.4645,50.8621,1,0
190.1243,0.4684,51.2969,1,0
190.0478,0.4429,52.0789,1,0
190.0721,0.4965,50.461,1,0
190.1005,0.418,52.0125,1,0
190.0444,0.3665,51.932,1,0
189.8736,0.4712,51.4085,1,0
190.1135,0.4534,50.4996,1,0
189.8872,0.4871,50.8441,1,0
190.1183,0.4633,50.9206,1,0
189.8661,0.5246,51.4255,1,0
190.0687,0.446,51.3867,1,0
190.2514,0.5659,51.0362,1,0
189.7951,0.3646,50.7983,1,0
190.1664,0.4922,51.0653,1,0
190.0449,0.5492,51.0476,1,0
190.103,0.395,51.5259,1,0
189.8408,0.4303,50.3394,1,0
189.9827,0.4749,51.2269,1,0
190.2577,0.4134,51.0919,1,0
189.8905,0.5545,51.2054,1,0
190.2167,0.3996,51.3196,1,0
189.9184,0.532,51.2382,1,0
189.7945,0.5714,51.2858,1,0
190.1028,0.3625,51.8268,1,0
189.9544,0.5041,51.4417,1,0
190.1293,0.3981,51.5581,1,0
189.8084,0.5028,50.2491,1,0
190.152,0.2194,50.8696,1,0
190.0037,0.5102,50.2324,1,0
190.003,0.5077,50.6486,1,0
189.7115,0.3985,51.1001,1,0
189.8362,0.5382,50.9666,1,0
189.8634,0.4715,51.762,1,0
190.1704,0.4748,50.8704,1,0
190.0483,0.3897,50.0893,1,0
190.1283,0.355,51.205,1,0
190.0541,0.584,50.8034,1,0
189.9503,0.4472,50.4406,1,0
190.1568,0.3641,50.5804,1,0
189.8977,0.539,51.7164,1,0
190.0893,0.4718,51.568,1,0
190.2587,0.4263,52.2098,1,0
189.9718,0.4787,51.2193,1,0
189.7856,0.4668,51.948,1,0
190.1456,0.3318,50.9755,1,0
190.0969,0.4467,51.8141,1,0
189.8922,0.4281,50.1781,1,0
190.0376,0.4934,50.9537,1,0
189.9119,0.4649,51.5015,1,0
189.9834,0.3598,50.7839,1,0
190.0929,0.5565,50.4596,1,0
189.6665,0.473,51.0881,1,0
190.0612,0.4771,50.4938,1,0
189.882,0.4823,50.5831,1,0
189.8773,0.3862,51.0758,1,0
190.0831,0.4145,51.0749,1,0
190.0436,0.4731,51.3238,1,0
190.0749,0.4649,51.4515,1,0
190.234,0.3722,50.5536,1,0
190.0879,0.4899,50.1645,1,0
189.7662,0.5441,51.0902,1,0
189.8715,0.5456,50.8179,1,0
189.8935,0.5545,51.2411,1,0
189.9615,0.3973,51.6788,1,0
189.8767,0.4146,51.793,1,0
189.762,0.3176,51.5223,1,0
190.0157,0.4232,51.2452,1,0
189.8991,0.4024,51.0369,1,0
190.0,0.6141,50.887,1,0
189.966,0.465,51.5333,1,0
189.8233,0.3982,51.9629,1,0
190.1795,0.4185,50.9708,1,0
190.1026,0.4827,51.2221,1,0
189.8472,0.5614,50.9007,1,0
190.2506,0.4599,50.9787,1,0
190.0138,0.4054,51.7959,1,0
189.822,0.5968,51.3895,1,0
189.8937,0.2598,51.3988,1,0
190.04,0.4803,50.6971,1,0
190.1721,0.3787,50.3152,1,0
189.8453,0.3833,50.4554,1,0
190.1028,0.4906,51.5406,1,0
189.8829,0.366,51.8949,1,0
190.0655,0.4104,51.6067,1,0
189.7225,0.3997,51.4822,1,0
189.955,0.5351,51.6785,1,0
190.1996,0.4984,51.4622,1,0
190.1811,0.4511,50.5118,1,0
190.0896,0.5048,51.6975,1,0
190.0374,0.4233,51.259,1,0
189.6509,0.4831,52.3196,1,0
189.9775,0.584,50.3745,1,0
190.1669,0.476,50.4631,1,0
190.1295,0.438,51.6624,1,0
189.8628,0.4847,50.7061,1,0
190.1398,0.4185,51.2226,1,0
189.6904,0.3889,50.6729,1,0
190.0166,0.444,50.753,1,0
190.1478,0.5047,51.7114,1,0
190.1317,0.5763,50.5045,1,0
189.9589,0.5431,50.9134,1,0
190.1156,0.3876,50.9523,1,0
189.9289,0.4448,50.4039,1,0
189.9543,0.2738,51.09,1,0
189.793,0.4046,52.0677,1,0
190.272,0.4497,51.9867,1,0
190.0153,0.3443,51.3584,1,0
189.933,0.3629,51.2653,1,0
189.9993,0.3574,50.978,1,0
190.1287,0.3378,52.1185,1,0
190.2606,0.517,50.9277,1,0
189.982,0.3993,51.0846,1,0
189.9526,0.4786,50.9894,1,0
189.8922,0.4432,50.6213,1,0
190.0482,0.3354,51.4758,1,0
190.2385,0.4407,51.3861,1,0
190.0485,0.4273,50.5015,1,0
190.0839,0.4414,51.4516,1,0
190.2647,0.3968,51.1037,1,0
189.9939,0.4786,51.0057,1,0
189.8247,0.538,51.8764,1,0
189.9194,0.4309,51.3427,1,0
189.9347,0.4057,51.0471,1,0
190.153,0.3987,51.1358,1,0
189.7481,0.3505,50.7507,1,0
189.9565,0.3948,50.8509,1,0
190.3168,0.385,51.0334,1,0
189.966,0.4842,51.4323,1,0
190.1101,0.3585,50.4024,1,0
190.2971,0.5072,50.3714,1,0
189.9726,0.5198,51.5191,1,0
190.228,0.4174,50.8453,1,0
189.8171,0.3996,50.8492,1,0
189.9952,0.4369,50.833,1,0
189.9144,0.5215,52.3308,1,0
190.0285,0.4271,51.3589,1,0
189.8744,0.4456,51.7911,1,0
190.1579,0.421,51.6627,1,0
189.7946,0.4974,51.1685,1,0
190.1334,0.4238,51.3087,1,0
190.1351,0.4707,50.9312,1,0
189.8197,0.3976,51.3955,1,0
190.0691,0.4563,50.8864,1,0
190.1361,0.3447,51.7927,1,0
189.6953,0.5234,50.9578,1,0
190.1094,0.4169,51.4835,1,0
190.4762,0.4716,51.2168,1,0
190.3582,0.4474,51.1504,1,0
189.9315,0.4818,51.1922,1,0
189.9856,0.4731,51.0363,1,0
189.8654,0.4815,51.2976,1,0
189.8849,0.4971,50.8932,1,0
189.6883,0.4,51.0202,1,0
190.1364,0.4378,50.8047,1,0
189.962,0.4169,51.2239,1,0
189.9229,0.5149,51.389,1,0
190.2127,0.2921,51.3708,1,0
190.037,0.4344,51.0392,1,0
190.0969,0.4706,51.8032,1,0
189.952,0.3271,51.8317,1,0
190.1056,0.4747,50.3379,1,0
190.0916,0.5271,50.8837,1,0
189.8192,0.4624,50.6648,1,0
190.0003,0.5398,51.4666,1,0
189.8201,0.3967,51.5554,1,0
189.9306,0.467,50.7853,1,0
190.0348,0.4904,50.8979,1,0
189.9311,0.3355,51.1185,1,0
190.0821,0.3806,51.284,1,0
189.878,0.5855,51.7954,1,0
190.0356,0.3927,51.0843,1,0
190.0671,0.5052,50.8725,1,0
189.9826,0.5396,52.204,1,0
189.8432,0.4318,50.8589,1,0
189.9216,0.5922,50.988,1,0
190.013,0.5115,51.4545,1,0
189.7662,0.5069,51.5959,1,0
190.3244,0.4257,51.4126,1,0
189.9739,0.3195,50.2376,1,0
190.1526,0.4731,51.6561,1,0
190.0856,0.4818,51.5064,1,0
190.0449,0.3842,51.0212,1,0
190.0188,0.5484,51.4188,1,0
190.2562,0.2493,51.8425,1,0
190.067,0.3378,51.6508,1,0
190.0674,0.431,50.7083,1,0
189.9114,0.4786,51.3243,1,0
189.9443,0.4634,51.5659,1,0
189.7776,0.4476,50.7732,1,0
190.1905,0.4011,49.8709,0,1
189.8832,0.36,51.0949,1,0
189.9094,0.4676,51.1298,1,0
190.121,0.5259,51.15,1,0
190.0686,0.5782,50.8702,1,0
189.9812,0.4413,50.7942,1,0
189.8882,0.3669,51.1085,1,0
189.8603,0.4796,51.8757,1,0
189.8844,0.5736,51.2062,1,0
189.7847,0.2367,51.757,1,0
189.9089,0.3566,51.339,1,0
189.9471,0.5412,51.1119,1,0
189.749,0.5589,50.5854,1,0
190.0554,0.4183,51.6539,1,0
190.2726,0.5134,50.5879,1,0
190.0966,0.5526,51.6126,1,0
189.8678,0.5346,50.842,1,0
190.1085,0.3537,51.2103,1,0
190.4397,0.4492,50.8568,1,0
189.9918,0.3507,51.1859,1,0
190.0982,0.3875,51.172,1,0
190.1161,0.6493,51.4964,1,0
189.9326,0.556,50.0677,1,0
189.9274,0.5849,51.1801,1,0
190.1359,0.4258,50.0088,1,0
190.0435,0.4104,51.8287,1,0
190.1625,0.3711,51.3199,1,0
189.6758,0.3159,51.6412,1,0
190.0149,0.5873,50.6049,1,0
189.7934,0.3833,51.9089,1,0
189.9353,0.3238,50.6432,1,0
189.7826,0.4385,51.2744,1,0
190.0199,0.4735,50.8095,1,0
189.6804,0.4051,51.4555,1,0
189.9887,0.4222,52.2776,1,0
190.0895,0.5673,51.7775,1,0
190.0174,0.3717,51.2105,1,0
189.8926,0.4465,51.2335,1,0
189.8686,0.3582,51.4818,1,0
189.6294,0.3726,52.1323,1,0
190.0419,0.5011,51.7564,1,0
189.8308,0.502,51.5321,1,0
190.0545,0.2991,51.4678,1,0
189.9678,0.4622,51.5173,1,0
190.2445,0.3951,51.2637,1,0
190.196,0.3466,52.1395,1,0
190.2214,0.3279,51.7139,1,0
189.8355,0.4215,50.9477,1,0
189.7759,0.3676,50.5536,1,0
189.9645,0.4573,51.4054,1,0
189.8639,0.4942,51.0741,1,0
189.7292,0.5208,51.4852,1,0
189.9942,0.3946,50.4809,1,0
189.8945,0.3464,50.798,1,0
190.0202,0.415,51.4409,1,0
189.8709,0.3984,50.9274,1,0
190.0143,0.4768,50.8623,1,0
189.9973,0.5465,51.0441,1,0
189.9801,0.4289,51.7566,1,0
190.3617,0.4995,51.3284,1,0
189.7685,0.5434,51.1892,1,0
190.2147,0.4518,50.9412,1,0
190.2181,0.3505,50.9174,1,0
189.8935,0.479,52.1004,1,0
190.1042,0.4353,51.8941,1,0
190.1043,0.4115,50.904,1,0
190.1309,0.5302,51.2092,1,0
190.0205,0.5173,51.1336,1,0
189.8037,0.4451,50.3495,1,0
190.0737,0.493,50.7958,1,0
189.9602,0.5151,51.7363,1,0
190.0572,0.447,51.5172,1,0
189.9296,0.4523,50.6183,1,0
189.9888,0.3861,51.969,1,0
190.1564,0.4161,51.3525,1,0
190.1313,0.3952,51.9867,1,0
190.3118,0.5012,50.4019,1,0
189.9452,0.36,51.2324,1,0
190.0648,0.6426,51.022,1,0
190.1719,0.5041,51.4486,1,0
189.9439,0.4244,51.7026,1,0
189.9394,0.5879,51.6814,1,0
190.0352,0.4321,51.2197,1,0
190.0239,0.4211,50.997,1,0
189.6174,0.4347,52.1491,1,0
189.8402,0.5148,50.9541,1,0
189.8778,0.4526,51.5708,1,0
189.8005,0.3962,51.0199,1,0
189.9584,0.4211,51.2788,1,0
190.001,0.5324,51.549,1,0
189.877,0.5073,50.7341,1,0
190.2361,0.3378,51.4302,1,0
189.9695,0.4568,50.2774,1,0
190.1249,0.6319,50.7941,1,0
189.6814,0.4721,50.8775,1,0
189.9483,0.4185,50.7794,1,0
190.1568,0.574,51.6157,1,0
189.8309,0.4235,50.5655,1,0
189.8393,0.4927,51.549,1,0
190.0083,0.5769,51.6018,1,0
190.093,0.3368,50.6654,1,0
190.0948,0.5786,51.601,1,0
190.1952,0.3867,50.8273,1,0
189.9297,0.5065,52.0859,1,0
189.9447,0.4181,51.2373,1,0
190.1777,0.3151,50.9219,1,0
190.1776,0.397,50.9281,1,0
190.2077,0.3248,51.4061,1,0
189.8688,0.3708,51.3288,1,0
189.8115,0.4783,51.6053,1,0
189.9673,0.4308,51.0977,1,0
189.9839,0.3111,51.4806,1,0
190.118,0.5496,51.2852,1,0
190.0893,0.4546,51.8044,1,0
190.1531,0.3899,51.8285,1,0
189.9381,0.4146,50.8654,1,0
190.0018,0.511,50.814,1,0
189.9339,0.4312,52.9415,1,0
190.2478,0.2343,50.9676,1,0
190.0711,0.4516,51.1308,1,0
190.1375,0.4528,52.0157,1,0
189.9641,0.3456,51.9061,1,0
189.9718,0.4087,50.5008,1,0
190.0426,0.4237,51.1302,1,0
190.0108,0.5558,51.6219,1,0
189.7512,0.4228,51.5282,1,0
190.0852,0.4689,51.6035,1,0
189.9848,0.4605,51.8377,1,0
190.0117,0.5268,51.8851,1,0
190.0181,0.5411,50.2461,1,0
189.891,0.4586,51.9019,1,0
190.0312,0.4971,51.3675,1,0
189.8358,0.5512,51.3098,1,0
190.1014,0.4225,50.9584,1,0
190.0598,0.4374,51.6495,1,0
189.8149,0.4105,51.5768,1,0
189.9428,0.3674,50.8104,1,0
189.7528,0.3761,52.0625,1,0
189.7524,0.2797,51.4895,1,0
190.1365,0.5261,51.324,1,0
190.1581,0.4208,50.9977,1,0
189.7491,0.3639,51.4618,1,0
189.8836,0.5193,50.7596,1,0
190.025,0.4311,50.4608,1,0
189.8979,0.4357,50.8793,1,0
189.8688,0.5276,50.8792,1,0
189.9981,0.4641,50.7731,1,0
190.0931,0.5072,50.8453,1,0
189.7686,0.4553,51.4683,1,0
190.0444,0.4974,51.8788,1,0
189.7793,0.3767,51.2631,1,0
190.0092,0.5113,51.2231,1,0
189.9433,0.4888,51.5676,1,0
190.2445,0.3761,50.9522,1,0
189.8255,0.4076,51.0877,1,0
189.9862,0.3928,51.8442,1,0
189.9123,0.4747,51.9447,1,0
190.0099,0.4512,51.5873,1,0
189.967,0.6396,51.1563,1,0
190.2511,0.4802,51.6832,1,0
190.1412,0.4158,51.2453,1,0
190.0224,0.4464,51.5018,1,0
189.8842,0.4737,50.803,1,0
189.7379,0.3528,51.0029,1,0
190.1656,0.4267,51.6078,1,0
189.8745,0.3457,50.5249,1,0
189.97,0.3063,51.5112,1,0
190.0544,0.4457,50.8185,1,0
189.9882,0.2823,52.0054,1,0
190.0411,0.5428,51.3626,1,0
190.1211,0.3753,50.8479,1,0
190.0693,0.4825,51.5438,1,0
190.0781,0.4345,50.9236,1,0
189.9914,0.4825,50.2277,1,0
189.9631,0.4683,51.0151,1,0
189.8764,0.4534,51.2335,1,0
190.5967,0.529,51.2869,1,0
189.9297,0.5305,49.8755,0,1
190.0707,0.5323,51.6066,1,0
190.3632,0.4809,51.0211,1,0
189.8177,0.4292,50.8265,1,0
189.7552,0.3297,50.6343,1,0
189.8201,0.4666,50.5113,1,0
190.1602,0.4837,51.3604,1,0
190.1801,0.4005,50.5611,1,0
189.9342,0.5466,51.9496,1,0
190.1262,0.4954,50.9097,1,0
190.0935,0.4064,50.8423,1,0
190.1762,0.5151,50.4011,1,0
189.6576,0.3667,50.7265,1,0
190.0822,0.434,50.8785,1,0
189.7226,0.3875,52.1164,1,0
189.8985,0.4024,51.8095,1,0
190.1567,0.3778,51.9217,1,0
189.9434,0.5333,51.9061,1,0
190.1325,0.3801,50.8694,1,0
189.9823,0.5204,51.2359,1,0
190.1884,0.3171,51.2937,1,0
190.0262,0.4217,51.8641,1,0
190.1119,0.4712,51.3107,1,0
189.9082,0.531,51.7043,1,0
189.9933,0.3591,51.2281,1,0
189.9723,0.4876,51.056,1,0
189.8989,0.6531,50.7969,1,0
189.6513,0.4307,50.826,1,0
189.8251,0.3803,52.0007,1,0
190.2841,0.5095,50.4103,1,0
189.9728,0.5668,51.6076,1,0
190.3079,0.4445,51.4828,1,0
189.7466,0.4744,51.319,1,0
190.0731,0.3439,51.7267,1,0
190.0636,0.5285,51.0412,1,0
189.9436,0.5099,51.2037,1,0
190.3734,0.4366,51.0206,1,0
189.8785,0.417,50.4426,1,0
190.2128,0.5331,50.7831,1,0
189.8275,0.3497,51.468,1,0
189.8661,0.5729,50.4328,1,0
189.9538,0.4439,51.5062,1,0
190.1833,0.4625,52.0795,1,0
189.8329,0.4913,51.7901,1,0
189.8553,0.434,50.4022,1,0
189.9355,0.5606,51.3693,1,0
189.9084,0.4986,50.7475,1,0
189.7117,0.4534,51.1236,1,0
189.9218,0.3019,51.0234,1,0
189.9601,0.4705,51.1844,1,0
190.0724,0.5181,50.7971,1,0
189.9728,0.4915,50.0664,1,0
190.1033,0.3242,50.1334,1,0
190.0046,0.4868,50.3245,1,0
189.8511,0.4142,51.2881,1,0
189.9782,0.4965,50.122,1,0
190.0718,0.4225,51.5956,1,0
189.8682,0.472,50.7424,1,0
189.9465,0.3719,51.6379,1,0
190.1845,0.4836,50.9398,1,0
189.9898,0.4566,50.8852,1,0
189.9783,0.4779,51.6313,1,0
189.8529,0.5245,51.2302,1,0
189.6791,0.504,51.882,1,0
190.1567,0.4501,51.7328,1,0
189.8997,0.3948,50.9219,1,0
190.146,0.4523,51.1547,1,0
189.8707,0.5004,51.8995,1,0
190.1099,0.5297,50.9316,1,0
189.7306,0.4554,51.458,1,0
190.0902,0.3471,52.3708,1,0
190.1736,0.4593,51.3315,1,0
189.746,0.4203,50.3267,1,0
190.0432,0.5142,51.1279,1,0
190.1807,0.4401,50.7865,1,0
190.055,0.5089,51.2366,1,0
190.2158,0.4511,50.6714,1,0
189.8449,0.5081,51.4037,1,0
190.0458,0.3305,51.9546,1,0
190.202,0.4962,51.3227,1,0
189.8412,0.4426,51.6192,1,0
189.8334,0.3539,51.108,1,0
189.7971,0.3548,50.897,1,0
189.7453,0.6349,51.1267,1,0
190.0511,0.4402,50.748,1,0
190.0254,0.4772,51.3282,1,0
189.7062,0.4575,50.9688,1,0
190.0483,0.4615,51.5449,1,0
189.9894,0.4174,50.5672,1,0
190.1211,0.5511,50.9143,1,0
189.9524,0.4226,51.0978,1,0
190.2577,0.4059,51.2842,1,0
190.1022,0.3578,50.8247,1,0
189.9464,0.3981,51.5245,1,0
189.8925,0.5257,51.2651,1,0
190.0412,0.4778,50.7671,1,0
189.9535,0.5096,51.2442,1,0
189.9278,0.4509,50.9155,1,0
189.9436,0.3361,51.4105,1,0
190.2107,0.4163,50.8406,1,0
190.0206,0.4467,51.6245,1,0
189.9482,0.4315,51.6267,1,0
190.0354,0.5378,50.2482,1,0
190.4678,0.3689,51.5759,1,0
189.8307,0.5316,51.5612,1,0
190.2594,0.5815,51.6507,1,0
190.0227,0.5739,51.6368,1,0
190.0533,0.4875,51.6545,1,0
189.8341,0.4904,50.8539,1,0
189.7592,0.5528,51.4456,1,0
189.7668,0.3624,51.1454,1,0
189.9889,0.5404,51.089,1,0
190.2176,0.4471,51.0469,1,0
189.8994,0.4969,51.9662,1,0
190.0018,0.4699,51.3304,1,0
190.1486,0.5431,51.1411,1,0
190.1583,0.4229,52.1902,1,0
189.9611,0.4902,50.6827,1,0
189.8735,0.4166,51.002,1,0
190.0464,0.5351,51.2772,1,0
189.9743,0.4144,50.8133,1,0
189.9861,0.4385,52.3836,1,0
190.0051,0.5035,52.0653,1,0
190.1053,0.3707,50.5478,1,0
190.1142,0.4734,50.9791,1,0
190.0217,0.435,50.7019,1,0
190.0449,0.4807,51.145,1,0
189.9233,0.3706,50.7824,1,0
190.0141,0.3897,50.907,1,0
189.9925,0.5332,50.5262,1,0
190.0025,0.4167,50.913,1,0
190.1465,0.469,50.7702,1,0
189.9559,0.4987,51.6099,1,0
190.235,0.5758,50.5735,1,0
189.9384,0.4683,50.996,1,0
190.2094,0.4793,52.325,1,0
189.7789,0.3572,51.0392,1,0
190.0017,0.4298,50.9939,1,0
190.0673,0.4653,51.4746,1,0
189.8325,0.461,51.2976,1,0
190.1307,0.5299,51.7256,1,0
189.7962,0.554,51.3893,1,0
189.8361,0.4686,51.873,1,0
189.895,0.4923,51.2731,1,0
190.0192,0.3006,51.3856,1,0
190.2339,0.425,51.1971,1,0
189.9573,0.4644,51.6791,1,0
190.2702,0.5694,51.5145,1,0
190.2351,0.4149,51.6309,1,0
190.131,0.4165,50.7585,1,0
190.127,0.4024,51.0399,1,0
190.0908,0.4775,51.3051,1,0
190.1144,0.4299,50.6098,1,0
189.9835,0.3413,50.2102,1,0
190.0078,0.4135,50.9457,1,0
190.17,0.341,50.2765,1,0
189.6478,0.4953,51.4998,1,0
190.0359,0.446,51.2242,1,0
190.0025,0.4133,51.3507,1,0
189.7853,0.39,51.5513,1,0
189.9979,0.4022,51.774,1,0
189.9856,0.5575,51.7514,1,0
190.171,0.3411,51.0128,1,0
190.2156,0.5396,50.7798,1,0
190.0508,0.4882,51.3488,1,0
190.0617,0.3958,51.4971,1,0
189.8534,0.2608,51.1628,1,0
190.0394,0.4235,52.1733,1,0
190.3461,0.4749,51.5924,1,0
190.055,0.4732,51.1765,1,0
190.205,0.4612,51.4086,1,0
189.6016,0.4666,51.278,1,0
190.2005,0.4385,50.526,1,0
189.9014,0.3322,50.2763,1,0
190.0049,0.3759,50.8683,1,0
190.2191,0.6385,52.3236,1,0
190.1544,0.5156,51.0774,1,0
189.9775,0.4089,51.2892,1,0
189.8143,0.4464,51.1589,1,0
190.2444,0.4979,51.6394,1,0
189.7985,0.4656,51.6627,1,0
189.6453,0.6401,51.643,1,0
190.0836,0.4873,50.8259,1,0
190.2622,0.5235,51.6164,1,0
189.8417,0.3041,51.7093,1,0
189.9665,0.3945,51.5581,1,0
189.828,0.4651,51.3842,1,0
189.7662,0.3402,50.7406,1,0
189.8892,0.5434,51.6403,1,0
189.9753,0.4508,51.236,1,0
190.3791,0.4989,50.9788,1,0
189.9275,0.3421,51.2628,1,0
189.8019,0.4886,50.6008,1,0
189.7433,0.4768,50.9908,1,0
189.9613,0.4776,50.4176,1,0
189.9151,0.3804,51.7986,1,0
190.2956,0.4863,50.8731,1,0
190.2169,0.4672,51.394,1,0
189.7097,0.4697,50.1873,1,0
190.1713,0.3951,51.6263,1,0
189.9817,0.4624,50.7633,1,0
189.8271,0.3881,51.3126,1,0
189.9998,0.4323,51.6545,1,0
190.1781,0.5336,51.4878,1,0
189.9981,0.4326,51.3247,1,0
189.8775,0.2519,51.28,1,0
189.8915,0.4931,50.7919,1,0
189.8639,0.4586,50.5941,1,0
189.8315,0.4485,50.1589,1,0
189.7809,0.4899,51.9148,1,0
190.0779,0.3223,51.0597,1,0
189.7692,0.4075,51.4107,1,0
189.7673,0.3922,50.8381,1,0
189.8337,0.4504,51.2088,1,0
190.0284,0.4382,50.6088,1,0
189.8265,0.4759,50.0183,1,0
189.8129,0.4856,50.7559,1,0
189.9576,0.3606,50.803,1,0
190.3135,0.4711,51.3926,1,0
189.8294,0.2936,50.7325,1,0
189.6783,0.4969,51.1569,1,0
189.9185,0.4883,51.6276,1,0
190.0957,0.4524,52.0346,1,0
189.89,0.429,51.416,1,0
189.9623,0.4161,51.8195,1,0
190.2028,0.3698,50.9165,1,0
190.2244,0.5556,51.6432,1,0
189.8138,0.5487,51.2934,1,0
189.8931,0.5441,51.3242,1,0
189.9556,0.5904,51.3133,1,0
189.8834,0.4965,51.1172,1,0
189.8504,0.3988,51.4513,1,0
190.2514,0.5456,51.6969,1,0
189.6038,0.4573,50.7282,1,0
190.1523,0.4033,51.6899,1,0
189.7814,0.4791,50.9131,1,0
189.9593,0.3787,50.4742,1,0
189.7795,0.6214,51.401,1,0
189.6548,0.5221,51.4682,1,0
189.6841,0.4301,51.084,1,0
190.0668,0.4977,51.629,1,0
189.9023,0.4166,51.2425,1,0
189.9036,0.427,52.0331,1,0
189.9612,0.4627,51.7177,1,0
189.8128,0.4494,51.9632,1,0
190.0555,0.4559,51.02,1,0
190.1954,0.4119,51.1077,1,0
190.0394,0.4543,51.2659,1,0
190.2556,0.4687,51.0555,1,0
189.8148,0.4237,51.0995,1,0
190.1814,0.5421,51.0948,1,0
190.0399,0.4377,51.8554,1,0
190.1563,0.386,51.5302,1,0
189.9815,0.4024,51.1653,1,0
190.1373,0.4496,52.0759,1,0
190.1166,0.4794,50.6783,1,0
190.0546,0.3688,51.3363,1,0
189.8185,0.4393,52.4693,1,0
189.8145,0.5085,50.7892,1,0
190.0631,0.4013,51.0185,1,0
190.1057,0.4677,51.5155,1,0
189.9246,0.4882,51.312,1,0
189.7768,0.5381,49.9941,0,1
189.9015,0.5611,51.2085,1,0
189.9608,0.4235,51.4145,1,0
190.1743,0.3474,51.7462,1,0
189.9295,0.4301,50.7745,1,0
190.0511,0.3668,50.9369,1,0
189.9473,0.5531,51.7556,1,0
190.0379,0.4162,51.2382,1,0
189.9644,0.4392,50.7404,1,0
189.9925,0.4689,51.6094,1,0
190.1268,0.4606,51.2683,1,0
189.8176,0.4895,50.2143,1,0
189.9072,0.434,50.8177,1,0
189.7388,0.3758,51.023,1,0
190.1337,0.6367,50.9806,1,0
190.0285,0.5743,51.6682,1,0
190.056,0.4332,51.2193,1,0
189.9355,0.4551,51.2339,1,0
189.7747,0.5263,51.4193,1,0
189.8691,0.55,51.3885,1,0
190.0434,0.4585,51.5396,1,0
190.227,0.389,51.5696,1,0
190.0487,0.5029,50.4472,1,0
190.0443,0.3654,51.2644,1,0
189.9526,0.4875,50.7777,1,0
190.1267,0.4135,50.8249,1,0
190.0354,0.3899,51.4366,1,0
189.9877,0.5383,50.9221,1,0
189.8572,0.5321,51.0164,1,0
189.9301,0.4339,51.3597,1,0
189.87,0.4109,50.3622,1,0
189.8501,0.4165,51.3217,1,0
190.0738,0.3841,51.1504,1,0
189.9895,0.5133,51.2821,1,0
190.0026,0.3368,51.6806,1,0
190.3129,0.4571,50.6662,1,0
189.8871,0.4139,51.2818,1,0
189.9299,0.2879,51.3967,1,0
189.9539,0.3837,51.7333,1,0
190.2036,0.2555,51.0187,1,0
189.8834,0.3557,51.8472,1,0
190.3021,0.3487,51.156,1,0
190.135,0.3588,50.1349,1,0
189.9173,0.4254,51.3969,1,0
190.0581,0.4426,50.8775,1,0
189.9117,0.3186,50.8657,1,0
190.3456,0.5193,50.6069,1,0
189.8955,0.4398,50.567,1,0
190.1225,0.6276,50.4557,1,0
190.0475,0.5004,51.5958,1,0
189.7102,0.4773,51.6914,1,0
189.9215,0.5448,51.2808,1,0
190.1363,0.4296,50.5078,1,0
190.3196,0.5106,51.0798,1,0
190.0254,0.5236,50.7005,1,0
189.7974,0.3163,50.9063,1,0
189.8841,0.2819,51.402,1,0
189.9758,0.4683,51.5496,1,0
189.897,0.5415,51.1045,1,0
189.8496,0.3932,50.5732,1,0
190.2672,0.4399,51.7252,1,0
190.04,0.3693,50.911,1,0
189.946,0.5502,51.2397,1,0
189.8388,0.4287,51.0778,1,0
190.1577,0.4383,51.9118,1,0
189.8875,0.5083,51.4565,1,0
189.7625,0.4416,51.8902,1,0
189.9412,0.4409,51.0139,1,0
190.1418,0.588,51.4033,1,0
190.2073,0.2864,50.516,1,0
189.9548,0.2821,50.7462,1,0
190.1978,0.3704,50.5147,1,0
190.1503,0.3914,50.6134,1,0
190.3243,0.3808,50.8433,1,0
190.0524,0.3826,51.5543,1,0
190.0822,0.4234,51.5927,1,0
189.9523,0.334,51.5442,1,0
190.1169,0.5549,51.3533,1,0
190.0495,0.522,51.2418,1,0
190.1658,0.517,50.9468,1,0
190.0871,0.5248,50.649,1,0
189.9028,0.3579,50.5044,1,0
190.0033,0.4153,51.0474,1,0
190.2862,0.4952,51.5845,1,0
189.7781,0.4586,50.9109,1,0
189.7492,0.4597,51.1288,1,0
189.836,0.4333,51.1982,1,0
189.9842,0.4514,50.7729,1,0
189.9566,0.4185,50.5897,1,0
190.0698,0.4084,51.1308,1,0
189.8409,0.4569,51.5141,1,0
190.0474,0.5559,50.8154,1,0
190.0428,0.422,51.4544,1,0
190.0623,0.385,51.6946,1,0
189.9959,0.4477,52.0985,1,0
189.7925,0.4231,51.2491,1,0
190.058,0.3277,50.9632,1,0
190.0816,0.4956,51.8007,1,0
190.035,0.4781,51.1218,1,0
190.2003,0.334,51.3713,1,0
189.7678,0.5239,51.5763,1,0
190.0943,0.5104,50.6623,1,0
189.958,0.3863,52.171,1,0
189.704,0.3346,51.1724,1,0
190.0165,0.4255,50.3785,1,0
189.9015,0.4002,50.8857,1,0
189.8862,0.4842,51.2788,1,0
190.1826,0.3735,51.3062,1,0
189.8983,0.4709,51.3321,1,0
190.1595,0.4923,51.1758,1,0
189.9093,0.5634,50.7659,1,0
190.0507,0.5414,51.5401,1,0
189.8598,0.471,51.686,1,0
189.9729,0.3398,52.1078,1,0
190.0537,0.4553,50.6761,1,0
189.8959,0.4447,51.3022,1,0
189.7121,0.4426,51.3324,1,0
189.8497,0.44,51.5977,1,0
189.7405,0.4131,52.151,1,0
189.8283,0.446,50.5126,1,0
190.0613,0.3678,51.8855,1,0
190.0173,0.4167,50.9959,1,0
190.1864,0.5697,51.1258,1,0
190.4567,0.4091,50.771,1,0
190.0849,0.4234,51.7713,1,0
190.1162,0.3906,51.264,1,0
189.9219,0.4282,51.9327,1,0
189.5857,0.4262,51.7799,1,0
190.0503,0.5469,51.8538,1,0
189.75,0.5111,51.658,1,0
189.9735,0.2595,52.152,1,0
189.7672,0.5104,51.5273,1,0
189.8597,0.3183,50.5146,1,0
190.1076,0.4532,50.6871,1,0
189.8677,0.3394,51.0641,1,0
190.2096,0.4562,51.3975,1,0
189.8372,0.5275,49.7279,0,1
190.0052,0.5789,50.723,1,0
189.9092,0.4598,50.9207,1,0
190.1319,0.4384,51.4218,1,0
189.9199,0.4524,51.3679,1,0
190.1083,0.4494,51.3812,1,0
190.1791,0.4834,51.5793,1,0
189.7292,0.5451,50.8573,1,0
189.8597,0.394,50.9486,1,0
189.7307,0.4263,51.1332,1,0
190.2913,0.4635,50.8285,1,0
190.126,0.5205,51.6072,1,0
190.1065,0.5193,51.7089,1,0
190.203,0.4347,51.8687,1,0
190.0929,0.421,50.6528,1,0
190.1207,0.482,51.1438,1,0
189.7304,0.4059,51.3644,1,0
190.0433,0.403,50.2224,1,0
190.0382,0.3861,50.4167,1,0
190.1298,0.4779,50.5233,1,0
190.1208,0.3694,50.5714,1,0
189.9534,0.4358,51.401,1,0
190.2033,0.392,51.0305,1,0
189.7965,0.4149,50.6419,1,0
189.9378,0.5851,51.4107,1,0
189.9727,0.5031,51.0511,1,0
190.3323,0.5393,52.2832,1,0
190.1222,0.4993,51.4488,1,0
190.248,0.3906,52.3334,1,0
190.1395,0.4953,51.5801,1,0
189.9067,0.3705,51.2702,1,0
189.8537,0.4418,51.2444,1,0
189.9059,0.4717,51.5779,1,0
189.9787,0.4702,51.2364,1,0
189.8912,0.5734,51.5774,1,0
189.7961,0.4763,50.8979,1,0
189.9833,0.4366,51.5789,1,0
190.0433,0.4783,50.2834,1,0
190.192,0.4047,51.8639,1,0
190.0647,0.4017,51.1287,1,0
189.8344,0.5042,50.2733,1,0
190.3757,0.5035,50.5895,1,0
190.1242,0.4741,51.2284,1,0
189.8884,0.3908,50.9506,1,0
190.1049,0.548,51.3726,1,0
190.0281,0.5119,51.8717,1,0
189.9341,0.4095,51.5466,1,0
190.0861,0.4679,52.4677,1,0
190.0495,0.4911,51.2397,1,0
190.1525,0.3532,51.5293,1,0
190.1615,0.4851,51.1389,1,0
189.9098,0.4372,51.2501,1,0
189.856,0.6648,51.6126,1,0
189.8646,0.5709,51.9644,1,0
190.1532,0.4472,51.3168,1,0
190.0997,0.5387,51.4757,1,0
190.035,0.312,51.3019,1,0
190.4146,0.3858,51.1442,1,0
189.8846,0.4159,51.3132,1,0
189.8467,0.4486,51.5089,1,0
190.1236,0.3889,51.6181,1,0
189.8535,0.4891,51.2907,1,0
189.916,0.491,50.9803,1,0
190.0542,0.5109,50.8929,1,0
189.9655,0.4889,51.066,1,0
189.9091,0.4585,51.252,1,0
190.099,0.5146,51.648,1,0
189.8109,0.4393,50.156,1,0
190.2436,0.4264,51.577,1,0
189.9489,0.3597,51.8932,1,0
189.6305,0.5572,52.0772,1,0
190.0647,0.5269,50.8506,1,0
190.0559,0.3557,51.044,1,0
190.0726,0.3866,50.7876,1,0
189.7533,0.4774,51.1344,1,0
189.8978,0.3123,50.4772,1,0
190.1688,0.4384,51.3834,1,0
189.8312,0.3625,50.6781,1,0
189.8102,0.4481,51.0471,1,0
190.1192,0.409,51.664,1,0
190.1847,0.408,51.8403,1,0
190.1591,0.5462,50.671,1,0
189.8664,0.5018,50.5255,1,0
189.8445,0.4229,50.9443,1,0
189.8146,0.371,51.362,1,0
190.1166,0.428,51.4321,1,0
190.076,0.4464,51.2041,1,0
189.8808,0.435,51.437,1,0
189.7873,0.4821,51.7471,1,0
190.0692,0.4583,51.4599,1,0
189.8141,0.5228,50.7509,1,0
189.878,0.3501,51.9702,1,0
190.2209,0.3958,51.6047,1,0
189.9252,0.4509,50.6271,1,0
189.862,0.3989,51.3976,1,0
189.9333,0.5316,51.4363,1,0
190.1904,0.5079,50.4114,1,0
189.7586,0.5022,51.1908,1,0
190.0279,0.3114,51.3451,1,0
190.0287,0.4567,51.2649,1,0
190.1218,0.4046,51.2867,1,0
190.0901,0.5062,50.4974,1,0
189.964,0.304,50.9783,1,0
190.1007,0.3936,51.0381,1,0
189.8091,0.4494,51.3996,1,0
189.9127,0.5046,51.148,1,0
190.5304,0.5345,51.4741,1,0
190.0579,0.3906,50.8107,1,0
190.4068,0.4022,50.2114,1,0
190.1012,0.4789,51.5546,1,0
189.891,0.4177,52.0638,1,0
189.8267,0.4109,50.563,1,0
189.9251,0.5059,52.1575,1,0
190.1456,0.424,50.9548,1,0
190.0662,0.4417,51.27,1,0
190.1589,0.3812,51.2729,1,0
189.8984,0.3775,51.3095,1,0
190.1503,0.4773,51.0333,1,0
190.0749,0.5025,50.7814,1,0
189.6932,0.3305,51.8363,1,0
189.9391,0.3173,51.0985,1,0
189.7996,0.4411,52.3077,1,0
189.9051,0.5209,50.8826,1,0
190.3005,0.3808,51.3453,1,0
190.2707,0.5236,51.8858,1,0
189.8049,0.4763,51.9594,1,0
190.2103,0.5071,51.7515,1,0
189.8639,0.4088,51.0402,1,0
190.1975,0.5161,51.498,1,0
189.9504,0.4381,51.9756,1,0
189.9214,0.4443,51.6813,1,0
189.9673,0.4019,51.3458,1,0
190.0372,0.6502,51.242,1,0
190.0866,0.2885,51.4134,1,0
189.933,0.4927,52.2488,1,0
190.0535,0.4882,52.0844,1,0
190.1545,0.5654,51.7142,1,0
190.1022,0.4906,51.7697,1,0
190.0682,0.3649,51.9265,1,0
189.9304,0.3882,50.7701,1,0
190.049,0.411,50.6858,1,0
190.126,0.4186,50.9384,1,0
189.9689,0.5599,50.7712,1,0
189.7243,0.3831,51.1617,1,0
189.6428,0.4762,51.1136,1,0
189.9195,0.3994,51.7023,1,0
190.1993,0.5545,50.9957,1,0
189.9089,0.4304,51.1952,1,0
189.8551,0.4285,51.1253,1,0
190.2708,0.3827,51.6862,1,0
190.0562,0.3656,51.1666,1,0
189.9329,0.3996,50.6154,1,0
190.2564,0.454,51.3503,1,0
189.9774,0.4343,51.0574,1,0
189.9965,0.4153,51.6386,1,0
190.4257,0.3966,51.0959,1,0
190.2305,0.3027,51.1862,1,0
189.7977,0.4155,50.9754,1,0
189.8978,0.4724,50.9352,1,0
190.1509,0.4575,52.2335,1,0
190.1283,0.3733,51.7174,1,0
190.1792,0.4271,50.3253,1,0
189.8369,0.4731,51.7488,1,0
190.0039,0.5986,51.3921,1,0
190.0273,0.3925,51.2226,1,0
189.7507,0.3455,51.9975,1,0
189.9037,0.6209,50.7548,1,0
189.9448,0.4658,50.9737,1,0
190.0115,0.3627,51.5479,1,0
189.9259,0.4575,50.9142,1,0
190.0717,0.5298,50.966,1,0
190.1791,0.4794,51.6359,1,0
190.083,0.3737,52.0027,1,0
190.0689,0.5226,50.6293,1,0
190.0669,0.3908,51.3125,1,0
189.5705,0.4835,51.3171,1,0
190.0454,0.4479,51.3867,1,0
189.6355,0.5066,50.7287,1,0
189.9008,0.4268,51.2259,1,0
189.9453,0.4594,51.1446,1,0
189.7566,0.5992,50.9529,1,0
189.7826,0.5794,51.291,1,0
190.0522,0.5432,51.5141,1,0
190.1024,0.435,51.1068,1,0
189.8831,0.4549,51.8493,1,0
190.0927,0.3706,50.8779,1,0
190.0593,0.4556,51.0269,1,0
189.9266,0.2298,51.7146,1,0
190.0248,0.4102,51.4561,1,0
189.8903,0.4363,51.2367,1,0
190.0858,0.2986,50.7343,1,0
190.1535,0.3249,51.6947,1,0
189.8704,0.4354,51.2141,1,0
189.7692,0.4189,51.9361,1,0
189.7924,0.4649,50.0734,1,0
190.0809,0.4146,51.7068,1,0
189.7746,0.4107,51.0571,1,0
190.1031,0.5378,51.8604,1,0
189.9744,0.5085,51.3501,1,0
189.9579,0.3922,51.3705,1,0
189.8525,0.3658,51.6237,1,0
190.0239,0.3033,51.3629,1,0
190.0013,0.5831,51.8797,1,0
190.1267,0.4839,51.3273,1,0
190.4384,0.3606,51.015,1,0
190.1769,0.3516,50.8036,1,0
189.8126,0.5218,51.4079,1,0
190.219,0.4129,51.5098,1,0
189.7955,0.4669,51.1175,1,0
190.0102,0.3751,51.1908,1,0
189.8292,0.4866,51.3481,1,0
190.172,0.424,51.0863,1,0
189.9939,0.4095,51.2751,1,0
189.981,0.3644,51.2747,1,0
189.9043,0.5493,51.6786,1,0
190.0745,0.3729,50.5916,1,0
189.8896,0.4691,51.094,1,0
189.7594,0.5536,50.8134,1,0
190.0254,0.4725,51.4602,1,0
189.6741,0.4831,50.8539,1,0
189.9505,0.3314,50.7851,1,0
190.2449,0.3451,50.9981,1,0
190.3115,0.3295,51.5558,1,0
189.9506,0.4041,51.546,1,0
190.1061,0.2984,51.1528,1,0
190.2803,0.3545,50.8028,1,0
189.8939,0.4433,50.8505,1,0
190.1408,0.4365,50.4484,1,0
190.0043,0.4472,50.8017,1,0
190.2445,0.512,51.0807,1,0
189.9401,0.4625,51.1008,1,0
189.5537,0.4659,50.5612,1,0
190.1173,0.504,51.0094,1,0
189.9169,0.4158,51.5568,1,0
189.8771,0.4317,50.935,1,0
189.9635,0.3885,52.0457,1,0
189.9233,0.4362,50.6091,1,0
190.0768,0.5273,51.0684,1,0
189.7173,0.408,51.1268,1,0
190.0127,0.3758,52.1119,1,0
189.9929,0.4366,51.2147,1,0
189.782,0.4293,50.7132,1,0
190.018,0.5167,51.2031,1,0
190.0508,0.4394,49.9802,0,1
189.955,0.372,50.6907,1,0
190.1977,0.4585,50.9103,1,0
190.2101,0.388,51.9586,1,0
190.0948,0.5196,51.6172,1,0
190.1624,0.457,51.6159,1,0
190.0691,0.4893,51.6094,1,0
190.0087,0.5415,51.4597,1,0
190.3735,0.3858,51.9028,1,0
189.7616,0.4591,50.7007,1,0
189.7164,0.5491,50.7698,1,0
190.0252,0.4305,51.0302,1,0
190.0038,0.5209,50.3101,1,0
190.046,0.4525,50.8706,1,0
190.0796,0.4319,50.6928,1,0
189.8787,0.5067,50.9904,1,0
190.2498,0.5597,50.9192,1,0
190.1763,0.4574,50.6715,1,0
189.8843,0.4034,51.6294,1,0
190.1438,0.4618,51.2868,1,0
190.0025,0.4666,50.7987,1,0
189.881,0.4929,50.5108,1,0
189.9042,0.4989,51.8627,1,0
189.8439,0.4752,51.338,1,0
189.9917,0.3558,51.2817,1,0
189.8273,0.3306,50.9563,1,0
189.9551,0.4713,51.5402,1,0
189.8452,0.4143,51.3754,1,0
190.2636,0.4497,51.4592,1,0
189.8527,0.5349,51.3977,1,0
190.0612,0.4874,50.2048,1,0
190.0746,0.4584,51.5662,1,0
190.1629,0.4744,51.0825,1,0
190.196,0.4269,51.6119,1,0
190.0627,0.5575,51.1171,1,0
189.9317,0.5568,51.1519,1,0
189.9448,0.4892,50.5693,1,0
189.8786,0.4835,52.0742,1,0
189.9646,0.4012,51.7946,1,0
190.0968,0.4893,50.1438,1,0
189.8066,0.3754,50.8341,1,0
190.2945,0.4629,52.12,1,0
189.9522,0.3981,50.7227,1,0
189.9305,0.5713,51.2041,1,0
189.7191,0.4004,50.7863,1,0
189.9205,0.4991,51.317,1,0
190.1603,0.3401,50.8005,1,0
189.8775,0.5556,51.9153,1,0
190.0106,0.4069,50.5994,1,0
189.8966,0.3782,51.9998,1,0
190.267,0.3999,50.8947,1,0
190.1067,0.3949,51.422,1,0
190.0353,0.3663,51.6694,1,0
190.2883,0.4316,51.5452,1,0
190.1029,0.4186,51.6545,1,0
190.021,0.4272,50.4461,1,0
190.1749,0.5114,51.6603,1,0
190.0996,0.4434,50.393,1,0
190.4066,0.3697,51.4934,1,0
189.6035,0.4107,50.9978,1,0
190.0141,0.3782,51.4441,1,0
190.1359,0.5018,50.8319,1,0
189.8926,0.3036,50.5563,1,0
190.0662,0.4589,51.7482,1,0
190.1682,0.4568,51.15,1,0
190.0187,0.4112,50.9677,1,0
190.101,0.4264,51.0523,1,0
189.6908,0.4158,51.3037,1,0
190.1601,0.4332,51.8977,1,0
189.9427,0.4428,50.9207,1,0
190.0618,0.4833,50.6859,1,0
190.0524,0.4325,51.4098,1,0
190.0941,0.4262,50.6533,1,0
190.3242,0.4304,52.2729,1,0
189.9618,0.4396,51.772,1,0
189.9929,0.3906,51.8951,1,0
189.9409,0.4004,50.3763,1,0
189.8045,0.3851,51.2105,1,0
190.145,0.4054,51.4484,1,0
189.85,0.287,51.1881,1,0
189.933,0.4749,51.3311,1,0
190.16,0.5257,51.6146,1,0
190.0126,0.3869,50.6359,1,0
189.9176,0.3831,50.8293,1,0
190.1774,0.438,51.1968,1,0
190.2799,0.3799,51.6636,1,0
190.1925,0.4815,50.7511,1,0
189.888,0.3906,51.2175,1,0
189.9996,0.4113,50.6158,1,0
190.1594,0.4972,51.0995,1,0
190.183,0.4539,51.4289,1,0
189.9247,0.4254,51.2425,1,0
190.0573,0.3989,51.28,1,0
189.9068,0.537,50.8711,1,0
190.0683,0.4653,51.1228,1,0
190.2381,0.4377,51.3493,1,0
189.8223,0.3965,50.8725,1,0
190.1524,0.4535,51.3035,1,0
190.0603,0.4759,51.045,1,0
189.8778,0.4664,51.395,1,0
189.9183,0.558,51.9466,1,0
189.8706,0.5235,51.4215,1,0
190.1291,0.4075,51.3944,1,0
190.2337,0.3797,51.9089,1,0
190.0201,0.4869,50.7685,1,0
190.0798,0.4696,50.7998,1,0
190.2466,0.4119,51.3418,1,0
189.9676,0.4649,51.2118,1,0
189.9398,0.5337,51.7269,1,0
189.9579,0.4694,50.898,1,0
189.9185,0.491,51.519,1,0
189.6555,0.3682,50.8815,1,0
189.9588,0.4656,51.7862,1,0
189.8995,0.3899,50.9877,1,0
189.6243,0.4931,50.8924,1,0
190.1943,0.3183,50.8112,1,0
190.0288,0.3367,50.9959,1,0
190.1052,0.308,51.4465,1,0
190.0487,0.3458,50.3262,1,0
190.1508,0.5311,49.9475,0,1
190.0289,0.3886,51.1062,1,0
190.0792,0.401,51.073,1,0
189.8338,0.3962,50.8821,1,0
189.9954,0.3423,51.0802,1,0
189.9169,0.4928,51.2901,1,0
189.952,0.4538,51.1947,1,0
190.1194,0.4681,51.5494,1,0
189.8044,0.4777,51.649,1,0
189.704,0.4335,50.1749,1,0
189.9143,0.3896,50.6828,1,0
190.0111,0.5801,51.7401,1,0
190.0019,0.4881,51.7799,1,0
189.7811,0.5591,50.7891,1,0
189.9027,0.4587,51.0085,1,0
190.0596,0.4893,51.4728,1,0
190.2199,0.5129,50.7756,1,0
189.918,0.4816,51.4227,1,0
189.8931,0.4802,51.1362,1,0
190.1259,0.4404,51.7359,1,0
189.7841,0.4205,50.2003,1,0
190.0554,0.4025,51.9878,1,0
190.1604,0.4726,50.9417,1,0
189.687,0.3815,50.8112,1,0
189.6303,0.516,51.6346,1,0
189.8141,0.5015,50.5624,1,0
189.9648,0.3996,52.2437,1,0
190.043,0.3897,51.0992,1,0
189.9768,0.3662,51.5039,1,0
189.9178,0.4905,50.5351,1,0
189.8935,0.4204,51.8072,1,0
190.0131,0.338,51.2293,1,0
189.918,0.4296,50.5506,1,0
189.9978,0.425,50.7316,1,0
189.9755,0.5094,50.8143,1,0
190.1021,0.3811,51.8292,1,0
190.2553,0.4649,51.1457,1,0
190.1395,0.4951,51.2145,1,0
189.9428,0.2755,51.3507,1,0
189.928,0.5881,51.6057,1,0
190.0978,0.4593,51.5615,1,0
190.1251,0.4727,50.952,1,0
190.0384,0.4788,51.6495,1,0
189.9798,0.4194,51.0202,1,0
189.8812,0.3523,51.9643,1,0
190.0254,0.4283,50.531,1,0
190.0255,0.4518,51.6064,1,0
189.7967,0.4312,50.7651,1,0
189.8226,0.4618,51.3254,1,0
190.0778,0.3653,51.0724,1,0
190.2541,0.5747,51.0639,1,0
189.9102,0.5006,50.8997,1,0
190.1239,0.4278,51.3353,1,0
189.8588,0.4049,51.5318,1,0
189.8126,0.423,51.0902,1,0
190.1344,0.4507,51.2663,1,0
190.2019,0.5088,51.3298,1,0
189.7914,0.4644,51.4926,1,0
190.2397,0.32,50.7659,1,0
190.0261,0.6145,51.9545,1,0
190.4365,0.4801,50.9948,1,0
190.0367,0.3914,50.8069,1,0
190.1724,0.52,51.5307,1,0
189.9913,0.4417,51.2735,1,0
189.8838,0.528,51.2694,1,0
189.8325,0.3672,51.2251,1,0
190.0576,0.3467,51.3667,1,0
190.04,0.4294,51.4791,1,0
189.8557,0.3896,50.9783,1,0
189.9943,0.3934,51.747,1,0
190.071,0.5822,51.0205,1,0
189.713,0.5218,51.2619,1,0
190.1136,0.5246,51.5948,1,0
189.874,0.4572,51.4471,1,0
190.1235,0.6001,50.9954,1,0
189.8287,0.3465,50.7296,1,0
189.5702,0.4537,51.0472,1,0
189.7709,0.5323,51.0051,1,0
189.9318,0.416,51.3371,1,0
189.8927,0.3967,51.5663,1,0
189.9809,0.4578,51.0366,1,0
190.1416,0.4291,51.3199,1,0
190.2983,0.5204,51.304,1,0
190.175,0.4745,50.7356,1,0
190.0599,0.4565,50.9401,1,0
190.1199,0.4607,50.791,1,0
189.9734,0.5351,51.6203,1,0
189.5963,0.3959,51.6119,1,0
190.3361,0.4504,51.6685,1,0
190.0644,0.4764,50.9629,1,0
190.2484,0.4887,51.0398,1,0
190.3465,0.2694,51.3546,1,0
190.2387,0.5273,51.4049,1,0
190.1954,0.3699,51.2371,1,0
189.9833,0.3053,50.3967,1,0
189.7249,0.5778,50.7238,1,0
190.2587,0.4343,50.7021,1,0
189.7585,0.3746,51.6494,1,0
189.7877,0.4583,51.1739,1,0
190.0306,0.454,51.7923,1,0
190.0937,0.531,51.1667,1,0
189.8022,0.451,51.4007,1,0
190.0233,0.5033,50.8263,1,0
190.002,0.3518,50.3769,1,0
190.0385,0.4892,51.6138,1,0
189.9907,0.4872,51.6951,1,0
190.1193,0.4483,51.0403,1,0
189.7976,0.3891,51.7301,1,0
189.9021,0.4237,52.1851,1,0
189.7562,0.3155,51.1344,1,0
189.933,0.385,50.881,1,0
190.1417,0.5139,50.6986,1,0
189.7904,0.5811,50.6589,1,0
189.9347,0.4221,51.5873,1,0
190.077,0.5381,51.0856,1,0
189.9046,0.3354,50.8416,1,0
190.0637,0.4617,50.6389,1,0
189.7272,0.5016,51.5639,1,0
189.7985,0.4555,52.3477,1,0
189.9351,0.3363,51.3315,1,0
189.8631,0.4507,50.8817,1,0
190.0011,0.5709,50.7742,1,0
189.8818,0.3451,51.6842,1,0
189.8464,0.4536,51.516,1,0
190.0501,0.3256,50.4614,1,0
190.1735,0.5502,50.6348,1,0
189.6914,0.5219,51.6453,1,0
190.1107,0.4015,51.5776,1,0
190.1786,0.374,51.0681,1,0
190.1765,0.4082,51.8883,1,0
190.2765,0.3729,50.8885,1,0
190.0479,0.3896,51.1052,1,0
189.6361,0.3409,51.8318,1,0
189.9952,0.4526,50.5585,1,0
189.9333,0.5342,51.1395,1,0
190.1527,0.4629,51.2343,1,0
190.1928,0.3253,50.7311,1,0
190.0189,0.4837,51.6882,1,0
189.8483,0.4361,52.3496,1,0
189.9042,0.4751,51.1645,1,0
190.1715,0.4604,51.6188,1,0
190.0489,0.3852,51.3726,1,0
190.0366,0.5359,50.7579,1,0
190.2759,0.4224,51.7714,1,0
189.8811,0.4898,52.0903,1,0
189.9986,0.498,51.2492,1,0
189.9883,0.5055,50.7007,1,0
190.0143,0.371,50.3717,1,0
189.9125,0.3447,50.532,1,0
190.1419,0.4128,51.8236,1,0
190.036,0.4944,51.7739,1,0
189.9411,0.4526,51.1322,1,0
190.243,0.4719,51.3227,1,0
190.0177,0.582,51.7541,1,0
190.1649,0.3916,51.4091,1,0
189.9709,0.4717,50.7402,1,0
189.9861,0.3628,50.6555,1,0
190.1146,0.5658,52.195,1,0
190.235,0.4618,50.8989,1,0
189.8269,0.3582,51.6755,1,0
190.0303,0.3878,51.33,1,0
190.177,0.3762,50.6308,1,0
189.8145,0.4585,50.5465,1,0
190.0217,0.5106,51.4447,1,0
189.8258,0.4778,51.6184,1,0
190.1046,0.4236,52.3782,1,0
190.191,0.3792,51.1939,1,0
190.0321,0.4134,51.2703,1,0
189.7367,0.4632,51.3469,1,0
190.1418,0.4689,51.4672,1,0
189.7992,0.3687,51.2028,1,0
190.1094,0.3725,50.9437,1,0
190.0101,0.6182,51.9581,1,0
190.1023,0.4232,50.3637,1,0
190.0615,0.3901,51.1999,1,0
189.9241,0.4864,50.8437,1,0
189.9763,0.477,50.7547,1,0
189.7036,0.4453,52.3021,1,0
190.3026,0.5286,51.4659,1,0
189.9722,0.5712,50.378,1,0
190.0721,0.3608,51.2767,1,0
189.7266,0.467,50.5648,1,0
189.7316,0.4283,50.4273,1,0
189.9156,0.435,51.0912,1,0
190.1965,0.4927,51.0291,1,0
190.0752,0.3475,51.4729,1,0
189.9459,0.4184,51.161,1,0
190.4111,0.4583,51.3229,1,0
189.9852,0.3445,50.2033,1,0
190.162,0.4282,51.6267,1,0
190.0605,0.436,50.5655,1,0
189.8038,0.3582,50.6663,1,0
190.0988,0.3789,51.8415,1,0
190.0799,0.4609,51.5218,1,0
190.0453,0.4329,51.4907,1,0
189.9395,0.4115,51.3241,1,0
189.9909,0.5168,50.7588,1,0
189.9223,0.4603,50.756,1,0
189.9916,0.4639,50.8188,1,0
190.07,0.5172,51.5721,1,0
189.9602,0.3367,50.2973,1,0
190.2374,0.4655,50.3127,1,0
189.7564,0.4262,51.3029,1,0
190.2854,0.4571,51.1081,1,0
190.0717,0.397,51.5285,1,0
189.9651,0.5349,50.8062,1,0
189.8574,0.5081,51.0257,1,0
190.1295,0.4162,51.5934,1,0
189.8406,0.5246,50.6162,1,0
190.0015,0.5034,51.3558,1,0
189.8298,0.4474,51.3911,1,0
189.7317,0.4139,51.507,1,0
190.0664,0.5243,50.9162,1,0
190.1223,0.3978,50.9174,1,0
189.9286,0.5273,50.218,1,0
189.9163,0.3902,51.0983,1,0
190.0321,0.3814,51.0265,1,0
189.8327,0.4681,51.1572,1,0
189.9584,0.5153,51.7425,1,0
189.7921,0.4798,50.9662,1,0
189.7803,0.4823,51.8847,1,0
189.9203,0.5167,52.1777,1,0
189.842,0.6036,51.1694,1,0
189.9478,0.5531,51.6351,1,0
189.8477,0.4056,50.9366,1,0
189.983,0.4396,51.6531,1,0
190.0909,0.5535,51.2661,1,0
189.9442,0.4496,50.9814,1,0
189.7993,0.4512,51.338,1,0
189.9818,0.4859,50.6432,1,0
190.1104,0.4802,50.7021,1,0
190.2231,0.3808,51.2412,1,0
189.7005,0.5089,50.3313,1,0
189.9864,0.4579,51.7874,1,0
189.7501,0.3949,51.274,1,0
190.0863,0.3708,51.0048,1,0
190.0079,0.4725,50.4104,1,0
189.9656,0.2943,50.5017,1,0
190.0001,0.5044,51.7483,1,0
190.0849,0.4478,51.5896,1,0
190.2484,0.4665,51.6688,1,0
190.2249,0.5182,52.3924,1,0
190.0723,0.4273,51.4713,1,0
189.9702,0.3825,50.2305,1,0
190.1673,0.3987,51.5911,1,0
189.9906,0.3558,51.8017,1,0
189.9916,0.3601,51.7634,1,0
189.8202,0.4353,50.7593,1,0
189.9912,0.3087,51.9475,1,0
190.1362,0.5932,51.2588,1,0
189.8755,0.4246,51.4419,1,0
189.7046,0.4053,50.621,1,0
190.244,0.4674,51.5576,1,0
189.8499,0.5077,51.4376,1,0
189.7942,0.4495,50.9177,1,0
189.861,0.4387,51.733,1,0
189.6866,0.4101,51.292,1,0
190.2028,0.4665,50.6805,1,0
189.7956,0.4441,51.2598,1,0
189.9141,0.3848,50.9882,1,0
189.9924,0.4076,51.4352,1,0
190.0797,0.4272,50.8784,1,0
189.8863,0.4805,51.5535,1,0
189.9361,0.3477,51.6033,1,0
189.8034,0.4465,51.8175,1,0
189.9527,0.5445,51.3087,1,0
189.9432,0.3872,51.1439,1,0
190.2398,0.4967,51.0399,1,0
189.9482,0.3321,51.2647,1,0
189.8067,0.4419,50.1692,1,0
190.0009,0.467,50.8593,1,0
190.1136,0.3955,51.3477,1,0
189.929,0.4363,51.512,1,0
189.9476,0.4778,51.4385,1,0
189.6751,0.4984,51.2367,1,0
189.9909,0.511,51.7837,1,0
190.1681,0.359,51.121,1,0
190.2769,0.4299,51.921,1,0
189.9218,0.553,51.5522,1,0
189.7798,0.5099,51.3693,1,0
189.9257,0.4409,50.8729,1,0
189.9937,0.4323,51.184,1,0
189.7582,0.4238,50.978,1,0
190.1596,0.4395,51.6164,1,0
190.0674,0.5278,51.0826,1,0
190.0067,0.447,51.3182,1,0
189.9743,0.3722,51.0176,1,0
189.895,0.4045,51.8173,1,0
190.1242,0.4183,50.5121,1,0
190.1088,0.4763,50.7026,1,0
190.1699,0.4963,51.0965,1,0
190.2956,0.5551,50.9028,1,0
190.0867,0.463,51.4353,1,0
190.0749,0.3967,50.8941,1,0
189.7044,0.3621,51.2327,1,0
189.9305,0.3483,51.3176,1,0
190.1108,0.4007,51.6799,1,0
189.9534,0.4534,50.8834,1,0
189.9505,0.4988,51.423,1,0
189.8816,0.4969,52.1389,1,0
190.0145,0.4664,52.0349,1,0
190.1434,0.3654,51.2952,1,0
190.1034,0.5432,50.9286,1,0
190.0712,0.4129,51.9756,1,0
190.2846,0.4448,50.7693,1,0
189.9097,0.3542,50.8701,1,0
189.9318,0.3649,51.3572,1,0
189.9565,0.4541,51.4638,1,0
190.0967,0.3811,51.1676,1,0
190.061,0.4324,52.1518,1,0
189.6249,0.4281,50.684,1,0
189.8047,0.3911,51.0154,1,0
189.7617,0.4757,51.204,1,0
189.8345,0.499,51.6068,1,0
190.1,0.363,50.7803,1,0
190.0195,0.4792,51.4737,1,0
189.9748,0.4752,50.9915,1,0
189.8823,0.421,50.568,1,0
190.0396,0.4154,51.088,1,0
190.026,0.3406,51.0764,1,0
190.0088,0.3595,50.8709,1,0
189.9366,0.4656,51.2315,1,0
189.5827,0.3863,51.8517,1,0
190.1417,0.42,49.9191,0,1
189.7318,0.4499,51.0652,1,0
190.0215,0.4404,51.0333,1,0
189.8654,0.492,51.5453,1,0
189.8654,0.3643,50.829,1,0
189.7088,0.5592,51.14,1,0
189.9383,0.4138,51.488,1,0
189.8018,0.4137,50.8614,1,0
190.2892,0.4707,51.2745,1,0
190.066,0.5293,51.3169,1,0
190.0001,0.4329,50.7682,1,0
190.1566,0.5294,51.6032,1,0
189.9268,0.5275,51.0555,1,0
189.6464,0.4412,51.8099,1,0
189.8091,0.4132,50.8512,1,0
189.9205,0.3381,51.6638,1,0
189.7958,0.3777,51.099,1,0
190.2679,0.4046,50.7341,1,0
190.039,0.5998,51.8449,1,0
190.1023,0.5119,51.3411,1,0
189.87,0.5177,50.7879,1,0
189.9118,0.4133,51.101,1,0
189.9985,0.3949,51.0064,1,0
189.9636,0.4213,51.0744,1,0
189.9531,0.5128,52.5323,1,0
189.8814,0.4855,50.9511,1,0
190.12,0.5769,50.6824,1,0
189.9775,0.4436,50.9041,1,0
189.9713,0.5668,50.3019,1,0
190.0151,0.4705,50.9197,1,0
189.9507,0.4821,50.4943,1,0
189.9798,0.5746,51.2937,1,0
190.1347,0.4541,50.7407,1,0
189.9455,0.424,51.376,1,0
190.2178,0.4482,51.0301,1,0
189.9625,0.5217,50.9208,1,0
190.0234,0.5131,52.2232,1,0
189.809,0.6652,50.8374,1,0
189.8159,0.3956,51.6988,1,0
190.0735,0.3895,51.2714,1,0
190.1469,0.4917,50.9367,1,0
190.1367,0.435,51.4185,1,0
189.9148,0.4962,51.3329,1,0
190.1542,0.4224,51.178,1,0
189.9277,0.5421,50.9826,1,0
189.8814,0.4742,51.4242,1,0
189.8365,0.3177,51.3637,1,0
190.1272,0.3949,51.5231,1,0
190.0577,0.5582,50.7162,1,0
190.0722,0.4392,50.1125,1,0
190.1138,0.5018,51.0221,1,0
190.034,0.4916,51.631,1,0
189.8659,0.4612,52.3874,1,0
190.1286,0.4107,51.3835,1,0
189.6923,0.4558,51.4775,1,0
189.961,0.4811,50.2869,1,0
190.0603,0.4948,51.008,1,0
190.2376,0.5159,50.9183,1,0
189.9802,0.5468,52.0484,1,0
189.7865,0.4732,50.8737,1,0
190.0691,0.4313,51.7382,1,0
190.0958,0.4632,50.768,1,0
189.8743,0.4991,51.833,1,0
190.0393,0.468,50.3466,1,0
190.0293,0.4408,51.1987,1,0
189.8498,0.3858,50.4364,1,0
189.7147,0.5074,50.4446,1,0
190.0686,0.5441,51.7469,1,0
189.8663,0.3494,51.7831,1,0
189.783,0.3088,50.6524,1,0
189.7437,0.4399,50.472,1,0
190.0075,0.5647,50.5247,1,0
190.2127,0.4467,50.8428,1,0
190.0755,0.5106,50.9068,1,0
189.9764,0.4738,50.9724,1,0
189.8636,0.5798,51.526,1,0
190.122,0.5831,50.9584,1,0
189.738,0.4753,51.7439,1,0
190.1278,0.4744,51.3357,1,0
190.1159,0.4603,51.0152,1,0
190.2984,0.4401,51.3097,1,0
189.772,0.4753,50.8774,1,0
189.8418,0.4361,51.2395,1,0
189.7256,0.3726,50.5684,1,0
190.103,0.4814,51.6576,1,0
189.9163,0.4751,51.2308,1,0
190.0794,0.4004,50.909,1,0
190.0406,0.4663,51.4603,1,0
189.9547,0.522,50.6841,1,0
190.0287,0.4838,51.513,1,0
189.8248,0.4006,51.2215,1,0
190.1213,0.4679,50.9284,1,0
189.7559,0.4569,51.8099,1,0
190.0292,0.4932,51.1886,1,0
190.0569,0.3264,50.3592,1,0
189.6795,0.413,50.4347,1,0
190.0581,0.4643,51.4586,1,0
189.9984,0.4034,51.4264,1,0
189.9377,0.4641,51.1156,1,0
189.8568,0.4631,51.708,1,0
190.0571,0.4088,51.6359,1,0
190.0557,0.3791,51.6104,1,0
189.9281,0.4004,51.7966,1,0
190.2943,0.297,51.577,1,0
190.3783,0.4494,50.6316,1,0
190.0962,0.5328,50.5892,1,0
190.088,0.3881,51.3601,1,0
189.9438,0.5445,51.4194,1,0
189.9012,0.4443,50.9649,1,0
190.0004,0.5548,50.6196,1,0
189.8688,0.3508,51.5534,1,0
189.8613,0.4597,50.4164,1,0
189.873,0.5891,51.7425,1,0
190.242,0.4905,51.2072,1,0
189.9637,0.3235,51.0856,1,0
189.9275,0.516,51.7821,1,0
189.8924,0.3565,51.2001,1,0
190.3029,0.4169,50.6128,1,0
189.7634,0.3574,51.2739,1,0
189.7483,0.5073,50.7388,1,0
190.1468,0.456,51.139,1,0
189.9794,0.5205,51.1103,1,0
190.3131,0.5121,51.9656,1,0
190.0439,0.4424,51.636,1,0
189.8231,0.5089,50.7269,1,0
189.7443,0.505,51.2008,1,0
189.7046,0.4364,51.7325,1,0
189.9736,0.3785,50.2861,1,0
189.9695,0.4325,50.9966,1,0
189.9468,0.5709,51.8529,1,0
189.7253,0.6431,50.9484,1,0
190.255,0.4848,50.8057,1,0
189.9385,0.5273,51.4896,1,0
189.9738,0.4812,51.2704,1,0
190.1306,0.4908,50.496,1,0
189.6602,0.6377,51.5322,1,0
189.8076,0.5882,50.5368,1,0
189.6952,0.4142,51.1481,1,0
190.0023,0.4847,51.3215,1,0
190.2825,0.3734,51.1088,1,0
190.1222,0.5625,50.687,1,0
189.9528,0.4572,50.2035,1,0
189.9808,0.3699,50.6228,1,0
190.2034,0.3586,50.9835,1,0
190.1414,0.5198,51.9844,1,0
189.878,0.4706,51.5562,1,0
190.3539,0.368,51.2646,1,0
189.9824,0.4348,51.6698,1,0
189.8477,0.4909,50.4687,1,0
189.8368,0.5039,51.3066,1,0
189.8237,0.4791,51.6298,1,0
190.1002,0.4466,50.6606,1,0
190.0507,0.4217,50.7546,1,0
190.051,0.4312,50.8379,1,0
189.9681,0.5222,51.3941,1,0
189.9551,0.5249,50.9171,1,0
190.1772,0.5094,51.0251,1,0
189.8349,0.5267,51.569,1,0
189.9231,0.4575,51.6599,1,0
190.0838,0.5905,50.6506,1,0
190.3544,0.5027,51.4106,1,0
190.0732,0.3833,51.3164,1,0
189.7629,0.5207,52.2939,1,0
190.2444,0.5142,50.9728,1,0
190.2941,0.457,51.0532,1,0
190.013,0.572,51.559,1,0
190.2219,0.3657,51.7808,1,0
190.0188,0.31,51.2085,1,0
189.9249,0.4768,51.6777,1,0
190.2677,0.4927,51.0196,1,0
190.052,0.4561,50.4026,1,0
190.0226,0.4791,51.0236,1,0
190.0491,0.4294,51.2232,1,0
190.0206,0.4087,51.2284,1,0
189.9844,0.485,50.9331,1,0
189.7949,0.6082,51.82,1,0
189.9175,0.6058,50.1384,1,0
189.9025,0.5299,51.6787,1,0
190.1753,0.5254,51.6855,1,0
189.946,0.4638,51.182,1,0
189.8742,0.4166,51.988,1,0
189.9313,0.5264,50.6622,1,0
189.6755,0.641,50.6258,1,0
190.0154,0.497,50.5299,1,0
189.9861,0.4558,50.4032,1,0
190.0827,0.4087,50.5785,1,0
189.866,0.4215,51.4382,1,0
190.1481,0.5024,50.9657,1,0
190.1286,0.6085,51.6324,1,0
190.0989,0.4849,51.1335,1,0
189.8802,0.5281,51.6819,1,0
189.9571,0.4514,50.9461,1,0
190.1148,0.5738,51.104,1,0
190.0101,0.5882,51.7561,1,0
190.119,0.4941,51.8897,1,0
190.2198,0.3852,51.9394,1,0
189.9304,0.3955,52.0119,1,0
189.648,0.4139,52.5031,1,0
189.7129,0.5457,51.2415,1,0
190.0377,0.4311,50.7937,1,0
189.8656,0.3756,50.8906,1,0
190.1045,0.464,51.6644,1,0
190.1281,0.4722,51.6511,1,0
189.8192,0.484,51.3662,1,0
190.1616,0.492,51.5414,1,0
189.9567,0.3051,50.9043,1,0
189.9524,0.455,50.8875,1,0
190.0079,0.491,51.3061,1,0
190.293,0.5802,50.64,1,0
190.0058,0.5423,50.9958,1,0
189.9317,0.458,52.1074,1,0
189.8113,0.4657,51.7764,1,0
189.8374,0.4484,50.7282,1,0
189.9572,0.5321,51.0272,1,0
190.1735,0.3733,51.5637,1,0
189.886,0.4349,52.0058,1,0
189.9107,0.4676,50.885,1,0
189.9338,0.388,52.0499,1,0
189.9199,0.3825,50.6417,1,0
190.003,0.4069,51.4617,1,0
189.8565,0.4474,51.704,1,0
189.9928,0.4934,51.4791,1,0
189.9775,0.3746,51.6162,1,0
190.1266,0.4967,50.7861,1,0
190.1585,0.4607,51.3,1,0
190.1792,0.4527,50.4078,1,0
189.9498,0.3587,52.1312,1,0
190.2399,0.3971,51.1164,1,0
190.3481,0.4584,52.0194,1,0
190.0887,0.5308,50.7197,1,0
190.0583,0.4756,50.6975,1,0
190.0024,0.6076,51.221,1,0
189.9709,0.388,50.4823,1,0
190.022,0.5138,51.4537,1,0
190.3255,0.4626,51.3262,1,0
190.1587,0.5944,50.5901,1,0
189.8895,0.6026,51.358,1,0
189.9747,0.37,50.8553,1,0
190.1158,0.4727,50.9178,1,0
190.2051,0.5746,51.1147,1,0
189.8582,0.3755,50.6182,1,0
190.0026,0.5683,50.8868,1,0
190.1224,0.4702,51.4127,1,0
190.0546,0.3324,50.8437,1,0
190.0302,0.3471,51.5601,1,0
189.9592,0.5159,52.272,1,0
190.0992,0.5134,50.4765,1,0
190.0933,0.4856,51.3146,1,0
189.6933,0.3933,51.5391,1,0
190.0168,0.3619,50.615,1,0
190.0971,0.3816,51.0066,1,0
190.2198,0.5036,50.752,1,0
189.8738,0.5776,50.6776,1,0
189.998,0.5709,51.6769,1,0
189.8457,0.3669,51.6498,1,0
190.0488,0.3586,51.1975,1,0
190.2247,0.3783,50.8759,1,0
190.1801,0.5198,51.291,1,0
190.0415,0.591,51.6274,1,0
190.0043,0.4695,50.6398,1,0
189.9381,0.5091,51.113,1,0
189.7831,0.4543,50.4791,1,0
190.115,0.4939,51.5855,1,0
189.8436,0.49,50.3753,1,0
190.0342,0.4106,51.7393,1,0
189.9406,0.4261,51.7036,1,0
189.8714,0.5432,50.7052,1,0
189.6739,0.2991,51.0556,1,0
189.9212,0.5126,51.5385,1,0
189.9803,0.4592,50.8906,1,0
189.9957,0.4504,50.9031,1,0
190.188,0.5033,51.1167,1,0
190.1396,0.4118,50.9123,1,0
189.8202,0.3684,51.1368,1,0
190.2733,0.3998,50.3098,1,0
190.0777,0.3846,51.3356,1,0
189.8879,0.3911,51.3777,1,0
189.8125,0.411,50.9582,1,0
190.0146,0.4638,51.3861,1,0
189.9259,0.5123,50.5137,1,0
190.0288,0.5664,51.5373,1,0
189.8219,0.4384,51.4353,1,0
189.9373,0.509,50.8831,1,0
190.1247,0.4994,51.4091,1,0
189.9448,0.4708,51.6046,1,0
190.0441,0.4947,51.8556,1,0
190.2191,0.6067,51.4516,1,0
190.1184,0.4871,50.3905,1,0
189.8792,0.4554,51.6473,1,0
190.0198,0.4473,50.9078,1,0
190.1705,0.3969,51.3419,1,0
190.0774,0.4993,50.969,1,0
189.8256,0.4306,51.2,1,0
190.0406,0.4622,50.9347,1,0
189.8859,0.4972,51.3779,1,0
189.7781,0.4542,50.7593,1,0
190.1237,0.4361,51.2979,1,0
189.9998,0.431,50.4477,1,0
190.1324,0.5127,50.8167,1,0
190.0628,0.3145,51.5223,1,0
190.0628,0.4834,50.5851,1,0
189.6862,0.4047,50.3654,1,0
190.0543,0.5113,51.4039,1,0
189.973,0.5026,51.3207,1,0
189.9743,0.4862,51.0147,1,0
190.0698,0.6091,50.4996,1,0
189.8825,0.3171,51.3045,1,0
189.9088,0.461,50.0899,1,0
189.8782,0.4388,51.7115,1,0
189.7064,0.4708,51.6478,1,0
189.8593,0.4114,51.4909,1,0
190.2513,0.4694,50.5906,1,0
190.0232,0.5065,51.5952,1,0
190.0655,0.417,50.3245,1,0
190.0107,0.2683,51.1903,1,0
189.8913,0.3497,51.6445,1,0
189.82,0.4217,50.9922,1,0
190.237,0.3758,51.9809,1,0
189.9246,0.5039,50.7766,1,0
189.9112,0.4632,51.2685,1,0
189.9575,0.5644,51.319,1,0
189.6965,0.478,51.2259,1,0
190.0434,0.4973,50.1803,1,0
190.2303,0.4305,50.5983,1,0
190.1516,0.497,51.781,1,0
189.7259,0.5158,51.4854,1,0
190.2353,0.4592,50.8089,1,0
190.225,0.5325,51.2217,1,0
189.9033,0.5649,50.8381,1,0
189.9194,0.4067,51.1631,1,0
190.006,0.4498,51.1893,1,0
190.0953,0.4736,50.6778,1,0
189.6998,0.4027,51.4858,1,0
190.0383,0.4928,50.927,1,0
190.1222,0.3172,51.2356,1,0
190.2438,0.3889,50.3539,1,0
189.9755,0.4851,51.6317,1,0
189.9355,0.4511,50.6864,1,0
189.949,0.4949,50.9349,1,0
189.7161,0.4125,51.4624,1,0
189.9715,0.4518,51.2525,1,0
189.8831,0.3404,51.5356,1,0
189.5209,0.3832,51.2765,1,0
190.1314,0.4469,50.9058,1,0
190.2074,0.4468,51.9946,1,0
189.9404,0.5822,51.2428,1,0
189.9204,0.6307,51.2632,1,0
190.0517,0.5682,51.2267,1,0
189.8029,0.4987,50.7441,1,0
189.9441,0.3852,51.6044,1,0
189.826,0.4976,51.1248,1,0
189.9017,0.5075,51.1907,1,0
189.72,0.4848,51.0592,1,0
190.146,0.5852,51.8657,1,0
189.8213,0.3707,51.9157,1,0
190.0416,0.4464,52.6382,1,0
189.8014,0.5779,51.61,1,0
189.9534,0.4357,50.5141,1,0
189.9267,0.4283,50.9352,1,0
190.3854,0.4526,51.7581,1,0
189.6603,0.548,51.2274,1,0
190.1032,0.3533,51.5229,1,0
190.073,0.465,51.8464,1,0
189.7033,0.3882,51.2293,1,0
190.0975,0.4467,50.6448,1,0
189.7656,0.5044,51.284,1,0
190.2908,0.4864,51.6698,1,0
190.0843,0.394,51.3229,1,0
189.8024,0.4431,50.736,1,0
189.9513,0.4969,51.2727,1,0
189.9416,0.4388,51.1356,1,0
190.0537,0.3778,51.133,1,0
189.9552,0.4317,51.5848,1,0
189.9532,0.4197,51.6053,1,0
189.6901,0.5475,50.7425,1,0
190.0792,0.4529,50.9404,1,0
190.2586,0.4892,50.9026,1,0
189.945,0.36,51.6414,1,0
190.11,0.4183,51.2007,1,0
189.8878,0.529,51.6101,1,0
190.2354,0.4212,51.771,1,0
190.1528,0.3748,50.7355,1,0
190.2057,0.3077,51.5227,1,0
189.8965,0.3792,51.4185,1,0
189.8427,0.5066,51.1905,1,0
190.2202,0.3963,50.6233,1,0
190.2444,0.5441,51.7182,1,0
190.2352,0.4855,51.0022,1,0
189.9432,0.4367,51.3188,1,0
190.212,0.4701,51.2346,1,0
189.9607,0.4737,50.5162,1,0
190.2791,0.3067,51.1882,1,0
190.2461,0.3948,51.454,1,0
190.0788,0.36,50.5205,1,0
189.9532,0.4401,51.1991,1,0
190.0532,0.5325,50.8626,1,0
190.2328,0.4784,51.2056,1,0
189.9359,0.5905,52.0765,1,0
190.132,0.5041,51.3115,1,0
189.9522,0.2338,51.1368,1,0
190.1204,0.4978,51.4723,1,0
190.0993,0.5799,51.43,1,0
190.1936,0.4418,51.5101,1,0
190.2764,0.3585,51.0543,1,0
189.886,0.4646,51.5207,1,0
189.9933,0.4801,50.2357,1,0
189.942,0.4389,50.42,1,0
189.9063,0.4773,51.0777,1,0
190.1721,0.5249,51.9405,1,0
189.9777,0.5151,50.6063,1,0
190.0008,0.4334,51.377,1,0
189.8792,0.4908,50.7706,1,0
189.9431,0.5029,51.6241,1,0
189.9688,0.4379,50.9624,1,0
190.0673,0.4576,50.796,1,0
190.042,0.423,51.3028,1,0
190.1972,0.4856,51.1276,1,0
189.9368,0.4646,51.1459,1,0
189.9965,0.4086,50.4177,1,0
190.2179,0.4987,51.4935,1,0
190.0578,0.5102,50.9167,1,0
190.1178,0.5293,51.972,1,0
190.0871,0.4689,50.3297,1,0
190.031,0.4334,51.8778,1,0
190.0696,0.5328,51.5915,1,0
190.0397,0.4614,51.2006,1,0
190.0554,0.57,50.8368,1,0
189.9981,0.4337,51.425,1,0
189.8045,0.3931,51.2481,1,0
190.0476,0.4229,50.9182,1,0
189.9228,0.5378,51.0756,1,0
189.9376,0.5338,51.5124,1,0
189.9728,0.3644,51.8544,1,0
189.8574,0.4192,51.4634,1,0
189.7725,0.3967,51.2029,1,0
190.0385,0.4375,50.7054,1,0
189.7328,0.4242,51.3128,1,0
189.9032,0.3345,50.7894,1,0
190.2094,0.53,50.7061,1,0
189.8958,0.5199,50.2661,1,0
190.1571,0.4959,50.2529,1,0
190.2044,0.4842,51.3964,1,0
190.2805,0.3866,50.4488,1,0
189.8959,0.3561,51.2033,1,0
189.9565,0.5967,50.8596,1,0
189.9811,0.3466,51.431,1,0
190.1533,0.442,51.7423,1,0
190.0521,0.4286,50.9193,1,0
189.8602,0.3942,51.3893,1,0
190.0557,0.4929,51.5158,1,0
189.8798,0.4487,51.6138,1,0
189.9157,0.4246,51.1851,1,0
190.0866,0.5447,51.4486,1,0
189.8725,0.4747,51.7198,1,0
189.8475,0.4577,51.5246,1,0
189.7588,0.4417,50.9869,1,0
190.088,0.4207,51.2929,1,0
189.8603,0.4474,51.5641,1,0
189.9698,0.4616,50.4407,1,0
189.9136,0.3824,51.7521,1,0
190.1978,0.36,50.6474,1,0
189.8044,0.4468,52.0421,1,0
190.0702,0.5143,51.9013,1,0
190.1631,0.4693,51.1308,1,0
189.9443,0.3591,50.9818,1,0
189.9164,0.5152,51.8816,1,0
189.9146,0.5072,51.8307,1,0
190.1403,0.5038,50.8051,1,0
189.866,0.4231,51.4445,1,0
190.3633,0.4382,50.8686,1,0
189.7951,0.336,50.4944,1,0
189.8242,0.4388,51.8475,1,0
190.0355,0.5908,50.4728,1,0
190.0094,0.4041,51.8746,1,0
190.2794,0.4393,50.9789,1,0
190.0719,0.5258,51.1757,1,0
189.9555,0.5694,50.1894,1,0
190.1311,0.4319,51.6827,1,0
189.9996,0.4726,51.8462,1,0
189.8111,0.5464,51.0775,1,0
190.015,0.5156,50.7589,1,0
190.157,0.4843,50.3475,1,0
189.8822,0.422,51.3988,1,0
190.2693,0.4384,51.6187,1,0
190.0871,0.4021,51.2008,1,0
189.9484,0.5021,50.4687,1,0
189.9368,0.5116,51.0561,1,0
189.8516,0.5455,51.2366,1,0
189.7919,0.3445,51.7039,1,0
190.1025,0.5371,51.2001,1,0
189.8735,0.3464,51.4144,1,0
190.0895,0.5215,50.6365,1,0
190.1913,0.4902,51.0069,1,0
190.1553,0.504,51.0149,1,0
189.7114,0.4109,51.3485,1,0
189.739,0.5223,50.7766,1,0
189.9442,0.3179,51.5307,1,0
189.678,0.4409,52.0045,1,0
189.9904,0.3687,51.4999,1,0
189.9587,0.5595,50.911,1,0
190.0989,0.3606,50.9185,1,0
189.7208,0.3381,51.2508,1,0
189.9413,0.3733,51.7387,1,0
189.9674,0.6093,50.875,1,0
189.9025,0.3969,51.6332,1,0
190.1976,0.4323,51.3482,1,0
189.9243,0.4549,51.8834,1,0
189.9963,0.436,51.1024,1,0
189.8591,0.4888,51.3904,1,0
189.8031,0.4282,51.459,1,0
190.043,0.4447,51.6932,1,0
190.0314,0.4139,50.9792,1,0
190.1222,0.4932,50.3654,1,0
190.1776,0.4181,51.56,1,0
190.2253,0.5217,50.2357,1,0
190.0534,0.4281,50.9365,1,0
189.9992,0.5028,51.4417,1,0
190.069,0.4807,50.2997,1,0
190.2281,0.5585,51.3925,1,0
189.8119,0.417,51.5732,1,0
189.5817,0.2771,50.5809,1,0
189.829,0.5246,51.8255,1,0
190.1819,0.4916,52.0696,1,0
189.9191,0.4797,51.2269,1,0
190.0309,0.4029,50.5623,1,0
190.2095,0.5229,49.8931,0,1
189.8565,0.3791,51.3581,1,0
190.049,0.4188,51.0121,1,0
189.9934,0.5181,51.4188,1,0
189.7973,0.4679,51.4084,1,0
190.1668,0.5671,51.3684,1,0
190.0721,0.4263,51.756,1,0
190.3051,0.3537,50.8949,1,0
190.0015,0.425,50.7457,1,0
190.0345,0.3597,51.3751,1,0
189.8973,0.5277,51.3366,1,0
189.9401,0.5572,51.907,1,0
190.0262,0.4515,51.8215,1,0
190.036,0.3907,51.238,1,0
189.8735,0.4808,51.251,1,0
190.2578,0.504,51.133,1,0
189.8703,0.4019,51.3336,1,0
190.2447,0.4623,51.5683,1,0
189.9551,0.4568,51.0564,1,0
190.0392,0.4443,50.7135,1,0
189.656,0.4745,51.0701,1,0
190.1428,0.3833,52.0958,1,0
189.8895,0.4727,51.4992,1,0
189.9022,0.5041,50.6129,1,0
190.0891,0.3986,52.0928,1,0
190.2554,0.2541,50.5455,1,0
189.9036,0.5759,50.342,1,0
189.5538,0.4166,50.4012,1,0
190.1112,0.3525,51.225,1,0
189.8336,0.4006,51.3098,1,0
189.7518,0.4974,50.4133,1,0
190.0634,0.5254,50.3577,1,0
190.0072,0.3784,51.1847,1,0
190.197,0.3966,51.3959,1,0
190.0238,0.3831,50.5217,1,0
190.0653,0.3738,51.3693,1,0
189.927,0.4184,51.4189,1,0
190.0032,0.4148,51.0911,1,0
190.076,0.4873,50.7581,1,0
189.869,0.4653,51.8043,1,0
189.9627,0.4023,50.6296,1,0
190.0736,0.4352,50.2064,1,0
190.1154,0.4521,50.457,1,0
189.9238,0.4383,50.3908,1,0
190.132,0.3332,50.6523,1,0
189.9681,0.4895,51.275,1,0
190.0071,0.4551,50.9956,1,0
190.026,0.3361,50.9697,1,0
190.1432,0.4018,51.1759,1,0
190.0004,0.4065,51.4497,1,0
190.0714,0.4277,51.0484,1,0
189.8555,0.3467,51.0488,1,0
190.03,0.4497,50.8706,1,0
190.1451,0.5172,50.9722,1,0
190.1324,0.3627,50.6313,1,0
190.2294,0.3806,50.9643,1,0
189.7498,0.429,52.5743,1,0
189.8794,0.4608,52.202,1,0
190.131,0.3714,50.9748,1,0
190.1934,0.4181,51.0344,1,0
190.2906,0.4757,51.34,1,0
190.045,0.5605,51.3718,1,0
189.7523,0.4675,49.8316,0,1
189.86,0.2774,50.9938,1,0
190.2219,0.4046,51.417,1,0
189.9601,0.3559,52.447,1,0
189.8901,0.6013,50.0238,1,0
189.879,0.3499,51.3098,1,0
189.8571,0.4984,51.5562,1,0
189.9337,0.5833,51.8042,1,0
189.8433,0.5062,51.5515,1,0
189.8714,0.4264,51.6945,1,0
189.9015,0.4348,51.0299,1,0
189.9866,0.4128,50.8903,1,0
189.7195,0.2906,50.7263,1,0
189.9359,0.4218,52.0297,1,0
190.3313,0.4638,51.3406,1,0
190.0705,0.4571,50.8568,1,0
190.0312,0.5493,50.6825,1,0
189.8704,0.3909,50.8198,1,0
189.9025,0.4064,50.9926,1,0
189.7564,0.533,51.3302,1,0
189.9421,0.3561,50.2555,1,0
189.7901,0.448,51.3086,1,0
189.9354,0.4314,51.4068,1,0
190.0655,0.3866,51.389,1,0
189.9502,0.4523,51.4614,1,0
189.9139,0.4694,50.6182,1,0
189.9393,0.4906,50.4161,1,0
189.9309,0.4106,51.0456,1,0
189.8869,0.4494,50.6724,1,0
190.0076,0.5105,51.558,1,0
189.9575,0.4118,51.7447,1,0
189.9409,0.3798,51.6055,1,0
190.0543,0.5118,50.2498,1,0
189.9327,0.3557,51.3522,1,0
189.7759,0.4462,50.3095,1,0
189.8328,0.5074,51.6858,1,0
189.6646,0.4316,51.6334,1,0
189.9361,0.3606,50.9859,1,0
190.3868,0.5417,51.1676,1,0
190.1087,0.5374,52.6091,1,0
190.1244,0.474,51.2074,1,0
190.3723,0.2931,51.6917,1,0
190.0429,0.4349,51.3013,1,0
190.1308,0.4071,49.943,0,1
190.0523,0.5001,51.1827,1,0
189.9374,0.5433,51.5117,1,0
190.1148,0.5408,50.5685,1,0
190.001,0.4548,50.929,1,0
190.1688,0.3666,51.0368,1,0
189.8339,0.5106,51.3339,1,0
189.9076,0.4764,52.0408,1,0
189.7069,0.468,50.6646,1,0
190.1496,0.4532,51.1951,1,0
190.0855,0.6199,51.7416,1,0
189.8944,0.3288,51.261,1,0
189.906,0.4046,50.8108,1,0
190.0422,0.2616,51.0382,1,0
189.8476,0.4341,51.237,1,0
190.1369,0.4701,50.08,1,0
190.2335,0.4247,51.863,1,0
190.0394,0.4644,51.7424,1,0
189.9281,0.4661,51.1066,1,0
190.1709,0.405,51.2552,1,0
190.0328,0.4007,51.2149,1,0
189.6947,0.535,50.7985,1,0
189.8622,0.4266,51.9035,1,0
190.1194,0.3172,50.9447,1,0
189.8928,0.4961,50.7572,1,0
189.8845,0.4901,50.6128,1,0
190.0225,0.3401,51.6267,1,0
189.6701,0.5673,51.2212,1,0
190.0853,0.4543,50.9651,1,0
189.7784,0.3626,51.127,1,0
189.8061,0.3294,50.5782,1,0
190.0502,0.5271,51.1239,1,0
190.1181,0.5318,51.2723,1,0
189.9225,0.3238,51.0155,1,0
189.7706,0.3222,51.271,1,0
189.8376,0.5657,50.7678,1,0
189.8957,0.5438,50.5006,1,0
189.8911,0.5679,50.8594,1,0
189.8391,0.4689,50.6621,1,0
190.0929,0.3598,52.0924,1,0
189.9234,0.4972,51.3886,1,0
189.9709,0.435,51.087,1,0
190.1263,0.487,51.291,1,0
189.8192,0.4384,51.7049,1,0
189.7553,0.6277,50.9722,1,0
190.4387,0.34,50.6882,1,0
189.942,0.4008,50.8905,1,0
190.1759,0.5066,52.2279,1,0
190.1952,0.4527,50.6869,1,0
190.1075,0.5242,50.2306,1,0
190.034,0.3813,51.8241,1,0
190.0021,0.4854,50.7517,1,0
189.7524,0.403,50.9372,1,0
189.9814,0.5695,51.3006,1,0
189.8377,0.3559,51.2879,1,0
190.0953,0.5727,51.3205,1,0
189.8732,0.4827,51.563,1,0
189.8156,0.4717,51.9425,1,0
189.9549,0.3991,50.8806,1,0
189.9627,0.4629,50.8884,1,0
190.2331,0.4131,50.4734,1,0
189.8687,0.3488,51.5206,1,0
189.9524,0.5098,50.9472,1,0
189.9551,0.3424,51.6809,1,0
190.0597,0.5643,50.7667,1,0
190.119,0.5561,51.6135,1,0
189.9953,0.4518,52.0137,1,0
190.0696,0.3966,51.3858,1,0
189.9846,0.4006,52.1137,1,0
189.8812,0.4218,51.1009,1,0
190.239,0.3795,51.9056,1,0
190.0583,0.5838,50.8089,1,0
190.2242,0.4552,51.8482,1,0
190.0647,0.5256,51.1264,1,0
189.8648,0.4861,51.725,1,0
189.6692,0.5093,51.0395,1,0
189.6707,0.4897,51.1111,1,0
190.0934,0.3373,50.7571,1,0
190.1473,0.5635,50.9854,1,0
190.0283,0.4658,50.8281,1,0
190.1254,0.357,51.0053,1,0
190.072,0.4742,51.0486,1,0
190.1558,0.5503,50.2618,1,0
190.1236,0.4649,50.9402,1,0
190.0242,0.4589,51.0626,1,0
190.1981,0.3597,50.8852,1,0
190.1176,0.5001,51.7415,1,0
190.089,0.4576,50.9425,1,0
190.0383,0.4672,50.4947,1,0
189.9238,0.4236,50.9641,1,0
189.8682,0.3375,51.345,1,0
190.3249,0.4871,51.7326,1,0
190.302,0.3854,51.1225,1,0
190.0084,0.4645,51.0892,1,0
189.9206,0.4757,50.9681,1,0
189.8559,0.4323,52.028,1,0
190.1233,0.5734,51.6331,1,0
190.0535,0.4042,50.6758,1,0
189.9359,0.5187,51.5495,1,0
189.8997,0.4229,50.3895,1,0
190.3083,0.4663,51.9537,1,0
189.9491,0.451,51.3092,1,0
189.9117,0.4232,50.9696,1,0
189.7934,0.4794,50.6851,1,0
189.9383,0.3853,50.5044,1,0
189.926,0.4893,50.4532,1,0
189.8695,0.5283,51.1541,1,0
189.9771,0.3796,51.9277,1,0
190.0164,0.3959,51.0599,1,0
189.9738,0.5415,52.3471,1,0
190.2408,0.5147,51.8436,1,0
189.8489,0.434,52.2089,1,0
190.2519,0.5117,51.7268,1,0
189.4141,0.4629,51.4047,1,0
189.8622,0.3697,51.2542,1,0
190.0143,0.4916,51.3196,1,0
190.1172,0.4641,50.4344,1,0
190.0266,0.5154,51.4626,1,0
190.0838,0.3932,51.1064,1,0
189.9675,0.4728,51.9302,1,0
190.0557,0.5191,50.5257,1,0
190.0688,0.4087,51.3821,1,0
190.1178,0.4245,51.0675,1,0
189.7453,0.4817,51.7226,1,0
190.1853,0.5375,50.0517,1,0
189.9098,0.3809,50.8868,1,0
190.0595,0.3907,50.9043,1,0
189.9403,0.3833,50.7487,1,0
189.9719,0.507,51.1729,1,0
189.8138,0.415,50.2821,1,0
189.9392,0.4082,51.4349,1,0
189.8365,0.4011,50.9909,1,0
189.822,0.4272,51.0073,1,0
189.8314,0.3865,51.5019,1,0
189.9356,0.5755,51.4874,1,0
189.9997,0.456,51.1858,1,0
190.0632,0.5396,51.0735,1,0
190.0539,0.4336,51.2855,1,0
189.8665,0.3524,51.0125,1,0
190.091,0.5534,51.0769,1,0
189.9624,0.4219,51.1022,1,0
190.3277,0.4736,51.1213,1,0
190.0482,0.4395,51.3458,1,0
190.2594,0.4598,51.4796,1,0
189.8577,0.4466,51.2418,1,0
190.2588,0.3952,51.2487,1,0
190.296,0.433,50.5354,1,0
189.9699,0.2876,50.6683,1,0
190.0816,0.4679,50.679,1,0
190.0669,0.4589,50.5996,1,0
189.9561,0.4891,50.9367,1,0
190.3099,0.4811,50.7501,1,0
189.9383,0.3345,51.264,1,0
189.8879,0.3778,51.5209,1,0
190.1143,0.5031,51.5665,1,0
189.8683,0.4945,50.7748,1,0
189.9817,0.4005,51.4737,1,0
189.9835,0.4153,50.6535,1,0
190.4383,0.4705,50.649,1,0
190.1247,0.4582,50.7962,1,0
189.8474,0.4501,51.6537,1,0
189.8811,0.5059,50.5487,1,0
189.9674,0.4898,50.3363,1,0
190.1632,0.4489,50.8376,1,0
189.9159,0.4593,51.0271,1,0
189.9357,0.5627,51.0558,1,0
190.1837,0.4497,50.3813,1,0
190.2676,0.6321,51.2669,1,0
190.2494,0.5542,51.1315,1,0
189.9425,0.4237,51.6137,1,0
189.8974,0.3793,51.214,1,0
190.174,0.3062,51.28,1,0
189.8629,0.4532,50.6076,1,0
190.0801,0.4484,50.5226,1,0
189.9561,0.4297,51.3763,1,0
190.2394,0.2916,51.3824,1,0
189.7386,0.3873,51.4766,1,0
190.1304,0.4798,51.2166,1,0
190.0952,0.3538,51.0673,1,0
189.8148,0.4097,51.6516,1,0
189.8746,0.4097,51.4117,1,0
189.9031,0.6512,50.3666,1,0
190.2007,0.4962,50.6617,1,0
190.0977,0.424,51.2086,1,0
189.7919,0.4947,51.361,1,0
189.9174,0.4474,52.1979,1,0
189.8281,0.5074,51.3278,1,0
189.9231,0.3731,51.0099,1,0
190.1106,0.5225,51.3858,1,0
189.8959,0.5002,51.4143,1,0
190.0674,0.4402,51.6592,1,0
190.2874,0.4302,51.1587,1,0
190.0779,0.3913,50.6578,1,0
189.8983,0.4967,51.0462,1,0
189.992,0.3855,50.5926,1,0
189.9944,0.4876,51.2301,1,0
190.0896,0.4446,51.3088,1,0
190.3405,0.4052,50.8621,1,0
189.8264,0.4945,50.9571,1,0
189.9163,0.487,51.915,1,0
189.838,0.4064,51.0831,1,0
190.1382,0.5002,51.2597,1,0
190.0322,0.4431,51.8484,1,0
190.1638,0.3844,51.4247,1,0
190.0749,0.4419,51.1481,1,0
190.2226,0.4276,51.3823,1,0
190.1385,0.5048,52.0627,1,0
190.0505,0.3327,51.3164,1,0
190.0392,0.451,51.8922,1,0
190.1671,0.4225,50.9963,1,0
189.8513,0.3666,51.2588,1,0
189.784,0.3705,51.3989,1,0
189.8555,0.4465,51.8324,1,0
190.0958,0.5261,50.6938,1,0
189.89,0.5053,51.673,1,0
190.2951,0.3426,51.1357,1,0
190.1665,0.3386,51.1586,1,0
189.88,0.3728,51.5953,1,0
189.9691,0.4909,51.4729,1,0
190.2427,0.4651,50.5509,1,0
189.8157,0.4302,51.5975,1,0
189.9063,0.4774,51.0464,1,0
190.0192,0.3516,51.1414,1,0
190.0061,0.4676,50.8247,1,0
190.1527,0.4774,51.4155,1,0
190.2872,0.4743,50.5242,1,0
189.651,0.4466,50.9044,1,0
189.8999,0.4172,51.5943,1,0
190.0111,0.433,50.6585,1,0
189.6994,0.4668,50.7179,1,0
190.2154,0.4759,51.151,1,0
190.0684,0.4395,51.7382,1,0
189.9602,0.4526,51.1304,1,0
189.8919,0.4167,51.2667,1,0
189.889,0.4363,50.9617,1,0
190.1733,0.5761,51.223,1,0
190.0388,0.4056,51.1594,1,0
190.0082,0.427,51.7708,1,0
189.9206,0.3888,50.7686,1,0
189.9959,0.4575,50.5515,1,0
189.9284,0.5302,50.133,1,0
189.6524,0.3543,51.1567,1,0
190.0761,0.5509,51.256,1,0
189.6603,0.4448,50.9694,1,0
190.1959,0.4387,51.2581,1,0
190.0087,0.3718,51.1673,1,0
190.1238,0.4844,50.7101,1,0
190.1696,0.4597,51.1243,1,0
189.8958,0.5352,51.0255,1,0
190.0879,0.3978,50.682,1,0
190.0715,0.5439,51.517,1,0
189.9068,0.5225,51.1335,1,0
189.8576,0.4107,51.2452,1,0
190.0383,0.4991,51.6508,1,0
190.0335,0.4334,51.5817,1,0
189.693,0.4275,50.548,1,0
189.9667,0.4272,50.7171,1,0
190.2676,0.5604,50.0521,1,0
190.0705,0.3711,51.2576,1,0
189.7095,0.4233,50.7033,1,0
189.7717,0.6043,51.2819,1,0
189.9004,0.5311,51.3293,1,0
190.1026,0.5469,51.1871,1,0
189.7478,0.3387,51.3253,1,0
189.977,0.4556,49.8082,0,1
190.2392,0.526,51.5559,1,0
190.046,0.5309,51.2506,1,0
190.094,0.5611,51.3251,1,0
189.7549,0.4181,51.6186,1,0
189.947,0.3328,51.4021,1,0
190.0912,0.4401,50.9269,1,0
190.0669,0.4661,50.9543,1,0
189.9662,0.4416,51.1029,1,0
189.8823,0.3617,50.9563,1,0
189.9697,0.3208,51.6846,1,0
190.1423,0.5652,50.9006,1,0
190.0713,0.4281,51.0127,1,0
189.8583,0.4532,51.3708,1,0
189.8181,0.398,51.4794,1,0
190.0824,0.4933,51.0619,1,0
190.1176,0.4544,51.0146,1,0
189.9385,0.2666,51.4854,1,0
189.8979,0.43,51.431,1,0
190.2503,0.3462,51.9598,1,0
189.8429,0.4551,50.6322,1,0
189.8913,0.4318,52.0885,1,0
189.9379,0.4015,50.9663,1,0
189.6287,0.499,51.1176,1,0
189.8351,0.3605,50.9904,1,0
189.9286,0.307,50.9355,1,0
190.0599,0.364,51.6602,1,0
189.8901,0.4096,51.4495,1,0
189.9358,0.2853,50.6111,1,0
189.8828,0.4687,51.2854,1,0
189.9497,0.3033,51.2138,1,0
190.0951,0.4126,50.6204,1,0
190.1393,0.4074,51.4388,1,0
189.6332,0.4159,51.2521,1,0
189.8952,0.4492,51.3413,1,0
190.1716,0.5153,50.7365,1,0
189.9628,0.4422,50.7399,1,0
190.1464,0.4462,52.0552,1,0
190.2711,0.5417,50.7596,1,0
189.8119,0.5251,52.1449,1,0
190.0246,0.3537,51.9063,1,0
189.9749,0.3565,51.2139,1,0
189.9468,0.516,52.4291,1,0
190.1466,0.4276,50.8477,1,0
190.1392,0.4136,51.1544,1,0
190.2901,0.6225,51.2441,1,0
189.8067,0.456,50.5125,1,0
190.1628,0.4128,51.7617,1,0
189.6008,0.5418,51.4722,1,0
190.0883,0.4018,51.3897,1,0
190.1394,0.3008,50.8571,1,0
190.0178,0.5372,50.1676,1,0
189.9969,0.3293,51.253,1,0
190.3138,0.4428,49.8016,0,1
190.0137,0.4214,51.1078,1,0
190.0071,0.3938,51.2808,1,0
189.9052,0.5229,50.7284,1,0
189.9736,0.4003,51.9533,1,0
190.1036,0.5061,51.6739,1,0
189.873,0.5408,51.5474,1,0
190.1235,0.5117,50.7919,1,0
189.7835,0.5377,50.9261,1,0
190.1287,0.3941,50.9158,1,0
190.003,0.3505,51.0636,1,0
190.1898,0.4373,50.4562,1,0
190.02,0.3432,50.9013,1,0
189.9224,0.3845,50.7732,1,0
189.9131,0.4605,50.986,1,0
190.0475,0.4199,51.3301,1,0
189.9224,0.4413,50.8651,1,0
189.8178,0.5353,51.9325,1,0
190.1429,0.4503,51.0837,1,0
189.974,0.4725,51.257,1,0
189.7051,0.4544,51.1264,1,0
190.0886,0.3997,51.7823,1,0
190.1253,0.5004,50.5695,1,0
190.0358,0.3526,50.4617,1,0
190.2417,0.4785,51.2944,1,0
190.1568,0.3411,50.9141,1,0
190.0565,0.5449,50.8429,1,0
190.0521,0.4078,50.4136,1,0
190.0846,0.4134,51.0339,1,0
190.1369,0.5093,50.7097,1,0
190.5058,0.5882,51.0749,1,0
189.9495,0.4817,50.8777,1,0
190.0029,0.4211,50.3671,1,0
189.9297,0.4159,51.3099,1,0
189.9418,0.4024,51.5912,1,0
190.092,0.4019,51.3314,1,0
190.0286,0.4421,51.527,1,0
190.0299,0.3942,51.2093,1,0
190.0341,0.3849,51.3539,1,0
189.9912,0.4625,50.4576,1,0
189.807,0.3764,51.1621,1,0
189.6887,0.4349,51.8348,1,0
189.936,0.3644,50.9264,1,0
190.046,0.4403,50.8459,1,0
189.8365,0.5321,50.9715,1,0
190.1089,0.4506,50.5634,1,0
189.9869,0.3477,51.0771,1,0
190.2573,0.4569,51.0959,1,0
189.7082,0.4274,50.2728,1,0
190.2556,0.5163,50.9896,1,0
190.1101,0.5087,51.6281,1,0
189.965,0.497,51.4313,1,0
189.817,0.4034,51.5588,1,0
190.2119,0.3092,51.1738,1,0
190.0605,0.5353,51.2033,1,0
190.0706,0.4312,50.7853,1,0
190.038,0.4474,51.7082,1,0
189.9443,0.3766,51.084,1,0
189.7215,0.4392,51.0909,1,0
189.9429,0.4499,50.6611,1,0
190.1347,0.582,50.8485,1,0
190.1384,0.5363,52.165,1,0
190.0399,0.3816,51.6619,1,0
189.8725,0.5253,51.9742,1,0
190.1186,0.4431,50.9851,1,0
190.1652,0.3707,51.338,1,0
190.1108,0.5261,50.2991,1,0
189.8525,0.4251,51.3863,1,0
190.0742,0.3278,51.7114,1,0
189.9973,0.5733,50.5771,1,0
190.247,0.5185,50.7056,1,0
189.8571,0.5554,51.2365,1,0
189.8723,0.5425,50.6854,1,0
189.7586,0.5376,50.4487,1,0
189.9232,0.3863,51.9963,1,0
189.7663,0.5295,50.9468,1,0
189.9473,0.5591,50.4619,1,0
190.0705,0.6201,51.1507,1,0
189.6411,0.3753,51.3845,1,0
189.8063,0.5163,50.6997,1,0
189.8832,0.4763,51.6735,1,0
189.9091,0.4214,50.4125,1,0
190.1056,0.3704,51.2969,1,0
190.0618,0.3551,51.031,1,0
189.8453,0.4544,51.2627,1,0
189.8996,0.4244,50.425,1,0
190.0399,0.4852,50.788,1,0
190.023,0.4057,51.1739,1,0
189.7968,0.4638,52.0817,1,0
189.8723,0.5355,51.4976,1,0
189.988,0.5168,51.1943,1,0
189.9793,0.422,51.139,1,0
189.9828,0.3912,52.0145,1,0
190.1183,0.4603,50.6829,1,0
189.9342,0.4478,51.3252,1,0
189.9538,0.4401,51.2596,1,0
190.1863,0.3936,51.6046,1,0
189.6734,0.4104,51.3692,1,0
189.8141,0.4494,51.9213,1,0
190.0733,0.4699,50.8163,1,0
189.7684,0.3931,51.715,1,0
189.9735,0.4496,51.358,1,0
190.1229,0.5014,51.1335,1,0
190.3338,0.4255,51.1855,1,0
190.0259,0.4318,50.5793,1,0
189.7934,0.3378,50.4438,1,0
190.2537,0.4486,50.5244,1,0
189.8333,0.4797,51.1666,1,0
189.5453,0.4029,51.5202,1,0
189.9669,0.309,51.2288,1,0
190.1298,0.4243,50.7202,1,0
190.0212,0.4977,51.7508,1,0
190.0879,0.4334,51.265,1,0
190.0813,0.4595,51.417,1,0
190.2904,0.4957,51.16,1,0
190.0499,0.3135,51.5547,1,0
190.1969,0.5258,51.4556,1,0
190.0805,0.4229,51.6518,1,0
189.5928,0.4059,51.4384,1,0
190.0058,0.4234,50.6397,1,0
189.9724,0.6027,51.8012,1,0
190.0077,0.3211,51.2519,1,0
189.6047,0.5123,51.5289,1,0
189.7747,0.3434,51.1975,1,0
189.888,0.3934,51.4938,1,0
189.982,0.4471,51.1819,1,0
189.9263,0.4415,50.9296,1,0
190.2903,0.2827,51.9399,1,0
190.1242,0.4663,51.2654,1,0
189.9198,0.4954,51.5198,1,0
190.1635,0.461,51.2592,1,0
190.019,0.306,50.9925,1,0
190.311,0.4538,50.8827,1,0
189.758,0.412,51.2581,1,0
189.7877,0.4583,50.1542,1,0
190.1302,0.4188,51.3056,1,0
189.9806,0.4323,51.0902,1,0
189.7573,0.3781,51.5482,1,0
190.0377,0.4094,50.3338,1,0
190.0411,0.4409,51.9314,1,0
190.2316,0.4119,51.937,1,0
189.9503,0.3783,51.6055,1,0
190.1869,0.4228,51.2119,1,0
190.088,0.4303,50.884,1,0
190.0713,0.3806,51.6929,1,0
189.9242,0.4116,51.2832,1,0
189.8674,0.5692,52.0727,1,0
189.8238,0.4513,51.395,1,0
189.9014,0.5096,51.9413,1,0
190.0503,0.4217,51.9328,1,0
189.9702,0.5977,50.8279,1,0
189.9303,0.4129,51.1121,1,0
189.9665,0.5174,51.1013,1,0
189.8693,0.5229,50.5082,1,0
190.1966,0.5306,52.0555,1,0
189.8163,0.3792,51.8166,1,0
190.1648,0.5233,51.2631,1,0
189.8435,0.3752,52.0774,1,0
189.6648,0.5306,51.1376,1,0
190.0704,0.5554,51.3892,1,0
189.9782,0.4276,50.9742,1,0
189.8916,0.4454,50.6913,1,0
190.139,0.4499,50.865,1,0
190.3189,0.448,51.3899,1,0
189.8595,0.4958,51.3715,1,0
189.8607,0.5003,51.073,1,0
189.9941,0.4339,50.8168,1,0
189.9844,0.3956,51.2051,1,0
190.2046,0.4352,50.9595,1,0
190.0841,0.3012,51.2453,1,0
189.7669,0.4827,51.3026,1,0
189.8187,0.4586,51.4134,1,0
190.0377,0.3727,51.4261,1,0
190.1088,0.4556,51.5953,1,0
190.0366,0.4165,51.9306,1,0
190.1508,0.4831,51.3568,1,0
190.2711,0.4657,50.8842,1,0
190.1909,0.4799,51.562,1,0
190.0756,0.443,51.622,1,0
190.1679,0.5148,51.703,1,0
189.9477,0.3326,50.7919,1,0
189.8916,0.5297,50.5782,1,0
190.0761,0.4928,50.614,1,0
189.8526,0.4226,51.8126,1,0
189.9911,0.4486,49.6134,0,1
189.9902,0.5061,51.4547,1,0
189.9216,0.2935,51.3952,1,0
190.0548,0.4398,50.8791,1,0
189.9046,0.45,51.2556,1,0
189.9945,0.6529,50.8859,1,0
190.0703,0.4724,49.6598,0,1
189.8171,0.3989,51.0239,1,0
189.8272,0.5534,51.3101,1,0
190.2386,0.494,51.2685,1,0
189.926,0.5687,52.3548,1,0
190.0916,0.4899,51.8448,1,0
189.9353,0.4203,51.4133,1,0
189.8525,0.4256,51.9122,1,0
190.1701,0.4876,51.9177,1,0
190.4102,0.5109,50.9838,1,0
190.0992,0.4644,50.3522,1,0
190.0513,0.5355,51.3813,1,0
190.0183,0.3555,50.8786,1,0
189.9006,0.3724,51.2575,1,0
189.8654,0.368,51.8843,1,0
189.9139,0.4739,50.641,1,0
189.9203,0.4696,51.3038,1,0
190.0898,0.4859,51.6857,1,0
190.089,0.5172,51.5477,1,0
190.0403,0.3999,51.6137,1,0
190.067,0.3598,52.8118,1,0
190.2595,0.5176,51.4431,1,0
189.92,0.4349,51.2681,1,0
190.1105,0.5005,50.4399,1,0
190.1406,0.3554,52.149,1,0
189.8253,0.4211,51.4537,1,0
189.9629,0.4938,50.2927,1,0
190.0557,0.4057,51.0281,1,0
189.8746,0.4323,51.7569,1,0
189.86,0.5097,50.6485,1,0
189.9264,0.4429,51.5395,1,0
189.9868,0.5004,51.7097,1,0
189.97,0.3022,51.1376,1,0
189.7883,0.4193,51.2866,1,0
189.9913,0.4661,50.9342,1,0
189.8682,0.5251,50.873,1,0
190.0602,0.4447,51.2058,1,0
190.0556,0.4258,51.146,1,0
190.1209,0.4433,50.5361,1,0
