seed,finish_time_s,success,mass_kg,cda_m2,crr,thrust_f0_n,launch_loss_ratio,yaw_deg
2026,0.626500,1,0.052901,0.00151996,0.010881,18.6153,0.04866,0.23603
2043,0.582400,1,0.050566,0.00146327,0.013489,17.9459,0.04756,-0.46776
2060,0.597800,1,0.050247,0.00137516,0.015147,18.0131,0.04295,-1.50499
2077,0.665700,1,0.050764,0.00160192,0.019183,16.7122,0.03878,-1.17839
2094,0.577500,1,0.052163,0.00145458,0.024447,19.2692,0.05851,0.31976
2111,0.566300,1,0.051423,0.00151900,0.013199,18.3657,0.06081,0.36090
2128,0.594300,1,0.052767,0.00150790,0.018532,19.0712,0.05217,0.65612
2145,0.638400,1,0.050841,0.00154448,0.012260,18.5139,0.10224,0.27226
2162,0.562800,1,0.050683,0.00141270,0.016246,19.8432,0.07907,-1.33157
2179,0.628600,1,0.050743,0.00160673,0.014770,19.6855,0.04236,-0.73267
2196,0.609700,1,0.052782,0.00150106,0.016214,19.3771,0.04289,1.34472
2213,0.589400,1,0.051601,0.00155175,0.019782,17.4302,0.05916,-0.01518
2230,0.545300,1,0.052496,0.00152160,0.025082,21.0946,0.05127,-0.60594
2247,0.625100,1,0.051891,0.00144263,0.015920,17.4809,0.06650,-0.00035
2264,0.611100,1,0.053640,0.00144938,0.013643,17.3305,0.05645,-0.29126
2281,0.599200,1,0.051297,0.00157922,0.021757,18.0397,0.06317,0.76659
2298,0.606200,1,0.051332,0.00140660,0.018829,17.1320,0.07102,1.14414
2315,0.604800,1,0.052818,0.00144690,0.021370,19.0989,0.04949,0.06851
2332,0.617400,1,0.052932,0.00158734,0.009856,19.0318,0.05732,-0.46690
2349,0.594300,1,0.051343,0.00138921,0.014229,17.7761,0.05787,0.08077
2366,0.581000,1,0.052771,0.00138570,0.018603,19.3034,0.07666,-0.21801
2383,0.591500,1,0.051465,0.00147614,0.013844,20.1322,0.08429,1.10223
2400,0.618100,1,0.053120,0.00148994,0.024612,17.4959,0.05277,-1.53953
2417,0.585200,1,0.051135,0.00144901,0.012253,18.8095,0.08631,-1.88130
2434,0.665000,1,0.050337,0.00156759,0.020742,15.8367,0.05068,0.51937
2451,0.595000,1,0.052080,0.00160115,0.013840,19.5114,0.06462,-0.08397
2468,0.582400,1,0.051793,0.00154732,0.017445,18.8631,0.04801,0.54850
2485,0.595000,1,0.053772,0.00145069,0.016779,18.6939,0.05553,-0.30313
2502,0.648200,1,0.052900,0.00154527,0.018497,16.9386,0.06374,1.58027
2519,0.710500,1,0.052175,0.00143855,0.026510,15.8795,0.08826,0.53199
2536,0.578900,1,0.050065,0.00153852,0.022126,19.2334,0.05454,-1.03078
2553,0.595000,1,0.051857,0.00138817,0.017117,18.8630,0.08596,-1.87310
2570,0.606200,1,0.051873,0.00143560,0.016097,17.6160,0.07602,-0.86712
2587,0.620200,1,0.051993,0.00150267,0.015554,18.1518,0.06771,0.99563
2604,0.637000,1,0.054702,0.00145915,0.017117,18.1467,0.04508,-0.86515
2621,0.578900,1,0.050403,0.00154836,0.021400,18.4531,0.04064,0.64764
2638,0.607600,1,0.050768,0.00144306,0.016252,17.2370,0.06374,-0.26384
2655,0.583100,1,0.052610,0.00150213,0.018719,19.1627,0.04304,0.69411
2672,0.604800,1,0.053048,0.00143182,0.017050,16.8392,0.03563,-0.65354
2689,0.635600,1,0.052482,0.00145948,0.019046,16.7200,0.05051,1.38136
2706,0.583800,1,0.051546,0.00140036,0.024620,18.0052,0.05730,0.34585
2723,0.632100,1,0.052295,0.00141543,0.017342,16.7592,0.04626,0.35615
2740,0.629300,1,0.051246,0.00137621,0.017080,18.1635,0.07536,0.91475
2757,0.565600,1,0.051451,0.00151158,0.016255,20.9280,0.04644,0.76171
2774,0.571200,1,0.050972,0.00140099,0.021613,19.0902,0.05127,-0.21178
2791,0.577500,1,0.051376,0.00125723,0.014103,20.2557,0.05163,0.77429
2808,0.582400,1,0.052244,0.00148002,0.017866,16.7351,0.04294,-0.52535
2825,0.619500,1,0.052411,0.00152691,0.022743,16.1577,0.05270,-0.49398
2842,0.655900,1,0.052908,0.00145070,0.015777,17.8550,0.06058,-0.08142
2859,0.609700,1,0.050916,0.00145873,0.014706,16.3437,0.07121,0.78954
2876,0.629300,1,0.050447,0.00141532,0.022982,16.9060,0.07210,1.12810
2893,0.599200,1,0.053335,0.00135714,0.016620,17.1448,0.03634,-0.71393
2910,0.577500,1,0.054388,0.00147294,0.017938,19.9188,0.06873,-0.02726
2927,0.588000,1,0.050218,0.00135776,0.018768,18.2706,0.03773,-1.31348
2944,0.637700,1,0.053954,0.00144867,0.022386,18.6298,0.06288,-0.69169
2961,0.592900,1,0.051614,0.00152267,0.017454,18.0126,0.05076,-0.52588
2978,0.581000,1,0.051480,0.00142933,0.012286,18.5797,0.04848,-0.28937
2995,0.583100,1,0.051692,0.00148696,0.015184,19.3286,0.05795,0.13010
3012,0.598500,1,0.051816,0.00160403,0.019852,19.7714,0.08519,0.15650
3029,0.609000,1,0.050181,0.00144329,0.017488,17.9094,0.06670,-0.57620
3046,0.616700,1,0.054185,0.00147263,0.015368,17.9788,0.04194,0.31763
3063,0.639800,1,0.051706,0.00160721,0.018729,17.2901,0.06975,0.52650
3080,0.567000,1,0.051527,0.00145208,0.011486,19.2488,0.05845,0.66917
3097,0.625800,1,0.051188,0.00125049,0.014874,16.6478,0.01738,-1.68925
3114,0.679700,1,0.052090,0.00156030,0.018979,17.0796,0.07023,0.09493
3131,0.590100,1,0.049910,0.00130404,0.017157,17.0582,0.06567,0.13423
3148,0.582400,1,0.052599,0.00142301,0.016769,19.0931,0.05638,-0.10488
3165,0.606900,1,0.051678,0.00146115,0.020387,18.5393,0.05732,-2.45162
3182,0.638400,1,0.052278,0.00140191,0.024093,16.8628,0.07481,0.67047
3199,0.584500,1,0.052118,0.00153896,0.011346,18.7983,0.08386,-1.52773
3216,0.625800,1,0.053253,0.00139447,0.013753,17.2808,0.04933,-0.55551
3233,0.559300,1,0.052509,0.00143156,0.018445,19.3962,0.04581,1.06244
3250,0.650300,1,0.050237,0.00130990,0.021643,16.1446,0.06531,1.16491
3267,0.639800,1,0.051787,0.00138791,0.020307,17.3294,0.07995,-1.64225
3284,0.634900,1,0.053700,0.00146653,0.020145,17.8476,0.07552,-0.40296
3301,0.564900,1,0.052153,0.00150956,0.014330,18.2606,0.04093,-0.97817
3318,0.656600,1,0.051575,0.00150659,0.020796,15.3380,0.06865,0.53657
3335,0.629300,1,0.052927,0.00137451,0.017210,16.4725,0.05442,0.14036
3352,0.605500,1,0.051042,0.00139525,0.008648,17.6530,0.02834,0.82326
3369,0.589400,1,0.051835,0.00132218,0.020109,17.9490,0.06242,0.30401
3386,0.601300,1,0.052632,0.00147964,0.017317,18.6789,0.08657,0.48285
3403,0.587300,1,0.053522,0.00145930,0.012519,20.0688,0.05384,-0.87311
3420,0.583100,1,0.050838,0.00152321,0.008179,17.2890,0.05158,-1.28501
3437,0.611100,1,0.051410,0.00146682,0.020378,18.4779,0.05705,0.32202
3454,0.570500,1,0.051009,0.00139553,0.020552,19.4905,0.06122,0.34167
3471,0.541100,1,0.050886,0.00160065,0.023334,20.1577,0.06625,-0.40229
3488,0.585900,1,0.052235,0.00140073,0.014236,18.1595,0.07837,0.33482
3505,0.620900,1,0.049580,0.00135421,0.009862,14.8641,0.03151,1.60322
3522,0.578900,1,0.051564,0.00145512,0.018068,18.5447,0.07619,-1.09492
3539,0.581000,1,0.051021,0.00138296,0.020297,17.6225,0.05263,1.16290
3556,0.679700,1,0.050150,0.00154931,0.022131,18.1622,0.07130,0.16389
3573,0.631400,1,0.050749,0.00147865,0.019232,17.1808,0.06705,-1.38940
3590,0.573300,1,0.052873,0.00145936,0.018771,18.0965,0.06799,0.09036
3607,0.656600,1,0.052017,0.00161540,0.014105,17.5535,0.07931,0.61161
3624,0.518700,1,0.051113,0.00160398,0.013161,21.0780,0.06104,0.61617
3641,0.596400,1,0.051961,0.00142061,0.016918,19.1876,0.07976,-1.09484
3658,0.599200,1,0.052175,0.00146332,0.020894,20.4662,0.06262,-1.69402
3675,0.618100,1,0.051916,0.00145008,0.018762,17.3408,0.05837,0.25203
3692,0.675500,1,0.053720,0.00138577,0.020961,15.9950,0.04729,-0.69006
3709,0.610400,1,0.053921,0.00132485,0.025732,16.8963,0.05455,1.16151
3726,0.651700,1,0.051921,0.00140223,0.015175,16.1600,0.05246,0.02703
3743,0.616000,1,0.050736,0.00144184,0.022024,18.3597,0.06809,1.74616
3760,0.632800,1,0.053081,0.00150839,0.018474,17.1913,0.06828,-1.34135
3777,0.581000,1,0.052206,0.00152173,0.017265,20.9545,0.03949,0.18795
3794,0.630700,1,0.053160,0.00152309,0.017119,15.7584,0.06973,1.35810
3811,0.531300,1,0.051779,0.00141510,0.029058,19.5654,0.04009,-0.24030
3828,0.543900,1,0.052517,0.00129627,0.015478,19.4213,0.03976,-1.12692
3845,0.620200,1,0.051284,0.00144907,0.019795,17.5867,0.03705,-0.07528
3862,0.596400,1,0.052046,0.00151635,0.022814,16.8599,0.07905,-0.58608
3879,0.547400,1,0.052661,0.00125559,0.022468,19.4367,0.03302,0.07178
3896,0.616000,1,0.051571,0.00125550,0.014786,16.9144,0.06716,-0.51660
3913,0.576800,1,0.051800,0.00163363,0.017970,18.4640,0.07213,-0.03458
3930,0.614600,1,0.052950,0.00145529,0.018436,19.0720,0.06855,0.92860
3947,0.564200,1,0.050028,0.00164642,0.018359,19.3628,0.06544,-0.37996
3964,0.623700,1,0.052199,0.00138339,0.023350,17.0346,0.04632,1.09696
3981,0.635600,1,0.052485,0.00142601,0.013709,16.3684,0.05618,-1.89456
3998,0.614600,1,0.052915,0.00142546,0.020514,18.7106,0.06557,-0.85004
4015,0.583800,1,0.051068,0.00139327,0.020246,18.3866,0.07211,-1.12783
4032,0.549500,1,0.053428,0.00142855,0.013635,20.3676,0.06677,-1.15673
4049,0.640500,1,0.053296,0.00137891,0.009855,17.8252,0.06091,-1.16622
4066,0.639800,1,0.051386,0.00131760,0.021161,14.7955,0.02968,-0.30812
4083,0.601300,1,0.050519,0.00144974,0.020091,16.6885,0.04830,-0.35037
4100,0.539000,1,0.051398,0.00140588,0.013077,20.0887,0.05088,-2.75311
4117,0.665000,1,0.052462,0.00140126,0.023689,17.5877,0.04266,-0.40778
4134,0.651000,1,0.051675,0.00152400,0.022842,16.7962,0.04536,0.57555
4151,0.584500,1,0.051734,0.00137264,0.015675,18.4056,0.06356,-1.13897
4168,0.600600,1,0.053955,0.00158037,0.014183,18.9266,0.07296,0.40030
4185,0.576100,1,0.050555,0.00134373,0.022280,19.1405,0.03265,0.04807
4202,0.569800,1,0.051701,0.00140683,0.014374,19.4311,0.04714,1.55417
4219,0.592900,1,0.052441,0.00145882,0.012506,18.9691,0.05847,1.19711
4236,0.695100,1,0.051250,0.00138023,0.027832,14.6905,0.07037,-0.35379
4253,0.585200,1,0.051263,0.00133759,0.017508,19.9056,0.07408,0.66067
4270,0.609700,1,0.050459,0.00145560,0.018999,18.2519,0.05674,-0.51236
4287,0.585900,1,0.050569,0.00147980,0.015380,19.5462,0.06156,-0.62041
4304,0.620900,1,0.050559,0.00165749,0.014211,17.0220,0.08202,0.91045
4321,0.554400,1,0.051971,0.00153898,0.020070,20.3391,0.06253,0.70506
4338,0.667800,1,0.051456,0.00148308,0.013975,17.4293,0.08591,-0.23942
4355,0.643300,1,0.052247,0.00142417,0.023003,19.0510,0.04742,-0.51533
4372,0.637000,1,0.051595,0.00145873,0.016415,16.1462,0.03613,1.48092
4389,0.651000,1,0.051742,0.00146646,0.013159,16.3312,0.02665,0.10773
4406,0.550200,1,0.051786,0.00140938,0.019324,19.8451,0.04905,-0.46747
4423,0.638400,1,0.054144,0.00154021,0.010582,17.1854,0.06555,-1.10385
4440,0.709800,1,0.051760,0.00133836,0.018773,15.4536,0.09965,0.05228
4457,0.594300,1,0.052397,0.00148365,0.018715,18.9779,0.05750,0.50462
4474,0.611800,1,0.053077,0.00153896,0.019780,19.4593,0.05329,0.19153
4491,0.570500,1,0.051806,0.00156551,0.015847,17.6965,0.03860,-1.28712
4508,0.576800,1,0.051578,0.00157046,0.018096,19.4126,0.05523,-0.70320
4525,0.611800,1,0.052217,0.00145072,0.018638,18.3864,0.06621,-1.73050
4542,0.578200,1,0.052044,0.00131912,0.016049,18.5701,0.05414,0.08737
4559,0.610400,1,0.051761,0.00149564,0.019253,17.4712,0.05912,-1.48231
4576,0.636300,1,0.052902,0.00139983,0.018654,17.0392,0.06375,1.09391
4593,0.616700,1,0.051350,0.00131315,0.022128,18.1940,0.05496,-1.21550
4610,0.615300,1,0.051118,0.00151354,0.022557,18.6028,0.07513,-0.01789
4627,0.641900,1,0.051042,0.00137782,0.024916,16.1246,0.06283,1.32948
4644,0.624400,1,0.051923,0.00152004,0.020367,17.2128,0.07382,1.29924
4661,0.620900,1,0.053018,0.00143157,0.018417,18.0848,0.06596,-0.99269
4678,0.639800,1,0.053231,0.00132094,0.018116,18.2327,0.06389,-0.53997
4695,0.546000,1,0.054196,0.00123261,0.017872,20.1447,0.04256,-0.24196
4712,0.636300,1,0.051725,0.00145031,0.016338,14.5293,0.04368,-1.12171
4729,0.609700,1,0.053963,0.00154231,0.015982,18.7729,0.02439,1.69272
4746,0.569800,1,0.050837,0.00141867,0.025759,18.3219,0.06863,0.68186
4763,0.630000,1,0.053181,0.00152558,0.018748,17.3545,0.05042,-0.77145
4780,0.609700,1,0.053352,0.00134806,0.018134,18.8783,0.04557,-0.92424
4797,0.646800,1,0.052094,0.00145750,0.019424,16.7499,0.07848,-0.83171
4814,0.604100,1,0.054462,0.00144430,0.015128,17.6158,0.04879,0.57570
4831,0.571900,1,0.050981,0.00136331,0.023237,19.6622,0.06760,0.72507
4848,0.663600,1,0.051311,0.00140394,0.012279,16.7063,0.07347,0.05214
4865,0.572600,1,0.053496,0.00149289,0.023236,18.7266,0.05594,-1.07821
4882,0.629300,1,0.051395,0.00148216,0.020967,17.3005,0.07808,-0.38516
4899,0.683200,1,0.050567,0.00150186,0.018708,16.4973,0.04810,0.60196
4916,0.620900,1,0.052020,0.00144621,0.019680,17.1919,0.04167,1.68033
4933,0.641900,1,0.050721,0.00151081,0.022842,16.8649,0.05444,-0.09990
4950,0.623700,1,0.052301,0.00153754,0.012981,17.6308,0.04168,0.91711
4967,0.584500,1,0.051860,0.00154078,0.015971,19.9225,0.04169,1.60782
4984,0.622300,1,0.052330,0.00154483,0.014231,18.1648,0.06399,-0.10028
5001,0.613900,1,0.050677,0.00139771,0.017667,18.5130,0.05172,-1.35219
5018,0.604100,1,0.052485,0.00148904,0.010435,17.6840,0.05781,-0.15292
5035,0.564900,1,0.052135,0.00145838,0.018487,20.3252,0.04512,-0.02560
5052,0.613900,1,0.051572,0.00148017,0.013066,17.2766,0.07203,-0.53612
5069,0.681800,1,0.050878,0.00136957,0.017807,14.6964,0.09091,-0.42660
5086,0.670600,1,0.050442,0.00166162,0.021532,15.8575,0.08554,-0.41778
5103,0.609700,1,0.051083,0.00148765,0.017765,18.2744,0.06308,-0.12088
5120,0.630700,1,0.051360,0.00150992,0.013040,17.3356,0.08662,0.51597
5137,0.545300,1,0.052336,0.00137030,0.018639,20.1641,0.06758,-0.81511
5154,0.599900,1,0.050650,0.00136789,0.020406,18.2893,0.04976,0.28291
5171,0.569800,1,0.053134,0.00134111,0.017469,19.5741,0.05041,-1.45976
5188,0.590100,1,0.051996,0.00148812,0.015345,17.4738,0.04861,-0.52920
5205,0.609700,1,0.051857,0.00144620,0.018968,18.4185,0.07846,-1.53430
5222,0.574000,1,0.051404,0.00147590,0.013880,18.6660,0.07007,-0.03476
5239,0.574700,1,0.052464,0.00137653,0.013142,18.9584,0.06405,-0.51902
5256,0.614600,1,0.051069,0.00138922,0.020642,16.6574,0.04352,-0.83777
5273,0.679000,1,0.052302,0.00151441,0.019594,15.6790,0.07292,0.22313
5290,0.583800,1,0.050898,0.00136502,0.018946,17.2266,0.04149,0.20250
5307,0.594300,1,0.051623,0.00138856,0.020650,17.8604,0.03486,1.20014
5324,0.548800,1,0.050126,0.00149953,0.015835,20.2620,0.04786,0.68507
5341,0.562100,1,0.054293,0.00156253,0.023075,19.2045,0.04084,0.27546
5358,0.636300,1,0.052693,0.00158898,0.019752,16.5421,0.07654,1.71583
5375,0.583800,1,0.052327,0.00143075,0.019516,18.1322,0.08645,0.13958
5392,0.571900,1,0.051248,0.00144298,0.017728,18.4313,0.06198,1.16795
5409,0.539700,1,0.051305,0.00146242,0.013499,18.4478,0.04715,-0.50429
5426,0.573300,1,0.052235,0.00149628,0.019416,19.1435,0.05494,-0.97246
5443,0.702800,1,0.053902,0.00148003,0.015315,14.7973,0.06299,-1.35612
5460,0.604100,1,0.049763,0.00142083,0.015924,16.8367,0.08590,-0.25645
5477,0.613900,1,0.051609,0.00135656,0.011436,18.1106,0.05464,-1.73010
5494,0.653800,1,0.051554,0.00139212,0.015347,16.6522,0.07600,-0.52587
5511,0.654500,1,0.052484,0.00145191,0.009853,17.7746,0.07426,1.24746
5528,0.570500,1,0.050432,0.00137843,0.019045,16.6947,0.06186,-1.04472
5545,0.631400,1,0.053049,0.00140378,0.017978,18.6527,0.05612,0.05303
5562,0.615300,1,0.053745,0.00139701,0.013148,16.4088,0.06336,1.17676
5579,0.628600,1,0.049522,0.00136438,0.013661,18.2763,0.06592,0.27423
5596,0.586600,1,0.051102,0.00150193,0.012488,19.2352,0.06075,-0.00513
5613,0.570500,1,0.051807,0.00146927,0.023169,18.2334,0.08276,-0.49678
5630,0.650300,1,0.051654,0.00159377,0.019991,16.7095,0.08043,-2.07332
5647,0.606900,1,0.052496,0.00137820,0.010167,18.5197,0.07724,-0.48960
5664,0.709100,1,0.053810,0.00150949,0.020493,16.4934,0.07174,1.43970
5681,0.620200,1,0.051256,0.00153347,0.015260,18.1474,0.06006,-0.67028
5698,0.637000,1,0.051294,0.00142115,0.023281,15.9842,0.06507,-0.56182
5715,0.618800,1,0.051069,0.00148821,0.019846,17.3569,0.04795,-0.28160
5732,0.603400,1,0.052510,0.00147264,0.021562,17.9730,0.06039,0.26950
5749,0.617400,1,0.051986,0.00141471,0.017192,16.3645,0.04567,-2.64646
5766,0.649600,1,0.052122,0.00141108,0.016400,18.0456,0.06941,-1.13564
5783,0.638400,1,0.052692,0.00146523,0.017712,16.7601,0.06808,0.52120
5800,0.637000,1,0.052249,0.00150870,0.017276,18.6089,0.05859,0.36330
5817,0.585200,1,0.051159,0.00139605,0.017782,18.6849,0.06703,-0.00377
5834,0.611100,1,0.052729,0.00143255,0.019206,17.9694,0.07610,-0.73847
5851,0.597800,1,0.052633,0.00141338,0.019009,17.9913,0.07572,-0.24155
5868,0.606200,1,0.051456,0.00138264,0.022135,16.6655,0.09118,0.54811
5885,0.593600,1,0.051362,0.00154616,0.024796,18.1807,0.07084,0.65728
5902,0.627900,1,0.051782,0.00148734,0.013131,16.3416,0.06360,-2.32681
5919,0.634900,1,0.051710,0.00149306,0.022576,18.2748,0.07151,-0.04418
5936,0.660800,1,0.052291,0.00146810,0.020406,18.3240,0.08386,-0.11453
5953,0.576100,1,0.050340,0.00144579,0.013801,17.1882,0.04632,0.37396
5970,0.571900,1,0.050496,0.00141278,0.020786,18.7576,0.05565,-0.63778
5987,0.700700,1,0.050121,0.00150858,0.024608,15.9539,0.08284,0.57217
6004,0.629300,1,0.051183,0.00144812,0.019212,16.9078,0.06270,-0.21961
6021,0.620200,1,0.052588,0.00135520,0.017468,18.2045,0.06242,0.59730
6038,0.627900,1,0.052008,0.00148735,0.022296,17.7784,0.08628,-0.81513
6055,0.599200,1,0.052727,0.00129696,0.019357,20.4870,0.07841,-0.49962
6072,0.596400,1,0.052403,0.00156218,0.016387,18.6432,0.07421,-0.82526
6089,0.621600,1,0.051905,0.00139924,0.022248,15.9194,0.08591,1.40364
6106,0.601300,1,0.052023,0.00138803,0.018870,15.8041,0.06171,-0.19642
6123,0.616000,1,0.053837,0.00150005,0.020131,17.8914,0.04898,-1.35164
6140,0.599900,1,0.052307,0.00125563,0.030154,17.7831,0.05830,-1.96434
6157,0.594300,1,0.050290,0.00153875,0.021758,19.1585,0.06907,-0.45289
6174,0.625100,1,0.051395,0.00131103,0.019196,18.1802,0.05010,-0.31561
6191,0.641900,1,0.051277,0.00144196,0.020348,20.6870,0.05417,-0.12066
6208,0.618800,1,0.051844,0.00142581,0.016385,15.6305,0.04033,-0.09555
6225,0.632100,1,0.052677,0.00144602,0.014933,18.1902,0.05140,0.87270
6242,0.604100,1,0.052913,0.00146356,0.017309,17.6129,0.06784,-0.28886
6259,0.672700,1,0.052967,0.00150513,0.019894,16.8453,0.04053,0.00993
6276,0.556500,1,0.051168,0.00134985,0.024702,19.6273,0.06023,1.32243
6293,0.647500,1,0.053499,0.00146982,0.019498,17.1168,0.07051,0.22699
6310,0.630700,1,0.052001,0.00137514,0.018613,16.6438,0.06747,1.11030
6327,0.592200,1,0.052401,0.00133228,0.018415,19.7484,0.08528,0.40772
6344,0.600600,1,0.052486,0.00169900,0.014307,18.4490,0.05662,-0.08387
6361,0.639800,1,0.052390,0.00141349,0.018412,17.4820,0.07325,1.22178
6378,0.642600,1,0.051229,0.00148441,0.017146,15.1017,0.04665,0.06112
6395,0.594300,1,0.053061,0.00134344,0.010515,17.1218,0.04958,0.86523
6412,0.540400,1,0.051603,0.00133048,0.022078,19.1427,0.06676,-0.71637
6429,0.627200,1,0.054153,0.00158000,0.015781,18.8189,0.05922,0.96679
6446,0.633500,1,0.051142,0.00152423,0.014785,16.9398,0.05648,-1.34714
6463,0.592200,1,0.049967,0.00155743,0.016694,19.4768,0.05581,-0.89945
6480,0.603400,1,0.053791,0.00159119,0.017033,19.0177,0.06542,1.75243
6497,0.589400,1,0.051553,0.00147357,0.014352,19.3581,0.05637,0.14255
6514,0.585200,1,0.052203,0.00145199,0.016898,17.5722,0.04353,-0.04576
6531,0.620900,1,0.051944,0.00156217,0.018944,20.2033,0.08215,-0.52574
6548,0.569800,1,0.053829,0.00140496,0.019071,19.4103,0.05675,-1.32062
6565,0.609000,1,0.051640,0.00135727,0.018607,19.7405,0.05335,0.86200
6582,0.532000,1,0.051656,0.00138699,0.017364,19.2879,0.05477,1.23074
6599,0.622300,1,0.052799,0.00146878,0.018202,16.9757,0.07413,0.79916
6616,0.612500,1,0.050622,0.00146774,0.015169,16.8073,0.06216,-0.35788
6633,0.594300,1,0.053404,0.00139263,0.016188,16.7527,0.06635,0.30502
6650,0.626500,1,0.052165,0.00143465,0.017550,17.5893,0.09526,-0.79275
6667,0.561400,1,0.052240,0.00144177,0.018282,17.0453,0.02217,0.41897
6684,0.581000,1,0.052844,0.00148827,0.020317,20.6907,0.05556,1.23436
6701,0.619500,1,0.052882,0.00150634,0.019827,17.4898,0.05808,-0.35395
6718,0.572600,1,0.051697,0.00146216,0.014483,17.4225,0.05810,1.32047
6735,0.569100,1,0.051170,0.00156598,0.010309,18.7433,0.07376,-0.23932
6752,0.616700,1,0.051026,0.00155512,0.019719,18.0200,0.05901,0.41860
6769,0.616700,1,0.052851,0.00144417,0.011437,18.4397,0.06549,0.05102
6786,0.568400,1,0.050802,0.00143062,0.012823,19.5418,0.08569,-1.58017
6803,0.595000,1,0.052023,0.00139184,0.021422,16.4118,0.05363,0.22341
6820,0.592200,1,0.050910,0.00141818,0.017582,18.9981,0.08157,-0.90336
6837,0.674100,1,0.051822,0.00148730,0.020135,17.2706,0.04520,0.11802
6854,0.573300,1,0.050976,0.00150675,0.019874,18.1534,0.04548,-0.49034
6871,0.604100,1,0.051357,0.00138751,0.012798,17.9841,0.06529,-0.34836
6888,0.603400,1,0.050299,0.00145205,0.018937,18.4138,0.07856,0.37477
6905,0.546700,1,0.052221,0.00139015,0.023597,21.4691,0.05936,-0.32103
6922,0.592200,1,0.053695,0.00134664,0.017809,19.5796,0.07894,-0.79642
6939,0.605500,1,0.053180,0.00146024,0.017677,18.9337,0.03541,-0.52250
6956,0.588700,1,0.053078,0.00151553,0.020391,18.0813,0.05195,2.24129
6973,0.687400,1,0.053980,0.00134088,0.018290,16.4469,0.03513,-0.36806
6990,0.681800,1,0.052548,0.00149058,0.017143,17.1417,0.05611,0.30688
7007,0.622300,1,0.051218,0.00139769,0.013043,18.6638,0.02956,0.88314
7024,0.638400,1,0.052574,0.00137998,0.017714,17.1738,0.07304,-0.64406
7041,0.624400,1,0.052042,0.00141734,0.024111,15.8516,0.03585,-0.94897
7058,0.605500,1,0.052485,0.00147569,0.024163,18.2254,0.05971,1.16080
7075,0.634200,1,0.051277,0.00158941,0.016059,16.9818,0.04159,-0.27007
7092,0.623000,1,0.051185,0.00155366,0.022004,16.5312,0.02845,-0.01959
7109,0.550200,1,0.053378,0.00147494,0.017089,20.6735,0.03871,0.12390
7126,0.629300,1,0.051705,0.00159922,0.015284,18.6417,0.08742,1.09238
7143,0.568400,1,0.051687,0.00134931,0.014297,21.0138,0.03192,-0.14399
7160,0.578900,1,0.052101,0.00144871,0.012508,17.8966,0.01312,-1.43968
7177,0.518700,1,0.052268,0.00140365,0.021678,19.7671,0.03806,-0.63527
7194,0.594300,1,0.051342,0.00140474,0.009516,16.6543,0.04076,0.58473
7211,0.534800,1,0.050475,0.00143859,0.022635,20.8239,0.06073,-1.26509
7228,0.580300,1,0.051297,0.00141916,0.015579,16.6480,0.03058,0.48165
7245,0.608300,1,0.052525,0.00142484,0.018223,18.6363,0.05092,-0.23100
7262,0.615300,1,0.052363,0.00132879,0.012506,18.0940,0.05950,1.00123
7279,0.611800,1,0.053561,0.00131713,0.015717,17.2061,0.05282,-0.60588
7296,0.560700,1,0.053305,0.00156722,0.020466,21.1225,0.06667,1.17938
7313,0.620900,1,0.053985,0.00146357,0.018099,16.7573,0.05522,-0.32501
7330,0.575400,1,0.051324,0.00153746,0.025746,20.0238,0.05937,-0.03714
7347,0.555800,1,0.051485,0.00156864,0.016464,20.9090,0.07178,-0.18905
7364,0.581700,1,0.050899,0.00131440,0.012134,17.7923,0.04822,-0.69704
7381,0.569800,1,0.053284,0.00153481,0.018736,20.3029,0.06813,0.82266
7398,0.583100,1,0.051471,0.00148388,0.007349,19.9316,0.04639,1.34409
7415,0.586600,1,0.051595,0.00140944,0.020207,17.5965,0.05927,0.02509
7432,0.667100,1,0.052993,0.00157287,0.020905,17.0177,0.04754,-0.31536
7449,0.594300,1,0.050916,0.00142389,0.018334,18.4656,0.06965,0.45617
7466,0.612500,1,0.051056,0.00127401,0.017840,16.5814,0.04381,-0.33560
7483,0.609000,1,0.051330,0.00148861,0.014554,16.6323,0.06343,0.71621
7500,0.592200,1,0.052556,0.00158092,0.021271,18.6890,0.07621,0.14157
7517,0.660800,1,0.050296,0.00153933,0.015091,16.7415,0.08277,-2.84542
7534,0.600600,1,0.050457,0.00145929,0.014768,18.9554,0.09090,-1.74490
7551,0.576800,1,0.052594,0.00138740,0.015912,18.5217,0.04163,0.40101
7568,0.522200,1,0.049532,0.00138540,0.028081,20.1464,0.05853,0.24974
7585,0.613900,1,0.052639,0.00137985,0.021816,15.5214,0.06419,0.30118
7602,0.656600,1,0.050648,0.00130295,0.016617,14.6762,0.06243,1.33206
7619,0.599200,1,0.052002,0.00145526,0.016422,18.5096,0.06547,-0.04083
7636,0.676200,1,0.052357,0.00159074,0.008586,17.5573,0.07580,-0.96165
7653,0.630000,1,0.051268,0.00151016,0.014382,16.1290,0.05219,0.99559
7670,0.620200,1,0.052180,0.00133111,0.023268,18.6518,0.07115,0.04857
7687,0.629300,1,0.051325,0.00159540,0.020443,20.1513,0.06285,1.24031
7704,0.606200,1,0.051745,0.00159248,0.011714,16.1623,0.04870,-1.34102
7721,0.572600,1,0.052112,0.00142727,0.019790,19.0841,0.07422,1.25306
7738,0.613200,1,0.051181,0.00133556,0.018102,18.5063,0.06937,0.93045
7755,0.632100,1,0.051165,0.00146623,0.018394,16.2633,0.05509,-0.46499
7772,0.598500,1,0.049700,0.00136787,0.015895,18.0151,0.06619,1.02188
7789,0.631400,1,0.052794,0.00151970,0.017887,17.0926,0.06051,-0.16242
7806,0.568400,1,0.052423,0.00147612,0.023047,18.9516,0.03433,-0.45872
7823,0.555100,1,0.053408,0.00137713,0.014178,20.4297,0.04389,-0.50718
7840,0.611100,1,0.053997,0.00136824,0.021089,19.5414,0.04809,0.23152
7857,0.564200,1,0.049715,0.00134496,0.018321,18.2517,0.06326,-0.64045
7874,0.604800,1,0.053341,0.00127002,0.015694,17.2776,0.05588,1.39774
7891,0.669900,1,0.052361,0.00138078,0.015553,13.6498,0.05168,2.17851
7908,0.567700,1,0.050855,0.00165038,0.019387,18.3731,0.05515,-1.11180
7925,0.606900,1,0.052174,0.00132619,0.015104,18.7258,0.05431,-2.48444
7942,0.620900,1,0.051188,0.00144973,0.015646,16.2475,0.05040,-0.40340
7959,0.625100,1,0.053062,0.00157894,0.016787,16.8643,0.05875,-0.87343
7976,0.611800,1,0.051474,0.00151181,0.023039,18.4800,0.08665,-0.05274
7993,0.630000,1,0.053378,0.00139557,0.020726,17.7463,0.07038,1.09756
8010,0.662200,1,0.052053,0.00149544,0.025334,15.6470,0.09076,0.43727
8027,0.642600,1,0.051909,0.00130306,0.023681,15.8662,0.04663,-0.08709
8044,0.553700,1,0.050350,0.00145583,0.015256,17.6560,0.03679,0.24748
8061,0.590100,1,0.052469,0.00155157,0.020984,18.4902,0.07271,0.44523
8078,0.627200,1,0.052308,0.00148630,0.017127,16.3108,0.05466,-0.15876
8095,0.609000,1,0.053128,0.00154615,0.019629,18.0385,0.10199,-0.79495
8112,0.588000,1,0.051264,0.00151455,0.020615,18.9074,0.08570,-0.30182
8129,0.609700,1,0.051642,0.00137529,0.013921,18.2340,0.04767,0.87738
8146,0.609000,1,0.051260,0.00163543,0.020883,17.3224,0.02713,0.26052
8163,0.605500,1,0.051461,0.00134668,0.023231,18.3686,0.05330,0.35849
8180,0.574000,1,0.051979,0.00149637,0.017543,20.2586,0.04453,-0.66222
8197,0.588700,1,0.051598,0.00136166,0.015805,18.3917,0.04950,-0.41271
8214,0.650300,1,0.052454,0.00142750,0.022996,16.1106,0.08037,0.12500
8231,0.558600,1,0.050721,0.00144232,0.017560,18.3869,0.05210,-0.19292
8248,0.607600,1,0.051751,0.00136050,0.018211,20.0536,0.06812,-0.11935
8265,0.612500,1,0.052016,0.00144623,0.019213,16.8295,0.07722,0.43432
8282,0.601300,1,0.052370,0.00145617,0.016805,17.6923,0.04207,-1.74074
8299,0.593600,1,0.052123,0.00136040,0.019919,19.2539,0.05777,-0.13456
8316,0.608300,1,0.050912,0.00137014,0.017593,18.3882,0.06419,-1.12005
8333,0.611800,1,0.053972,0.00148421,0.017009,16.9992,0.04098,1.01022
8350,0.623700,1,0.051351,0.00142888,0.022445,18.1319,0.07769,0.47998
8367,0.665700,1,0.053958,0.00146745,0.010186,17.2324,0.08659,-1.31787
8384,0.592900,1,0.052821,0.00153312,0.016059,18.2486,0.07411,0.39256
8401,0.666400,1,0.052743,0.00148060,0.020220,16.2988,0.06817,-0.83645
8418,0.602700,1,0.052395,0.00133814,0.019304,17.2436,0.05183,-0.66965
8435,0.576100,1,0.051944,0.00158758,0.015552,20.6427,0.08064,-1.80806
8452,0.605500,1,0.051245,0.00130676,0.017742,18.8913,0.08412,0.16329
8469,0.579600,1,0.050037,0.00151234,0.015016,18.1951,0.06560,-0.50497
8486,0.559300,1,0.050908,0.00156754,0.018568,19.6848,0.06760,-0.43370
8503,0.553000,1,0.053194,0.00144051,0.020592,20.7449,0.07432,1.51051
8520,0.634200,1,0.052388,0.00148667,0.011664,18.6255,0.04318,0.32517
8537,0.694400,1,0.053162,0.00145772,0.022563,17.7433,0.05795,-1.23461
8554,0.642600,1,0.052403,0.00147322,0.026711,17.3220,0.07924,-1.17870
8571,0.623700,1,0.053845,0.00149973,0.020468,18.2823,0.06495,1.33808
8588,0.590100,1,0.051536,0.00142825,0.018681,18.0896,0.06695,-1.22744
8605,0.625800,1,0.051905,0.00137079,0.015811,16.3404,0.05996,1.99085
8622,0.627900,1,0.052813,0.00137657,0.022368,16.3982,0.05040,1.11473
8639,0.569100,1,0.052484,0.00140731,0.013637,17.5854,0.05392,1.26802
8656,0.550900,1,0.052494,0.00160981,0.016362,19.6896,0.00932,0.62956
8673,0.574000,1,0.050855,0.00140259,0.014325,17.4426,0.05785,-0.15385
8690,0.607600,1,0.053209,0.00153081,0.026554,18.3572,0.07138,0.44151
8707,0.655200,1,0.051610,0.00152791,0.011080,19.9032,0.07712,-0.84235
8724,0.672000,1,0.052440,0.00159860,0.014673,15.0333,0.06190,-0.44040
8741,0.610400,1,0.052072,0.00151460,0.017333,18.3766,0.06401,0.06134
8758,0.648900,1,0.053691,0.00144740,0.017136,14.8534,0.07460,0.42018
8775,0.627900,1,0.052769,0.00134198,0.017177,18.7669,0.06170,0.22504
8792,0.655200,1,0.052085,0.00144552,0.015549,16.9139,0.05998,0.90110
8809,0.615300,1,0.052420,0.00138225,0.018515,18.0814,0.07184,-2.17748
8826,0.604100,1,0.052342,0.00139267,0.013316,18.4708,0.05096,1.44151
8843,0.627200,1,0.051596,0.00148411,0.020939,16.8188,0.07022,-2.39043
8860,0.602000,1,0.052313,0.00145270,0.017953,19.6999,0.07595,1.16975
8877,0.569100,1,0.051828,0.00150655,0.020962,19.7958,0.06581,-0.33233
8894,0.680400,1,0.053015,0.00144544,0.018974,15.8698,0.07417,0.03746
8911,0.601300,1,0.049234,0.00146710,0.013367,15.9802,0.07005,1.03743
8928,0.626500,1,0.050765,0.00164387,0.020803,20.6561,0.05574,1.28660
8945,0.632800,1,0.051965,0.00136350,0.019538,16.2533,0.06905,1.67188
8962,0.592900,1,0.053196,0.00153877,0.020435,17.4645,0.06918,2.38523
8979,0.605500,1,0.052839,0.00143498,0.021164,17.8145,0.04000,-0.53307
8996,0.622300,1,0.050257,0.00124389,0.013406,16.3028,0.05857,-0.07900
9013,0.676200,1,0.054135,0.00141230,0.017071,16.5715,0.06309,-0.21685
9030,0.632100,1,0.051688,0.00153146,0.015407,18.1362,0.06917,-0.16346
9047,0.513100,1,0.051704,0.00145343,0.010040,20.3925,0.03537,-2.61481
9064,0.665000,1,0.051409,0.00146639,0.016299,16.4764,0.08421,0.06773
9081,0.623000,1,0.051147,0.00145435,0.023986,17.7630,0.06997,1.48081
9098,0.584500,1,0.052136,0.00147241,0.018607,19.6256,0.07087,-0.03910
9115,0.596400,1,0.053131,0.00152507,0.010660,17.7696,0.06126,-0.64978
9132,0.653100,1,0.050830,0.00128488,0.018326,17.4208,0.10002,-0.44845
9149,0.564900,1,0.051107,0.00137300,0.018387,18.9547,0.06761,1.44937
9166,0.554400,1,0.048921,0.00145437,0.018545,17.2865,0.06420,1.26562
9183,0.631400,1,0.051376,0.00150641,0.022349,18.3650,0.08047,-0.02643
9200,0.585200,1,0.051620,0.00145746,0.018982,19.7448,0.05264,-1.69494
9217,0.624400,1,0.052412,0.00151045,0.020660,15.0059,0.04498,-0.07698
9234,0.616000,1,0.050624,0.00161125,0.017384,17.8281,0.07893,-1.65539
9251,0.646100,1,0.052422,0.00148835,0.016481,16.7744,0.05445,0.61321
9268,0.592200,1,0.050284,0.00139825,0.015083,18.3573,0.04003,-0.40454
9285,0.616000,1,0.052389,0.00156279,0.018312,17.9136,0.06622,0.00367
9302,0.623000,1,0.051671,0.00148046,0.019392,17.7526,0.08576,-0.25841
9319,0.616000,1,0.050794,0.00130826,0.013574,17.5350,0.05378,0.25117
9336,0.641200,1,0.052622,0.00139330,0.019383,16.8245,0.04469,-0.88478
9353,0.660800,1,0.051351,0.00151008,0.015102,15.4042,0.06448,-1.27682
9370,0.617400,1,0.053016,0.00139980,0.019767,18.3325,0.06267,-0.10325
9387,0.605500,1,0.052217,0.00149686,0.017043,19.0269,0.03869,0.61334
9404,0.571200,1,0.051389,0.00145310,0.021760,19.1926,0.02413,-0.00485
9421,0.623000,1,0.052808,0.00150297,0.019062,16.5163,0.05524,0.32313
9438,0.618800,1,0.054401,0.00161363,0.019259,17.4868,0.06635,0.13597
9455,0.576800,1,0.051366,0.00134315,0.012815,17.7785,0.05920,1.29789
9472,0.558600,1,0.049398,0.00150082,0.018565,18.5298,0.05505,-0.80999
9489,0.601300,1,0.053774,0.00143870,0.021635,16.0715,0.05693,-0.69545
9506,0.700000,1,0.052835,0.00149728,0.017550,15.1495,0.05344,0.10769
9523,0.584500,1,0.051512,0.00152364,0.017915,18.9839,0.04769,0.33969
9540,0.632100,1,0.051886,0.00147509,0.013932,16.6931,0.05776,-1.24776
9557,0.638400,1,0.051313,0.00148658,0.016146,18.2233,0.06678,-0.74688
9574,0.617400,1,0.051405,0.00155065,0.018839,15.7525,0.05985,0.79727
9591,0.577500,1,0.053536,0.00145988,0.022021,18.8431,0.06578,0.67411
9608,0.683900,1,0.054044,0.00136441,0.018122,15.6566,0.07127,-0.08814
9625,0.564900,1,0.051712,0.00144981,0.026765,19.4429,0.05048,0.21725
9642,0.669200,1,0.052383,0.00137282,0.020933,17.5560,0.06958,0.00707
9659,0.580300,1,0.053334,0.00150432,0.019490,18.9294,0.05579,1.39021
9676,0.633500,1,0.053169,0.00158557,0.018792,18.9284,0.05069,-0.73434
9693,0.541100,1,0.051712,0.00140484,0.018651,19.6796,0.05346,0.41130
9710,0.632800,1,0.053823,0.00128908,0.017922,17.5071,0.06448,-0.04916
9727,0.563500,1,0.051375,0.00147890,0.015956,19.6189,0.08699,0.77138
9744,0.574000,1,0.051631,0.00139336,0.016312,18.3235,0.08190,1.10505
9761,0.611800,1,0.052109,0.00142841,0.018036,16.8283,0.07187,-2.27414
9778,0.635600,1,0.051386,0.00155107,0.016402,17.5457,0.07586,0.77987
9795,0.595000,1,0.052518,0.00150892,0.016664,18.6477,0.06364,-0.68033
9812,0.653800,1,0.053052,0.00155849,0.011213,17.0874,0.04888,-1.84698
9829,0.678300,1,0.053465,0.00148034,0.018137,15.9039,0.05803,-0.02827
9846,0.603400,1,0.051995,0.00131477,0.017172,17.8912,0.07397,0.48126
9863,0.607600,1,0.050886,0.00137339,0.019100,18.4955,0.05032,-0.89527
9880,0.602000,1,0.052019,0.00138430,0.013713,16.7640,0.04847,0.94359
9897,0.558600,1,0.050644,0.00154246,0.010934,19.3677,0.04493,0.62669
9914,0.690200,1,0.052139,0.00160243,0.018704,16.0512,0.06345,0.03137
9931,0.576800,1,0.051126,0.00149796,0.015567,18.2667,0.04433,-1.07883
9948,0.564200,1,0.052850,0.00152857,0.023521,19.8995,0.05696,-0.23895
9965,0.619500,1,0.051412,0.00147880,0.023675,17.6522,0.06274,-0.50357
9982,0.646100,1,0.051023,0.00141062,0.020587,16.6978,0.04180,-0.99127
9999,0.568400,1,0.052309,0.00140610,0.023663,18.9104,0.02903,-0.37211
10016,0.562100,1,0.051647,0.00145846,0.017078,19.9175,0.05312,0.66642
10033,0.593600,1,0.051298,0.00142947,0.014810,17.9877,0.04586,0.75578
10050,0.613900,1,0.052502,0.00155132,0.022739,18.9680,0.06076,1.56879
10067,0.619500,1,0.051428,0.00151718,0.014464,16.2101,0.05266,0.18605
10084,0.609700,1,0.051213,0.00139862,0.013978,18.1467,0.06513,1.32060
10101,0.555100,1,0.051992,0.00138599,0.021001,21.7735,0.06565,-1.05613
10118,0.599900,1,0.051329,0.00154220,0.013912,19.6372,0.05795,1.10791
10135,0.567000,1,0.050771,0.00159179,0.027410,19.2875,0.05372,-0.03629
10152,0.631400,1,0.052757,0.00145679,0.016475,16.8414,0.07904,0.12270
10169,0.630700,1,0.053272,0.00141930,0.014593,17.8075,0.06980,-0.65349
10186,0.586600,1,0.051455,0.00156778,0.016981,19.2157,0.05024,-1.65356
10203,0.639100,1,0.052383,0.00145572,0.015532,17.6505,0.07720,-0.09581
10220,0.655200,1,0.052264,0.00139323,0.015999,19.2961,0.06912,0.14465
10237,0.611100,1,0.051502,0.00147473,0.010270,16.9644,0.05066,-0.14627
10254,0.581000,1,0.050894,0.00142513,0.013206,17.8873,0.04245,-0.25993
10271,0.554400,1,0.051895,0.00158885,0.022455,19.5252,0.04727,-1.11662
10288,0.604100,1,0.053307,0.00152507,0.017287,18.7297,0.06030,0.03635
10305,0.584500,1,0.051891,0.00157093,0.019790,19.0382,0.07337,0.43895
10322,0.598500,1,0.053222,0.00141652,0.014200,19.3146,0.06000,-0.85949
10339,0.590800,1,0.052573,0.00136541,0.016931,19.7610,0.05851,-0.45958
10356,0.666400,1,0.052593,0.00164756,0.017212,15.9156,0.07937,-0.18625
10373,0.664300,1,0.052293,0.00145822,0.013714,18.8177,0.05621,-1.65801
10390,0.612500,1,0.052310,0.00145473,0.018210,18.2111,0.06256,-0.70898
10407,0.581000,1,0.052957,0.00145563,0.024064,19.2171,0.05349,0.42693
10424,0.610400,1,0.051591,0.00134064,0.017977,17.9573,0.06957,1.85926
10441,0.644700,1,0.053726,0.00147315,0.023234,18.7201,0.07199,0.35602
10458,0.604100,1,0.052791,0.00134388,0.020432,17.1563,0.07014,0.34000
10475,0.533400,1,0.051409,0.00144758,0.013273,20.6084,0.07439,-1.57890
10492,0.576100,1,0.051131,0.00140937,0.018544,19.4486,0.06524,1.50585
10509,0.625100,1,0.052594,0.00159183,0.018811,17.6895,0.06755,-1.38832
10526,0.623700,1,0.052925,0.00139135,0.016871,18.2118,0.04361,1.73173
10543,0.548800,1,0.052745,0.00127175,0.019507,21.1087,0.05347,-0.62284
10560,0.601300,1,0.054162,0.00138319,0.016749,19.4772,0.06387,-0.89618
10577,0.632800,1,0.052918,0.00156528,0.021404,17.8735,0.06765,-0.57803
10594,0.563500,1,0.050950,0.00140271,0.021467,19.0621,0.06220,0.72692
10611,0.593600,1,0.050320,0.00153697,0.018595,16.3675,0.06909,-0.07989
10628,0.582400,1,0.051388,0.00146333,0.013478,18.6344,0.03419,-0.63911
10645,0.606900,1,0.052366,0.00141677,0.022676,19.8849,0.07443,2.00481
10662,0.600600,1,0.051154,0.00134919,0.011484,18.4112,0.07042,0.23088
10679,0.588700,1,0.053312,0.00154529,0.022573,18.7784,0.05982,-0.40243
10696,0.579600,1,0.052820,0.00158025,0.017493,18.9441,0.05963,-0.31019
10713,0.637000,1,0.051306,0.00152444,0.016215,16.5843,0.04511,1.11142
10730,0.586600,1,0.051086,0.00147899,0.012546,17.7324,0.05224,1.71581
10747,0.622300,1,0.053241,0.00126191,0.017031,15.3435,0.06352,0.37905
10764,0.613900,1,0.053194,0.00145223,0.022612,17.5933,0.07114,0.54090
10781,0.653100,1,0.050436,0.00133122,0.019661,17.7790,0.06647,-0.39654
10798,0.598500,1,0.051723,0.00153895,0.016834,17.6466,0.04357,0.12549
10815,0.569100,1,0.051617,0.00143943,0.010076,19.4103,0.04972,-0.67113
10832,0.612500,1,0.051861,0.00142045,0.019289,15.5327,0.05510,0.35668
10849,0.641200,1,0.050776,0.00154937,0.011806,18.0894,0.04086,1.13501
10866,0.626500,1,0.053120,0.00150726,0.018987,19.4233,0.09606,-0.21486
10883,0.571900,1,0.051942,0.00138394,0.019877,18.5341,0.05096,1.54322
10900,0.576800,1,0.052605,0.00155527,0.023163,18.9110,0.04364,-0.20546
10917,0.536900,1,0.051355,0.00141306,0.016081,19.3513,0.04242,2.27904
10934,0.604100,1,0.052308,0.00153151,0.017799,19.9701,0.05171,-0.01175
10951,0.620200,1,0.052933,0.00154629,0.015721,18.6553,0.04256,-0.44183
10968,0.604800,1,0.052669,0.00137891,0.019314,16.3209,0.03260,-0.55546
10985,0.591500,1,0.052893,0.00154481,0.018382,17.5221,0.06271,0.29991
11002,0.597800,1,0.052908,0.00134687,0.012693,19.7171,0.08029,-0.07193
11019,0.581700,1,0.052519,0.00153214,0.022170,17.5193,0.06566,-1.24355
11036,0.585200,1,0.052653,0.00156953,0.015015,18.0557,0.01994,1.37456
11053,0.603400,1,0.050027,0.00147378,0.018412,17.2529,0.06249,-0.07110
11070,0.574700,1,0.052837,0.00143459,0.018748,19.8248,0.06980,-0.71228
11087,0.639100,1,0.052061,0.00147903,0.007383,17.0075,0.05059,-0.24865
11104,0.626500,1,0.050243,0.00137502,0.011335,16.9656,0.02973,-0.06055
11121,0.561400,1,0.053648,0.00137433,0.017771,19.8099,0.05640,1.47319
11138,0.624400,1,0.053311,0.00144313,0.017566,18.4128,0.07810,-1.98736
11155,0.566300,1,0.052971,0.00157068,0.024646,19.7021,0.07437,1.43288
11172,0.587300,1,0.051449,0.00131218,0.020558,18.0939,0.06949,-1.80410
11189,0.596400,1,0.050791,0.00145352,0.020857,15.9506,0.02475,0.40310
11206,0.601300,1,0.052309,0.00149289,0.021215,17.3334,0.05397,0.84808
11223,0.593600,1,0.052357,0.00146302,0.016597,20.1631,0.06491,-0.78308
11240,0.600600,1,0.051372,0.00145348,0.017391,17.1359,0.08105,-0.77034
11257,0.581000,1,0.051865,0.00155928,0.011498,17.0413,0.05893,-0.33750
11274,0.659400,1,0.053714,0.00147481,0.019616,16.5249,0.04825,-0.08787
11291,0.561400,1,0.051287,0.00157130,0.017073,19.2740,0.05740,-1.09851
11308,0.574000,1,0.051715,0.00151970,0.018472,18.8275,0.04881,-0.45820
11325,0.585900,1,0.052003,0.00147051,0.016639,18.5543,0.05613,0.49650
11342,0.592900,1,0.051426,0.00154992,0.014569,19.3791,0.07863,-0.38484
11359,0.592900,1,0.049251,0.00144397,0.024842,18.6281,0.07195,-1.23389
11376,0.644000,1,0.054264,0.00154242,0.017050,16.8316,0.06913,1.56563
11393,0.648900,1,0.052227,0.00138920,0.024860,16.3446,0.04075,0.59587
11410,0.569800,1,0.050938,0.00143875,0.014358,19.4992,0.07036,0.30075
11427,0.570500,1,0.051452,0.00144201,0.021026,18.7612,0.05220,-0.04862
11444,0.595000,1,0.052059,0.00145642,0.017080,17.4096,0.05533,0.84047
11461,0.632100,1,0.053856,0.00146820,0.015840,17.2849,0.06249,-1.00322
11478,0.639800,1,0.052008,0.00159023,0.013097,18.7409,0.08173,-0.04759
11495,0.612500,1,0.051859,0.00140782,0.016956,19.2855,0.08455,-1.51887
11512,0.592200,1,0.052007,0.00163760,0.014126,18.6408,0.06282,-0.51609
11529,0.641900,1,0.050736,0.00138123,0.013710,16.0661,0.05829,-0.18288
11546,0.625800,1,0.051708,0.00160944,0.014393,16.9683,0.07193,-1.38301
11563,0.596400,1,0.050419,0.00144511,0.018263,17.9332,0.05422,1.54439
11580,0.616000,1,0.051717,0.00140785,0.009315,16.6992,0.03784,0.08328
11597,0.658700,1,0.051869,0.00138077,0.015477,14.2213,0.06902,0.55594
11614,0.625800,1,0.053083,0.00136054,0.018174,16.7323,0.04558,-0.36506
11631,0.658700,1,0.052472,0.00143898,0.014259,17.5125,0.07196,-0.66263
11648,0.595700,1,0.051955,0.00150871,0.018268,17.6159,0.08587,0.25926
11665,0.639100,1,0.050337,0.00147717,0.014311,15.6958,0.06923,-1.00682
11682,0.644000,1,0.051194,0.00148764,0.014832,16.1830,0.04276,-0.51479
11699,0.680400,1,0.051108,0.00145692,0.016157,15.8108,0.06104,1.95923
11716,0.599900,1,0.051579,0.00149446,0.013432,17.4451,0.06851,-0.27797
11733,0.666400,1,0.052520,0.00133067,0.015902,15.8561,0.06459,-0.57207
11750,0.575400,1,0.051603,0.00147728,0.020943,16.6627,0.07036,0.09910
11767,0.644700,1,0.051824,0.00167667,0.020185,16.0372,0.06140,-1.17924
11784,0.599200,1,0.051634,0.00143982,0.019417,19.1179,0.05312,-0.48618
11801,0.654500,1,0.053804,0.00138484,0.018256,17.0503,0.06210,0.39504
11818,0.686000,1,0.052445,0.00154309,0.020296,15.7588,0.08305,0.17363
11835,0.644700,1,0.052644,0.00133359,0.015447,16.9948,0.07382,0.42844
11852,0.566300,1,0.051464,0.00142994,0.018371,19.8481,0.05926,-0.30345
11869,0.569100,1,0.051159,0.00135750,0.019129,18.6908,0.05232,-1.49529
11886,0.646800,1,0.052001,0.00135584,0.015301,17.2438,0.05095,-1.56957
11903,0.679000,1,0.052285,0.00139923,0.018950,14.3497,0.06988,0.61400
11920,0.579600,1,0.051858,0.00145547,0.015243,19.0884,0.06296,-0.00031
11937,0.602000,1,0.050927,0.00159281,0.015880,17.3017,0.05531,-0.91223
11954,0.685300,1,0.052444,0.00136199,0.018844,16.3049,0.01698,0.83110
11971,0.614600,1,0.052803,0.00137514,0.018573,17.2812,0.07153,-0.86627
11988,0.565600,1,0.052025,0.00134420,0.018655,18.9474,0.06276,-0.46543
12005,0.641200,1,0.052569,0.00146238,0.021030,15.7362,0.05668,0.45166
12022,0.588000,1,0.052419,0.00138152,0.013998,18.0286,0.08328,-0.00727
12039,0.606200,1,0.050801,0.00131335,0.020594,17.6388,0.06679,0.00514
12056,0.599200,1,0.050709,0.00149537,0.013776,18.3925,0.05207,-0.14876
12073,0.625800,1,0.050915,0.00145632,0.016786,17.2694,0.05399,-0.92600
12090,0.587300,1,0.050293,0.00133308,0.025866,17.6035,0.04916,0.66898
12107,0.586600,1,0.052027,0.00158069,0.025437,17.1294,0.05873,-0.57950
12124,0.669200,1,0.053034,0.00127630,0.017235,17.6307,0.04864,0.82708
12141,0.608300,1,0.052581,0.00144078,0.021670,19.5152,0.06393,0.59169
12158,0.625800,1,0.050294,0.00147695,0.019098,17.3508,0.06555,1.16503
12175,0.595000,1,0.050727,0.00140771,0.013872,19.1084,0.06110,-0.09230
12192,0.653800,1,0.052302,0.00155360,0.014650,15.9105,0.08981,-1.03360
12209,0.611800,1,0.052758,0.00141075,0.018388,18.9185,0.07288,0.35949
12226,0.588000,1,0.052383,0.00133961,0.015405,17.5173,0.03986,1.96608
12243,0.575400,1,0.050412,0.00152422,0.013782,18.5184,0.06119,-0.41222
12260,0.602700,1,0.052138,0.00129888,0.013466,17.5310,0.05852,-0.13462
12277,0.632800,1,0.050722,0.00141487,0.023939,16.7376,0.04865,2.16697
12294,0.604800,1,0.052713,0.00138518,0.023190,18.5437,0.05101,-1.76105
12311,0.629300,1,0.052891,0.00136550,0.021586,18.9012,0.08555,-0.04206
12328,0.595700,1,0.052609,0.00127845,0.016995,19.3510,0.05544,-1.25025
12345,0.604100,1,0.051871,0.00145622,0.019380,18.6952,0.05641,0.68098
12362,0.547400,1,0.051332,0.00153242,0.017083,18.3189,0.07870,0.36248
12379,0.623000,1,0.054634,0.00147704,0.012132,18.5957,0.08827,-0.10458
12396,0.613900,1,0.051119,0.00157633,0.020050,17.4819,0.06850,0.80405
12413,0.662200,1,0.052370,0.00155227,0.013478,17.8048,0.05690,-1.01476
12430,0.616000,1,0.052374,0.00155450,0.014159,16.9766,0.06356,-0.38245
12447,0.611800,1,0.051685,0.00148881,0.020174,16.6168,0.08602,0.14666
12464,0.622300,1,0.053441,0.00153625,0.021644,19.1164,0.06222,0.53319
12481,0.576800,1,0.049774,0.00135869,0.019712,16.6527,0.05278,-0.47369
12498,0.641900,1,0.053333,0.00148269,0.015140,18.2694,0.05793,-1.20801
12515,0.686000,1,0.053652,0.00145009,0.018778,16.4279,0.02962,-1.43451
12532,0.612500,1,0.049921,0.00156457,0.015367,17.7733,0.04693,2.13679
12549,0.564200,1,0.052235,0.00128934,0.021653,19.9853,0.06482,-1.36084
12566,0.595000,1,0.050970,0.00144717,0.017776,17.8623,0.06470,0.07852
12583,0.623000,1,0.052315,0.00135578,0.016196,19.3094,0.05757,-1.28893
12600,0.583800,1,0.051077,0.00157471,0.019551,19.0527,0.04400,-0.22017
12617,0.636300,1,0.051663,0.00145936,0.019155,19.2789,0.07900,-1.70180
12634,0.673400,1,0.051168,0.00135564,0.016814,14.4138,0.05580,0.89021
12651,0.532700,1,0.051153,0.00143894,0.014127,21.4888,0.01747,0.82661
12668,0.525000,1,0.050540,0.00137093,0.015695,21.0261,0.04662,0.60033
12685,0.695800,1,0.051615,0.00152948,0.016199,14.8144,0.07547,0.11792
12702,0.622300,1,0.052699,0.00144552,0.015632,17.3636,0.04316,-1.11475
12719,0.632800,1,0.053059,0.00154641,0.012311,17.9147,0.06209,0.39969
12736,0.604100,1,0.051115,0.00141147,0.013350,21.8422,0.05377,-0.00696
12753,0.628600,1,0.050178,0.00114012,0.020101,15.1080,0.06279,1.33854
12770,0.641200,1,0.050965,0.00140970,0.018318,15.3403,0.08480,0.38194
12787,0.588700,1,0.051765,0.00141404,0.024029,18.1453,0.06955,-1.12132
12804,0.629300,1,0.050831,0.00145332,0.016899,15.2333,0.03752,1.20846
12821,0.632800,1,0.049688,0.00148073,0.018676,16.5987,0.05768,1.95872
12838,0.557200,1,0.050154,0.00143236,0.018512,18.4681,0.02987,-0.86645
12855,0.625100,1,0.053639,0.00139695,0.017386,19.7599,0.06201,0.38915
12872,0.582400,1,0.052304,0.00148230,0.018518,18.1493,0.06735,-0.29565
12889,0.605500,1,0.049797,0.00154055,0.015731,16.0606,0.06500,-0.75796
12906,0.576100,1,0.051364,0.00146790,0.017802,19.9584,0.06587,1.15884
12923,0.630700,1,0.053962,0.00146429,0.018387,18.2951,0.07401,0.28525
12940,0.554400,1,0.050774,0.00155040,0.014067,20.0906,0.06732,1.94583
12957,0.658000,1,0.050956,0.00149742,0.023358,15.4864,0.07800,-0.39712
12974,0.621600,1,0.051953,0.00144576,0.018889,19.7802,0.08680,0.56771
12991,0.558600,1,0.051731,0.00136205,0.022786,20.0840,0.06726,0.30417
13008,0.597100,1,0.052422,0.00138114,0.026380,17.3462,0.06798,-1.17454
13025,0.655200,1,0.053144,0.00134462,0.019487,15.7704,0.05139,-0.12860
13042,0.655200,1,0.051905,0.00146372,0.020874,17.5438,0.07538,1.21857
13059,0.610400,1,0.051565,0.00161950,0.021139,18.6502,0.03567,-0.06448
13076,0.589400,1,0.052297,0.00151690,0.019664,17.9756,0.06605,0.25284
13093,0.539000,1,0.049516,0.00143995,0.017942,18.8216,0.06231,0.60913
13110,0.637000,1,0.052410,0.00152215,0.011637,17.8144,0.05221,0.66614
13127,0.621600,1,0.052472,0.00154842,0.017836,16.9712,0.06114,-0.40715
13144,0.601300,1,0.051660,0.00140878,0.017478,16.3380,0.07067,-0.35827
13161,0.606900,1,0.051965,0.00141324,0.028847,17.7720,0.06180,-0.44455
13178,0.591500,1,0.051353,0.00152022,0.019252,19.6668,0.09588,0.06235
13195,0.710500,1,0.049435,0.00142459,0.023544,16.1111,0.05477,0.13596
13212,0.583100,1,0.052319,0.00159880,0.021416,20.3291,0.06106,1.05188
13229,0.598500,1,0.052719,0.00145874,0.015480,19.0269,0.00749,0.09917
13246,0.589400,1,0.051411,0.00146663,0.010501,18.4064,0.03340,-0.33985
13263,0.559300,1,0.050428,0.00136739,0.020738,18.6041,0.05932,0.57303
13280,0.553000,1,0.051560,0.00154497,0.018680,19.5307,0.06408,0.61673
13297,0.565600,1,0.049850,0.00133960,0.015874,18.6458,0.06067,-0.26184
13314,0.579600,1,0.052243,0.00150447,0.016680,18.5696,0.02904,-1.63656
13331,0.557900,1,0.052880,0.00151329,0.022632,21.6201,0.06168,-0.86135
13348,0.608300,1,0.052676,0.00147820,0.021932,17.5433,0.05958,-1.25986
13365,0.595700,1,0.052478,0.00155027,0.016761,17.1454,0.05994,0.60123
13382,0.599900,1,0.053091,0.00143183,0.018470,18.4377,0.03134,1.84312
13399,0.623000,1,0.050996,0.00155862,0.012262,19.5920,0.04541,-0.28425
13416,0.567000,1,0.053790,0.00131820,0.015480,19.4674,0.03304,0.09574
13433,0.654500,1,0.051946,0.00139356,0.025736,17.1348,0.06302,-0.41135
13450,0.589400,1,0.049464,0.00135457,0.026136,18.9093,0.04812,1.61811
13467,0.632100,1,0.051387,0.00158894,0.022074,16.7968,0.04079,-0.26507
13484,0.676900,1,0.052069,0.00149818,0.016738,18.1409,0.05726,0.01845
13501,0.562800,1,0.052430,0.00158217,0.018431,19.2582,0.05642,-0.85408
13518,0.567000,1,0.050829,0.00137829,0.015461,19.8234,0.06496,2.10687
13535,0.638400,1,0.052594,0.00157268,0.019254,19.4017,0.07735,-1.82813
13552,0.574700,1,0.049748,0.00144975,0.019949,16.9819,0.06172,1.09577
13569,0.543200,1,0.051780,0.00127147,0.017262,19.7932,0.05341,0.87434
13586,0.606900,1,0.051380,0.00137175,0.022928,17.3542,0.05229,-0.11453
13603,0.590800,1,0.052292,0.00140350,0.010652,18.6379,0.05153,0.21139
13620,0.595000,1,0.052336,0.00151037,0.017909,18.9658,0.05971,0.40814
13637,0.622300,1,0.051638,0.00146777,0.021327,16.9765,0.05744,-2.20222
13654,0.667100,1,0.052584,0.00146028,0.016117,16.4471,0.08681,0.51735
13671,0.676200,1,0.050627,0.00152594,0.014610,16.0870,0.07854,-2.12270
13688,0.601300,1,0.052127,0.00162258,0.017975,18.5993,0.06649,-1.40382
13705,0.545300,1,0.053265,0.00140947,0.022957,19.5479,0.06669,0.30654
13722,0.644700,1,0.053033,0.00140920,0.022144,17.7816,0.05938,1.83277
13739,0.634900,1,0.051804,0.00141428,0.020777,17.0390,0.04614,0.60783
13756,0.681800,1,0.052265,0.00150278,0.023197,15.8200,0.07321,1.17271
13773,0.571200,1,0.051876,0.00151445,0.017699,17.8257,0.03993,-0.06030
13790,0.644700,1,0.053058,0.00161252,0.021529,16.6608,0.04718,0.76301
13807,0.583100,1,0.051179,0.00141234,0.019040,19.2980,0.05574,-0.03048
13824,0.615300,1,0.050862,0.00140727,0.018220,15.7694,0.05019,1.48497
13841,0.597100,1,0.053460,0.00132368,0.020615,18.5575,0.07714,-0.13321
13858,0.688800,1,0.052526,0.00136159,0.021529,13.7427,0.04050,-0.71738
13875,0.660800,1,0.051697,0.00162261,0.016394,15.9771,0.07183,0.98839
13892,0.582400,1,0.051828,0.00143566,0.017637,17.9109,0.05341,0.08424
13909,0.547400,1,0.052570,0.00140833,0.014174,19.7440,0.08789,0.05954
13926,0.642600,1,0.052838,0.00147024,0.015319,17.1797,0.05480,1.20923
13943,0.613900,1,0.051204,0.00153338,0.017759,17.1234,0.07455,-0.73147
13960,0.581000,1,0.051203,0.00149579,0.018743,19.3452,0.05677,0.23561
13977,0.671300,1,0.051963,0.00148621,0.018211,15.5114,0.07791,0.39724
13994,0.620200,1,0.051289,0.00157797,0.020748,18.3805,0.07824,-0.58711
14011,0.684600,1,0.053062,0.00141476,0.021595,15.8333,0.06381,-0.55990
14028,0.560700,1,0.050107,0.00150275,0.014868,21.2474,0.05266,-1.12905
14045,0.616700,1,0.053368,0.00143793,0.020647,17.5802,0.06372,0.76774
14062,0.601300,1,0.052424,0.00139128,0.021021,18.4481,0.05367,-0.82398
14079,0.574000,1,0.051635,0.00136644,0.020630,19.8953,0.07529,-0.45624
14096,0.603400,1,0.052538,0.00161390,0.022836,18.1565,0.07386,0.41273
14113,0.602700,1,0.050174,0.00140598,0.016218,16.5882,0.03680,1.24214
14130,0.613900,1,0.050494,0.00150515,0.010378,16.8490,0.05653,0.39660
14147,0.612500,1,0.051715,0.00130185,0.020164,17.2200,0.03903,1.18174
14164,0.634900,1,0.052718,0.00146718,0.019738,17.3641,0.05987,-1.74335
14181,0.671300,1,0.053949,0.00138012,0.019885,16.0253,0.07077,-0.32083
14198,0.660100,1,0.054468,0.00128651,0.017983,17.0104,0.04982,2.02707
14215,0.603400,1,0.051249,0.00129941,0.021724,17.2472,0.05341,-0.44005
14232,0.606200,1,0.052538,0.00140908,0.021489,18.4607,0.05863,-0.08975
14249,0.649600,1,0.051631,0.00154425,0.017133,15.2844,0.07672,0.65445
14266,0.564900,1,0.052762,0.00149166,0.014200,20.0222,0.06543,-0.68410
14283,0.588700,1,0.052710,0.00151252,0.016336,20.0118,0.04212,-0.84037
14300,0.576800,1,0.052047,0.00143211,0.016336,17.9632,0.05301,1.12071
14317,0.609700,1,0.052289,0.00148513,0.018389,17.5970,0.03015,1.22226
14334,0.637000,1,0.051876,0.00147480,0.020159,15.2698,0.05376,0.46829
14351,0.611100,1,0.050418,0.00140898,0.017058,17.4545,0.04928,-0.26371
14368,0.513800,1,0.051479,0.00153185,0.023484,21.4910,0.08415,-0.44308
14385,0.623000,1,0.049720,0.00140201,0.017921,18.2271,0.07266,0.17548
14402,0.563500,1,0.051720,0.00135278,0.018562,17.7157,0.02269,-0.26468
14419,0.603400,1,0.051642,0.00152083,0.011805,18.6825,0.05471,0.18361
14436,0.662200,1,0.051132,0.00140914,0.018512,16.8004,0.06763,1.63750
14453,0.637700,1,0.051562,0.00143281,0.015759,14.5812,0.06166,-0.26529
14470,0.585200,1,0.050588,0.00138477,0.014669,18.6768,0.05043,-0.87874
14487,0.669900,1,0.052505,0.00152362,0.021392,16.7997,0.05784,0.57547
14504,0.627200,1,0.053706,0.00139322,0.016857,17.4736,0.06545,-0.87900
14521,0.644700,1,0.051628,0.00153245,0.014694,17.3693,0.04114,0.65771
14538,0.614600,1,0.051589,0.00150553,0.017948,15.8622,0.04078,0.99334
14555,0.653800,1,0.054324,0.00143605,0.024935,17.2579,0.06127,-1.08722
14572,0.679700,1,0.051199,0.00139753,0.018442,16.0458,0.04055,-1.64972
14589,0.593600,1,0.053194,0.00140440,0.019901,18.3085,0.08058,-1.80600
14606,0.665000,1,0.054493,0.00150132,0.014309,17.5083,0.06085,-1.16214
14623,0.693000,1,0.050997,0.00149459,0.015125,15.8529,0.06333,-0.93360
14640,0.576800,1,0.052411,0.00146267,0.018046,19.8061,0.04740,-0.35749
14657,0.613200,1,0.052524,0.00148054,0.023795,19.1113,0.06621,0.78470
14674,0.591500,1,0.051012,0.00150709,0.018629,18.7158,0.06522,-1.59191
14691,0.590800,1,0.052106,0.00132715,0.024120,17.8939,0.04539,-0.80261
14708,0.660100,1,0.050893,0.00142498,0.019178,13.9306,0.04162,-1.85967
14725,0.617400,1,0.052950,0.00165224,0.012800,16.3186,0.04319,-0.42736
14742,0.632100,1,0.051343,0.00141315,0.020648,16.7091,0.07280,-0.17183
14759,0.647500,1,0.052411,0.00152648,0.014811,16.9559,0.06625,-1.67163
14776,0.611100,1,0.054173,0.00136705,0.016480,16.8506,0.06477,0.35627
14793,0.638400,1,0.053619,0.00152178,0.017570,16.1484,0.07402,-0.32359
14810,0.661500,1,0.051202,0.00128943,0.016986,13.5936,0.04556,0.98012
14827,0.618800,1,0.050464,0.00141491,0.007304,15.7170,0.05873,0.54331
14844,0.611100,1,0.052972,0.00173417,0.019068,18.5889,0.07072,-0.09603
14861,0.574700,1,0.051724,0.00136336,0.016811,19.5620,0.06874,0.96963
14878,0.574700,1,0.052221,0.00136750,0.013587,17.8421,0.04213,0.89039
14895,0.581700,1,0.053162,0.00145785,0.006946,17.9839,0.02985,-1.26091
14912,0.567000,1,0.050813,0.00148685,0.023920,19.5142,0.07010,-1.00365
14929,0.653100,1,0.052573,0.00131380,0.016845,14.6355,0.08694,-0.72359
14946,0.667100,1,0.052600,0.00168296,0.018805,17.1038,0.07376,-0.59254
14963,0.637000,1,0.052326,0.00146425,0.019125,16.1235,0.06920,-0.60627
14980,0.594300,1,0.052750,0.00149677,0.021368,19.8552,0.05404,-1.38090
14997,0.575400,1,0.053142,0.00133321,0.019313,18.0409,0.04175,-0.63711
15014,0.585900,1,0.054211,0.00122589,0.021229,18.4848,0.06866,0.07958
15031,0.595700,1,0.052942,0.00150360,0.016084,19.0967,0.05105,-0.29800
15048,0.655200,1,0.053159,0.00154032,0.014665,16.7331,0.06628,-0.43212
15065,0.553000,1,0.051954,0.00122720,0.015639,19.0799,0.05762,0.48336
15082,0.602700,1,0.052549,0.00140392,0.023372,18.8479,0.09141,0.58643
15099,0.571200,1,0.051985,0.00157459,0.018766,19.7362,0.05549,1.30554
15116,0.572600,1,0.052968,0.00135470,0.019379,19.0911,0.05825,-1.20777
15133,0.646100,1,0.052149,0.00149979,0.021562,15.9658,0.06888,1.20708
15150,0.611800,1,0.049587,0.00137668,0.022222,19.2586,0.06084,-0.20136
15167,0.546000,1,0.051449,0.00143728,0.019502,21.1291,0.08870,0.19456
15184,0.599900,1,0.052253,0.00136241,0.018493,18.1514,0.03207,-0.08364
15201,0.590800,1,0.050348,0.00124097,0.019105,16.9108,0.06975,-0.01547
15218,0.569100,1,0.052439,0.00145694,0.019263,19.7747,0.04252,-2.09099
15235,0.571900,1,0.051651,0.00139872,0.020914,19.8413,0.03864,0.78823
15252,0.595000,1,0.052512,0.00133616,0.020496,17.4590,0.10242,-2.80059
15269,0.595700,1,0.051453,0.00158276,0.017173,16.3018,0.03731,-0.39214
15286,0.541100,1,0.051530,0.00130764,0.023848,18.7158,0.06133,-0.18081
15303,0.611800,1,0.052500,0.00148347,0.019692,17.9119,0.06185,-1.00619
15320,0.598500,1,0.053073,0.00147665,0.019682,19.0827,0.04036,-0.27957
15337,0.585200,1,0.053350,0.00147095,0.018435,18.4245,0.04329,-0.59655
15354,0.675500,1,0.050664,0.00146634,0.018519,19.2753,0.07793,0.78046
15371,0.585200,1,0.051662,0.00141747,0.022593,17.5320,0.05731,2.17198
15388,0.657300,1,0.050933,0.00142481,0.019188,16.4746,0.05596,0.03161
15405,0.644700,1,0.050817,0.00149207,0.018925,17.0045,0.05888,0.75319
15422,0.611100,1,0.050198,0.00149508,0.021611,18.1159,0.07185,-0.35608
15439,0.626500,1,0.053577,0.00137124,0.014010,17.0339,0.05502,0.27610
15456,0.716100,1,0.051060,0.00149873,0.014526,14.5819,0.07454,-0.78389
15473,0.578200,1,0.051250,0.00145438,0.016527,19.3011,0.06419,0.65573
15490,0.609700,1,0.052034,0.00147124,0.016216,17.1958,0.04969,-1.45990
15507,0.637700,1,0.054265,0.00147613,0.015814,19.2029,0.06348,-0.31180
15524,0.597100,1,0.051763,0.00140863,0.017621,18.3159,0.06438,1.05179
15541,0.572600,1,0.050849,0.00154793,0.014415,18.7126,0.06396,-0.35985
15558,0.576800,1,0.051309,0.00138872,0.020785,18.8391,0.06200,1.22062
15575,0.608300,1,0.052962,0.00138419,0.018543,18.3254,0.06049,1.18750
15592,0.618100,1,0.052841,0.00141988,0.018059,18.0567,0.04359,-0.73620
15609,0.603400,1,0.051698,0.00150635,0.018662,16.4812,0.04104,-0.27949
15626,0.662200,1,0.052390,0.00160945,0.016341,15.7500,0.03776,0.05319
15643,0.564200,1,0.051305,0.00147073,0.018410,19.0566,0.04785,-0.33108
15660,0.578900,1,0.051483,0.00146012,0.017147,18.8811,0.06908,0.13597
15677,0.624400,1,0.053145,0.00145921,0.017451,16.7744,0.04406,0.80992
15694,0.658000,1,0.052092,0.00166501,0.017482,16.1339,0.07275,-0.67133
15711,0.601300,1,0.051047,0.00144363,0.022359,19.0115,0.06660,1.37609
15728,0.648900,1,0.052558,0.00151820,0.017074,17.5466,0.06278,1.62426
15745,0.665000,1,0.051830,0.00146593,0.023838,17.8761,0.05356,-0.79285
15762,0.649600,1,0.054237,0.00138648,0.011939,17.0312,0.06876,0.12145
15779,0.627200,1,0.051270,0.00161266,0.019285,16.8746,0.06652,0.03055
15796,0.616000,1,0.051974,0.00131179,0.014380,16.8238,0.04451,0.58321
15813,0.596400,1,0.051561,0.00152999,0.013767,18.7331,0.06700,-1.22077
15830,0.594300,1,0.054158,0.00138521,0.012668,17.5287,0.05958,-0.41276
15847,0.598500,1,0.052633,0.00134292,0.024392,17.8484,0.05200,0.10597
15864,0.622300,1,0.052686,0.00149495,0.024133,18.2582,0.06391,-0.56620
15881,0.567000,1,0.051815,0.00143494,0.018289,19.3181,0.05556,-0.11297
15898,0.600600,1,0.049782,0.00143993,0.018605,18.1220,0.06095,0.08823
15915,0.560700,1,0.052315,0.00133516,0.019511,19.2259,0.04922,1.71627
15932,0.609700,1,0.050407,0.00156460,0.016325,16.1146,0.04652,-1.20111
15949,0.596400,1,0.053736,0.00149985,0.019703,19.0032,0.04994,0.17289
15966,0.607600,1,0.052402,0.00142505,0.017400,16.3090,0.03661,-1.18402
15983,0.599200,1,0.053458,0.00146487,0.022239,19.2200,0.04933,0.49071
16000,0.623700,1,0.052049,0.00165461,0.018173,18.2358,0.06484,-1.69250
16017,0.574700,1,0.053116,0.00152326,0.019689,19.0881,0.07684,-0.19477
16034,0.639100,1,0.052106,0.00161371,0.010342,17.8367,0.04242,0.14490
16051,0.564200,1,0.050852,0.00143670,0.024760,20.9804,0.07604,-0.14740
16068,0.577500,1,0.053760,0.00137351,0.016396,20.7188,0.06277,-1.29145
16085,0.662900,1,0.052885,0.00150866,0.012619,17.1663,0.07086,0.20303
16102,0.606900,1,0.053868,0.00136427,0.024542,19.9758,0.08325,-0.06035
16119,0.590100,1,0.052414,0.00139329,0.019470,19.2716,0.06767,0.45364
16136,0.643300,1,0.052735,0.00153141,0.018043,14.9783,0.05502,0.61426
16153,0.632100,1,0.051778,0.00135550,0.015660,17.4163,0.04208,0.06922
16170,0.548800,1,0.052442,0.00133294,0.018314,18.7121,0.05206,0.47037
16187,0.642600,1,0.052378,0.00134824,0.016164,16.4747,0.05849,0.20135
16204,0.569100,1,0.051295,0.00139614,0.017944,20.2250,0.04848,-1.60822
16221,0.625800,1,0.051672,0.00137280,0.014160,17.0433,0.05734,-0.46818
16238,0.736400,1,0.053715,0.00138540,0.020291,15.1564,0.07839,1.05268
16255,0.569800,1,0.051627,0.00140187,0.016697,17.4714,0.07014,-1.30711
16272,0.593600,1,0.052583,0.00128806,0.014725,17.6823,0.07497,0.90722
16289,0.615300,1,0.049615,0.00127851,0.022564,17.7297,0.08734,1.38142
16306,0.578200,1,0.050798,0.00139403,0.016541,18.3180,0.08229,0.81950
16323,0.671300,1,0.051354,0.00153880,0.017767,15.4714,0.04858,-1.56145
16340,0.566300,1,0.051620,0.00141567,0.014389,20.2085,0.04557,0.33684
16357,0.632100,1,0.054361,0.00147386,0.009632,16.4392,0.05281,-0.07862
16374,0.611800,1,0.051974,0.00139743,0.016135,17.6125,0.07500,1.85307
16391,0.548800,1,0.050523,0.00150370,0.012674,19.3766,0.07629,1.39317
16408,0.689500,1,0.053151,0.00152661,0.021088,17.7846,0.07148,0.83518
16425,0.552300,1,0.051870,0.00148006,0.019755,19.9372,0.05463,-0.20045
16442,0.595000,1,0.051594,0.00144240,0.017222,16.5801,0.04342,0.40664
16459,0.591500,1,0.051967,0.00129512,0.017897,20.5251,0.04616,0.83276
16476,0.620900,1,0.053493,0.00137558,0.013440,17.9568,0.08992,0.99926
16493,0.587300,1,0.050248,0.00156077,0.019910,19.2172,0.05023,-0.29198
16510,0.562800,1,0.051481,0.00153116,0.014310,20.0791,0.09696,0.21673
16527,0.665000,1,0.053372,0.00134301,0.026733,17.1640,0.05578,0.48195
16544,0.658700,1,0.053576,0.00163097,0.015224,15.9568,0.05785,0.13903
16561,0.589400,1,0.051565,0.00151389,0.012357,19.1243,0.03759,0.80164
16578,0.584500,1,0.051501,0.00157612,0.023141,16.8730,0.04722,1.07492
16595,0.613900,1,0.051907,0.00147244,0.017018,19.8968,0.08085,1.44634
16612,0.619500,1,0.054692,0.00146503,0.015762,18.4087,0.07478,-0.11809
16629,0.574700,1,0.051396,0.00139845,0.011155,21.4618,0.06251,1.31105
16646,0.578200,1,0.052009,0.00124082,0.020517,17.2941,0.04241,0.87600
16663,0.565600,1,0.052005,0.00154581,0.017138,19.5851,0.07271,-0.97249
16680,0.567700,1,0.053623,0.00135966,0.012544,20.9646,0.05341,-0.36633
16697,0.625100,1,0.054213,0.00149721,0.019638,17.6405,0.05320,-1.74055
16714,0.615300,1,0.051127,0.00155486,0.021408,18.0038,0.08252,0.21145
16731,0.606200,1,0.051355,0.00146859,0.017955,17.2646,0.05256,-2.00270
16748,0.572600,1,0.052139,0.00137663,0.020377,19.3002,0.04976,0.27743
16765,0.606200,1,0.053119,0.00144586,0.022398,18.9065,0.09068,0.66611
16782,0.574700,1,0.051159,0.00140897,0.020428,18.8698,0.07439,-0.04163
16799,0.597800,1,0.051370,0.00146347,0.023842,19.0835,0.03517,0.98413
16816,0.576100,1,0.051142,0.00159125,0.016623,19.4420,0.05326,-0.08883
16833,0.639100,1,0.050924,0.00139947,0.018907,17.0302,0.04970,0.91499
16850,0.677600,1,0.049943,0.00145678,0.013892,15.7108,0.06967,1.46251
16867,0.578200,1,0.049668,0.00126467,0.022216,17.2611,0.06121,0.44886
16884,0.619500,1,0.051741,0.00154983,0.013670,17.3923,0.06701,-1.07221
16901,0.583100,1,0.052184,0.00125256,0.020766,18.6348,0.04633,0.70243
16918,0.574000,1,0.053062,0.00158477,0.023977,20.4300,0.05358,-0.20798
16935,0.577500,1,0.051646,0.00156882,0.014228,20.5034,0.05289,0.51696
16952,0.678300,1,0.052638,0.00146540,0.015253,18.8657,0.07123,-0.12407
16969,0.627900,1,0.052605,0.00138040,0.017945,15.8665,0.04554,-0.38426
16986,0.631400,1,0.052596,0.00137954,0.016412,17.5853,0.05872,-0.80676
17003,0.621600,1,0.050746,0.00136036,0.022086,16.8817,0.04239,-1.24711
17020,0.704900,1,0.053366,0.00151472,0.021750,16.2409,0.08995,0.86790
17037,0.641900,1,0.052171,0.00136930,0.018832,16.0198,0.06813,0.00331
17054,0.573300,1,0.051605,0.00152982,0.019536,19.2156,0.05703,0.32968
17071,0.683200,1,0.053598,0.00163046,0.017667,18.2431,0.05032,-1.15957
17088,0.597100,1,0.052259,0.00142239,0.018817,17.0879,0.05941,-1.26918
17105,0.611100,1,0.051545,0.00166720,0.018382,18.4307,0.05128,-0.03355
17122,0.665700,1,0.052443,0.00146849,0.022656,17.6887,0.06843,0.55567
17139,0.624400,1,0.052021,0.00144754,0.018362,20.2346,0.07996,-1.03068
17156,0.621600,1,0.051186,0.00143289,0.023636,17.2292,0.07048,0.57494
17173,0.586600,1,0.051144,0.00146662,0.020085,16.1723,0.06343,0.23533
17190,0.646800,1,0.052106,0.00141417,0.022130,17.0395,0.06704,-0.76599
17207,0.617400,1,0.052968,0.00132471,0.022800,17.9662,0.07014,2.04536
17224,0.623000,1,0.052185,0.00145418,0.017118,18.4290,0.06616,-0.93895
17241,0.607600,1,0.052390,0.00150249,0.013634,18.4701,0.04767,-0.73228
17258,0.664300,1,0.052774,0.00150854,0.013626,16.8100,0.08247,0.53111
17275,0.592200,1,0.051260,0.00136962,0.015511,19.6198,0.05774,0.57423
17292,0.616700,1,0.052826,0.00143399,0.019974,19.1250,0.07837,0.16315
17309,0.599200,1,0.051769,0.00142748,0.016256,19.1034,0.05768,-0.28254
17326,0.626500,1,0.050285,0.00144324,0.020128,16.6742,0.02891,-0.91591
17343,0.653800,1,0.051959,0.00120900,0.015458,16.6665,0.05971,-0.58287
17360,0.646800,1,0.052609,0.00142577,0.013990,16.7455,0.05481,-0.55109
17377,0.651000,1,0.052300,0.00155802,0.018151,17.5080,0.05488,-0.02505
17394,0.562100,1,0.052563,0.00145049,0.015335,18.5890,0.06047,0.47276
17411,0.655200,1,0.052412,0.00142973,0.020672,16.5857,0.07628,-1.71413
17428,0.658000,1,0.052530,0.00144116,0.017152,15.6357,0.06828,-0.46613
17445,0.562100,1,0.050937,0.00148326,0.018879,19.7686,0.04689,-0.01228
17462,0.622300,1,0.050304,0.00146503,0.020727,17.6300,0.03670,-1.77986
17479,0.645400,1,0.050765,0.00162321,0.016525,17.7027,0.05677,-0.39172
17496,0.609700,1,0.052820,0.00148981,0.016181,17.0545,0.07071,-1.73465
17513,0.585200,1,0.051543,0.00144395,0.020683,16.4833,0.04144,-0.61207
17530,0.590800,1,0.052289,0.00154063,0.021118,19.3588,0.05500,1.66132
17547,0.633500,1,0.050260,0.00149782,0.014439,17.6183,0.05083,0.10467
17564,0.680400,1,0.052861,0.00138921,0.021855,17.5233,0.04740,1.35409
17581,0.599900,1,0.051099,0.00147987,0.015968,18.9113,0.04608,-0.70325
17598,0.629300,1,0.051306,0.00137506,0.016830,17.4087,0.04874,-1.02341
17615,0.632100,1,0.052129,0.00153579,0.014815,15.7229,0.06255,1.68721
17632,0.581000,1,0.051357,0.00152935,0.019579,17.4951,0.05721,0.11126
17649,0.660800,1,0.051661,0.00152045,0.014717,15.7588,0.05505,0.36237
17666,0.662200,1,0.052687,0.00152660,0.019551,16.1567,0.05861,-0.00053
17683,0.643300,1,0.053947,0.00145787,0.015200,17.5184,0.05738,1.74294
17700,0.571200,1,0.050352,0.00144811,0.016544,17.3246,0.06695,-0.55413
17717,0.581000,1,0.052768,0.00159765,0.017975,18.7111,0.06282,-0.86863
17734,0.639100,1,0.051423,0.00144424,0.019535,17.1708,0.08347,-0.34498
17751,0.557900,1,0.052618,0.00134048,0.018169,18.6684,0.04508,1.50612
17768,0.598500,1,0.051502,0.00139241,0.014564,18.3348,0.06629,-0.51773
17785,0.629300,1,0.051035,0.00149700,0.019557,17.3281,0.06184,-0.34704
17802,0.601300,1,0.052159,0.00135949,0.020997,20.2762,0.07734,-0.42839
17819,0.592900,1,0.052168,0.00146719,0.020734,19.0089,0.05118,-1.99871
17836,0.602000,1,0.051194,0.00148782,0.019206,18.5906,0.06603,0.78464
17853,0.612500,1,0.052542,0.00131555,0.021161,17.1825,0.07179,0.65262
17870,0.577500,1,0.052819,0.00143894,0.019613,19.0804,0.06662,-1.16205
17887,0.598500,1,0.052008,0.00146609,0.020703,18.6747,0.06333,-0.15974
17904,0.581700,1,0.052151,0.00148464,0.021483,18.4722,0.04033,-1.11947
17921,0.684600,1,0.050730,0.00145918,0.019573,17.2933,0.09879,-1.61818
17938,0.618800,1,0.050556,0.00154944,0.012904,15.8016,0.05959,-1.32499
17955,0.582400,1,0.050702,0.00144086,0.019258,18.5780,0.06468,0.43893
17972,0.598500,1,0.052946,0.00149079,0.014694,19.4068,0.06852,0.47864
17989,0.609700,1,0.052250,0.00147293,0.016894,20.3141,0.10489,0.67536
18006,0.607600,1,0.052876,0.00159357,0.021783,18.6165,0.06836,0.25825
18023,0.597100,1,0.050413,0.00136126,0.013678,18.2395,0.06324,-0.61817
18040,0.633500,1,0.052961,0.00141700,0.016086,17.4331,0.03446,-1.05083
18057,0.630000,1,0.052123,0.00143355,0.020712,17.4315,0.06439,0.42562
18074,0.572600,1,0.052242,0.00150645,0.019263,20.1012,0.06188,-0.42221
18091,0.642600,1,0.052974,0.00156106,0.014551,18.9103,0.09631,-1.23818
18108,0.602700,1,0.051630,0.00147651,0.011595,16.6313,0.04445,0.21618
18125,0.603400,1,0.053428,0.00146193,0.021352,17.8624,0.08196,0.64487
18142,0.528500,1,0.049823,0.00158532,0.019735,20.6798,0.05424,0.25020
18159,0.651000,1,0.052049,0.00140934,0.011600,15.5683,0.06250,0.43962
18176,0.565600,1,0.052002,0.00147245,0.020302,17.5749,0.03266,-1.95048
18193,0.633500,1,0.052127,0.00147938,0.014528,17.7196,0.05867,1.81515
18210,0.641900,1,0.052571,0.00136663,0.014713,15.9267,0.05675,0.25342
18227,0.581000,1,0.052244,0.00136255,0.020696,21.1755,0.04789,-0.30491
18244,0.609700,1,0.051452,0.00130931,0.019282,17.9429,0.04359,0.39370
18261,0.612500,1,0.052479,0.00154782,0.014237,16.2540,0.06145,-0.32226
18278,0.642600,1,0.054138,0.00158840,0.025480,16.5360,0.04549,0.22010
18295,0.581700,1,0.052752,0.00132689,0.023481,17.6220,0.06040,0.79314
18312,0.590800,1,0.051776,0.00153915,0.019318,19.2950,0.06354,-1.35683
18329,0.520800,1,0.050631,0.00139436,0.022265,21.4859,0.06043,-0.21423
18346,0.674800,1,0.052716,0.00137575,0.021395,16.9676,0.08271,-0.38237
18363,0.606900,1,0.051839,0.00146193,0.017579,17.6365,0.07491,-1.62346
18380,0.663600,1,0.051052,0.00146849,0.018342,15.4578,0.06572,-0.02101
18397,0.667800,1,0.053002,0.00158280,0.018079,16.5982,0.09088,-0.91888
18414,0.602000,1,0.052291,0.00140748,0.022680,19.5434,0.06375,1.10179
18431,0.597800,1,0.052864,0.00138425,0.018541,17.5002,0.04555,-0.63121
18448,0.611100,1,0.051673,0.00156699,0.017946,18.8295,0.05384,1.34876
18465,0.656600,1,0.051209,0.00149266,0.017938,18.1048,0.05263,-0.40684
18482,0.567700,1,0.052574,0.00138852,0.015572,19.6565,0.05754,2.65501
18499,0.627200,1,0.051775,0.00145357,0.021241,17.9429,0.06758,0.11025
18516,0.616000,1,0.052753,0.00140873,0.012189,17.8678,0.05249,0.38404
18533,0.611100,1,0.051683,0.00157487,0.022717,17.5363,0.07599,0.90007
18550,0.613200,1,0.051157,0.00129031,0.019301,17.3143,0.05959,1.30414
18567,0.621600,1,0.052261,0.00137630,0.015729,18.0885,0.05235,1.26111
18584,0.560700,1,0.050729,0.00148354,0.013357,19.5713,0.08837,0.96310
18601,0.588700,1,0.052611,0.00145416,0.018259,20.2358,0.05953,-0.02008
18618,0.629300,1,0.051990,0.00135434,0.020588,18.8150,0.05995,-0.83475
18635,0.637000,1,0.050468,0.00138631,0.019837,17.0390,0.07871,-0.85825
18652,0.619500,1,0.049982,0.00143514,0.017780,17.8267,0.08181,-0.72445
18669,0.627200,1,0.050999,0.00140168,0.021722,16.7883,0.06100,-0.07044
18686,0.595000,1,0.050858,0.00139290,0.020499,17.1744,0.02257,0.03699
18703,0.683200,1,0.051995,0.00142684,0.012769,16.3671,0.04794,1.45042
18720,0.613900,1,0.052004,0.00144680,0.017317,18.3949,0.03694,-0.67053
18737,0.602000,1,0.051740,0.00151243,0.026253,17.3509,0.06494,0.63435
18754,0.595000,1,0.052000,0.00157077,0.016081,19.1093,0.04877,0.73699
18771,0.579600,1,0.051578,0.00151649,0.018100,18.7107,0.07623,0.28798
18788,0.640500,1,0.051598,0.00145201,0.023367,16.1183,0.04571,0.60450
18805,0.568400,1,0.053434,0.00129730,0.015395,18.1483,0.04782,-1.62338
18822,0.562800,1,0.051124,0.00148635,0.013752,18.2913,0.05031,0.86437
18839,0.629300,1,0.051880,0.00146732,0.017725,17.9401,0.03760,-0.59264
18856,0.560000,1,0.052333,0.00144716,0.016145,19.9901,0.06948,-0.67975
18873,0.645400,1,0.051287,0.00150091,0.015138,18.0831,0.03988,-1.05963
18890,0.630700,1,0.053191,0.00135801,0.017164,16.8992,0.08376,-0.36530
18907,0.619500,1,0.052700,0.00155308,0.012821,18.1522,0.03624,0.76237
18924,0.592900,1,0.052185,0.00145424,0.014014,20.3329,0.08674,-0.19688
18941,0.632100,1,0.052063,0.00141969,0.009228,17.0659,0.06300,1.17240
18958,0.564900,1,0.051616,0.00142569,0.018190,20.1647,0.05962,1.52565
18975,0.618100,1,0.053159,0.00126496,0.020238,17.2908,0.04811,-0.76818
18992,0.588700,1,0.051041,0.00145254,0.022919,19.5889,0.08648,0.02325
19009,0.602000,1,0.051892,0.00139066,0.016748,17.5780,0.07114,-1.87351
19026,0.641200,1,0.051253,0.00157744,0.017159,17.3010,0.05237,-0.00645
19043,0.572600,1,0.051363,0.00141648,0.016043,18.6380,0.06669,0.44500
19060,0.648200,1,0.053353,0.00136735,0.014182,17.8042,0.08438,-0.55846
19077,0.637000,1,0.051779,0.00140645,0.020915,16.3431,0.06674,1.63603
19094,0.596400,1,0.050949,0.00142474,0.021334,18.6242,0.07422,1.30728
19111,0.688800,1,0.051758,0.00133929,0.016652,14.6387,0.06418,-0.91491
19128,0.686000,1,0.052248,0.00164790,0.018554,16.8497,0.08831,0.50199
19145,0.592200,1,0.051091,0.00144676,0.020359,18.5644,0.07572,-0.28207
19162,0.618800,1,0.053399,0.00149084,0.019907,17.9256,0.05105,1.38350
19179,0.653100,1,0.052877,0.00147798,0.021687,17.9047,0.08766,-1.49434
19196,0.553700,1,0.050871,0.00151605,0.020833,19.6212,0.02228,-1.36444
19213,0.591500,1,0.053223,0.00146357,0.019194,18.1399,0.05367,0.38946
19230,0.581700,1,0.052485,0.00121872,0.016823,19.1083,0.02328,1.42362
19247,0.564900,1,0.051720,0.00153333,0.020317,19.1351,0.07422,-0.11988
19264,0.650300,1,0.051933,0.00154005,0.016319,17.6426,0.05411,-0.38752
19281,0.588700,1,0.052238,0.00150361,0.020212,19.2388,0.04952,-0.16048
19298,0.578200,1,0.050553,0.00150670,0.020701,18.9120,0.08250,1.91651
19315,0.593600,1,0.052165,0.00151076,0.018872,19.2437,0.07099,1.12204
19332,0.557200,1,0.052906,0.00143251,0.022741,20.8122,0.04953,-2.02480
19349,0.612500,1,0.052944,0.00133926,0.019559,17.5747,0.05914,1.24355
19366,0.594300,1,0.052237,0.00133813,0.018134,18.3754,0.03634,-1.41873
19383,0.634900,1,0.051901,0.00146051,0.017532,17.7005,0.08126,-0.44294
19400,0.672700,1,0.053042,0.00144890,0.016040,15.0223,0.07971,0.38720
19417,0.656600,1,0.052638,0.00138387,0.020803,17.1952,0.05646,-0.66424
19434,0.635600,1,0.050258,0.00154109,0.013036,17.8381,0.03968,-0.13361
19451,0.588700,1,0.053685,0.00146237,0.021348,16.7738,0.05722,0.57665
19468,0.668500,1,0.052925,0.00138111,0.019255,17.2054,0.08578,1.26420
19485,0.621600,1,0.053885,0.00138221,0.023320,16.8596,0.07750,0.03568
19502,0.616700,1,0.051822,0.00136568,0.022850,17.9817,0.04688,1.40944
19519,0.540400,1,0.050375,0.00138599,0.017755,21.0899,0.07202,0.36137
19536,0.601300,1,0.052276,0.00142637,0.021124,18.0263,0.08439,1.15315
19553,0.598500,1,0.052042,0.00148176,0.022879,18.3465,0.06559,1.23123
19570,0.625800,1,0.053520,0.00137467,0.020289,19.5667,0.07079,-2.44326
19587,0.639100,1,0.052742,0.00144562,0.015540,15.3238,0.05185,1.01513
19604,0.648900,1,0.052130,0.00170033,0.018343,17.0146,0.05690,1.44634
19621,0.666400,1,0.051860,0.00141395,0.022021,16.7760,0.06623,0.11920
19638,0.604100,1,0.051618,0.00141620,0.020939,20.1210,0.05836,-0.26989
19655,0.622300,1,0.052479,0.00143237,0.016696,17.3775,0.08706,1.09133
19672,0.607600,1,0.051523,0.00137056,0.023113,17.5327,0.07966,0.04901
19689,0.641200,1,0.054016,0.00164434,0.021698,18.9136,0.08814,0.63729
19706,0.616000,1,0.052288,0.00152081,0.018253,18.5859,0.06472,-2.72054
19723,0.636300,1,0.051714,0.00128352,0.013588,16.8159,0.06369,1.37073
19740,0.644000,1,0.053080,0.00159107,0.018392,15.9998,0.04373,-0.79531
19757,0.555100,1,0.052222,0.00126020,0.019585,20.0946,0.06575,-0.73573
19774,0.594300,1,0.050542,0.00157233,0.017015,18.3845,0.07286,-0.35615
19791,0.611800,1,0.050133,0.00142870,0.022861,17.5682,0.06872,0.78144
19808,0.661500,1,0.051218,0.00142149,0.021454,17.2746,0.06007,0.61569
19825,0.613900,1,0.051116,0.00155035,0.019825,17.6611,0.07167,0.49335
19842,0.634200,1,0.051618,0.00140719,0.016372,16.7200,0.06449,-1.00665
19859,0.604100,1,0.052196,0.00135192,0.023356,18.2323,0.05584,-0.29552
19876,0.672700,1,0.051188,0.00155629,0.022016,17.4098,0.07599,0.09416
19893,0.673400,1,0.054097,0.00127993,0.014570,18.0205,0.08672,-0.78703
19910,0.626500,1,0.052260,0.00158113,0.018523,18.0056,0.04441,1.02567
19927,0.650300,1,0.052038,0.00147758,0.016100,16.7856,0.08332,-1.09026
19944,0.653800,1,0.052528,0.00145143,0.015427,17.8161,0.06994,0.84113
19961,0.610400,1,0.052594,0.00144855,0.015333,16.4228,0.04653,-0.57877
19978,0.536900,1,0.050754,0.00136315,0.014303,18.8589,0.06801,1.17375
19995,0.598500,1,0.050642,0.00138051,0.014343,17.6100,0.05879,0.60098
20012,0.604100,1,0.052220,0.00152897,0.018431,19.2522,0.04232,0.86913
20029,0.609000,1,0.052494,0.00148284,0.018193,16.8830,0.04134,0.47805
20046,0.647500,1,0.053846,0.00147255,0.016400,16.3025,0.04961,-0.51716
20063,0.580300,1,0.050989,0.00150452,0.015971,20.7640,0.04727,-0.53476
20080,0.611100,1,0.051561,0.00134469,0.025508,18.2409,0.06352,1.59988
20097,0.637000,1,0.052984,0.00146908,0.023338,17.3530,0.04406,1.04634
20114,0.564900,1,0.052493,0.00141743,0.016531,21.1165,0.05767,0.14297
20131,0.611800,1,0.052396,0.00147605,0.015230,21.7061,0.08937,-0.73644
20148,0.579600,1,0.053584,0.00149890,0.013679,20.7930,0.05862,-0.05826
20165,0.629300,1,0.051548,0.00146876,0.019382,18.1870,0.07452,-0.23127
20182,0.603400,1,0.052472,0.00136929,0.016795,20.2292,0.03967,-0.11866
20199,0.568400,1,0.052176,0.00141182,0.019818,17.2871,0.06672,0.48945
20216,0.546700,1,0.052755,0.00139965,0.018647,19.2078,0.04857,-0.15748
20233,0.567000,1,0.050833,0.00149653,0.022098,20.1184,0.08033,-1.00086
20250,0.606200,1,0.051052,0.00160206,0.015198,18.0087,0.02085,0.45155
20267,0.592900,1,0.052461,0.00136742,0.021217,19.1201,0.04009,0.40657
20284,0.585200,1,0.051499,0.00158660,0.011392,18.8612,0.05225,-0.88229
20301,0.616000,1,0.051402,0.00136889,0.010550,16.1271,0.05879,1.48546
20318,0.560000,1,0.050861,0.00153963,0.019222,18.8650,0.04769,1.32587
20335,0.646100,1,0.051087,0.00132435,0.018220,16.2547,0.04994,1.11353
20352,0.663600,1,0.051552,0.00140874,0.021710,15.6336,0.03157,0.37675
20369,0.626500,1,0.052884,0.00149900,0.015515,15.6137,0.08211,0.94348
20386,0.619500,1,0.050709,0.00138773,0.018095,18.1661,0.06002,0.01997
20403,0.613900,1,0.053333,0.00133158,0.020139,20.0245,0.06292,0.76944
20420,0.601300,1,0.053736,0.00152956,0.015641,18.4072,0.05842,1.98975
20437,0.677600,1,0.052315,0.00128342,0.031651,18.6325,0.05594,-0.61474
20454,0.582400,1,0.050295,0.00137604,0.015011,20.7805,0.05992,0.14857
20471,0.623000,1,0.050690,0.00148603,0.014894,17.0490,0.05889,-2.70717
20488,0.571900,1,0.050661,0.00138183,0.018568,19.2428,0.07394,0.60219
20505,0.588700,1,0.051645,0.00153742,0.013763,18.0352,0.06709,-0.00240
20522,0.633500,1,0.051207,0.00149817,0.016359,18.8081,0.08398,-0.17085
20539,0.602000,1,0.051946,0.00141353,0.017505,18.9530,0.07583,-0.25782
20556,0.567000,1,0.050157,0.00140436,0.017560,17.9984,0.05213,1.67263
20573,0.612500,1,0.052780,0.00141978,0.014780,19.5442,0.06697,2.12002
20590,0.631400,1,0.052797,0.00153220,0.022691,18.2514,0.05235,-0.36885
20607,0.616000,1,0.051187,0.00134358,0.019303,17.9339,0.05979,-0.01925
20624,0.635600,1,0.052472,0.00158257,0.015081,18.3926,0.05769,1.59083
20641,0.576800,1,0.052214,0.00138111,0.014212,18.0748,0.05447,-0.17739
20658,0.633500,1,0.052442,0.00138236,0.015872,17.7104,0.07970,0.21634
20675,0.645400,1,0.052083,0.00137080,0.017781,14.3114,0.07487,-1.18951
20692,0.586600,1,0.052592,0.00144247,0.020125,17.4801,0.05839,0.62548
20709,0.618800,1,0.051950,0.00139525,0.016296,15.8834,0.08273,0.23108
20726,0.662200,1,0.051224,0.00137920,0.019470,17.1073,0.04949,-0.27619
20743,0.590100,1,0.050013,0.00142186,0.012622,18.2336,0.07506,0.64448
20760,0.632100,1,0.050936,0.00144746,0.020237,17.5913,0.08725,-0.57113
20777,0.585900,1,0.053634,0.00152012,0.023199,19.9070,0.06404,0.98383
20794,0.693000,1,0.050761,0.00165872,0.017192,15.9914,0.05835,0.32863
20811,0.680400,1,0.052464,0.00133228,0.015103,16.6764,0.07415,2.36592
20828,0.639800,1,0.052064,0.00132837,0.022779,17.0112,0.02975,0.17760
20845,0.576100,1,0.051217,0.00154797,0.018388,19.0894,0.06827,2.26898
20862,0.574700,1,0.052662,0.00142624,0.013498,19.2404,0.05514,0.35025
20879,0.565600,1,0.052060,0.00139497,0.019292,17.9414,0.06784,-0.77583
20896,0.596400,1,0.051377,0.00149438,0.017072,17.9669,0.04747,-0.22158
20913,0.596400,1,0.052269,0.00154973,0.021567,18.5952,0.06009,-0.03892
20930,0.634200,1,0.053376,0.00147867,0.020264,17.1413,0.03674,0.22935
20947,0.587300,1,0.051775,0.00135598,0.014720,17.5561,0.02054,-1.15453
20964,0.639100,1,0.052500,0.00135505,0.016079,17.7068,0.05995,0.35572
20981,0.573300,1,0.052033,0.00140269,0.020254,19.7094,0.05616,0.57195
20998,0.617400,1,0.050417,0.00148073,0.020665,19.3922,0.06092,-0.39004
21015,0.599200,1,0.053203,0.00135126,0.015537,16.9970,0.04072,-1.97490
21032,0.632100,1,0.053881,0.00146625,0.013911,19.5636,0.07139,0.06388
21049,0.587300,1,0.052917,0.00156230,0.025299,20.4650,0.07206,0.62881
21066,0.584500,1,0.051366,0.00123914,0.023611,16.1185,0.04797,1.32783
21083,0.611100,1,0.052286,0.00148346,0.022786,18.8797,0.05489,0.76068
21100,0.620200,1,0.053393,0.00144979,0.019244,17.1407,0.05115,1.01064
21117,0.623000,1,0.052569,0.00139945,0.016352,19.8439,0.06555,-0.33751
21134,0.592900,1,0.052303,0.00165275,0.015747,18.6759,0.07341,1.13211
21151,0.632100,1,0.052956,0.00165275,0.020949,16.8563,0.06608,0.49009
21168,0.634200,1,0.052887,0.00148920,0.022152,17.8336,0.08347,1.22535
21185,0.607600,1,0.050168,0.00154439,0.020781,18.6626,0.05685,0.18309
21202,0.590800,1,0.050603,0.00137650,0.018889,19.3468,0.03461,0.01671
21219,0.627900,1,0.052459,0.00136030,0.020680,18.4820,0.07370,-1.24522
21236,0.535500,1,0.052800,0.00137932,0.018525,17.9233,0.06035,0.93503
21253,0.617400,1,0.052652,0.00149520,0.015314,18.1030,0.06214,-0.76214
21270,0.555100,1,0.049676,0.00155294,0.022609,18.3814,0.04683,-0.71386
21287,0.623000,1,0.053076,0.00159540,0.013591,18.4305,0.05925,-0.98152
21304,0.639100,1,0.051879,0.00132488,0.013724,15.9727,0.06070,-1.01133
21321,0.625800,1,0.051679,0.00130295,0.018075,17.9903,0.07572,-0.63690
21338,0.577500,1,0.051126,0.00141094,0.016188,18.6863,0.06361,0.49557
21355,0.634200,1,0.052325,0.00137663,0.017131,17.4719,0.09336,1.57047
21372,0.595700,1,0.050617,0.00147659,0.023029,18.0614,0.06004,-0.68977
21389,0.655200,1,0.052275,0.00152139,0.019182,19.4786,0.06265,-2.23109
21406,0.613900,1,0.051419,0.00146332,0.019286,16.2104,0.06012,1.20917
21423,0.592900,1,0.051328,0.00141417,0.015898,17.7438,0.03933,0.55195
21440,0.552300,1,0.051421,0.00158111,0.022636,19.7043,0.04743,-1.00621
21457,0.685300,1,0.052009,0.00148648,0.015548,15.6493,0.05897,-0.15542
21474,0.560000,1,0.050788,0.00127491,0.023274,20.7804,0.07086,0.18942
21491,0.635600,1,0.053054,0.00155524,0.021499,19.1031,0.03551,-0.99878
21508,0.608300,1,0.051330,0.00155239,0.017350,17.1382,0.06781,0.34302
21525,0.630000,1,0.053666,0.00155261,0.021608,17.8975,0.07232,-0.99862
21542,0.594300,1,0.050971,0.00146274,0.020000,17.5567,0.04331,-1.28562
21559,0.525000,1,0.053248,0.00143432,0.018419,21.5128,0.06721,0.38987
21576,0.598500,1,0.050611,0.00165477,0.008102,20.4151,0.05726,1.18559
21593,0.627900,1,0.050432,0.00138799,0.022945,17.5991,0.04935,0.33280
21610,0.658700,1,0.054090,0.00149624,0.014699,16.8512,0.07805,-2.72609
21627,0.570500,1,0.051142,0.00147984,0.018891,19.5994,0.06988,-1.27121
21644,0.588700,1,0.051896,0.00159160,0.025021,16.8357,0.05776,0.30572
21661,0.675500,1,0.051831,0.00161699,0.017898,16.5769,0.05349,-0.40777
21678,0.556500,1,0.051965,0.00155323,0.018629,19.4029,0.04191,-0.44997
21695,0.571200,1,0.053512,0.00140548,0.011512,19.7786,0.05698,-0.79867
21712,0.581700,1,0.050808,0.00143693,0.012774,18.9410,0.04619,1.09842
21729,0.614600,1,0.051146,0.00151404,0.022871,18.4698,0.06311,-0.44862
21746,0.644000,1,0.052162,0.00155339,0.019716,17.3513,0.05278,1.12465
21763,0.634200,1,0.052551,0.00146384,0.028361,18.0459,0.06387,0.87380
21780,0.588000,1,0.051577,0.00137057,0.019789,21.2625,0.05437,0.28007
21797,0.627200,1,0.052734,0.00144018,0.011586,17.6268,0.04428,1.15066
21814,0.552300,1,0.051432,0.00138840,0.025273,20.2530,0.03680,-1.51603
21831,0.568400,1,0.050846,0.00150641,0.024771,18.8439,0.07365,1.12663
21848,0.578200,1,0.050206,0.00131610,0.010484,17.9706,0.05809,-0.61101
21865,0.576800,1,0.052870,0.00145061,0.022180,18.4252,0.06279,0.05967
21882,0.643300,1,0.050388,0.00153335,0.020889,17.0926,0.07217,0.44848
21899,0.557200,1,0.052045,0.00134116,0.018609,19.9721,0.02544,0.12684
21916,0.697900,1,0.051824,0.00125479,0.022739,14.2115,0.05776,1.61705
21933,0.541100,1,0.051185,0.00154291,0.008695,21.2098,0.08082,0.50945
21950,0.576800,1,0.050790,0.00127508,0.017769,20.6348,0.07924,-0.59853
21967,0.585900,1,0.050455,0.00140722,0.020191,16.9858,0.06266,-1.35999
21984,0.587300,1,0.053367,0.00148907,0.013629,20.2767,0.07068,-0.07132
22001,0.618100,1,0.054090,0.00157965,0.020262,17.9079,0.05435,2.06692
22018,0.595700,1,0.053140,0.00129430,0.018933,16.7541,0.05545,-0.24295
22035,0.629300,1,0.052617,0.00134783,0.018213,18.5445,0.08187,-0.90462
22052,0.597100,1,0.051616,0.00160339,0.016447,18.6671,0.07298,-0.80346
22069,0.606900,1,0.051576,0.00144036,0.018561,17.4976,0.01183,-0.81264
22086,0.609000,1,0.050838,0.00161526,0.022257,17.2786,0.06925,0.40941
22103,0.623000,1,0.051420,0.00132223,0.018130,17.2025,0.05713,-0.36461
22120,0.569100,1,0.051616,0.00133200,0.019008,20.3715,0.04655,0.12133
22137,0.590100,1,0.052507,0.00135833,0.015459,18.2340,0.07595,0.38282
22154,0.604800,1,0.051748,0.00146325,0.021363,19.3758,0.06548,0.35641
22171,0.592200,1,0.051612,0.00141465,0.015542,16.7301,0.06606,-0.59258
22188,0.583100,1,0.054344,0.00146213,0.020035,17.8702,0.03086,1.11002
22205,0.620200,1,0.052060,0.00130287,0.017041,19.0034,0.04515,1.00859
22222,0.588000,1,0.051923,0.00152338,0.016135,19.2254,0.07790,0.85103
22239,0.628600,1,0.049745,0.00156582,0.013575,15.3971,0.04677,-0.03313
22256,0.607600,1,0.052619,0.00144571,0.017457,18.5740,0.08795,1.05782
22273,0.636300,1,0.051106,0.00139029,0.016838,16.4921,0.03555,-1.30391
22290,0.569100,1,0.053542,0.00145802,0.013189,18.8876,0.09298,0.39352
22307,0.577500,1,0.052299,0.00165824,0.021574,19.5716,0.05547,0.51883
22324,0.620900,1,0.052828,0.00153036,0.014566,17.6087,0.05561,-0.13951
22341,0.545300,1,0.051990,0.00157643,0.016946,20.6437,0.04904,0.01288
22358,0.638400,1,0.050043,0.00142556,0.016185,15.4568,0.05176,0.37986
22375,0.648900,1,0.052824,0.00141759,0.017955,16.9053,0.05395,0.57507
22392,0.598500,1,0.054802,0.00131611,0.015655,18.4490,0.04612,-1.49383
22409,0.609700,1,0.052797,0.00146199,0.013538,20.3568,0.08958,-0.39813
22426,0.623000,1,0.052799,0.00139267,0.023124,16.5521,0.05163,-0.89165
22443,0.642600,1,0.050767,0.00139939,0.011497,16.6234,0.05815,1.63262
22460,0.653100,1,0.053203,0.00154168,0.014585,16.6794,0.06598,0.68320
22477,0.573300,1,0.051864,0.00157027,0.013268,18.0878,0.04703,0.85212
22494,0.563500,1,0.051672,0.00157278,0.019027,18.8335,0.06650,-0.48763
22511,0.614600,1,0.052126,0.00152718,0.020226,19.3314,0.04017,-2.21481
22528,0.605500,1,0.053707,0.00143987,0.014179,18.6744,0.07193,-0.10755
22545,0.571900,1,0.050165,0.00141153,0.025312,19.0359,0.06757,-0.16612
22562,0.660100,1,0.051066,0.00153262,0.013486,19.5165,0.06288,0.74279
22579,0.660800,1,0.052107,0.00137122,0.020051,16.4834,0.03798,1.14752
22596,0.590800,1,0.052992,0.00132632,0.014921,16.6934,0.06093,0.66694
22613,0.583100,1,0.051476,0.00149164,0.018426,17.3407,0.04329,-0.34958
22630,0.691600,1,0.053730,0.00152860,0.018426,17.2915,0.06934,0.32686
22647,0.608300,1,0.052222,0.00153406,0.015644,16.8086,0.04815,-0.71809
22664,0.563500,1,0.052201,0.00142767,0.017933,20.0328,0.07848,1.76372
22681,0.513800,1,0.052506,0.00138729,0.016591,20.4133,0.03875,-0.06789
22698,0.602700,1,0.052875,0.00139164,0.024169,18.6158,0.06523,1.19088
22715,0.605500,1,0.053556,0.00140290,0.020301,17.7245,0.05647,-0.58104
22732,0.571900,1,0.053028,0.00119109,0.022991,19.0047,0.04632,-0.16594
22749,0.617400,1,0.051810,0.00171791,0.017022,15.9491,0.03864,0.99961
22766,0.565600,1,0.052383,0.00139607,0.015893,18.5977,0.04928,-0.78413
22783,0.569800,1,0.052524,0.00137383,0.015065,19.1475,0.05715,-0.52659
22800,0.649600,1,0.051122,0.00147945,0.017556,14.3431,0.07239,-1.21915
22817,0.616000,1,0.051209,0.00154225,0.011144,17.2380,0.06294,-0.56311
22834,0.574700,1,0.051056,0.00151583,0.012827,18.8039,0.04919,-0.46146
22851,0.556500,1,0.050773,0.00143116,0.020646,19.8215,0.06087,0.71943
22868,0.634200,1,0.051832,0.00132442,0.022624,17.3235,0.09393,-0.54768
22885,0.667800,1,0.053910,0.00161308,0.014054,16.5428,0.06887,-0.03158
22902,0.543900,1,0.050470,0.00146573,0.016736,20.1102,0.04642,-0.43892
22919,0.610400,1,0.052503,0.00145694,0.014571,17.8127,0.05500,0.28997
22936,0.610400,1,0.052248,0.00148043,0.016117,18.0984,0.07526,0.34504
22953,0.566300,1,0.052158,0.00144347,0.020619,20.3079,0.06644,1.30772
22970,0.592900,1,0.050689,0.00143108,0.019122,17.2951,0.04600,0.60529
22987,0.581700,1,0.054298,0.00128677,0.021036,21.0068,0.06892,-2.29034
23004,0.602000,1,0.052838,0.00143724,0.017283,18.4651,0.05077,-0.89597
23021,0.620900,1,0.053754,0.00162482,0.020973,19.5390,0.05851,-0.70332
23038,0.581700,1,0.051610,0.00137411,0.019827,17.1082,0.07067,1.34594
23055,0.653800,1,0.053575,0.00154502,0.023023,18.9687,0.07802,-0.22201
23072,0.630700,1,0.051520,0.00146503,0.015558,19.5659,0.05280,0.80788
23089,0.586600,1,0.050972,0.00146493,0.016669,17.2511,0.03488,-0.42743
23106,0.550200,1,0.052905,0.00131727,0.017261,20.4820,0.04702,0.05932
23123,0.608300,1,0.051911,0.00138539,0.020543,16.9988,0.05664,-0.40832
23140,0.605500,1,0.052246,0.00146693,0.029348,18.0555,0.05044,0.24641
23157,0.585200,1,0.052169,0.00156620,0.016718,18.0175,0.07180,-0.13041
23174,0.586600,1,0.052813,0.00151425,0.018535,18.1733,0.06195,1.46455
23191,0.541100,1,0.051914,0.00141778,0.016520,19.1606,0.04444,-0.71576
23208,0.627200,1,0.054085,0.00135394,0.015295,18.2388,0.06703,-1.89608
23225,0.679000,1,0.051750,0.00155241,0.015916,16.6321,0.07261,0.17651
23242,0.585200,1,0.050897,0.00154603,0.018185,18.2404,0.06066,1.68018
23259,0.645400,1,0.053022,0.00153352,0.016711,17.1918,0.07032,-1.95362
23276,0.639100,1,0.050679,0.00148265,0.019714,18.4647,0.02970,0.18124
23293,0.576100,1,0.052351,0.00147970,0.017837,19.0250,0.05608,1.31868
23310,0.648200,1,0.051469,0.00156948,0.020531,18.7323,0.08396,0.64760
23327,0.629300,1,0.049985,0.00142679,0.020251,18.1524,0.05150,1.51054
23344,0.565600,1,0.050520,0.00135058,0.008340,18.3777,0.04979,-0.03065
23361,0.619500,1,0.053501,0.00128532,0.022120,16.8696,0.05474,1.29572
23378,0.592200,1,0.052269,0.00135031,0.016988,17.9826,0.06261,0.79033
23395,0.671300,1,0.048767,0.00156920,0.017460,14.5281,0.04979,-0.57424
23412,0.653800,1,0.051836,0.00153729,0.017854,17.8894,0.07056,-1.30598
23429,0.551600,1,0.050299,0.00158733,0.018658,21.3613,0.05712,0.24985
23446,0.576800,1,0.052290,0.00140328,0.013845,18.9049,0.04736,-0.70121
23463,0.651700,1,0.051634,0.00142337,0.018604,17.0311,0.07677,-0.90057
23480,0.617400,1,0.052554,0.00152953,0.020762,18.2122,0.05533,0.29358
23497,0.586600,1,0.050806,0.00145036,0.020684,17.4231,0.04978,1.05426
23514,0.618100,1,0.051676,0.00135614,0.022525,18.7140,0.06504,-0.48158
23531,0.576100,1,0.052343,0.00143804,0.018948,19.0345,0.08453,-0.24010
23548,0.588700,1,0.051299,0.00146802,0.015975,16.9509,0.06921,-0.05361
23565,0.623000,1,0.051598,0.00158103,0.017514,16.4392,0.04950,0.31885
23582,0.658000,1,0.052418,0.00141499,0.017771,19.6618,0.03496,-1.88598
23599,0.574700,1,0.052766,0.00132565,0.020735,19.2999,0.04766,-0.52461
23616,0.594300,1,0.051923,0.00150275,0.017556,19.1826,0.05808,0.03259
23633,0.618800,1,0.051476,0.00155672,0.023430,18.1618,0.05458,0.72976
23650,0.596400,1,0.052028,0.00138480,0.020178,17.1572,0.04891,-0.21819
23667,0.648900,1,0.052618,0.00134446,0.015425,16.7609,0.05273,0.34411
23684,0.574700,1,0.052898,0.00147897,0.017272,19.1442,0.05742,-0.28272
23701,0.577500,1,0.050655,0.00144821,0.023584,19.4364,0.08111,0.65856
23718,0.637700,1,0.052415,0.00133350,0.019783,18.7665,0.10152,0.39097
23735,0.583100,1,0.051818,0.00151527,0.017373,18.2308,0.06403,0.24515
23752,0.596400,1,0.050496,0.00142934,0.018256,16.4733,0.06183,-0.89549
23769,0.607600,1,0.051905,0.00139725,0.017313,17.8818,0.05000,-0.12305
23786,0.590100,1,0.052114,0.00146866,0.017361,18.8254,0.07424,1.44296
23803,0.634900,1,0.052904,0.00134012,0.017093,15.9498,0.02446,0.85410
23820,0.609000,1,0.052354,0.00148990,0.020898,18.5131,0.09268,-0.59641
23837,0.615300,1,0.052685,0.00153568,0.021699,19.2492,0.02441,-0.35471
23854,0.597800,1,0.053375,0.00159571,0.016373,20.5278,0.06194,0.68057
23871,0.583800,1,0.050287,0.00136923,0.016799,17.0576,0.08155,0.90426
23888,0.597800,1,0.051803,0.00149143,0.020172,17.6696,0.06332,0.12763
23905,0.613200,1,0.050607,0.00150418,0.019470,17.2588,0.04759,0.74128
23922,0.586600,1,0.052386,0.00143325,0.020214,17.3377,0.03815,-0.41110
23939,0.592900,1,0.051172,0.00145791,0.018361,18.6745,0.05499,1.50170
23956,0.654500,1,0.052802,0.00165074,0.012072,15.5473,0.03969,-0.34847
23973,0.543900,1,0.050931,0.00159133,0.018676,20.7689,0.08085,-0.93809
23990,0.620200,1,0.052318,0.00135189,0.017354,17.2240,0.05034,0.19968
24007,0.585200,1,0.051769,0.00142311,0.014857,17.4291,0.06026,0.02831
24024,0.606200,1,0.052356,0.00146764,0.014034,18.3151,0.06824,1.86339
24041,0.686700,1,0.052140,0.00136967,0.021562,16.3443,0.08076,-0.06511
24058,0.671300,1,0.049885,0.00139313,0.019254,16.4829,0.05582,-0.61733
24075,0.628600,1,0.052676,0.00140932,0.018628,16.3776,0.07342,0.48781
24092,0.641900,1,0.051727,0.00159227,0.013446,18.4336,0.07798,-1.33780
24109,0.610400,1,0.052200,0.00147203,0.017940,17.5645,0.05694,-0.33251
24126,0.606200,1,0.051833,0.00141675,0.014485,17.9597,0.05091,-0.57119
24143,0.565600,1,0.050596,0.00137876,0.023079,18.0176,0.07037,0.94299
24160,0.675500,1,0.051356,0.00141486,0.016959,14.8645,0.06292,0.08852
24177,0.646100,1,0.051159,0.00153955,0.017521,17.0516,0.03752,-0.33897
24194,0.628600,1,0.052608,0.00136939,0.018755,16.4426,0.05931,-1.20637
24211,0.660100,1,0.051522,0.00151120,0.019439,17.5798,0.06136,0.50266
24228,0.606900,1,0.050958,0.00134114,0.017929,17.3587,0.08657,0.99725
24245,0.575400,1,0.052834,0.00155273,0.018171,19.0603,0.06270,-1.17277
24262,0.631400,1,0.051961,0.00141308,0.014538,16.6506,0.06770,0.63688
24279,0.646100,1,0.053338,0.00143249,0.010030,14.9769,0.05738,-0.06179
24296,0.653100,1,0.053189,0.00156041,0.020264,17.7546,0.06432,0.19462
24313,0.664300,1,0.052923,0.00149164,0.017276,16.0931,0.06787,0.37812
24330,0.599200,1,0.053235,0.00133933,0.023680,18.3638,0.06159,-1.20359
24347,0.599200,1,0.050581,0.00138316,0.020437,18.3180,0.07309,0.76663
24364,0.597100,1,0.050594,0.00150154,0.010378,19.3078,0.06859,1.76269
24381,0.571900,1,0.050970,0.00148210,0.021766,18.4163,0.05856,1.86053
24398,0.561400,1,0.050123,0.00142082,0.013684,19.4278,0.07284,-1.15638
24415,0.650300,1,0.051412,0.00155015,0.017786,16.4086,0.06529,0.48927
24432,0.603400,1,0.052763,0.00146690,0.016798,19.3787,0.08835,0.74619
24449,0.590800,1,0.052506,0.00147085,0.017494,17.5556,0.04594,-0.66223
24466,0.585900,1,0.051857,0.00147098,0.018467,17.1795,0.06938,0.57950
24483,0.571900,1,0.051269,0.00137718,0.021544,18.9029,0.06354,-0.46438
24500,0.583100,1,0.051838,0.00162370,0.017237,19.8896,0.04954,-1.21360
24517,0.591500,1,0.052692,0.00154568,0.020120,15.5860,0.04264,0.44334
24534,0.597100,1,0.051146,0.00140398,0.014781,17.6303,0.06052,-0.44553
24551,0.630000,1,0.053418,0.00143563,0.018217,17.3795,0.07682,0.55488
24568,0.657300,1,0.050195,0.00148319,0.021039,16.2434,0.07905,-0.73789
24585,0.581000,1,0.052262,0.00143115,0.018883,18.1292,0.06744,0.46963
24602,0.647500,1,0.052401,0.00168307,0.015293,17.4745,0.07641,0.25092
24619,0.636300,1,0.052153,0.00139137,0.019634,15.3580,0.07112,-0.74329
24636,0.627200,1,0.052084,0.00160701,0.015201,15.8354,0.04986,-0.02963
24653,0.595000,1,0.051620,0.00141128,0.022134,16.9750,0.04441,-1.39430
24670,0.576800,1,0.051533,0.00166994,0.020951,18.9413,0.05745,1.19029
24687,0.606900,1,0.051428,0.00142308,0.018733,16.4744,0.05673,-0.13743
24704,0.656600,1,0.052954,0.00135253,0.020169,16.3803,0.08040,0.32768
24721,0.623000,1,0.052592,0.00160965,0.016747,16.2552,0.04974,-0.22608
24738,0.632800,1,0.053431,0.00145239,0.012568,19.1852,0.06881,0.14555
24755,0.576100,1,0.052071,0.00147009,0.017968,18.0037,0.05083,0.91251
24772,0.548100,1,0.051655,0.00142010,0.021105,19.1019,0.05739,0.68451
24789,0.639800,1,0.052221,0.00155889,0.016223,16.9582,0.05786,1.14747
24806,0.595700,1,0.053103,0.00140726,0.019607,18.3921,0.05719,-1.98977
24823,0.649600,1,0.052565,0.00150095,0.013629,16.9534,0.03969,-0.18398
24840,0.546700,1,0.052797,0.00135277,0.021391,19.8391,0.05289,0.25528
24857,0.662900,1,0.053243,0.00147438,0.020149,17.4107,0.10300,0.68606
24874,0.618100,1,0.050779,0.00153030,0.021208,16.1757,0.04218,-1.37576
24891,0.624400,1,0.050895,0.00150711,0.015900,16.9835,0.05537,0.15138
24908,0.564200,1,0.052465,0.00153585,0.021262,18.7795,0.02772,-0.94236
24925,0.541800,1,0.052201,0.00154570,0.015648,19.7702,0.04926,0.39030
24942,0.619500,1,0.052708,0.00146690,0.017793,18.6213,0.06189,-0.76194
24959,0.572600,1,0.052601,0.00142191,0.017287,18.0726,0.07102,-0.78879
24976,0.599900,1,0.051407,0.00147713,0.019313,18.0637,0.04043,0.37364
24993,0.583800,1,0.052074,0.00143345,0.016436,20.1788,0.05010,0.19402
25010,0.605500,1,0.052127,0.00133698,0.018688,17.4248,0.05937,0.27980
25027,0.620900,1,0.051999,0.00145051,0.025597,17.5134,0.06260,-0.36300
25044,0.617400,1,0.051201,0.00141657,0.020934,16.3124,0.05293,-0.62644
25061,0.686700,1,0.051769,0.00149634,0.018927,16.2475,0.06005,0.25375
25078,0.681100,1,0.051103,0.00125699,0.018111,15.9612,0.08084,0.37061
25095,0.609000,1,0.052031,0.00158928,0.020114,17.8994,0.06239,0.20499
25112,0.543900,1,0.051566,0.00149954,0.019150,19.6015,0.06430,-1.47541
25129,0.612500,1,0.052716,0.00138512,0.012137,17.6098,0.05948,0.15252
25146,0.627200,1,0.050909,0.00143964,0.018348,15.5962,0.05454,-1.23449
25163,0.571900,1,0.052484,0.00144806,0.018894,17.9057,0.04651,-0.05884
25180,0.665000,1,0.050614,0.00138240,0.014103,15.6248,0.08908,-0.21160
25197,0.536900,1,0.050043,0.00137248,0.024906,20.0042,0.05811,-0.94513
25214,0.594300,1,0.051260,0.00141965,0.021785,18.5904,0.05653,0.53581
25231,0.632100,1,0.052944,0.00137696,0.011680,17.0596,0.05596,0.54555
25248,0.585900,1,0.051951,0.00140499,0.012172,17.8591,0.05912,-0.11826
25265,0.563500,1,0.053071,0.00156503,0.023054,19.0204,0.05514,-0.04388
25282,0.563500,1,0.050659,0.00135901,0.017979,19.3548,0.06196,0.22332
25299,0.622300,1,0.052426,0.00146635,0.016746,16.5621,0.06109,0.39439
25316,0.629300,1,0.053408,0.00160371,0.019195,18.5807,0.06808,-1.61231
25333,0.589400,1,0.051442,0.00144745,0.018991,17.8236,0.08534,0.46292
25350,0.627200,1,0.053288,0.00149827,0.016843,15.2985,0.07105,0.94526
25367,0.679000,1,0.053823,0.00144483,0.010125,18.4176,0.06250,0.70731
25384,0.634900,1,0.052886,0.00140428,0.014336,18.6265,0.07223,-1.05716
25401,0.579600,1,0.052078,0.00146809,0.014931,19.0456,0.05500,-0.94916
25418,0.644700,1,0.050769,0.00147446,0.022637,14.9786,0.06111,0.43056
25435,0.570500,1,0.050399,0.00129498,0.020836,17.7161,0.08321,-0.24445
25452,0.634900,1,0.051264,0.00149377,0.019978,15.0117,0.04995,0.24682
25469,0.639800,1,0.051677,0.00157184,0.019435,17.7836,0.04517,-0.23378
25486,0.629300,1,0.052838,0.00154927,0.012962,18.5407,0.04916,0.27565
25503,0.611800,1,0.052179,0.00168932,0.022558,17.2645,0.05965,1.63760
25520,0.580300,1,0.051473,0.00144017,0.020986,17.7699,0.05147,-0.44779
25537,0.616000,1,0.052010,0.00144145,0.018169,16.9327,0.05482,-0.00698
25554,0.620900,1,0.052615,0.00151432,0.014152,18.5991,0.05873,-0.94241
25571,0.613200,1,0.051097,0.00137849,0.014500,17.3528,0.05430,1.99627
25588,0.591500,1,0.051361,0.00172347,0.023431,18.6246,0.05465,-0.08290
25605,0.669900,1,0.053357,0.00145260,0.008705,18.2924,0.07096,0.88934
25622,0.585900,1,0.052914,0.00147691,0.016913,18.5471,0.06661,1.05356
25639,0.627200,1,0.052940,0.00138751,0.020605,18.2205,0.07973,-0.47994
25656,0.609000,1,0.050270,0.00165127,0.018914,18.2276,0.05152,1.44498
25673,0.609700,1,0.051709,0.00150522,0.018129,18.4893,0.04897,-0.26099
25690,0.609000,1,0.052029,0.00147210,0.016939,17.9713,0.05878,-0.00833
25707,0.614600,1,0.052465,0.00145581,0.018482,18.3578,0.05236,-2.24127
25724,0.556500,1,0.052647,0.00154878,0.020289,17.4332,0.06636,0.34711
25741,0.613900,1,0.052466,0.00120571,0.023108,19.4840,0.07009,0.18049
25758,0.613200,1,0.051060,0.00144573,0.012334,16.5541,0.04330,0.35772
25775,0.562100,1,0.053717,0.00134396,0.015716,20.2770,0.04590,-0.27882
25792,0.612500,1,0.054645,0.00158231,0.017563,18.9935,0.05994,-1.77297
25809,0.623000,1,0.052561,0.00138551,0.018024,18.5642,0.08606,-0.83277
25826,0.587300,1,0.052659,0.00136007,0.020701,20.1623,0.06016,1.81607
25843,0.632800,1,0.052323,0.00143519,0.018297,17.1156,0.05002,-0.27471
25860,0.604800,1,0.051047,0.00124374,0.017569,18.2247,0.05251,-0.53062
25877,0.571200,1,0.052619,0.00146286,0.019620,20.0527,0.05218,-0.89147
25894,0.635600,1,0.051807,0.00143239,0.025508,18.3205,0.05532,0.57325
25911,0.541800,1,0.051149,0.00128734,0.011977,19.8012,0.05824,0.20580
25928,0.653800,1,0.053594,0.00149737,0.013289,16.7819,0.06093,1.60932
25945,0.604800,1,0.052158,0.00127747,0.020710,16.6746,0.05947,1.14417
25962,0.559300,1,0.052754,0.00134788,0.017351,19.0653,0.05746,1.54041
25979,0.685300,1,0.052945,0.00128218,0.017475,18.6533,0.08014,-0.12312
25996,0.626500,1,0.051576,0.00148053,0.023144,16.6839,0.05087,0.31479
26013,0.637700,1,0.050872,0.00155518,0.018902,17.4975,0.06966,0.96117
26030,0.657300,1,0.053227,0.00138090,0.017980,16.4189,0.06521,0.00083
26047,0.602700,1,0.052795,0.00143330,0.015867,18.4535,0.05474,0.17669
26064,0.576100,1,0.052036,0.00155642,0.019022,17.9354,0.03160,0.48584
26081,0.609700,1,0.051972,0.00138602,0.020471,16.9455,0.05796,0.11047
26098,0.634900,1,0.053884,0.00128660,0.014294,18.7823,0.07371,0.87271
26115,0.589400,1,0.053374,0.00159070,0.017050,18.4190,0.05209,0.42159
26132,0.587300,1,0.052679,0.00147008,0.017945,17.5049,0.05350,-0.72178
26149,0.609000,1,0.053605,0.00152692,0.014670,19.2250,0.08828,-0.60526
26166,0.602000,1,0.052137,0.00152301,0.012405,18.1076,0.05509,2.41365
26183,0.558600,1,0.051360,0.00132421,0.017220,18.3984,0.05539,-0.62768
26200,0.614600,1,0.051217,0.00140183,0.017965,17.5492,0.09043,0.99374
26217,0.584500,1,0.051681,0.00141842,0.019585,17.7172,0.03493,-0.34289
26234,0.565600,1,0.055232,0.00135341,0.017320,20.8038,0.06501,-1.75735
26251,0.577500,1,0.051505,0.00155176,0.012657,17.3461,0.05294,-0.01042
26268,0.616700,1,0.052883,0.00152108,0.020079,16.1400,0.05035,0.89499
26285,0.543900,1,0.050724,0.00146412,0.016676,21.2508,0.04756,1.20731
26302,0.615300,1,0.051411,0.00137178,0.017113,19.8177,0.08634,0.75857
26319,0.608300,1,0.051867,0.00152152,0.017344,17.4822,0.08381,0.63493
26336,0.612500,1,0.053503,0.00152946,0.020856,19.4063,0.06917,-0.90339
26353,0.560000,1,0.052232,0.00154448,0.019627,19.1986,0.04911,0.43398
26370,0.630000,1,0.051887,0.00139466,0.013581,16.7995,0.04910,-1.53127
26387,0.669900,1,0.051398,0.00144239,0.017269,15.7465,0.04258,-0.88622
26404,0.646100,1,0.053910,0.00151177,0.021314,17.1074,0.06949,1.45804
26421,0.564900,1,0.052503,0.00155045,0.018668,18.5850,0.04041,0.49243
26438,0.585200,1,0.054115,0.00148275,0.019251,17.0301,0.04959,-0.30804
26455,0.554400,1,0.052793,0.00141142,0.015385,20.0871,0.05235,-0.23440
26472,0.621600,1,0.051477,0.00157227,0.015464,18.9135,0.06269,2.18401
26489,0.591500,1,0.051024,0.00157614,0.019498,19.3932,0.05937,0.27863
26506,0.642600,1,0.052360,0.00145521,0.011685,17.9412,0.04950,-0.57885
26523,0.598500,1,0.050195,0.00140935,0.021262,17.3898,0.04620,0.21913
26540,0.567000,1,0.052174,0.00148302,0.013224,19.6425,0.06454,1.02898
26557,0.663600,1,0.052527,0.00142914,0.017462,17.2162,0.06086,0.34421
26574,0.566300,1,0.050709,0.00159246,0.017123,19.4602,0.09664,-0.89777
26591,0.650300,1,0.052213,0.00140668,0.015248,15.3414,0.09042,0.70539
26608,0.621600,1,0.052054,0.00148854,0.016320,17.3924,0.07048,-0.91773
26625,0.603400,1,0.051661,0.00150448,0.017229,17.9269,0.04639,0.66489
26642,0.559300,1,0.052118,0.00144178,0.011973,20.2995,0.06719,0.51153
26659,0.599200,1,0.052033,0.00152879,0.018674,17.2845,0.07560,-1.84206
26676,0.591500,1,0.052885,0.00144189,0.020741,17.2276,0.04266,-0.33245
26693,0.578200,1,0.050338,0.00129031,0.020904,18.7027,0.07556,0.98631
26710,0.571200,1,0.051190,0.00146103,0.017711,19.7923,0.05995,1.61458
26727,0.592200,1,0.052635,0.00153708,0.022773,18.4937,0.06132,-1.60581
26744,0.596400,1,0.050088,0.00147142,0.019133,16.5612,0.05198,0.28233
26761,0.558600,1,0.051869,0.00132203,0.019747,19.3828,0.06991,-0.16118
26778,0.583100,1,0.054261,0.00136432,0.020829,18.7426,0.02699,-0.39993
26795,0.660800,1,0.052613,0.00135981,0.011813,17.1709,0.09269,0.83550
26812,0.571200,1,0.053916,0.00129714,0.016830,17.4667,0.02424,0.38186
26829,0.644700,1,0.051167,0.00143706,0.016889,16.4859,0.05683,1.40340
26846,0.639800,1,0.051918,0.00143137,0.017052,18.3848,0.07334,0.09558
26863,0.613200,1,0.053208,0.00142530,0.016980,16.1905,0.02429,-0.28595
26880,0.590100,1,0.052899,0.00145206,0.013365,19.4617,0.03800,0.29235
26897,0.637000,1,0.051747,0.00140962,0.019004,17.6110,0.05797,0.93777
26914,0.599200,1,0.052439,0.00137839,0.016683,17.1674,0.05010,-0.56398
26931,0.635600,1,0.052845,0.00157736,0.016305,17.7933,0.05619,-0.81057
26948,0.615300,1,0.051801,0.00140963,0.017900,17.3855,0.05141,-0.19680
26965,0.629300,1,0.052779,0.00159916,0.017178,18.0165,0.04115,-0.70072
26982,0.658000,1,0.051787,0.00143120,0.020794,16.2786,0.04391,0.08719
26999,0.663600,1,0.051508,0.00151616,0.016054,15.7127,0.07766,-1.23694
27016,0.623700,1,0.052831,0.00161683,0.014349,17.5516,0.06147,0.14648
27033,0.582400,1,0.052282,0.00139304,0.015045,19.3396,0.06553,0.10443
27050,0.600600,1,0.052385,0.00146900,0.013872,17.7992,0.04213,0.35908
27067,0.610400,1,0.053472,0.00152938,0.014436,18.9367,0.06389,0.82240
27084,0.600600,1,0.052862,0.00139278,0.016237,16.6741,0.06175,-0.59234
27101,0.618800,1,0.050493,0.00147766,0.019961,18.2466,0.08597,-1.44759
27118,0.637700,1,0.051371,0.00143144,0.012816,18.5642,0.07148,-1.29503
27135,0.604100,1,0.051769,0.00140106,0.015868,18.3781,0.05750,-0.46132
27152,0.680400,1,0.051289,0.00160541,0.018359,17.7997,0.06514,-1.23654
27169,0.566300,1,0.052984,0.00153174,0.022843,17.5989,0.03943,-0.54951
27186,0.616700,1,0.050956,0.00147932,0.015115,17.7863,0.07678,-0.08953
27203,0.595700,1,0.051169,0.00138585,0.009825,16.4358,0.05548,-0.96460
27220,0.596400,1,0.051527,0.00148275,0.017126,20.6956,0.08758,1.20022
27237,0.568400,1,0.050034,0.00144324,0.016700,21.1713,0.04144,0.14093
27254,0.644700,1,0.052616,0.00146996,0.016931,16.2810,0.08455,-0.09871
27271,0.584500,1,0.051300,0.00137391,0.015541,15.7481,0.01685,0.55223
27288,0.581700,1,0.050889,0.00148636,0.023005,19.3356,0.04938,0.81089
27305,0.619500,1,0.049882,0.00129574,0.019074,17.1051,0.04153,-0.22536
27322,0.533400,1,0.052113,0.00138598,0.013842,20.8002,0.05959,-0.34730
27339,0.637000,1,0.052729,0.00127085,0.023210,17.1525,0.04399,-1.12824
27356,0.626500,1,0.051935,0.00148530,0.026730,18.4552,0.04807,-0.17057
27373,0.603400,1,0.050704,0.00154420,0.016014,17.4931,0.08053,-1.81892
27390,0.603400,1,0.053141,0.00130498,0.024994,17.0407,0.05292,0.69222
27407,0.688800,1,0.053011,0.00162366,0.019054,16.3115,0.05767,-1.32967
27424,0.628600,1,0.051721,0.00119853,0.027068,17.3780,0.07606,-0.96745
27441,0.617400,1,0.052247,0.00140674,0.012786,17.9239,0.04893,-1.01201
27458,0.592200,1,0.052425,0.00135338,0.016259,17.8171,0.07446,-0.09865
27475,0.616700,1,0.051861,0.00159549,0.024001,17.9750,0.08244,-0.66618
27492,0.602700,1,0.051983,0.00151768,0.018923,18.7875,0.07460,0.57806
27509,0.544600,1,0.049887,0.00137446,0.016262,19.6503,0.05809,0.35500
27526,0.689500,1,0.050092,0.00150852,0.018837,17.0250,0.06805,-0.12950
27543,0.561400,1,0.052223,0.00130349,0.017683,18.2631,0.04528,-1.42864
27560,0.581700,1,0.051976,0.00146783,0.012533,18.3269,0.07268,0.06287
27577,0.578200,1,0.053218,0.00141176,0.017913,19.1907,0.06844,-0.09382
27594,0.571200,1,0.052486,0.00145718,0.011824,18.7778,0.04680,1.20353
27611,0.631400,1,0.052379,0.00142904,0.018058,18.5466,0.07516,-0.33581
27628,0.611800,1,0.051185,0.00143289,0.020714,20.5885,0.04852,-0.99633
27645,0.629300,1,0.052337,0.00145826,0.019254,17.8449,0.05787,0.28023
27662,0.620900,1,0.054426,0.00145021,0.017956,17.8639,0.05712,-2.00091
27679,0.591500,1,0.051480,0.00155177,0.013838,19.4249,0.04885,0.12497
27696,0.526400,1,0.050996,0.00140708,0.019270,19.4894,0.06278,0.53510
27713,0.625800,1,0.053390,0.00159285,0.018675,17.5645,0.04384,1.47776
27730,0.580300,1,0.052318,0.00128409,0.021040,19.5764,0.07119,-0.31778
27747,0.632100,1,0.053415,0.00140265,0.017533,15.7320,0.02708,-0.02960
27764,0.571900,1,0.049646,0.00131167,0.014256,19.7893,0.07776,0.55311
27781,0.621600,1,0.053650,0.00147090,0.018104,19.0702,0.06640,0.51893
27798,0.567700,1,0.052271,0.00142122,0.020570,19.3539,0.06955,1.66448
27815,0.671300,1,0.051740,0.00145819,0.012359,15.3271,0.06893,0.21480
27832,0.578900,1,0.051963,0.00155746,0.013778,20.5040,0.08857,-0.66184
27849,0.622300,1,0.052825,0.00153273,0.014826,16.1714,0.05357,0.37126
27866,0.581000,1,0.053011,0.00155044,0.016552,19.5299,0.07802,1.55436
27883,0.599200,1,0.051509,0.00163368,0.018118,18.2461,0.06615,-0.04975
27900,0.640500,1,0.051655,0.00144645,0.016381,18.2524,0.05658,-0.03664
27917,0.569100,1,0.054438,0.00139746,0.019662,20.3898,0.05395,-0.62774
27934,0.608300,1,0.051707,0.00140764,0.015881,17.4896,0.04264,-0.09996
27951,0.611100,1,0.052360,0.00147513,0.016723,18.6723,0.06008,-0.32093
27968,0.688800,1,0.052740,0.00149241,0.016893,14.9324,0.05016,-1.35001
27985,0.648900,1,0.051208,0.00149405,0.012632,14.7190,0.07490,1.13637
28002,0.655200,1,0.051432,0.00149257,0.020159,16.4108,0.07504,0.86843
28019,0.625800,1,0.050028,0.00145679,0.023391,16.8815,0.04294,-0.92892
28036,0.603400,1,0.052041,0.00137481,0.016238,17.3729,0.04892,-1.29801
28053,0.633500,1,0.051532,0.00132143,0.012402,18.2873,0.07327,-0.24823
28070,0.627200,1,0.050533,0.00135662,0.018173,17.0745,0.07781,0.25906
28087,0.620200,1,0.053165,0.00150222,0.022130,19.6203,0.08325,1.33769
28104,0.648200,1,0.052008,0.00140412,0.013964,15.1592,0.05056,0.30609
28121,0.626500,1,0.052655,0.00141434,0.017547,17.3128,0.03983,1.03058
28138,0.657300,1,0.051951,0.00145221,0.015901,17.7309,0.03888,-2.19611
28155,0.543900,1,0.053399,0.00142731,0.018130,18.4738,0.05317,-0.55239
28172,0.587300,1,0.052780,0.00152040,0.015499,21.6471,0.04605,-0.61459
28189,0.606900,1,0.052111,0.00149947,0.021977,15.8202,0.02371,-0.35427
28206,0.598500,1,0.050561,0.00145218,0.020800,18.5577,0.06748,0.23816
28223,0.609000,1,0.051162,0.00150957,0.018250,18.6539,0.07577,0.20174
28240,0.552300,1,0.051416,0.00140536,0.021036,18.8758,0.05577,1.10109
28257,0.655900,1,0.052594,0.00134817,0.020450,17.3245,0.07730,0.01772
28274,0.640500,1,0.053607,0.00130221,0.018495,16.5158,0.05789,0.36137
28291,0.604100,1,0.052695,0.00149048,0.013419,17.7256,0.04710,1.41408
28308,0.632100,1,0.051054,0.00158589,0.014987,16.1531,0.05645,-0.98606
28325,0.639800,1,0.052588,0.00136963,0.023109,17.6336,0.05045,-1.77992
28342,0.546700,1,0.050677,0.00155091,0.015554,18.8790,0.03760,0.63843
28359,0.571900,1,0.050723,0.00148383,0.018269,21.6133,0.07308,-0.31193
28376,0.609700,1,0.051407,0.00147769,0.019976,16.9790,0.06596,1.46257
28393,0.632100,1,0.052523,0.00152666,0.018215,16.4938,0.06758,-0.17855
28410,0.674100,1,0.052933,0.00133945,0.017238,17.2193,0.06494,0.14570
28427,0.572600,1,0.051468,0.00147272,0.017692,16.8354,0.02885,-0.55113
28444,0.676200,1,0.052921,0.00150458,0.014849,15.4268,0.06621,-1.13905
28461,0.611100,1,0.051213,0.00128872,0.010429,15.7711,0.05474,0.55475
28478,0.616700,1,0.052407,0.00142319,0.018692,17.9429,0.08223,0.54472
28495,0.631400,1,0.052584,0.00144749,0.016572,18.0870,0.05946,-0.73603
28512,0.664300,1,0.053364,0.00144020,0.021426,15.9223,0.05742,0.79493
28529,0.616000,1,0.053236,0.00155893,0.015524,16.3554,0.05062,-0.95116
28546,0.660100,1,0.052164,0.00156719,0.017190,15.5079,0.05847,-1.04649
28563,0.595000,1,0.053058,0.00150144,0.012691,17.4139,0.04928,-1.20631
28580,0.607600,1,0.051835,0.00142352,0.022964,18.1913,0.07177,0.07483
28597,0.602000,1,0.052605,0.00147245,0.018213,19.1458,0.07874,-0.45044
28614,0.611100,1,0.050351,0.00159764,0.015582,19.3491,0.05416,1.22384
28631,0.600600,1,0.051858,0.00121403,0.021965,17.8092,0.08131,-0.70685
28648,0.642600,1,0.052192,0.00149314,0.016229,17.3256,0.07040,-1.01736
28665,0.609000,1,0.054125,0.00142692,0.016929,18.2047,0.06247,-1.02288
28682,0.621600,1,0.053972,0.00162902,0.015367,16.5073,0.04490,-1.01366
28699,0.593600,1,0.048867,0.00141838,0.021621,18.1309,0.08561,0.39555
28716,0.571900,1,0.051162,0.00138440,0.016754,18.9848,0.06250,1.02753
28733,0.570500,1,0.051197,0.00137200,0.015648,18.6680,0.05851,0.76888
28750,0.584500,1,0.050451,0.00145017,0.015622,17.7960,0.06517,-0.38170
28767,0.574700,1,0.052939,0.00145246,0.015774,18.2964,0.02448,-0.65791
28784,0.585900,1,0.051198,0.00152056,0.019851,17.5938,0.05078,-0.17343
28801,0.569100,1,0.051406,0.00124767,0.014686,18.6869,0.05825,-0.37233
28818,0.593600,1,0.051912,0.00150139,0.019992,19.0644,0.06826,-1.37803
28835,0.566300,1,0.051234,0.00159331,0.010900,18.5603,0.05306,0.01432
28852,0.574000,1,0.052837,0.00148112,0.019744,19.8510,0.06198,-0.05330
28869,0.691600,1,0.053177,0.00156961,0.013740,15.5139,0.08740,-1.33155
28886,0.550900,1,0.051370,0.00130751,0.017332,18.6376,0.06171,0.31949
28903,0.637000,1,0.052370,0.00154934,0.023283,17.3442,0.05498,-0.08363
28920,0.548800,1,0.052757,0.00135498,0.013602,19.2478,0.04420,0.84499
28937,0.578900,1,0.050727,0.00158752,0.013212,19.9204,0.06326,0.03715
28954,0.658000,1,0.053059,0.00146312,0.013515,16.5337,0.05612,-0.73447
28971,0.548800,1,0.051447,0.00119610,0.021277,19.1126,0.07537,0.55110
28988,0.565600,1,0.052721,0.00153800,0.021630,20.2170,0.07936,-0.05529
29005,0.627900,1,0.050243,0.00139052,0.019063,16.8070,0.04851,0.24584
29022,0.625800,1,0.051219,0.00149062,0.019338,19.3136,0.06576,0.91243
29039,0.599200,1,0.052171,0.00150405,0.020511,20.9938,0.05607,1.28884
29056,0.655200,1,0.051128,0.00132017,0.023745,17.5153,0.05534,1.21586
29073,0.643300,1,0.053275,0.00136569,0.016618,16.7945,0.05828,0.47271
29090,0.587300,1,0.051332,0.00150639,0.021658,19.3399,0.05515,0.23247
29107,0.646100,1,0.055065,0.00146883,0.015482,16.9576,0.07189,-1.61522
29124,0.606900,1,0.051444,0.00142944,0.022504,17.3332,0.06774,0.11574
29141,0.574000,1,0.050740,0.00145023,0.015678,19.0892,0.07964,-0.92505
29158,0.637000,1,0.052386,0.00133940,0.017612,17.5618,0.06340,-1.13869
29175,0.682500,1,0.051676,0.00138496,0.012229,17.1805,0.07879,0.32206
29192,0.579600,1,0.054379,0.00142289,0.024812,21.0881,0.05875,-0.12560
29209,0.577500,1,0.052366,0.00162243,0.019898,19.0165,0.05506,-0.04421
29226,0.578900,1,0.049310,0.00159667,0.016335,18.1631,0.05896,-0.90573
29243,0.617400,1,0.051627,0.00146417,0.012718,16.8369,0.06947,-0.26390
29260,0.615300,1,0.052097,0.00141457,0.018501,18.6289,0.05373,-0.02053
29277,0.621600,1,0.052083,0.00144700,0.019386,18.6183,0.07061,0.54667
29294,0.605500,1,0.052562,0.00168772,0.016891,18.2365,0.09409,-0.37177
29311,0.596400,1,0.051818,0.00140112,0.015450,17.6140,0.06537,0.78758
29328,0.643300,1,0.051876,0.00132033,0.019335,17.7696,0.03783,0.43456
29345,0.587300,1,0.050389,0.00124639,0.016674,17.3361,0.03941,-0.12591
29362,0.578900,1,0.052442,0.00143300,0.013645,18.2989,0.06178,-1.97959
29379,0.585200,1,0.051215,0.00141938,0.023900,20.7020,0.03395,-0.08852
29396,0.640500,1,0.052326,0.00142450,0.021541,17.9211,0.08330,-0.90469
29413,0.635600,1,0.052794,0.00148247,0.014738,20.8686,0.10327,0.38376
29430,0.590800,1,0.051149,0.00135194,0.013071,17.1989,0.06429,0.91407
29447,0.586600,1,0.052107,0.00160784,0.016309,18.3474,0.05400,0.19483
29464,0.611100,1,0.052248,0.00144756,0.017011,17.1266,0.06065,-0.49111
29481,0.646800,1,0.051066,0.00145062,0.016432,16.5591,0.04179,0.69427
29498,0.620900,1,0.053178,0.00133381,0.021481,18.4519,0.05913,-1.49209
29515,0.631400,1,0.052622,0.00138445,0.019906,16.0683,0.04289,-1.43821
29532,0.593600,1,0.051162,0.00144883,0.017597,20.5150,0.06774,0.51057
29549,0.685300,1,0.052503,0.00139258,0.024956,15.7050,0.10287,-0.91127
29566,0.594300,1,0.053188,0.00157365,0.017281,19.1185,0.07995,0.53570
29583,0.605500,1,0.050567,0.00140617,0.013112,17.2623,0.07932,-1.36738
29600,0.609700,1,0.051202,0.00136931,0.020579,17.0118,0.04895,-0.02484
29617,0.639800,1,0.052719,0.00137792,0.017611,19.3066,0.07741,-0.86359
29634,0.642600,1,0.052238,0.00145660,0.017948,15.7585,0.07291,-0.59891
29651,0.651000,1,0.051418,0.00141000,0.023746,18.5666,0.04853,0.80860
29668,0.711900,1,0.052835,0.00135259,0.019956,15.7254,0.06911,-1.46023
29685,0.578900,1,0.051966,0.00154135,0.020586,18.9109,0.03314,1.82989
29702,0.667100,1,0.050783,0.00145051,0.020369,14.9197,0.04323,-1.29047
29719,0.627200,1,0.052518,0.00131970,0.014319,18.4876,0.08369,1.60135
29736,0.598500,1,0.052872,0.00139907,0.020272,17.2028,0.05509,-0.55328
29753,0.639100,1,0.051356,0.00141153,0.018968,16.7986,0.06284,0.23156
29770,0.564900,1,0.051577,0.00147453,0.023733,19.2365,0.06656,-0.29797
29787,0.630000,1,0.052179,0.00143944,0.014947,15.0754,0.07074,0.66800
29804,0.543900,1,0.051476,0.00142838,0.017527,18.2579,0.03388,0.43807
29821,0.577500,1,0.052341,0.00151057,0.016702,18.1030,0.04334,0.72337
29838,0.618100,1,0.052250,0.00145543,0.022315,18.3318,0.07610,0.19784
29855,0.527100,1,0.051192,0.00126615,0.016755,20.7678,0.06681,-0.38609
29872,0.648900,1,0.052976,0.00165444,0.011142,17.4209,0.05783,0.00665
29889,0.566300,1,0.051653,0.00135328,0.013178,19.8386,0.03206,-0.04135
29906,0.681100,1,0.052754,0.00140417,0.016602,16.4734,0.06236,1.67543
29923,0.662200,1,0.051962,0.00151161,0.012759,17.7456,0.06327,1.45476
29940,0.586600,1,0.052560,0.00141190,0.012489,17.0279,0.04026,0.89404
29957,0.623000,1,0.049797,0.00145717,0.016257,15.3051,0.07766,-1.57098
29974,0.621600,1,0.053168,0.00136222,0.014862,18.0120,0.07794,0.99376
29991,0.579600,1,0.052558,0.00139760,0.016920,17.8238,0.05829,0.43900
30008,0.652400,1,0.054205,0.00146447,0.019950,16.5074,0.06554,-0.21626
30025,0.572600,1,0.050538,0.00131059,0.013420,19.6922,0.02149,-1.38713
30042,0.600600,1,0.050613,0.00143200,0.016570,17.9665,0.07462,-1.61376
30059,0.587300,1,0.053846,0.00138613,0.020493,19.3222,0.04900,-0.51688
30076,0.621600,1,0.053070,0.00148153,0.023164,18.5023,0.05290,-0.82342
30093,0.566300,1,0.052441,0.00149004,0.022149,18.3090,0.06541,-0.80425
30110,0.593600,1,0.051649,0.00153278,0.014824,18.8107,0.05459,-0.38632
30127,0.595700,1,0.053060,0.00126520,0.024784,21.2784,0.06431,0.65723
30144,0.609000,1,0.051828,0.00146098,0.018139,20.3440,0.07707,1.38924
30161,0.652400,1,0.052792,0.00126641,0.020469,17.3743,0.07042,0.37392
30178,0.573300,1,0.050510,0.00136863,0.025026,18.1468,0.06067,-0.43699
30195,0.645400,1,0.053464,0.00136916,0.019045,16.2149,0.05113,-0.63514
30212,0.704200,1,0.050651,0.00142013,0.014438,16.1958,0.05339,0.98700
30229,0.579600,1,0.051218,0.00131192,0.015359,18.8547,0.06021,-0.80497
30246,0.632800,1,0.052672,0.00142877,0.020633,15.7382,0.06186,1.09826
30263,0.608300,1,0.051249,0.00161656,0.018662,18.2809,0.04571,0.44970
30280,0.571200,1,0.051433,0.00142093,0.019371,19.5081,0.06195,-0.47139
30297,0.554400,1,0.051149,0.00135509,0.006322,20.1441,0.06916,-0.50690
30314,0.625100,1,0.051984,0.00152685,0.017967,16.3444,0.05962,-1.27959
30331,0.623700,1,0.052236,0.00157880,0.013163,17.1586,0.07096,0.36994
30348,0.598500,1,0.052509,0.00158582,0.019677,18.2100,0.04763,1.92324
30365,0.655900,1,0.050560,0.00130077,0.017534,14.5238,0.05305,-0.33994
30382,0.641900,1,0.052736,0.00147775,0.020652,17.3608,0.04417,-0.89729
30399,0.643300,1,0.051803,0.00145850,0.016894,14.6497,0.06190,-0.66985
30416,0.592200,1,0.049574,0.00138068,0.024689,18.3482,0.05659,-1.06925
30433,0.596400,1,0.051877,0.00135062,0.019121,18.1982,0.06485,-1.19971
30450,0.667800,1,0.052714,0.00142018,0.019275,16.3284,0.05350,-0.08790
30467,0.635600,1,0.053626,0.00141663,0.011083,18.4860,0.02658,2.04278
30484,0.606200,1,0.050813,0.00139346,0.016561,15.7370,0.05700,0.30212
30501,0.635600,1,0.051855,0.00155719,0.021708,17.2786,0.05186,0.44269
30518,0.565600,1,0.051506,0.00137005,0.014795,18.8265,0.01819,-0.47455
30535,0.605500,1,0.053255,0.00140668,0.020026,18.6151,0.06301,1.21709
30552,0.638400,1,0.051686,0.00146605,0.019603,17.8962,0.06948,0.57312
30569,0.626500,1,0.052283,0.00149172,0.017759,20.1564,0.06485,0.69424
30586,0.641900,1,0.052243,0.00137549,0.021551,16.9991,0.06685,0.04337
30603,0.619500,1,0.052002,0.00147493,0.015833,18.1255,0.07158,0.74700
30620,0.620200,1,0.051100,0.00151253,0.019605,17.7452,0.04454,0.47906
30637,0.596400,1,0.052533,0.00138838,0.019519,17.5525,0.07213,-2.07540
30654,0.629300,1,0.053278,0.00146471,0.016297,17.6318,0.05994,-0.00645
30671,0.547400,1,0.051590,0.00156612,0.014242,19.4209,0.07700,-0.39278
30688,0.711200,1,0.052880,0.00133892,0.015118,15.3673,0.06181,-1.32418
30705,0.597100,1,0.051060,0.00126552,0.018252,18.2734,0.05837,0.03838
30722,0.620900,1,0.051825,0.00151191,0.015556,16.1277,0.06516,0.97129
30739,0.573300,1,0.052569,0.00138280,0.011562,19.4794,0.06641,0.70653
30756,0.658000,1,0.053089,0.00156266,0.021666,15.6058,0.04898,-0.91945
30773,0.583100,1,0.050930,0.00145941,0.020903,18.0925,0.05609,-0.33944
30790,0.564200,1,0.051659,0.00146049,0.015483,18.5451,0.06415,-1.74896
30807,0.683900,1,0.051749,0.00152250,0.020158,15.0425,0.07275,-0.81606
30824,0.597800,1,0.052125,0.00148272,0.012376,17.8577,0.04906,1.66513
30841,0.594300,1,0.050114,0.00141845,0.015845,18.3988,0.07735,0.64423
30858,0.611800,1,0.053142,0.00154230,0.017016,19.9810,0.08171,-0.06467
30875,0.636300,1,0.053633,0.00145802,0.020744,19.4537,0.07824,-0.33692
30892,0.569100,1,0.051080,0.00151241,0.016655,18.3924,0.06408,0.84626
30909,0.616000,1,0.052225,0.00142081,0.017074,17.4118,0.06118,1.51176
30926,0.527100,1,0.052706,0.00143676,0.017188,22.0913,0.05709,0.08543
30943,0.562800,1,0.052362,0.00148368,0.017531,17.6457,0.03633,0.42118
30960,0.644700,1,0.050727,0.00141511,0.017073,18.1938,0.08080,0.80510
30977,0.525700,1,0.051488,0.00133666,0.015048,20.4453,0.02798,-0.06787
30994,0.653100,1,0.052289,0.00139958,0.017990,15.8076,0.06624,0.36812
31011,0.658000,1,0.051564,0.00136518,0.014628,17.7710,0.08884,-0.85836
31028,0.603400,1,0.051825,0.00136085,0.013758,17.2070,0.07020,0.82738
31045,0.554400,1,0.051792,0.00152815,0.018568,20.7690,0.08781,-0.23954
31062,0.567700,1,0.050886,0.00145733,0.013152,17.7478,0.05387,-1.32257
31079,0.622300,1,0.051749,0.00144916,0.019445,15.7197,0.06258,-1.36177
31096,0.650300,1,0.051606,0.00144286,0.014459,16.4479,0.07000,0.55618
31113,0.624400,1,0.051603,0.00158409,0.013274,16.3503,0.04374,0.30070
31130,0.583100,1,0.051395,0.00136005,0.014955,18.7738,0.05109,-0.33849
31147,0.690200,1,0.054033,0.00152506,0.011994,16.2288,0.04227,-0.32111
31164,0.592200,1,0.053319,0.00142969,0.022102,18.0732,0.07140,-0.55644
31181,0.592200,1,0.050944,0.00133449,0.011615,18.7168,0.05574,0.36288
31198,0.669900,1,0.052080,0.00130648,0.024851,16.4993,0.05817,0.09344
31215,0.583800,1,0.054561,0.00166051,0.017101,18.1425,0.04412,1.22499
31232,0.620200,1,0.053074,0.00129130,0.017372,16.1791,0.06341,-1.12408
31249,0.640500,1,0.051392,0.00143245,0.019361,15.8098,0.03782,1.04824
31266,0.625100,1,0.052401,0.00151703,0.010909,17.6972,0.03463,1.63454
31283,0.597800,1,0.051592,0.00132349,0.021910,19.5913,0.07245,-0.77638
31300,0.626500,1,0.051404,0.00153722,0.020559,17.1316,0.04707,-0.74288
31317,0.574000,1,0.052284,0.00133270,0.022901,18.2031,0.05979,-0.56874
31334,0.605500,1,0.052088,0.00143649,0.017043,16.7534,0.03672,-0.03246
31351,0.576100,1,0.050956,0.00142992,0.018312,18.7045,0.04194,0.55333
31368,0.573300,1,0.051821,0.00130638,0.020383,18.1193,0.05623,-0.58016
31385,0.670600,1,0.051484,0.00136906,0.018793,16.2981,0.07548,0.85352
31402,0.561400,1,0.052027,0.00131635,0.025906,17.5497,0.06049,0.00439
31419,0.626500,1,0.052006,0.00154519,0.017825,16.3176,0.04144,-1.59222
31436,0.611100,1,0.049993,0.00158260,0.012129,17.2506,0.06415,0.17430
31453,0.586600,1,0.049404,0.00159358,0.024462,18.3777,0.06492,-0.39645
31470,0.538300,1,0.053139,0.00137138,0.019653,20.7899,0.08294,-2.10473
31487,0.648900,1,0.051227,0.00139233,0.016846,18.1004,0.06842,1.00702
31504,0.613900,1,0.052142,0.00140677,0.015796,18.2587,0.08457,1.18663
31521,0.617400,1,0.051107,0.00140332,0.021447,17.2109,0.03041,0.90131
31538,0.594300,1,0.051149,0.00147265,0.023673,19.7933,0.04838,-0.36652
31555,0.611800,1,0.050944,0.00144853,0.018878,17.8353,0.05367,0.98485
31572,0.576800,1,0.051895,0.00147448,0.016639,18.3143,0.02529,-1.03521
31589,0.581700,1,0.052309,0.00143632,0.015290,18.6014,0.04180,0.86412
31606,0.646100,1,0.051504,0.00135366,0.015252,16.0773,0.06151,0.27362
31623,0.609000,1,0.051884,0.00134725,0.019524,17.4365,0.06343,0.66518
31640,0.541100,1,0.051741,0.00141166,0.020847,18.6504,0.07224,0.23881
31657,0.632800,1,0.051196,0.00140214,0.026110,17.7691,0.02531,-0.13016
31674,0.590800,1,0.053185,0.00159953,0.020536,19.8316,0.04860,0.39390
31691,0.625100,1,0.052388,0.00134703,0.016398,17.9948,0.05618,-0.86093
31708,0.571900,1,0.050504,0.00148828,0.015989,18.3969,0.07587,1.76720
31725,0.580300,1,0.049880,0.00160789,0.018581,18.6849,0.06089,-0.61080
31742,0.667800,1,0.051956,0.00146360,0.008873,16.1084,0.03916,-0.21919
31759,0.609700,1,0.052469,0.00126631,0.012397,18.2160,0.07640,0.13813
31776,0.657300,1,0.052730,0.00153306,0.016656,16.3172,0.05780,0.41163
31793,0.534800,1,0.050552,0.00157810,0.017887,19.4352,0.04121,-0.72442
31810,0.607600,1,0.051359,0.00134116,0.020901,16.5352,0.06294,-0.67786
31827,0.543200,1,0.051520,0.00122586,0.018435,20.1356,0.09357,1.78259
31844,0.565600,1,0.051006,0.00153416,0.011280,18.9510,0.08357,0.99650
31861,0.574700,1,0.052463,0.00139021,0.022811,19.3442,0.05664,0.46137
31878,0.640500,1,0.050804,0.00140191,0.021956,15.4817,0.04087,1.06566
31895,0.580300,1,0.051118,0.00138031,0.016591,18.2157,0.03118,-0.92925
31912,0.630700,1,0.051172,0.00149264,0.011192,15.7954,0.05131,-1.39931
31929,0.644000,1,0.052618,0.00144534,0.019162,17.9316,0.04882,1.08297
31946,0.651700,1,0.052504,0.00158213,0.018673,17.7227,0.07795,1.72155
31963,0.627900,1,0.052515,0.00154288,0.018611,16.4934,0.07479,0.13957
31980,0.616700,1,0.052861,0.00159038,0.017147,19.3793,0.03796,-0.20041
31997,0.618800,1,0.053873,0.00148867,0.009022,17.7584,0.06583,-0.41036
32014,0.663600,1,0.054023,0.00133783,0.014322,15.5136,0.05333,1.52883
32031,0.589400,1,0.052033,0.00168385,0.015300,19.3057,0.07195,0.99531
32048,0.643300,1,0.053167,0.00155530,0.017741,16.9513,0.06743,0.14522
32065,0.573300,1,0.052765,0.00151058,0.009465,20.2440,0.05525,-0.40653
32082,0.651000,1,0.052508,0.00146879,0.016147,17.3964,0.04483,0.83825
32099,0.599200,1,0.052362,0.00140710,0.013385,17.2395,0.08130,-0.96097
32116,0.695800,1,0.053324,0.00128641,0.016837,14.6801,0.07141,-0.66662
32133,0.599900,1,0.050416,0.00138644,0.019434,19.3247,0.05495,0.50838
32150,0.578900,1,0.051817,0.00167990,0.016974,17.9658,0.05420,-0.20784
32167,0.658700,1,0.051800,0.00142845,0.023119,15.7311,0.07477,1.22156
32184,0.650300,1,0.051743,0.00137455,0.021389,17.4380,0.03207,0.87816
32201,0.560000,1,0.052415,0.00143803,0.021363,18.6282,0.02629,-0.67119
32218,0.639100,1,0.053496,0.00145044,0.020013,16.8909,0.07295,1.04043
32235,0.631400,1,0.051456,0.00138071,0.018152,16.0143,0.10586,0.37566
32252,0.587300,1,0.051021,0.00146246,0.025600,18.6353,0.07904,1.31384
32269,0.619500,1,0.052141,0.00145023,0.017613,16.9774,0.05338,0.69616
32286,0.634900,1,0.050692,0.00166178,0.020338,15.0810,0.04692,-0.89349
32303,0.623700,1,0.052372,0.00139366,0.018808,19.3001,0.08315,-0.34371
32320,0.594300,1,0.051859,0.00162324,0.015491,16.4212,0.04164,-0.20544
32337,0.591500,1,0.052175,0.00130229,0.015331,17.0433,0.02970,0.22878
32354,0.635600,1,0.052898,0.00136358,0.019574,18.4136,0.05375,-0.20031
32371,0.564200,1,0.052703,0.00155530,0.016084,18.4377,0.07818,-0.56611
32388,0.576800,1,0.052670,0.00145528,0.016682,18.1075,0.05060,-0.19208
32405,0.550900,1,0.051387,0.00151175,0.018944,20.2689,0.08165,0.64126
32422,0.599900,1,0.051796,0.00153962,0.015762,18.0843,0.06280,0.19933
32439,0.632800,1,0.052561,0.00141534,0.015094,17.1578,0.09190,-0.96298
32456,0.585900,1,0.051908,0.00144117,0.021696,17.6804,0.05148,1.26741
32473,0.582400,1,0.053498,0.00142338,0.019714,18.5871,0.06262,-0.07351
32490,0.650300,1,0.051367,0.00157119,0.016701,16.9180,0.04522,0.33275
32507,0.608300,1,0.051643,0.00136140,0.017411,18.4904,0.08616,1.02023
32524,0.583800,1,0.050540,0.00149617,0.020602,17.9971,0.05568,0.74767
32541,0.640500,1,0.051386,0.00154313,0.018938,17.5720,0.04869,0.33925
32558,0.646800,1,0.053084,0.00143914,0.016088,17.1970,0.05605,1.27545
32575,0.604100,1,0.051562,0.00155730,0.020538,19.4334,0.05368,0.19395
32592,0.602700,1,0.049857,0.00138067,0.014222,17.4541,0.06153,-0.26479
32609,0.605500,1,0.053291,0.00150694,0.018209,17.6172,0.03323,-1.16122
32626,0.645400,1,0.050868,0.00154101,0.016954,18.7844,0.05911,-0.63360
32643,0.555100,1,0.051165,0.00153498,0.021027,18.4231,0.06770,0.42424
32660,0.674800,1,0.051691,0.00143824,0.012805,15.5002,0.07071,-0.79904
32677,0.620900,1,0.051433,0.00133570,0.019551,18.5959,0.06001,-0.19121
32694,0.673400,1,0.051925,0.00145575,0.023247,15.4493,0.07229,0.93514
32711,0.662200,1,0.053095,0.00142915,0.018713,18.4577,0.08190,0.95017
32728,0.616000,1,0.053206,0.00136326,0.018974,17.9586,0.05908,0.53958
32745,0.610400,1,0.052568,0.00138927,0.018244,17.8782,0.05462,1.25221
32762,0.607600,1,0.051330,0.00139062,0.018991,15.4947,0.04061,-0.07889
32779,0.585200,1,0.051926,0.00143559,0.030001,17.1658,0.04198,-0.18671
32796,0.623700,1,0.052593,0.00132267,0.017271,17.9453,0.09123,0.77473
32813,0.526400,1,0.051916,0.00144683,0.015860,20.6641,0.05312,-0.13967
32830,0.571900,1,0.051908,0.00143055,0.013005,17.9595,0.06090,0.32232
32847,0.597100,1,0.049984,0.00146047,0.012511,16.4213,0.05500,0.07823
32864,0.615300,1,0.050756,0.00145077,0.019140,18.1517,0.06301,0.62583
32881,0.555100,1,0.051030,0.00153932,0.021074,17.8032,0.05917,-1.31038
32898,0.560700,1,0.051970,0.00149703,0.014848,18.1545,0.05104,0.68558
32915,0.582400,1,0.050854,0.00148951,0.019081,19.3026,0.07515,0.06779
32932,0.651000,1,0.052137,0.00142974,0.019161,17.1178,0.08535,-0.65692
32949,0.609000,1,0.052405,0.00146521,0.020759,19.2676,0.07901,-0.47085
32966,0.668500,1,0.052153,0.00141316,0.017242,16.5413,0.06106,0.65504
32983,0.599900,1,0.051249,0.00143503,0.022983,18.5062,0.06826,1.88844
33000,0.652400,1,0.052241,0.00135383,0.012759,17.4246,0.08197,0.59349
33017,0.597100,1,0.053100,0.00141274,0.014286,17.8219,0.09006,0.59334
33034,0.625100,1,0.053203,0.00144972,0.017879,17.3819,0.07695,0.41322
33051,0.646800,1,0.053371,0.00139746,0.015122,16.0686,0.08340,2.11701
33068,0.570500,1,0.052952,0.00136733,0.015352,18.9891,0.02589,-0.24064
33085,0.602700,1,0.049210,0.00148243,0.016085,17.1331,0.04796,-0.53449
33102,0.591500,1,0.052368,0.00155392,0.023196,18.5275,0.08398,0.01396
33119,0.625800,1,0.052293,0.00147421,0.018400,19.3823,0.06042,0.28611
33136,0.585900,1,0.053253,0.00144075,0.019426,18.8594,0.04907,0.03898
33153,0.549500,1,0.053654,0.00150130,0.024373,19.4007,0.03566,-0.49172
33170,0.624400,1,0.050806,0.00148232,0.017382,19.0140,0.06287,0.41387
33187,0.616000,1,0.051047,0.00151568,0.016878,17.2290,0.05404,-0.38460
33204,0.644700,1,0.052164,0.00142112,0.017088,16.9915,0.05903,2.22571
33221,0.520800,1,0.051239,0.00139671,0.013302,20.9889,0.02756,-1.04653
33238,0.594300,1,0.052357,0.00161915,0.018684,18.5443,0.04173,-0.11546
33255,0.612500,1,0.051342,0.00138118,0.022267,16.5992,0.02482,0.92418
33272,0.625800,1,0.051974,0.00143347,0.025267,18.7876,0.05926,-0.21079
33289,0.561400,1,0.050081,0.00146652,0.020314,19.4580,0.05230,0.01062
33306,0.635600,1,0.052576,0.00137369,0.019594,18.4441,0.09415,-0.47144
33323,0.620200,1,0.052804,0.00155811,0.012687,18.1952,0.04662,-0.54788
33340,0.703500,1,0.051937,0.00168065,0.017689,13.9788,0.04881,0.83295
33357,0.627200,1,0.050755,0.00140772,0.019055,17.2879,0.08009,1.19124
33374,0.653100,1,0.050757,0.00142720,0.012635,17.2862,0.04823,-0.00844
33391,0.595000,1,0.050759,0.00152330,0.019158,18.4479,0.07445,0.94172
33408,0.669200,1,0.052502,0.00151058,0.015526,16.7171,0.05888,-0.41922
33425,0.609000,1,0.052726,0.00141320,0.012488,20.8162,0.07102,-0.72019
33442,0.627200,1,0.050153,0.00159800,0.020899,18.0685,0.05960,0.69569
33459,0.616700,1,0.052690,0.00163510,0.015560,16.7455,0.06303,-0.14459
33476,0.655900,1,0.050965,0.00153968,0.013213,15.8866,0.05760,-0.92932
33493,0.632800,1,0.051855,0.00148929,0.014754,16.5342,0.06745,0.58265
33510,0.640500,1,0.051344,0.00154668,0.020255,16.1378,0.05784,-0.65295
33527,0.641200,1,0.052899,0.00149590,0.010658,17.1694,0.05604,0.14364
33544,0.634200,1,0.051970,0.00152448,0.023795,19.1247,0.05917,-0.73573
33561,0.600600,1,0.051001,0.00137200,0.016780,20.2960,0.05995,0.73185
33578,0.580300,1,0.052630,0.00150283,0.017805,18.1027,0.04235,0.30104
33595,0.524300,1,0.051341,0.00151641,0.018628,21.3245,0.05644,-0.03874
33612,0.616000,1,0.052180,0.00149359,0.010685,19.0118,0.04409,1.10423
33629,0.669200,1,0.052596,0.00147897,0.021497,18.2129,0.09783,0.01034
33646,0.611100,1,0.053707,0.00158298,0.017023,19.8026,0.07545,0.35524
33663,0.653800,1,0.052641,0.00151933,0.015252,15.9884,0.03797,0.94023
33680,0.641200,1,0.052056,0.00154125,0.010168,16.7654,0.04746,0.38838
33697,0.575400,1,0.052638,0.00147426,0.010950,19.8888,0.05711,0.35732
33714,0.647500,1,0.053323,0.00151224,0.020349,18.0739,0.03604,0.35797
33731,0.641200,1,0.053571,0.00135205,0.017221,17.2492,0.06942,0.44503
33748,0.636300,1,0.051587,0.00158174,0.019765,15.9626,0.08012,0.57225
33765,0.570500,1,0.052519,0.00141786,0.013095,19.0567,0.05168,-0.09665
33782,0.617400,1,0.052763,0.00142515,0.014202,18.5402,0.04877,-0.49196
33799,0.593600,1,0.053296,0.00138102,0.022921,18.1571,0.04577,0.19112
33816,0.555800,1,0.051428,0.00155217,0.021248,19.8931,0.04396,1.33595
33833,0.571900,1,0.051284,0.00142971,0.026634,21.2100,0.06916,0.40153
33850,0.576100,1,0.051970,0.00158574,0.024390,19.3066,0.04319,2.36626
33867,0.627900,1,0.051529,0.00149572,0.017666,17.0045,0.05878,1.38952
33884,0.589400,1,0.050754,0.00141293,0.019329,18.7649,0.07410,-0.83832
33901,0.627900,1,0.051433,0.00155154,0.013116,15.9792,0.03873,1.99128
33918,0.584500,1,0.050798,0.00147650,0.013818,17.7484,0.06576,-0.89158
33935,0.616700,1,0.053033,0.00136485,0.018282,18.0700,0.05593,0.50838
33952,0.576800,1,0.050866,0.00139041,0.014660,17.9983,0.04410,-0.90836
33969,0.563500,1,0.053125,0.00149035,0.020586,20.0093,0.05440,0.64375
33986,0.543200,1,0.052733,0.00161354,0.018083,20.4443,0.06864,1.07625
34003,0.583800,1,0.051225,0.00159473,0.017272,18.6284,0.07255,-0.21814
34020,0.582400,1,0.051564,0.00148407,0.021718,18.8048,0.05617,2.45684
34037,0.569800,1,0.052440,0.00145320,0.020269,18.7417,0.03925,-0.13182
34054,0.553000,1,0.051163,0.00130126,0.022753,19.7815,0.08056,-0.53190
34071,0.574700,1,0.051435,0.00145342,0.016819,16.4688,0.05483,0.43170
34088,0.611800,1,0.051994,0.00140088,0.019769,18.4687,0.06841,-0.06112
34105,0.553700,1,0.051681,0.00140253,0.016495,19.4352,0.05309,2.37560
34122,0.570500,1,0.051808,0.00148701,0.020732,19.6249,0.06516,0.97987
34139,0.639800,1,0.052307,0.00147193,0.016883,19.0842,0.06915,-0.14213
34156,0.610400,1,0.052945,0.00133738,0.012418,16.9762,0.03793,-0.62530
34173,0.575400,1,0.050836,0.00162137,0.014616,19.6079,0.04588,-0.62156
34190,0.559300,1,0.051660,0.00135454,0.014224,18.4595,0.05795,0.76046
34207,0.613900,1,0.052551,0.00145918,0.021125,16.3170,0.06015,1.01520
34224,0.610400,1,0.050753,0.00168250,0.017794,16.7401,0.05500,0.19212
34241,0.621600,1,0.053814,0.00133937,0.015911,18.7013,0.07063,-0.83233
34258,0.637000,1,0.051492,0.00151081,0.011783,18.4564,0.07659,0.94181
34275,0.588700,1,0.051216,0.00145572,0.017416,19.5209,0.05273,-0.27407
34292,0.596400,1,0.050919,0.00161001,0.021219,17.3986,0.07572,-0.54163
34309,0.548800,1,0.051157,0.00149674,0.017179,20.7756,0.02426,0.80010
34326,0.585900,1,0.051675,0.00153852,0.015959,18.2422,0.05250,1.09248
34343,0.634900,1,0.051604,0.00136305,0.025108,17.9311,0.09292,0.93579
34360,0.618100,1,0.052364,0.00144386,0.017443,18.3407,0.06187,-0.15875
34377,0.588700,1,0.052556,0.00146503,0.015910,18.0333,0.07298,0.55069
34394,0.589400,1,0.053159,0.00121937,0.020638,19.1721,0.06930,0.20511
34411,0.626500,1,0.051209,0.00143821,0.020746,17.1688,0.06300,-0.95152
34428,0.592200,1,0.051854,0.00152747,0.015635,18.4848,0.04611,-0.90032
34445,0.609000,1,0.052783,0.00143669,0.015720,20.9195,0.05172,0.12211
34462,0.643300,1,0.051928,0.00145417,0.019031,17.2912,0.03258,0.14620
34479,0.566300,1,0.050832,0.00127816,0.021413,19.8758,0.04522,-0.82482
34496,0.626500,1,0.052971,0.00142863,0.021343,16.5594,0.06696,0.75479
34513,0.548100,1,0.052754,0.00138710,0.010084,19.3659,0.05795,1.10144
34530,0.619500,1,0.054483,0.00142656,0.022759,17.7263,0.06918,-0.61688
34547,0.539700,1,0.051263,0.00145687,0.014860,18.6972,0.05888,-0.65607
34564,0.589400,1,0.051345,0.00148710,0.015663,19.1995,0.06415,0.67641
34581,0.621600,1,0.050713,0.00140612,0.026485,16.4062,0.07880,0.01602
34598,0.633500,1,0.052521,0.00149124,0.018459,16.0635,0.07631,-0.57033
34615,0.611100,1,0.053507,0.00144913,0.014953,18.6700,0.05329,0.66386
34632,0.636300,1,0.052335,0.00140795,0.021033,18.4525,0.06557,1.76972
34649,0.606200,1,0.051648,0.00142140,0.018135,17.8380,0.04606,0.00308
34666,0.577500,1,0.053253,0.00135214,0.016941,17.1059,0.04379,-0.42923
34683,0.595000,1,0.054729,0.00133335,0.017058,19.6876,0.06605,0.69492
34700,0.581700,1,0.051345,0.00144320,0.014091,18.5636,0.04785,1.04995
34717,0.577500,1,0.051098,0.00146036,0.020691,19.9818,0.07573,0.95418
34734,0.622300,1,0.052993,0.00158528,0.020805,19.4701,0.05542,-0.01533
34751,0.620200,1,0.051363,0.00159905,0.018898,16.7266,0.06653,1.03971
34768,0.634900,1,0.051575,0.00154083,0.015422,15.2155,0.05140,0.18597
34785,0.584500,1,0.049564,0.00160001,0.019435,17.4627,0.05067,0.39011
34802,0.651000,1,0.052830,0.00155281,0.021146,17.2396,0.04152,1.46138
34819,0.700700,1,0.052904,0.00144243,0.014692,14.6736,0.06458,-2.29986
34836,0.569100,1,0.050332,0.00146437,0.013606,19.1716,0.08044,1.01445
34853,0.573300,1,0.051389,0.00133704,0.019778,18.4179,0.03338,-0.04138
34870,0.592200,1,0.051463,0.00134699,0.018128,17.1890,0.02236,-0.02770
34887,0.537600,1,0.051142,0.00144826,0.017602,20.5338,0.04178,0.73916
34904,0.614600,1,0.053505,0.00137238,0.018842,18.6374,0.04721,-0.28481
34921,0.570500,1,0.052618,0.00139101,0.024656,19.3544,0.06544,-0.64423
34938,0.611100,1,0.049824,0.00147776,0.022695,16.2197,0.07352,-0.67810
34955,0.563500,1,0.050013,0.00151456,0.021412,17.0621,0.05105,0.40314
34972,0.597800,1,0.052008,0.00150700,0.022516,17.6995,0.04690,-0.29707
34989,0.648900,1,0.053427,0.00147226,0.022035,18.6605,0.05432,-1.48206
35006,0.546700,1,0.052205,0.00140244,0.021721,18.7003,0.04512,-0.43505
35023,0.615300,1,0.052436,0.00147668,0.021833,18.1141,0.05616,0.12134
35040,0.609700,1,0.053321,0.00141888,0.017749,17.6047,0.08531,-0.09284
35057,0.646100,1,0.053169,0.00147487,0.015941,17.5141,0.09563,-0.65663
35074,0.639800,1,0.052450,0.00137368,0.013925,16.8423,0.05078,-0.03363
35091,0.623700,1,0.052960,0.00148799,0.012117,17.6505,0.06873,1.27463
35108,0.620200,1,0.053600,0.00153344,0.017202,17.1496,0.04857,0.23448
35125,0.674800,1,0.051549,0.00151924,0.021247,16.3541,0.06698,-0.83627
35142,0.602000,1,0.052963,0.00143906,0.017814,18.8749,0.08403,-0.34166
35159,0.594300,1,0.051942,0.00155514,0.017249,18.7971,0.06288,0.26280
35176,0.567000,1,0.050913,0.00144135,0.019458,19.8648,0.08992,0.01436
35193,0.607600,1,0.052061,0.00149757,0.022544,16.9141,0.05088,-0.41209
35210,0.606900,1,0.051948,0.00151316,0.025212,17.6818,0.06424,0.12253
35227,0.620200,1,0.051289,0.00150598,0.016644,16.4688,0.05586,0.86378
35244,0.632100,1,0.052677,0.00148356,0.008588,17.5370,0.06631,-0.03548
35261,0.625800,1,0.051434,0.00137223,0.010544,17.6054,0.07158,0.77052
35278,0.566300,1,0.051640,0.00142225,0.018633,20.5367,0.07908,0.46154
35295,0.674100,1,0.050878,0.00137315,0.015394,15.6193,0.06612,0.88751
35312,0.625100,1,0.052415,0.00145503,0.014241,17.0081,0.06569,0.79570
35329,0.585200,1,0.050895,0.00151624,0.010362,17.5176,0.05897,-1.23471
35346,0.644700,1,0.050350,0.00141504,0.016280,16.5042,0.05878,-0.72886
35363,0.627200,1,0.052027,0.00151907,0.019551,15.9693,0.07468,-1.06411
35380,0.608300,1,0.051356,0.00143150,0.019190,18.0121,0.05271,0.04976
35397,0.646800,1,0.053881,0.00147083,0.013983,16.4047,0.07696,-0.67330
35414,0.678300,1,0.053410,0.00133283,0.023035,16.8929,0.07457,-0.59090
35431,0.616700,1,0.052549,0.00142434,0.014403,18.3916,0.05858,0.70696
35448,0.608300,1,0.053373,0.00145883,0.018993,18.2188,0.05280,-0.39806
35465,0.618800,1,0.052895,0.00150906,0.017013,15.6446,0.07254,-0.02735
35482,0.606900,1,0.051665,0.00153184,0.020413,18.4785,0.07131,0.41665
35499,0.630700,1,0.051382,0.00165724,0.007850,17.2240,0.05761,0.04689
35516,0.638400,1,0.052085,0.00145593,0.019062,17.3574,0.06266,0.74514
35533,0.655200,1,0.050239,0.00151070,0.020682,15.4655,0.05905,-0.52895
35550,0.564900,1,0.050860,0.00137754,0.019121,18.0375,0.04553,0.23880
35567,0.596400,1,0.052474,0.00141132,0.022534,18.9934,0.05802,-0.13959
35584,0.554400,1,0.051169,0.00145290,0.013992,20.4568,0.05177,-0.28110
35601,0.652400,1,0.050073,0.00140641,0.012971,16.4770,0.08593,0.58610
35618,0.570500,1,0.053245,0.00138150,0.017859,19.8667,0.09157,0.70730
35635,0.595000,1,0.049194,0.00151430,0.021567,18.2437,0.06113,0.56205
35652,0.555800,1,0.050604,0.00150796,0.019141,18.4132,0.06974,0.15982
35669,0.565600,1,0.053155,0.00131004,0.017589,19.8764,0.04966,0.60058
35686,0.626500,1,0.052309,0.00142958,0.021783,17.7043,0.09354,0.52434
35703,0.541100,1,0.051822,0.00136903,0.030002,21.5004,0.04203,-0.15083
35720,0.595700,1,0.051291,0.00136752,0.017512,17.5364,0.07018,1.28796
35737,0.639100,1,0.050806,0.00156791,0.015696,14.9405,0.05583,-1.19105
35754,0.638400,1,0.051013,0.00138667,0.017766,16.6230,0.04887,1.53544
35771,0.585900,1,0.052446,0.00146511,0.009419,18.1229,0.03860,-0.25937
35788,0.638400,1,0.051126,0.00140698,0.015694,18.5574,0.05475,1.37982
35805,0.615300,1,0.051886,0.00145545,0.017400,17.9487,0.07871,1.66459
35822,0.611800,1,0.051841,0.00143925,0.020043,16.6085,0.06685,-0.51708
35839,0.580300,1,0.051607,0.00150108,0.015439,18.7597,0.05485,-0.08657
35856,0.580300,1,0.049403,0.00145092,0.014509,18.5936,0.05110,0.93413
35873,0.631400,1,0.052135,0.00140914,0.018690,18.4237,0.07812,0.98620
35890,0.557900,1,0.050615,0.00145806,0.011392,19.0233,0.06249,1.52193
35907,0.639800,1,0.051808,0.00154379,0.013607,15.6477,0.06268,0.20032
35924,0.581700,1,0.050595,0.00153987,0.013793,18.4284,0.10049,-0.19599
35941,0.572600,1,0.051531,0.00124732,0.015624,18.7016,0.03403,0.81242
35958,0.676200,1,0.052106,0.00142913,0.017050,16.6241,0.06743,0.20417
35975,0.643300,1,0.050838,0.00144546,0.013673,17.1866,0.06642,-0.43577
35992,0.567700,1,0.052667,0.00149612,0.016847,19.6686,0.02804,0.15528
36009,0.588700,1,0.052578,0.00153098,0.017410,19.6383,0.05206,-0.15509
36026,0.623700,1,0.052961,0.00165270,0.020336,17.6055,0.05274,0.73486
36043,0.597800,1,0.054263,0.00146237,0.014146,19.7341,0.08517,1.38476
36060,0.555800,1,0.052368,0.00142669,0.019795,20.2750,0.07468,1.47736
36077,0.581700,1,0.053224,0.00148805,0.014323,18.2399,0.05587,-0.37050
36094,0.551600,1,0.052574,0.00155836,0.014019,20.5007,0.07926,0.16840
36111,0.588700,1,0.051653,0.00147934,0.013234,19.4170,0.05820,-0.85984
36128,0.672000,1,0.049636,0.00160394,0.015983,13.4769,0.07480,0.11443
36145,0.666400,1,0.052164,0.00146788,0.018716,15.8884,0.07146,0.65292
36162,0.524300,1,0.051941,0.00142336,0.021039,20.3687,0.04724,1.91377
36179,0.579600,1,0.052358,0.00145712,0.025483,19.3175,0.06018,-0.50889
36196,0.613200,1,0.053265,0.00148783,0.020498,18.2294,0.04906,-0.46235
36213,0.611800,1,0.051683,0.00147627,0.020918,16.1181,0.05016,0.00227
36230,0.632100,1,0.053851,0.00147944,0.015900,18.5271,0.07572,2.06474
36247,0.660800,1,0.052402,0.00160750,0.018562,14.7722,0.04969,0.66062
36264,0.586600,1,0.051173,0.00141517,0.018584,18.5716,0.04904,0.55959
36281,0.567000,1,0.049978,0.00145214,0.016622,18.6612,0.06493,0.08397
36298,0.601300,1,0.051749,0.00135430,0.022847,17.9225,0.06024,-1.29090
36315,0.641200,1,0.053307,0.00146916,0.017730,17.9701,0.07648,0.06070
36332,0.583100,1,0.052890,0.00159392,0.012767,18.2310,0.05476,-0.33835
36349,0.582400,1,0.050927,0.00149777,0.018178,18.7096,0.05960,-2.07485
36366,0.591500,1,0.054505,0.00141947,0.021451,18.0650,0.06179,0.63365
36383,0.599200,1,0.051361,0.00139665,0.017541,18.1560,0.06737,0.88606
36400,0.588000,1,0.051487,0.00145298,0.012867,19.7009,0.03878,2.26055
36417,0.592200,1,0.051864,0.00158255,0.015202,18.7625,0.08528,0.92202
36434,0.577500,1,0.051234,0.00162391,0.014365,19.3604,0.04490,1.19501
36451,0.620200,1,0.050829,0.00143564,0.023622,16.9964,0.05620,-1.97977
36468,0.550900,1,0.051493,0.00137628,0.013467,19.3250,0.06126,0.31824
36485,0.646100,1,0.052287,0.00140986,0.017395,17.8452,0.07081,-1.38052
36502,0.649600,1,0.050847,0.00147010,0.023303,17.8991,0.06490,-0.40227
36519,0.625100,1,0.052125,0.00147605,0.013842,18.7992,0.06100,0.63577
36536,0.612500,1,0.052899,0.00154814,0.014193,16.6609,0.07878,0.48297
36553,0.597100,1,0.050555,0.00139828,0.022784,16.9183,0.07325,-0.03531
36570,0.595700,1,0.050229,0.00137225,0.025630,17.1769,0.06313,-0.14371
36587,0.571900,1,0.052137,0.00147100,0.015296,19.8217,0.04436,-1.63641
36604,0.523600,1,0.049661,0.00150151,0.021422,20.6269,0.06697,0.39204
36621,0.616700,1,0.052534,0.00154394,0.017071,17.7847,0.05376,-0.07033
36638,0.534800,1,0.051600,0.00127714,0.023632,20.3530,0.06571,-0.63800
36655,0.574700,1,0.051571,0.00159706,0.011828,17.4629,0.06024,-1.15707
36672,0.648900,1,0.050459,0.00171496,0.015151,16.8187,0.04506,-0.14609
36689,0.573300,1,0.053227,0.00159734,0.017059,17.5816,0.06669,-0.91251
36706,0.568400,1,0.051832,0.00141268,0.016719,17.4766,0.04842,0.59442
36723,0.626500,1,0.050882,0.00147992,0.017660,16.0965,0.07141,0.52991
36740,0.649600,1,0.053709,0.00148761,0.020094,17.5192,0.05838,-0.83102
36757,0.578900,1,0.051372,0.00132171,0.017217,16.7820,0.06410,-1.58565
36774,0.558600,1,0.051411,0.00147595,0.024356,19.7704,0.05944,-1.74902
36791,0.580300,1,0.050889,0.00132141,0.008668,19.5060,0.02554,0.32025
36808,0.655900,1,0.051694,0.00138601,0.013317,19.7684,0.06819,-0.76426
36825,0.591500,1,0.049410,0.00155105,0.017203,18.1384,0.04397,0.01650
36842,0.611800,1,0.051539,0.00154184,0.014798,16.6481,0.05918,1.00974
36859,0.592900,1,0.052762,0.00141319,0.011772,17.0510,0.08106,-2.04404
36876,0.529200,1,0.052025,0.00128874,0.018916,21.6095,0.08492,0.27267
36893,0.679000,1,0.053363,0.00138161,0.021780,15.1694,0.05983,0.28678
36910,0.635600,1,0.052161,0.00139559,0.019724,16.1337,0.05570,0.59606
36927,0.612500,1,0.052791,0.00146498,0.016225,17.5091,0.05975,-0.75762
36944,0.637700,1,0.054091,0.00140829,0.018485,17.8402,0.06203,0.56827
36961,0.585200,1,0.052827,0.00151192,0.020943,19.6087,0.05313,1.16076
36978,0.596400,1,0.051826,0.00147310,0.016539,17.7796,0.08797,0.49573
36995,0.625800,1,0.051623,0.00140424,0.017103,17.9990,0.07144,-0.83766
37012,0.602700,1,0.053211,0.00146737,0.018037,20.2623,0.05593,-0.08295
37029,0.591500,1,0.053233,0.00145817,0.021125,18.5579,0.05159,-0.20738
37046,0.658700,1,0.052916,0.00138448,0.017665,16.9874,0.04245,-0.36656
37063,0.557200,1,0.052432,0.00159200,0.018135,19.7375,0.06053,0.42520
37080,0.612500,1,0.052656,0.00152019,0.016532,16.0991,0.02571,-0.31795
37097,0.618800,1,0.052315,0.00152305,0.016397,16.7954,0.04549,-0.92286
37114,0.571900,1,0.052519,0.00148160,0.020094,19.3541,0.04240,-0.86170
37131,0.563500,1,0.051243,0.00145080,0.013193,19.9859,0.06815,-0.82507
37148,0.557900,1,0.053460,0.00149070,0.021062,20.3843,0.05433,0.77743
37165,0.594300,1,0.051323,0.00143992,0.015934,16.3517,0.05843,0.34673
37182,0.562800,1,0.053057,0.00134268,0.022720,20.3691,0.05502,-0.47112
37199,0.644700,1,0.051342,0.00147302,0.021559,15.8632,0.08504,-0.85230
37216,0.583100,1,0.051625,0.00141293,0.019861,18.9907,0.07496,1.12766
37233,0.639100,1,0.053131,0.00159419,0.014770,16.1375,0.08533,-0.43686
37250,0.652400,1,0.051944,0.00142398,0.019218,16.5213,0.07257,0.44432
37267,0.632100,1,0.050615,0.00139007,0.015222,16.6362,0.07515,1.34157
37284,0.616700,1,0.052154,0.00145324,0.019335,20.1464,0.04756,1.05831
37301,0.613900,1,0.053400,0.00148291,0.015185,16.8385,0.05599,0.96169
37318,0.621600,1,0.053151,0.00159549,0.013896,17.4857,0.07339,-0.17756
37335,0.582400,1,0.049503,0.00144198,0.018380,16.3601,0.05321,-0.99900
37352,0.660100,1,0.051746,0.00139976,0.012655,16.3448,0.08546,-0.64753
37369,0.635600,1,0.051781,0.00140130,0.018786,17.9680,0.06058,-0.45106
37386,0.569800,1,0.051236,0.00125367,0.021385,20.8868,0.06778,0.32586
37403,0.612500,1,0.053896,0.00135518,0.014707,17.2498,0.04583,1.30651
37420,0.567700,1,0.049275,0.00123234,0.023763,17.9894,0.05956,0.88177
37437,0.613200,1,0.050501,0.00141596,0.022178,18.3424,0.06932,0.38636
37454,0.697900,1,0.054559,0.00141453,0.015992,17.2057,0.04766,-0.81886
37471,0.646800,1,0.051902,0.00165455,0.017177,16.0394,0.05040,0.10693
37488,0.626500,1,0.053110,0.00124299,0.017309,18.7584,0.08029,1.91191
37505,0.640500,1,0.051146,0.00132418,0.011970,18.7775,0.08832,-1.84421
37522,0.711200,1,0.053101,0.00141211,0.011002,15.1375,0.07716,-0.47850
37539,0.592200,1,0.050732,0.00143069,0.017214,16.2881,0.05835,-0.36620
37556,0.613900,1,0.051235,0.00129634,0.018352,18.8614,0.06480,-1.10758
37573,0.592900,1,0.051251,0.00154116,0.009035,16.9673,0.06024,0.13814
37590,0.582400,1,0.053106,0.00149821,0.016860,18.9139,0.07135,-1.30277
37607,0.637700,1,0.054457,0.00127951,0.014764,16.6412,0.04828,-0.30664
37624,0.634900,1,0.053525,0.00131796,0.017348,17.8919,0.05222,-0.44985
37641,0.654500,1,0.052293,0.00135874,0.018508,15.9749,0.05404,-1.96608
37658,0.536200,1,0.052508,0.00127370,0.018662,19.5098,0.05391,0.98241
37675,0.634200,1,0.054095,0.00145364,0.013863,16.6560,0.06740,-1.93245
37692,0.591500,1,0.051836,0.00136272,0.013285,16.3707,0.03980,0.83983
37709,0.634900,1,0.051933,0.00142961,0.018136,17.6953,0.05678,0.60025
37726,0.613200,1,0.051740,0.00153871,0.015586,16.8022,0.04805,0.78416
37743,0.595000,1,0.052307,0.00145708,0.011949,16.9465,0.06937,0.57719
37760,0.609000,1,0.049944,0.00135412,0.018711,17.5160,0.06745,1.60698
37777,0.543900,1,0.051670,0.00150015,0.011936,21.4272,0.08263,0.49933
37794,0.555100,1,0.051699,0.00159667,0.019337,19.4018,0.05815,-0.98249
37811,0.584500,1,0.051945,0.00142467,0.017373,19.5813,0.06235,0.94464
37828,0.655900,1,0.054139,0.00122212,0.026208,17.0112,0.05113,-1.78604
37845,0.605500,1,0.051277,0.00151799,0.022498,16.6500,0.05615,0.49677
37862,0.676200,1,0.052297,0.00136042,0.013316,17.1200,0.05564,-0.53998
37879,0.571200,1,0.052280,0.00149155,0.013647,19.6900,0.03090,0.79318
37896,0.626500,1,0.053627,0.00149930,0.015420,17.6514,0.08471,-2.08414
37913,0.655900,1,0.052651,0.00133511,0.020326,17.0480,0.07003,1.26957
37930,0.592200,1,0.052551,0.00145338,0.017336,18.2463,0.05001,0.40862
37947,0.649600,1,0.051869,0.00133736,0.019046,17.1572,0.06216,-0.89304
37964,0.650300,1,0.051059,0.00155521,0.022054,16.2077,0.07497,0.17940
37981,0.605500,1,0.052159,0.00143549,0.015376,17.9707,0.07043,1.23654
37998,0.602000,1,0.052351,0.00137954,0.022127,18.6247,0.06991,0.83542
38015,0.550900,1,0.052862,0.00126465,0.020232,19.5738,0.03808,-0.40939
38032,0.607600,1,0.051645,0.00150087,0.019849,17.8536,0.03327,0.48153
38049,0.630000,1,0.051681,0.00149356,0.016196,16.0962,0.02993,0.92721
38066,0.619500,1,0.051617,0.00153142,0.014960,16.6380,0.04530,-1.31943
38083,0.555100,1,0.051270,0.00141718,0.022255,20.3733,0.06775,0.10136
38100,0.561400,1,0.051809,0.00146212,0.016592,20.3821,0.05155,1.44782
38117,0.574000,1,0.049688,0.00144548,0.017481,16.9583,0.04476,-0.80506
38134,0.641200,1,0.052086,0.00141510,0.019696,17.4794,0.07150,-1.28055
38151,0.609700,1,0.052569,0.00165112,0.020165,18.1876,0.06000,0.87222
38168,0.595000,1,0.051161,0.00141136,0.021173,18.8899,0.06789,-0.53061
38185,0.554400,1,0.052934,0.00151338,0.022101,20.0386,0.05699,-0.77069
38202,0.566300,1,0.053425,0.00152777,0.020904,18.6713,0.05407,-0.91220
38219,0.655900,1,0.052700,0.00144530,0.015875,18.7028,0.06182,-0.10201
38236,0.651700,1,0.053042,0.00159948,0.012835,16.1036,0.04556,0.09528
38253,0.611100,1,0.052585,0.00136048,0.016462,19.5898,0.04967,0.89294
38270,0.581700,1,0.052077,0.00139842,0.010377,18.6997,0.03988,-0.35534
38287,0.569800,1,0.050506,0.00147622,0.012791,19.2259,0.06894,0.91124
38304,0.559300,1,0.051440,0.00150235,0.017489,20.5947,0.04652,0.74153
38321,0.599900,1,0.052402,0.00145248,0.013896,18.6479,0.04523,1.63174
38338,0.574700,1,0.052633,0.00145287,0.021980,19.4998,0.05250,0.07167
38355,0.636300,1,0.051730,0.00138646,0.016572,16.1889,0.07641,-0.89714
38372,0.624400,1,0.051171,0.00135281,0.015249,15.0272,0.05224,0.19066
38389,0.633500,1,0.053178,0.00140907,0.013304,18.0919,0.03854,-0.73967
38406,0.601300,1,0.052382,0.00146410,0.018188,18.4325,0.04762,0.10403
38423,0.606900,1,0.051522,0.00146805,0.022925,16.9661,0.08180,0.91754
38440,0.603400,1,0.050927,0.00142425,0.015173,16.4173,0.06854,0.88420
38457,0.567700,1,0.051376,0.00127716,0.017692,19.9695,0.05511,1.07747
38474,0.609000,1,0.050882,0.00156615,0.025925,14.6314,0.01877,0.00804
38491,0.660800,1,0.051357,0.00138687,0.022974,16.5109,0.06832,-0.97329
38508,0.648900,1,0.051001,0.00158621,0.013495,17.6552,0.08522,-0.18869
38525,0.595000,1,0.051088,0.00138017,0.016769,17.5659,0.06459,0.64074
38542,0.620900,1,0.053452,0.00139263,0.019760,19.0357,0.08159,-0.42706
38559,0.602000,1,0.051486,0.00148084,0.023239,16.6965,0.07163,-1.28213
38576,0.613900,1,0.051986,0.00135861,0.022750,17.2675,0.06791,-0.02317
38593,0.595000,1,0.051324,0.00154724,0.016598,18.8584,0.04719,-0.97249
38610,0.550900,1,0.052065,0.00121997,0.015149,19.7683,0.04747,1.04163
38627,0.578200,1,0.050951,0.00144562,0.016197,19.7048,0.07201,1.26952
38644,0.620900,1,0.052417,0.00131015,0.020363,18.0245,0.05218,-0.56853
38661,0.712600,1,0.050358,0.00127084,0.017748,15.0987,0.06834,-2.25678
38678,0.630700,1,0.051964,0.00142509,0.014398,16.0956,0.04534,-0.61257
38695,0.578200,1,0.052493,0.00140870,0.019928,20.5135,0.06758,0.88314
38712,0.611100,1,0.052070,0.00146329,0.016211,18.3686,0.06349,-0.98237
38729,0.640500,1,0.051510,0.00138416,0.015353,15.8425,0.07707,0.67265
38746,0.584500,1,0.051636,0.00164396,0.013548,20.0960,0.07012,-0.13512
38763,0.600600,1,0.052198,0.00141400,0.017075,18.3234,0.05581,0.64931
38780,0.605500,1,0.052118,0.00137454,0.009718,17.1368,0.08658,-1.34688
38797,0.562100,1,0.052509,0.00142000,0.019426,19.0569,0.06239,-0.27799
38814,0.674800,1,0.052854,0.00144705,0.021068,17.7269,0.08554,0.19934
38831,0.574700,1,0.052559,0.00132369,0.027766,18.9058,0.03555,0.12164
38848,0.599200,1,0.051589,0.00149602,0.014227,15.7190,0.01935,0.81457
38865,0.543200,1,0.052364,0.00136286,0.019936,20.9391,0.04150,0.33700
38882,0.613900,1,0.052945,0.00135427,0.017752,16.1491,0.04935,1.02520
38899,0.600600,1,0.051852,0.00157746,0.015720,19.0655,0.07648,0.34498
38916,0.700700,1,0.051281,0.00159344,0.014424,15.1169,0.09063,-1.03935
38933,0.582400,1,0.052490,0.00146280,0.021703,20.0440,0.07407,-0.83915
38950,0.592900,1,0.050715,0.00143440,0.015731,17.3679,0.03489,0.02006
38967,0.644700,1,0.053211,0.00142404,0.017946,15.9189,0.07334,-0.21067
38984,0.599900,1,0.052316,0.00146910,0.011864,18.8136,0.03560,0.14951
39001,0.632800,1,0.052801,0.00156741,0.021281,20.0480,0.06450,-1.18689
39018,0.640500,1,0.052093,0.00156532,0.017526,18.5472,0.04362,-1.16313
39035,0.625100,1,0.052688,0.00153358,0.014956,19.3484,0.06522,-0.83110
39052,0.563500,1,0.053183,0.00133581,0.019540,20.3376,0.05767,-1.35033
39069,0.644000,1,0.050602,0.00152709,0.015358,18.0724,0.05047,0.79642
39086,0.576100,1,0.052247,0.00145489,0.014432,19.8416,0.05621,0.60056
39103,0.669200,1,0.052493,0.00146106,0.027841,15.8082,0.07822,0.89415
39120,0.585200,1,0.051228,0.00136767,0.014522,19.1824,0.04210,0.17039
39137,0.605500,1,0.050287,0.00154557,0.017706,17.8905,0.06829,-0.00629
39154,0.518000,1,0.051935,0.00149673,0.015099,21.1174,0.04378,-0.93065
39171,0.595700,1,0.053724,0.00150826,0.016297,16.9516,0.04521,-0.42559
39188,0.583100,1,0.051663,0.00139097,0.019112,18.9639,0.04914,0.63872
39205,0.654500,1,0.052307,0.00144333,0.020170,17.8134,0.05567,0.58566
39222,0.609000,1,0.052118,0.00160085,0.017147,19.8409,0.06613,0.79060
39239,0.559300,1,0.051669,0.00140393,0.015272,19.4901,0.07954,0.10731
39256,0.651700,1,0.052370,0.00148089,0.020036,16.4791,0.07241,-1.05373
39273,0.597100,1,0.053441,0.00134639,0.024521,20.6686,0.04204,1.14361
39290,0.601300,1,0.051775,0.00156677,0.017933,19.3735,0.08309,0.09923
39307,0.649600,1,0.051472,0.00156775,0.016589,16.4025,0.06575,0.51138
39324,0.615300,1,0.052476,0.00146059,0.015238,16.3473,0.05342,0.44886
39341,0.618100,1,0.052057,0.00154245,0.017686,18.2962,0.05095,-1.37717
39358,0.579600,1,0.051578,0.00128334,0.020711,17.5196,0.06176,1.08526
39375,0.566300,1,0.051665,0.00135064,0.021234,18.9376,0.04984,-0.41327
39392,0.583800,1,0.050763,0.00147937,0.016285,19.4804,0.08470,0.72851
39409,0.562800,1,0.051385,0.00150000,0.022032,18.2684,0.05123,-0.45474
39426,0.594300,1,0.051959,0.00147164,0.019557,18.6375,0.06032,0.49717
39443,0.616000,1,0.051571,0.00164202,0.012614,18.5420,0.05189,0.92611
39460,0.611800,1,0.052413,0.00138651,0.020995,17.9149,0.05622,0.01466
39477,0.625100,1,0.053142,0.00129655,0.017474,17.5846,0.08412,0.49011
39494,0.626500,1,0.052473,0.00134422,0.022044,18.4411,0.05267,1.47590
39511,0.571200,1,0.051822,0.00149649,0.012378,19.5005,0.05407,0.17034
39528,0.569100,1,0.050299,0.00133664,0.017633,18.7011,0.04755,-0.34169
39545,0.594300,1,0.052586,0.00141807,0.025811,18.6848,0.06131,-0.00880
39562,0.583100,1,0.051165,0.00136401,0.019970,15.9968,0.06623,0.51403
39579,0.639800,1,0.052249,0.00159225,0.020511,14.8254,0.06762,0.96042
39596,0.571900,1,0.050401,0.00153080,0.015352,19.6839,0.04209,-0.03709
39613,0.632800,1,0.051130,0.00140352,0.006704,16.4722,0.05700,0.15046
39630,0.563500,1,0.052439,0.00143901,0.017301,19.3404,0.03416,-0.42727
39647,0.578900,1,0.052925,0.00138657,0.011696,17.9008,0.04434,0.23983
39664,0.646100,1,0.052033,0.00138843,0.017590,17.2886,0.04017,-0.28051
39681,0.577500,1,0.053093,0.00136118,0.017879,18.0251,0.04956,0.30954
39698,0.632100,1,0.051546,0.00144917,0.014391,17.0936,0.06236,-2.27731
39715,0.641200,1,0.052672,0.00134960,0.012921,17.9825,0.07221,-0.77833
39732,0.580300,1,0.050765,0.00123420,0.021070,18.6804,0.06314,1.03101
39749,0.590100,1,0.051238,0.00134560,0.019593,17.1460,0.05019,-0.92511
39766,0.672700,1,0.053349,0.00145629,0.020509,16.9812,0.06593,-0.75386
39783,0.596400,1,0.052252,0.00143878,0.015400,19.6430,0.07232,-0.57219
39800,0.589400,1,0.051483,0.00139000,0.020364,17.8809,0.05507,-0.00596
39817,0.577500,1,0.052390,0.00147924,0.023004,18.5873,0.04999,0.47096
39834,0.640500,1,0.053234,0.00133933,0.020672,18.5323,0.09171,1.23979
39851,0.598500,1,0.054394,0.00153036,0.016986,19.3762,0.05293,-0.62664
39868,0.716100,1,0.049723,0.00151493,0.021011,14.5364,0.06890,0.59238
39885,0.665700,1,0.051529,0.00149201,0.017342,19.6786,0.07793,0.94332
39902,0.545300,1,0.051741,0.00151650,0.014484,19.6190,0.05077,-0.66836
39919,0.595700,1,0.053101,0.00145849,0.014956,18.4992,0.05037,-0.53220
39936,0.628600,1,0.052495,0.00171450,0.015940,16.5526,0.08181,1.22525
39953,0.596400,1,0.051933,0.00142208,0.021268,18.4183,0.04043,-0.20386
39970,0.609700,1,0.053157,0.00150496,0.013810,19.0271,0.05230,0.21662
39987,0.578200,1,0.052455,0.00151394,0.020079,18.4233,0.06436,-0.58646
40004,0.646100,1,0.052227,0.00141554,0.023339,16.7390,0.08655,-1.38660
40021,0.663600,1,0.052104,0.00130701,0.019196,17.0971,0.03900,-0.02190
40038,0.616000,1,0.050498,0.00141720,0.011822,18.6121,0.08230,-0.96651
40055,0.651000,1,0.052777,0.00166408,0.017548,15.9456,0.06187,0.65474
40072,0.640500,1,0.050510,0.00122950,0.016027,14.2702,0.04868,1.64895
40089,0.600600,1,0.052213,0.00156192,0.015444,18.4534,0.05428,-0.36917
40106,0.596400,1,0.051740,0.00156075,0.014042,18.9481,0.06682,1.03729
40123,0.618100,1,0.049451,0.00126216,0.018109,17.7496,0.07380,1.04329
40140,0.633500,1,0.051010,0.00143363,0.011550,18.3192,0.08483,0.49224
40157,0.592900,1,0.050952,0.00147021,0.017014,17.0474,0.05703,0.37385
40174,0.611100,1,0.051643,0.00150911,0.017667,19.5366,0.06245,1.52521
40191,0.590100,1,0.051120,0.00147952,0.020988,18.1987,0.05060,0.98899
40208,0.580300,1,0.052666,0.00159295,0.019099,21.1105,0.07554,-0.63368
40225,0.611800,1,0.052126,0.00148203,0.018293,18.2417,0.05631,0.52466
40242,0.630700,1,0.052400,0.00145245,0.017431,15.9835,0.06530,0.11760
40259,0.625800,1,0.053101,0.00129181,0.023394,15.6107,0.08455,-0.17286
40276,0.606200,1,0.051800,0.00142618,0.015195,17.4722,0.04605,0.60380
40293,0.567700,1,0.053180,0.00146513,0.011412,19.4018,0.04261,0.11112
40310,0.567700,1,0.052337,0.00122008,0.022525,18.9829,0.05051,0.65207
40327,0.604800,1,0.049583,0.00151504,0.016354,16.7385,0.04087,1.27121
40344,0.613900,1,0.052614,0.00147686,0.020638,18.0434,0.06728,0.55230
40361,0.574700,1,0.054001,0.00146190,0.022300,19.1653,0.05402,0.66345
40378,0.604100,1,0.052817,0.00143712,0.009378,20.6700,0.05081,1.09730
40395,0.613200,1,0.050838,0.00166483,0.017557,18.3022,0.07294,0.52992
40412,0.624400,1,0.052085,0.00147584,0.018641,18.6994,0.05358,-0.31791
40429,0.634200,1,0.052353,0.00146258,0.018245,16.7189,0.08238,-0.49357
40446,0.607600,1,0.051994,0.00154243,0.018764,17.0860,0.07528,0.55324
40463,0.534800,1,0.050832,0.00139432,0.020611,18.4848,0.04687,0.19927
40480,0.575400,1,0.052165,0.00151956,0.011423,19.7117,0.04277,-0.50669
40497,0.700000,1,0.053319,0.00149664,0.018988,16.5667,0.08404,-2.19671
40514,0.674100,1,0.053400,0.00144034,0.017638,14.8243,0.02990,-0.16775
40531,0.674800,1,0.052819,0.00155720,0.017267,16.6226,0.06485,-0.61373
40548,0.574000,1,0.049981,0.00144047,0.013957,19.1655,0.06863,-0.27341
40565,0.636300,1,0.051129,0.00140812,0.017999,17.4952,0.03079,0.37174
40582,0.586600,1,0.052257,0.00140405,0.015685,17.9466,0.07351,-2.25705
40599,0.597100,1,0.053091,0.00143533,0.017846,19.1638,0.05462,-0.27781
40616,0.580300,1,0.049695,0.00148332,0.019613,16.9604,0.03958,0.40680
40633,0.667800,1,0.050796,0.00153528,0.025656,15.5981,0.07170,-0.54627
40650,0.624400,1,0.053121,0.00153383,0.020652,16.8087,0.04879,0.02033
40667,0.576800,1,0.051751,0.00125636,0.025057,18.2131,0.07086,0.22253
40684,0.635600,1,0.051949,0.00152926,0.022188,18.1583,0.06228,-0.28761
40701,0.597800,1,0.052148,0.00137854,0.020769,17.1095,0.06401,-2.23200
40718,0.579600,1,0.053005,0.00131794,0.013597,20.2539,0.06873,1.45203
40735,0.582400,1,0.052191,0.00154479,0.022586,18.7532,0.05657,0.05875
40752,0.559300,1,0.051709,0.00134275,0.018662,20.9605,0.05112,-0.05064
40769,0.626500,1,0.051376,0.00149618,0.021486,17.4611,0.05477,0.89681
40786,0.646800,1,0.052094,0.00133411,0.020560,15.6357,0.07043,-0.68336
40803,0.581700,1,0.051783,0.00165767,0.013294,17.1569,0.05108,0.79227
40820,0.597100,1,0.051382,0.00139686,0.017436,18.5739,0.07256,-1.20448
40837,0.611800,1,0.052619,0.00144145,0.015782,16.4267,0.04661,-1.62244
40854,0.649600,1,0.050599,0.00154786,0.017695,18.2454,0.05938,0.67451
40871,0.649600,1,0.051388,0.00142374,0.021346,16.4233,0.04395,-0.27573
40888,0.567700,1,0.051361,0.00139343,0.019063,21.3759,0.06761,0.06632
40905,0.616000,1,0.050008,0.00150501,0.024303,18.5788,0.09480,1.23763
40922,0.578900,1,0.050417,0.00131141,0.019547,18.0972,0.07263,-0.67400
40939,0.577500,1,0.052600,0.00139002,0.020264,17.2827,0.03903,0.06025
40956,0.616000,1,0.052486,0.00145918,0.017608,16.1200,0.07763,-1.68256
40973,0.564200,1,0.051576,0.00146341,0.015385,17.2178,0.07653,-0.86403
40990,0.581700,1,0.053465,0.00145872,0.017656,20.0466,0.05836,-0.13341
41007,0.634200,1,0.049946,0.00158199,0.018501,16.1497,0.06950,-0.16577
41024,0.583800,1,0.053934,0.00139508,0.018264,19.8717,0.09559,0.53278
41041,0.515200,1,0.051345,0.00129937,0.021219,19.4120,0.05993,-0.52413
41058,0.541800,1,0.051296,0.00143159,0.027162,19.3349,0.03454,-0.17372
41075,0.614600,1,0.051097,0.00143837,0.023775,18.7442,0.06657,-2.12692
41092,0.622300,1,0.053462,0.00139237,0.021236,16.0068,0.07769,0.50004
41109,0.623700,1,0.052266,0.00153805,0.019197,18.5816,0.08090,-0.27365
41126,0.641900,1,0.051925,0.00146955,0.019268,16.2862,0.06562,-0.87055
41143,0.593600,1,0.051170,0.00170052,0.019292,18.3575,0.05037,-0.48188
41160,0.584500,1,0.052303,0.00142453,0.012510,17.7313,0.04249,0.83297
41177,0.553700,1,0.052153,0.00147163,0.021044,19.5209,0.06561,-0.10233
41194,0.604800,1,0.050298,0.00152692,0.018457,18.1769,0.04727,0.46896
41211,0.594300,1,0.053242,0.00155861,0.022050,20.1792,0.06980,0.90333
41228,0.651000,1,0.051785,0.00129818,0.024662,16.1294,0.05209,0.13070
41245,0.655200,1,0.051521,0.00134738,0.020439,15.5317,0.04129,0.29418
41262,0.641200,1,0.051918,0.00144715,0.021022,17.3631,0.05744,-0.07183
41279,0.622300,1,0.053847,0.00145906,0.016564,18.5966,0.05544,-0.02587
41296,0.579600,1,0.051903,0.00146322,0.021881,18.7107,0.06360,0.03021
41313,0.594300,1,0.052343,0.00143344,0.017896,18.4240,0.08494,0.47940
41330,0.588000,1,0.052356,0.00151911,0.017660,19.1347,0.04070,0.55783
41347,0.630000,1,0.053462,0.00136733,0.019616,15.8120,0.05550,-0.68858
41364,0.598500,1,0.050455,0.00150739,0.017776,19.0449,0.06416,-1.13265
41381,0.619500,1,0.051849,0.00136921,0.022753,15.9934,0.05290,1.07437
41398,0.526400,1,0.051272,0.00139571,0.020420,21.2789,0.07465,-0.74971
41415,0.550200,1,0.050974,0.00135661,0.015634,19.8124,0.06383,0.26157
41432,0.645400,1,0.051586,0.00137120,0.015684,17.8505,0.05984,-0.49774
41449,0.595700,1,0.052413,0.00138734,0.022198,17.7714,0.06004,0.52008
41466,0.642600,1,0.052473,0.00140767,0.016189,19.6876,0.08227,1.01904
41483,0.562800,1,0.052331,0.00144050,0.016176,18.8792,0.06154,-0.39873
41500,0.644000,1,0.053269,0.00139132,0.018688,15.0512,0.05629,0.46116
41517,0.590100,1,0.051474,0.00148456,0.018887,18.8562,0.06454,0.82943
41534,0.574000,1,0.051201,0.00155047,0.014521,17.5597,0.04735,-1.38552
41551,0.610400,1,0.051678,0.00164733,0.018056,18.3216,0.06851,-0.23044
41568,0.571200,1,0.053060,0.00140113,0.022752,19.5235,0.05823,0.64668
41585,0.642600,1,0.051753,0.00173815,0.013011,16.3404,0.06950,-0.36763
41602,0.622300,1,0.051694,0.00149578,0.017752,18.3866,0.04314,-0.20372
41619,0.620200,1,0.051876,0.00153360,0.018966,17.6907,0.05326,1.72297
41636,0.599900,1,0.051850,0.00164625,0.015796,17.8929,0.07189,-0.95480
41653,0.593600,1,0.052969,0.00140246,0.017224,19.4686,0.05274,-0.40960
41670,0.595700,1,0.051631,0.00149933,0.010495,18.9158,0.08913,0.21786
41687,0.663600,1,0.051806,0.00149378,0.025171,16.6420,0.04913,0.88322
41704,0.547400,1,0.050569,0.00153969,0.019295,19.8841,0.04295,0.01814
41721,0.552300,1,0.052122,0.00153145,0.013792,20.0782,0.07799,1.56926
41738,0.543200,1,0.051766,0.00138459,0.014220,18.9980,0.07835,0.39349
41755,0.650300,1,0.051275,0.00156992,0.020162,15.6577,0.04245,0.24799
41772,0.623000,1,0.052682,0.00151115,0.022663,18.3950,0.06199,-0.53430
41789,0.655900,1,0.052055,0.00154807,0.021041,18.1732,0.06667,0.84179
41806,0.588000,1,0.052423,0.00159191,0.020759,18.6815,0.06032,1.24488
41823,0.553700,1,0.051411,0.00136188,0.020116,19.0999,0.05332,0.60906
41840,0.611800,1,0.053374,0.00160939,0.020546,16.8439,0.06530,0.26847
41857,0.601300,1,0.052052,0.00137109,0.018439,18.6809,0.07321,-0.14058
41874,0.567700,1,0.049581,0.00145781,0.026680,19.1660,0.09388,-0.10152
41891,0.571200,1,0.051647,0.00148681,0.020741,18.7702,0.08637,0.38633
41908,0.639100,1,0.052260,0.00164455,0.013685,16.8588,0.05703,-1.42776
41925,0.648200,1,0.053968,0.00143218,0.014435,16.7925,0.04665,-0.40391
41942,0.612500,1,0.053975,0.00147149,0.022463,18.8236,0.05988,-1.60580
41959,0.576100,1,0.052610,0.00135637,0.015151,18.5509,0.05320,-0.25265
41976,0.693700,1,0.052642,0.00159445,0.014566,15.5189,0.08393,0.01971
41993,0.630000,1,0.052029,0.00136489,0.019585,15.6175,0.07031,0.65131
42010,0.564200,1,0.051898,0.00155040,0.016033,16.6715,0.04531,-1.07350
42027,0.587300,1,0.051620,0.00132960,0.016635,18.3544,0.02680,1.57530
42044,0.705600,1,0.052328,0.00128619,0.018914,15.9436,0.06526,0.33621
42061,0.655900,1,0.054119,0.00142848,0.015305,16.1853,0.05447,-0.73145
42078,0.609000,1,0.051415,0.00153457,0.016099,18.4060,0.03046,-0.88890
42095,0.607600,1,0.051813,0.00150128,0.022402,18.2979,0.04846,0.35062
42112,0.562800,1,0.052081,0.00143843,0.012741,18.2719,0.06852,-0.03916
42129,0.683200,1,0.052111,0.00142477,0.020918,15.8453,0.07749,0.06344
42146,0.621600,1,0.051739,0.00142117,0.020843,18.3772,0.06651,-0.32576
42163,0.641200,1,0.052800,0.00151003,0.012393,17.3792,0.07027,-0.31112
42180,0.590100,1,0.050953,0.00144923,0.022138,18.4686,0.05161,-0.49648
42197,0.567700,1,0.051765,0.00136341,0.021559,21.4765,0.07854,-0.90650
42214,0.602700,1,0.053129,0.00150827,0.015789,17.0083,0.06441,-0.33162
42231,0.609700,1,0.051126,0.00147772,0.022457,15.7206,0.05510,-0.88520
42248,0.580300,1,0.051672,0.00135431,0.019711,18.5157,0.05298,-0.99425
42265,0.616700,1,0.051234,0.00134558,0.015808,15.1633,0.07171,-1.90021
42282,0.595000,1,0.053319,0.00141018,0.013669,16.5294,0.03890,0.13489
42299,0.623000,1,0.053176,0.00132267,0.010446,17.5995,0.07048,0.80293
42316,0.589400,1,0.050668,0.00146790,0.018556,21.0043,0.06431,0.61786
42333,0.571200,1,0.052784,0.00139808,0.013693,19.4997,0.05643,-0.64948
42350,0.597100,1,0.053215,0.00130054,0.021233,19.7583,0.04640,-1.02136
42367,0.669200,1,0.051390,0.00149512,0.012852,15.2648,0.07739,1.39687
42384,0.586600,1,0.051422,0.00139882,0.018047,18.0339,0.05518,-0.61249
42401,0.583800,1,0.050303,0.00126434,0.022275,18.0146,0.06497,1.10007
42418,0.654500,1,0.052263,0.00120664,0.015188,15.8754,0.05133,-0.57021
42435,0.585900,1,0.051672,0.00149665,0.016599,17.5293,0.06458,-0.95800
42452,0.566300,1,0.053486,0.00140403,0.016127,17.7933,0.03991,-1.32536
42469,0.665700,1,0.053137,0.00131016,0.014841,18.0652,0.04852,1.16339
42486,0.511700,1,0.051172,0.00161658,0.014782,21.9428,0.05997,0.09366
42503,0.574700,1,0.052444,0.00144267,0.019473,20.7400,0.07536,0.40143
42520,0.617400,1,0.051432,0.00145764,0.012279,17.5725,0.08999,-1.81105
42537,0.622300,1,0.051776,0.00142794,0.017700,18.2621,0.04488,0.86104
42554,0.558600,1,0.052271,0.00136923,0.018621,19.1733,0.06946,-0.15197
42571,0.605500,1,0.051164,0.00141977,0.013173,16.3565,0.06901,-1.30113
42588,0.571200,1,0.051776,0.00139283,0.016467,19.6421,0.07079,-0.34044
42605,0.563500,1,0.052225,0.00149125,0.021629,21.8848,0.07566,-1.09506
42622,0.619500,1,0.051838,0.00149268,0.010866,19.1115,0.04355,0.66711
42639,0.609700,1,0.050835,0.00160149,0.014673,15.5399,0.06543,0.35163
42656,0.730100,1,0.052080,0.00143684,0.020502,14.1880,0.02133,-2.36792
42673,0.630700,1,0.052826,0.00146784,0.016447,15.9341,0.03324,-0.89759
42690,0.678300,1,0.050938,0.00147190,0.019055,15.5858,0.05245,2.10935
42707,0.620900,1,0.053655,0.00140500,0.019349,16.5061,0.07355,-0.17087
42724,0.552300,1,0.051655,0.00130396,0.028535,20.1289,0.06279,-0.93882
42741,0.569800,1,0.052066,0.00143405,0.018044,19.6888,0.03039,-1.67655
42758,0.597100,1,0.052490,0.00153498,0.007258,18.8170,0.05185,-1.76518
42775,0.582400,1,0.052783,0.00135591,0.016554,17.9017,0.08261,0.15132
42792,0.576800,1,0.053622,0.00145668,0.018682,19.7739,0.05636,1.81534
42809,0.562800,1,0.051780,0.00139047,0.026676,18.7029,0.07876,1.40494
42826,0.608300,1,0.052505,0.00156007,0.019303,17.9296,0.03058,-0.29292
42843,0.571900,1,0.052477,0.00141988,0.017657,19.1977,0.08815,-1.53434
42860,0.620200,1,0.053072,0.00167336,0.011730,17.6143,0.06143,0.11187
42877,0.571200,1,0.051891,0.00147886,0.020350,19.5100,0.04405,-0.36165
42894,0.588700,1,0.052772,0.00161499,0.015886,18.5186,0.04334,0.52989
42911,0.568400,1,0.052510,0.00157839,0.021568,18.8037,0.05954,-0.12693
42928,0.583100,1,0.051894,0.00157229,0.016985,17.9736,0.01986,0.16085
42945,0.550900,1,0.051799,0.00135567,0.020112,19.1987,0.03312,1.75593
42962,0.599900,1,0.051643,0.00135375,0.016007,17.7323,0.07159,-0.72968
42979,0.574700,1,0.051175,0.00133159,0.019378,16.5126,0.02508,-0.22623
42996,0.662900,1,0.052812,0.00141168,0.017662,17.4328,0.06236,-0.34958
43013,0.562100,1,0.051282,0.00141215,0.017290,19.2666,0.04403,-0.32617
43030,0.605500,1,0.053963,0.00136170,0.016722,16.6200,0.06500,-0.98235
43047,0.644000,1,0.050503,0.00144974,0.012684,18.5970,0.08104,-0.03145
43064,0.660100,1,0.052978,0.00153092,0.015592,16.7860,0.06956,-1.30739
43081,0.616000,1,0.052929,0.00139971,0.020671,17.9473,0.06916,-0.14599
43098,0.562100,1,0.051954,0.00123909,0.017670,20.4518,0.07877,-0.76904
43115,0.592200,1,0.049530,0.00141265,0.021200,18.1702,0.06963,1.20533
43132,0.560700,1,0.050476,0.00156428,0.020784,19.0454,0.04525,0.09906
43149,0.578900,1,0.051904,0.00146320,0.026840,19.5383,0.08081,-0.80877
43166,0.597100,1,0.050895,0.00152719,0.017384,19.6236,0.08378,0.02551
43183,0.645400,1,0.052792,0.00144702,0.022081,17.3736,0.07290,-0.84686
43200,0.593600,1,0.052299,0.00135288,0.020804,17.1548,0.04493,-0.21361
43217,0.602700,1,0.051697,0.00147196,0.017152,18.6813,0.04409,0.63491
43234,0.618100,1,0.051609,0.00152946,0.011510,16.4897,0.06610,0.77806
43251,0.620200,1,0.053217,0.00145652,0.014643,17.8447,0.06420,-1.55821
43268,0.587300,1,0.052491,0.00146209,0.020769,18.7259,0.06329,-1.55146
43285,0.655200,1,0.051022,0.00159677,0.022579,17.7983,0.06744,-0.47050
43302,0.641900,1,0.050619,0.00153735,0.017234,16.2423,0.06611,-0.45926
43319,0.617400,1,0.052440,0.00148759,0.013563,17.2866,0.02507,0.10243
43336,0.629300,1,0.051076,0.00155682,0.018089,19.6612,0.05134,-1.25686
43353,0.583800,1,0.050100,0.00135838,0.015331,17.7737,0.05574,0.64793
43370,0.566300,1,0.052361,0.00136744,0.015625,20.0316,0.04659,-0.01091
43387,0.618800,1,0.052374,0.00131737,0.017416,16.6751,0.07009,-0.25261
43404,0.564200,1,0.050568,0.00133540,0.011384,18.5100,0.04982,1.07216
43421,0.660800,1,0.051019,0.00151143,0.017237,16.8669,0.06943,-0.85148
43438,0.532700,1,0.051643,0.00146514,0.018800,19.2797,0.07098,1.26171
43455,0.620900,1,0.050647,0.00148398,0.018516,20.5535,0.07396,-0.79141
43472,0.622300,1,0.051352,0.00153038,0.016228,16.4383,0.06947,-1.33753
43489,0.580300,1,0.054108,0.00144446,0.023323,19.2777,0.07197,-0.78547
43506,0.671300,1,0.052501,0.00139074,0.019003,16.5071,0.07936,0.61530
43523,0.592900,1,0.051669,0.00153608,0.017979,17.1764,0.03397,-1.94012
43540,0.585900,1,0.050868,0.00145832,0.020841,16.5706,0.04949,-0.66477
43557,0.601300,1,0.054426,0.00149192,0.017497,17.5575,0.03555,0.32658
43574,0.585200,1,0.051282,0.00131238,0.018624,19.2498,0.07371,0.12271
43591,0.658000,1,0.052482,0.00156935,0.017133,16.8700,0.07598,-0.17612
43608,0.578900,1,0.052651,0.00129655,0.019237,19.4976,0.05842,0.85162
43625,0.648200,1,0.051284,0.00143358,0.018246,16.6524,0.06253,1.32819
43642,0.595000,1,0.052385,0.00145728,0.022967,19.2918,0.04813,0.51694
43659,0.627200,1,0.052855,0.00136774,0.014616,16.9717,0.05397,-1.03856
43676,0.581000,1,0.051649,0.00130923,0.021167,18.1929,0.06801,0.61342
43693,0.669200,1,0.052073,0.00157375,0.006300,16.2112,0.07913,0.86926
43710,0.624400,1,0.050872,0.00154251,0.023642,16.7047,0.08884,0.06724
43727,0.637700,1,0.053868,0.00147302,0.020797,17.6814,0.04164,-0.69580
43744,0.657300,1,0.052528,0.00140136,0.017351,17.4790,0.04792,-0.65521
43761,0.582400,1,0.050535,0.00148382,0.016772,17.4572,0.03286,0.18656
43778,0.587300,1,0.053323,0.00145788,0.018977,19.5694,0.04432,-0.95643
43795,0.651000,1,0.053124,0.00163028,0.015993,16.9096,0.05549,-0.34217
43812,0.609700,1,0.051063,0.00146312,0.022132,17.6007,0.07340,-0.23015
43829,0.617400,1,0.052804,0.00131874,0.020663,16.2064,0.06004,1.25070
43846,0.603400,1,0.052273,0.00148066,0.017429,18.1116,0.05763,0.93744
43863,0.534800,1,0.052164,0.00155219,0.016025,19.3103,0.04674,-0.60667
43880,0.594300,1,0.052436,0.00145452,0.018750,17.9625,0.06198,-1.76389
43897,0.602700,1,0.050253,0.00146453,0.016398,15.8811,0.07943,-0.03989
43914,0.633500,1,0.051761,0.00157559,0.011666,16.4043,0.07068,-0.86835
43931,0.660800,1,0.052051,0.00150749,0.019341,18.3700,0.04250,1.14516
43948,0.617400,1,0.052859,0.00137642,0.014213,18.7751,0.06152,1.07603
43965,0.675500,1,0.051938,0.00132792,0.019404,17.8701,0.09583,-1.68647
43982,0.634200,1,0.053098,0.00151988,0.012583,17.0367,0.05751,1.05065
43999,0.618800,1,0.051501,0.00146026,0.021797,17.4234,0.06681,0.77618
44016,0.576100,1,0.052435,0.00138769,0.020572,17.2337,0.05173,0.51089
44033,0.597800,1,0.053442,0.00147949,0.019199,17.6536,0.05180,-0.04663
44050,0.585200,1,0.051701,0.00151088,0.018109,17.7149,0.05940,0.18645
44067,0.587300,1,0.049827,0.00135791,0.018449,17.5611,0.06702,-1.70399
44084,0.580300,1,0.052763,0.00150630,0.021170,18.3451,0.07740,-0.07692
44101,0.627200,1,0.053211,0.00131132,0.016014,14.4977,0.04431,0.39878
44118,0.586600,1,0.051753,0.00130931,0.018486,19.7914,0.05624,0.55962
44135,0.577500,1,0.051360,0.00141215,0.016380,17.9801,0.02744,-0.88360
44152,0.595700,1,0.052412,0.00134702,0.010238,18.3565,0.07521,-1.28093
44169,0.592200,1,0.053161,0.00160071,0.016064,18.8965,0.03007,-0.87001
44186,0.511000,1,0.049494,0.00143953,0.023577,20.6316,0.05140,0.66054
44203,0.597100,1,0.051739,0.00154886,0.016957,17.9375,0.09689,0.95785
44220,0.585200,1,0.050148,0.00143518,0.021794,17.4739,0.03849,0.13642
44237,0.592900,1,0.052212,0.00139350,0.021004,18.8077,0.05685,0.47779
44254,0.538300,1,0.053210,0.00141953,0.020727,20.5332,0.04666,-1.62001
44271,0.649600,1,0.051174,0.00142601,0.020879,17.0277,0.06697,-0.27385
44288,0.573300,1,0.052366,0.00146244,0.020328,19.4162,0.04802,-0.46239
44305,0.620200,1,0.050724,0.00149211,0.016178,16.5915,0.06296,-1.20894
44322,0.646100,1,0.050413,0.00144274,0.021236,16.6950,0.07069,0.82337
44339,0.646800,1,0.053626,0.00145469,0.016187,18.0331,0.07657,0.65643
44356,0.580300,1,0.052194,0.00154627,0.018691,18.8594,0.03515,-0.79394
44373,0.625100,1,0.051859,0.00127635,0.017410,18.3037,0.06504,0.74805
44390,0.598500,1,0.051339,0.00144262,0.014599,17.7047,0.07831,0.24371
44407,0.576800,1,0.053414,0.00150999,0.023691,19.6701,0.04152,1.48069
44424,0.591500,1,0.049780,0.00134312,0.013936,18.0677,0.07637,-0.00910
44441,0.585200,1,0.051285,0.00136116,0.013633,17.6095,0.05523,-1.29439
44458,0.580300,1,0.051634,0.00141149,0.020836,17.6857,0.05721,-1.28683
44475,0.556500,1,0.053036,0.00143478,0.020498,18.2180,0.07190,-0.53901
44492,0.654500,1,0.050575,0.00153876,0.023256,16.9868,0.05137,0.10821
44509,0.606900,1,0.052177,0.00146110,0.017367,19.4256,0.10638,-0.36751
44526,0.637000,1,0.052007,0.00150321,0.018562,17.5910,0.04720,-1.84905
44543,0.580300,1,0.053703,0.00139976,0.020014,19.9667,0.04490,-0.16207
44560,0.617400,1,0.051178,0.00148438,0.022992,16.1215,0.07098,-0.12509
44577,0.585200,1,0.053640,0.00150157,0.016131,20.6270,0.04885,-0.76322
44594,0.576800,1,0.050897,0.00148994,0.019535,17.3338,0.04784,0.27188
44611,0.613200,1,0.053339,0.00130971,0.015993,17.3462,0.06055,-0.07754
44628,0.581000,1,0.051603,0.00144562,0.015999,17.4280,0.06088,-0.50973
44645,0.620900,1,0.051213,0.00142828,0.020859,16.5875,0.05711,-0.95771
44662,0.596400,1,0.050925,0.00136925,0.017001,18.8042,0.03071,-0.54686
44679,0.657300,1,0.051252,0.00139128,0.017424,14.7830,0.06068,0.57648
44696,0.592200,1,0.051067,0.00146692,0.017663,17.5660,0.06937,0.53151
44713,0.572600,1,0.053073,0.00149682,0.017484,20.3892,0.05740,0.01075
44730,0.611800,1,0.052229,0.00136888,0.021979,18.8800,0.07675,0.72133
44747,0.636300,1,0.053248,0.00152228,0.016899,17.7065,0.08140,0.01711
44764,0.643300,1,0.051372,0.00153280,0.015805,16.7922,0.08560,0.61802
44781,0.565600,1,0.053277,0.00142911,0.018302,19.0753,0.04619,-0.09676
44798,0.590800,1,0.052469,0.00142428,0.019972,17.6932,0.05152,0.01832
44815,0.616700,1,0.053422,0.00148715,0.017440,19.3730,0.05003,0.83727
44832,0.576800,1,0.053563,0.00145870,0.023867,18.9635,0.04209,1.69368
44849,0.577500,1,0.051335,0.00140806,0.024314,17.3834,0.05052,1.82005
44866,0.655900,1,0.052347,0.00142294,0.015266,14.7522,0.05363,0.77205
44883,0.613900,1,0.052261,0.00133871,0.013657,16.7002,0.04440,0.12139
44900,0.636300,1,0.051406,0.00136065,0.015700,17.1514,0.07857,-0.50695
44917,0.577500,1,0.050435,0.00147265,0.016916,17.6527,0.06174,1.66138
44934,0.581000,1,0.051664,0.00156913,0.018408,18.8781,0.04112,0.97458
44951,0.648200,1,0.052733,0.00134553,0.017792,15.2084,0.05729,0.61955
44968,0.569800,1,0.052181,0.00135142,0.016045,18.8183,0.05340,1.26965
44985,0.601300,1,0.052840,0.00149435,0.019669,18.7930,0.10302,-1.52847
45002,0.578900,1,0.051843,0.00147991,0.016772,19.1112,0.07026,0.89391
45019,0.624400,1,0.051872,0.00135674,0.021262,16.9629,0.07005,-0.21366
45036,0.594300,1,0.053363,0.00158746,0.014128,19.1442,0.08632,0.23154
45053,0.592900,1,0.051711,0.00140027,0.016439,18.9280,0.02720,0.90446
45070,0.595000,1,0.051251,0.00137842,0.017848,17.5945,0.06152,0.06952
45087,0.572600,1,0.051528,0.00152471,0.014454,17.3023,0.06019,-0.75546
45104,0.588700,1,0.051404,0.00155005,0.023765,19.3039,0.06173,-1.80392
45121,0.553700,1,0.051624,0.00158853,0.025050,21.1602,0.07077,0.56964
45138,0.597800,1,0.051557,0.00134838,0.017719,20.0487,0.04521,0.37849
45155,0.616000,1,0.051868,0.00150209,0.019729,16.8477,0.04759,0.11176
45172,0.579600,1,0.050982,0.00138241,0.012126,19.1634,0.09103,2.46563
45189,0.623000,1,0.050840,0.00145699,0.019461,15.6960,0.06965,-0.36914
45206,0.646800,1,0.054055,0.00131610,0.016820,18.3686,0.06784,-0.84027
45223,0.583800,1,0.052274,0.00155520,0.018976,19.8828,0.06594,-1.63147
45240,0.613200,1,0.049577,0.00148797,0.019335,17.5477,0.04343,0.74527
45257,0.617400,1,0.053362,0.00143286,0.018653,18.1074,0.04417,-0.07086
45274,0.569800,1,0.051041,0.00141674,0.010327,16.8999,0.05126,-0.52635
45291,0.582400,1,0.050757,0.00145849,0.015028,19.6886,0.07046,-0.30525
45308,0.588700,1,0.051724,0.00132521,0.015877,17.6584,0.05681,-0.45453
45325,0.667800,1,0.051517,0.00133306,0.026824,15.7970,0.08090,-1.47333
45342,0.565600,1,0.053207,0.00155652,0.018948,18.6859,0.06800,0.27881
45359,0.590100,1,0.052366,0.00150864,0.015849,19.7450,0.06211,-1.04389
45376,0.588700,1,0.052988,0.00157569,0.016578,19.6617,0.05357,-0.71705
45393,0.587300,1,0.053186,0.00144308,0.015932,21.9594,0.07208,1.29956
45410,0.599900,1,0.053774,0.00137818,0.024653,18.6908,0.04096,-0.36135
45427,0.655900,1,0.053049,0.00148905,0.012925,17.2288,0.08480,1.60951
45444,0.662200,1,0.051778,0.00160678,0.011142,17.0696,0.06064,2.14868
45461,0.612500,1,0.051155,0.00142945,0.021980,18.0766,0.06007,-0.27582
45478,0.655900,1,0.052672,0.00154172,0.020327,14.3164,0.05692,-0.14733
45495,0.564900,1,0.053153,0.00151661,0.020665,18.6555,0.05391,0.54579
45512,0.541100,1,0.053404,0.00141895,0.021945,19.8204,0.05320,0.32123
45529,0.543200,1,0.050222,0.00151896,0.015823,19.4632,0.05508,-0.08109
45546,0.569100,1,0.050026,0.00138956,0.018440,17.8138,0.05474,-0.16574
45563,0.594300,1,0.050228,0.00161153,0.017585,20.0087,0.05859,-0.07987
45580,0.569100,1,0.051758,0.00157195,0.024736,19.2904,0.05832,-1.01555
45597,0.620200,1,0.050601,0.00140871,0.014692,18.1323,0.09569,-0.55146
45614,0.634900,1,0.051776,0.00145662,0.015006,16.8575,0.04772,-0.37683
45631,0.579600,1,0.051966,0.00134242,0.014352,17.3999,0.06174,0.48293
45648,0.577500,1,0.054048,0.00136669,0.022338,18.5721,0.04722,-1.78181
45665,0.618100,1,0.053238,0.00143166,0.015920,17.3810,0.06516,2.51995
45682,0.737100,1,0.051854,0.00149150,0.018567,12.8806,0.09381,-1.09144
45699,0.636300,1,0.052421,0.00154567,0.018444,16.0642,0.07336,0.72052
45716,0.541100,1,0.051691,0.00139328,0.016233,19.3369,0.06325,0.02962
45733,0.650300,1,0.052763,0.00146889,0.016853,18.3472,0.05451,-0.76564
45750,0.613900,1,0.052715,0.00138375,0.016520,16.4527,0.04792,2.29362
45767,0.587300,1,0.050722,0.00153713,0.014919,20.1266,0.05986,-0.24487
45784,0.527100,1,0.051283,0.00141406,0.017800,20.7907,0.05037,0.80680
45801,0.594300,1,0.049055,0.00144461,0.019415,16.5038,0.06902,1.45879
45818,0.590800,1,0.052588,0.00153009,0.019091,17.3961,0.05965,-1.83580
45835,0.608300,1,0.053956,0.00150369,0.018217,17.8246,0.05157,0.84104
45852,0.569800,1,0.052294,0.00147898,0.020625,18.1908,0.06023,1.30525
45869,0.611800,1,0.051901,0.00142035,0.018089,20.7222,0.07285,-0.49414
45886,0.551600,1,0.051813,0.00142396,0.025133,19.5907,0.06160,-0.47493
45903,0.665700,1,0.052714,0.00151424,0.014390,17.6002,0.06339,-1.36533
45920,0.602700,1,0.049883,0.00149157,0.014396,16.5964,0.09075,-0.95834
45937,0.684600,1,0.051296,0.00143230,0.015451,16.3911,0.07356,-0.90856
45954,0.527800,1,0.051810,0.00135251,0.010994,20.5646,0.04138,1.40916
45971,0.537600,1,0.052660,0.00154806,0.022045,19.7808,0.02322,1.14867
45988,0.590100,1,0.052113,0.00140678,0.020347,18.0534,0.06452,-0.57633
46005,0.671300,1,0.052669,0.00147786,0.025037,18.5847,0.06648,0.84090
46022,0.625100,1,0.051864,0.00138264,0.016357,18.6140,0.06962,0.20165
46039,0.568400,1,0.052779,0.00138193,0.016453,19.3579,0.05144,-0.12064
46056,0.624400,1,0.051979,0.00148587,0.021932,16.6675,0.06404,-0.78090
46073,0.604800,1,0.051860,0.00145750,0.021109,17.1945,0.04960,0.23680
46090,0.617400,1,0.051441,0.00146371,0.019292,17.8209,0.06688,-0.91829
46107,0.578900,1,0.052188,0.00149270,0.014941,20.6871,0.04753,0.34235
46124,0.639100,1,0.051662,0.00144474,0.021573,17.9675,0.08754,-0.57401
46141,0.589400,1,0.051805,0.00145271,0.016916,18.3346,0.02555,0.05651
46158,0.601300,1,0.053109,0.00141598,0.022766,17.4034,0.03288,-0.37328
46175,0.642600,1,0.051524,0.00147322,0.011361,17.0142,0.09538,-0.72580
46192,0.618100,1,0.049960,0.00148838,0.017711,17.7549,0.08150,-0.73731
46209,0.600600,1,0.052061,0.00134632,0.018247,17.1637,0.06345,-1.88093
46226,0.629300,1,0.052781,0.00147060,0.021058,17.7575,0.05146,-0.37394
46243,0.567700,1,0.052400,0.00159776,0.016497,19.3939,0.04047,-0.32337
46260,0.602700,1,0.052180,0.00130897,0.020328,17.8858,0.05969,-0.47700
46277,0.692300,1,0.051113,0.00151700,0.020373,15.7078,0.09657,0.44709
46294,0.592200,1,0.051739,0.00134464,0.017506,18.6444,0.07622,-0.21316
46311,0.556500,1,0.049276,0.00139015,0.020229,19.4040,0.05292,-0.03189
46328,0.617400,1,0.051348,0.00137985,0.025081,16.5227,0.05952,-0.12636
46345,0.571200,1,0.051164,0.00132142,0.012862,19.9626,0.03581,-1.08377
46362,0.581700,1,0.051977,0.00153549,0.012222,17.8487,0.09079,0.34697
46379,0.625800,1,0.050435,0.00158556,0.011962,17.0350,0.06441,0.75092
46396,0.562100,1,0.051116,0.00133384,0.017234,21.7818,0.05570,0.89205
46413,0.622300,1,0.053385,0.00142870,0.021229,18.7707,0.06323,0.79888
46430,0.652400,1,0.052280,0.00150239,0.015235,15.8218,0.07184,-0.93281
46447,0.572600,1,0.052273,0.00155174,0.023453,19.6204,0.04459,-0.95678
46464,0.624400,1,0.051267,0.00139005,0.014582,16.4021,0.05967,-0.73941
46481,0.614600,1,0.053969,0.00141314,0.016818,17.8287,0.02651,-0.03911
46498,0.589400,1,0.051648,0.00147905,0.019810,17.5901,0.07876,0.36033
46515,0.572600,1,0.051251,0.00146848,0.017766,18.6574,0.05129,-2.15211
46532,0.695100,1,0.052321,0.00141137,0.014337,14.1307,0.05561,1.04663
46549,0.555100,1,0.050631,0.00147929,0.025449,19.7612,0.05732,-1.86873
46566,0.689500,1,0.053492,0.00159976,0.017758,16.2460,0.05482,0.79525
46583,0.583800,1,0.051691,0.00156103,0.021867,19.0077,0.07312,0.66775
46600,0.653800,1,0.052636,0.00160226,0.025593,18.2404,0.08024,0.49381
46617,0.583800,1,0.052805,0.00147156,0.020609,18.4477,0.04782,-2.14026
46634,0.661500,1,0.052739,0.00156821,0.016802,17.2772,0.04839,0.01750
46651,0.619500,1,0.052222,0.00133295,0.023388,18.5116,0.03499,-1.02215
46668,0.588700,1,0.051518,0.00137454,0.016199,17.7064,0.05402,-0.74560
46685,0.585900,1,0.051413,0.00163218,0.018488,17.6022,0.04656,-0.31511
46702,0.611800,1,0.052303,0.00162230,0.019965,17.8125,0.06343,-0.13911
46719,0.564900,1,0.050948,0.00135216,0.018269,18.9873,0.05167,-0.20875
46736,0.580300,1,0.051048,0.00141860,0.018143,18.4031,0.06788,-1.49350
46753,0.614600,1,0.052038,0.00158052,0.020284,17.3534,0.04409,0.56608
46770,0.601300,1,0.051885,0.00139314,0.015516,17.2769,0.01745,1.05575
46787,0.582400,1,0.052648,0.00144572,0.017096,18.3974,0.06178,-0.35119
46804,0.686700,1,0.051876,0.00159305,0.021723,16.6433,0.07909,0.09782
46821,0.612500,1,0.051336,0.00144891,0.016683,16.5432,0.03212,0.63140
46838,0.576100,1,0.051465,0.00130551,0.012944,20.5533,0.04490,1.21178
46855,0.686000,1,0.053334,0.00154496,0.014816,16.9878,0.04814,-0.19787
46872,0.575400,1,0.051028,0.00145671,0.021526,19.5883,0.04591,0.04574
46889,0.594300,1,0.052214,0.00139710,0.017726,17.5966,0.07987,-0.14972
46906,0.638400,1,0.052485,0.00153238,0.013371,17.6258,0.08496,-0.88765
46923,0.604100,1,0.051102,0.00144238,0.015945,17.2075,0.05071,-0.40961
46940,0.637000,1,0.053316,0.00162290,0.015447,17.0853,0.05421,0.22159
46957,0.625800,1,0.052462,0.00128486,0.024509,18.5085,0.08533,0.45348
46974,0.555100,1,0.051808,0.00150010,0.020651,19.0570,0.05871,0.29349
46991,0.582400,1,0.052191,0.00148278,0.020336,19.6807,0.06845,-0.25234
47008,0.623700,1,0.052334,0.00144883,0.018454,17.5178,0.06764,0.83744
47025,0.611800,1,0.051510,0.00149686,0.024670,17.2764,0.06868,0.23855
47042,0.569800,1,0.050922,0.00147260,0.012704,18.1432,0.05771,0.22345
47059,0.591500,1,0.052985,0.00142962,0.013574,18.1935,0.07407,-0.07753
47076,0.623700,1,0.052264,0.00141890,0.019781,15.6213,0.06433,-1.64336
47093,0.574700,1,0.050865,0.00149466,0.018359,19.0252,0.07028,-0.89414
47110,0.637000,1,0.053166,0.00147371,0.014444,17.7945,0.07661,0.70933
47127,0.650300,1,0.051837,0.00150511,0.020465,18.0644,0.09385,0.84029
47144,0.554400,1,0.052013,0.00149202,0.019850,17.7483,0.07158,-0.68510
47161,0.582400,1,0.052639,0.00147392,0.014076,20.5640,0.05876,-0.47344
47178,0.626500,1,0.052140,0.00141907,0.016854,17.4809,0.07341,1.86919
47195,0.587300,1,0.052906,0.00150600,0.016158,18.4008,0.05407,-0.28903
47212,0.585900,1,0.052425,0.00148434,0.022627,18.2518,0.06021,0.18359
47229,0.562100,1,0.051745,0.00143690,0.016391,17.5755,0.04288,0.35038
47246,0.595700,1,0.051380,0.00140921,0.023621,18.3378,0.07385,0.61372
47263,0.646800,1,0.051860,0.00143792,0.020304,17.0382,0.06355,0.93754
47280,0.612500,1,0.050338,0.00143396,0.012261,15.1973,0.04425,1.29541
47297,0.587300,1,0.051820,0.00146060,0.022779,17.0079,0.05518,-0.18669
47314,0.623700,1,0.052396,0.00143632,0.016795,17.6011,0.05810,-0.17904
47331,0.597100,1,0.051113,0.00135683,0.021641,18.2926,0.03710,1.10613
47348,0.606900,1,0.051966,0.00151470,0.019302,18.2467,0.02249,0.78162
47365,0.670600,1,0.052841,0.00133077,0.021216,17.2268,0.07669,-0.78548
47382,0.624400,1,0.052116,0.00146011,0.021049,18.8381,0.05906,-0.64096
47399,0.581000,1,0.054067,0.00161817,0.016501,18.7058,0.03975,1.32361
47416,0.564900,1,0.051782,0.00147558,0.018991,18.5778,0.05867,-2.17628
47433,0.644000,1,0.051731,0.00147025,0.013531,16.7671,0.03361,-1.02733
47450,0.666400,1,0.051373,0.00158783,0.019069,15.6114,0.05060,-0.73323
47467,0.527800,1,0.052297,0.00138080,0.016274,20.9194,0.07453,-2.28176
47484,0.567000,1,0.051726,0.00146413,0.015422,18.2632,0.06747,-0.91613
47501,0.612500,1,0.051792,0.00160436,0.019364,18.8586,0.07166,0.32786
47518,0.571900,1,0.052709,0.00128508,0.016838,17.7305,0.03197,0.70357
47535,0.591500,1,0.050706,0.00144133,0.018790,17.2640,0.05911,-0.50973
47552,0.610400,1,0.053098,0.00144171,0.013807,18.0047,0.07267,0.30215
47569,0.609700,1,0.051017,0.00136146,0.014942,17.7260,0.08376,1.09795
47586,0.637700,1,0.052306,0.00145793,0.017800,16.2019,0.06727,-1.14403
47603,0.677600,1,0.052222,0.00147975,0.013374,15.8420,0.07131,0.59670
47620,0.672700,1,0.052447,0.00152202,0.017486,14.3350,0.07460,-1.05040
47637,0.635600,1,0.052655,0.00138784,0.018243,17.3631,0.05797,0.24970
47654,0.610400,1,0.051128,0.00135819,0.022241,17.8567,0.05037,0.62351
47671,0.625100,1,0.050561,0.00163162,0.014447,19.6817,0.05997,-0.55965
47688,0.584500,1,0.052906,0.00144752,0.008268,17.2532,0.05400,0.50009
47705,0.672700,1,0.052301,0.00161630,0.020653,16.1714,0.04325,-0.44859
47722,0.561400,1,0.052839,0.00156699,0.018544,20.4582,0.07633,0.43533
47739,0.588700,1,0.050100,0.00150216,0.020486,18.2097,0.04840,-0.38565
47756,0.647500,1,0.050968,0.00149641,0.020144,16.0554,0.06155,1.98571
47773,0.617400,1,0.051741,0.00136919,0.016588,17.0498,0.04054,-0.08135
47790,0.565600,1,0.051984,0.00143854,0.026983,18.0053,0.05311,-0.62356
47807,0.646100,1,0.052507,0.00149078,0.014795,16.3418,0.04631,0.93397
47824,0.634900,1,0.051851,0.00143876,0.017639,16.4945,0.05677,-0.62385
47841,0.608300,1,0.052267,0.00157814,0.014847,17.2730,0.05834,-0.48126
47858,0.623000,1,0.052788,0.00137371,0.018493,16.5516,0.05468,-0.25494
47875,0.548100,1,0.050511,0.00156270,0.012393,20.7535,0.06842,-0.51008
47892,0.581000,1,0.051686,0.00146877,0.021632,18.3176,0.06542,-0.22152
47909,0.551600,1,0.051094,0.00150935,0.014847,20.2292,0.02976,0.14809
47926,0.685300,1,0.051809,0.00149746,0.019888,16.8266,0.05757,0.32955
47943,0.645400,1,0.052359,0.00140538,0.017275,17.4850,0.06657,0.48620
47960,0.534800,1,0.051491,0.00134167,0.019341,20.0213,0.05203,1.01203
47977,0.599900,1,0.053968,0.00142463,0.020103,19.0031,0.06474,0.17685
47994,0.633500,1,0.053151,0.00133830,0.021735,15.6602,0.05619,1.80308
48011,0.633500,1,0.049892,0.00143966,0.015200,17.2465,0.06327,1.26799
48028,0.653800,1,0.051983,0.00139030,0.019486,16.5423,0.05419,0.20717
48045,0.641200,1,0.052219,0.00150744,0.013215,17.1589,0.06760,0.51212
48062,0.627200,1,0.050249,0.00139255,0.013573,16.5861,0.04731,0.57136
48079,0.601300,1,0.050409,0.00128681,0.022125,16.7745,0.04989,-0.07253
48096,0.534800,1,0.049741,0.00144257,0.019903,18.7554,0.04326,0.75143
48113,0.578200,1,0.053722,0.00140284,0.012699,17.7477,0.05210,-0.95721
48130,0.627200,1,0.053524,0.00140150,0.021798,17.8755,0.06770,0.49853
48147,0.591500,1,0.051187,0.00151506,0.024675,17.6620,0.03712,-3.03700
48164,0.610400,1,0.051777,0.00150966,0.017020,20.5003,0.08383,-0.44000
48181,0.627200,1,0.051061,0.00151225,0.020492,15.9515,0.06732,-2.58028
48198,0.603400,1,0.053189,0.00139042,0.017356,17.5027,0.06416,0.01358
48215,0.603400,1,0.053098,0.00165482,0.013497,18.9117,0.05135,2.37343
48232,0.535500,1,0.053245,0.00133579,0.015618,20.8598,0.04455,-1.36448
48249,0.557200,1,0.049962,0.00143902,0.014232,17.6123,0.06209,-0.89386
48266,0.700700,1,0.052850,0.00158595,0.016495,16.1883,0.05013,-0.03839
48283,0.636300,1,0.053726,0.00140038,0.016556,15.9219,0.05337,0.17834
48300,0.635600,1,0.050782,0.00160330,0.013856,18.6496,0.04226,-0.07559
48317,0.633500,1,0.051871,0.00155272,0.013810,18.2893,0.07356,-0.19510
48334,0.546000,1,0.052665,0.00129129,0.019512,20.6295,0.06019,-0.02817
48351,0.601300,1,0.049817,0.00148528,0.017277,17.0401,0.04912,-0.69074
48368,0.620900,1,0.050900,0.00146759,0.014398,16.3091,0.09969,-2.27848
48385,0.640500,1,0.052671,0.00138503,0.021514,16.0381,0.05921,-0.38104
48402,0.621600,1,0.051328,0.00147468,0.016512,16.8073,0.06892,-0.37178
48419,0.656600,1,0.054109,0.00143783,0.013082,17.9343,0.05039,-0.60662
48436,0.614600,1,0.051896,0.00161550,0.022058,17.7636,0.07250,0.83599
48453,0.625100,1,0.051898,0.00132337,0.020527,16.8982,0.05462,0.00212
48470,0.580300,1,0.052424,0.00138054,0.018452,18.4802,0.05976,-0.49342
48487,0.611100,1,0.051376,0.00142910,0.019371,17.5449,0.05682,0.65458
48504,0.546000,1,0.051170,0.00146818,0.017521,21.9644,0.06428,0.81907
48521,0.605500,1,0.052569,0.00145671,0.020274,19.0111,0.06767,0.88712
48538,0.580300,1,0.051441,0.00140998,0.024778,20.1300,0.06187,0.91206
48555,0.627900,1,0.052660,0.00135280,0.021308,16.9717,0.04879,0.46072
48572,0.574000,1,0.050980,0.00148667,0.016884,18.0839,0.05629,1.58844
48589,0.606200,1,0.048698,0.00134466,0.021586,17.5109,0.07508,0.27726
48606,0.609000,1,0.052784,0.00154045,0.016207,18.6886,0.07630,0.69141
48623,0.598500,1,0.052841,0.00152376,0.022907,18.7173,0.04492,0.43037
48640,0.598500,1,0.052861,0.00146056,0.015057,17.4008,0.06211,2.35176
48657,0.588700,1,0.052172,0.00149640,0.019689,18.0096,0.03817,-1.55421
48674,0.610400,1,0.052836,0.00142432,0.014370,18.1780,0.06986,1.53891
48691,0.576100,1,0.051738,0.00144195,0.023115,19.7619,0.06246,-0.18913
48708,0.591500,1,0.052847,0.00130811,0.013425,16.9822,0.05030,0.78284
48725,0.588700,1,0.051984,0.00158620,0.020167,18.0689,0.05110,-0.31711
48742,0.668500,1,0.051774,0.00159496,0.018311,16.7418,0.06692,-0.28578
48759,0.594300,1,0.052752,0.00153300,0.013637,17.7812,0.06750,-0.88808
48776,0.614600,1,0.050877,0.00139891,0.024829,17.5604,0.06486,0.11096
48793,0.585200,1,0.052044,0.00155673,0.018758,20.1137,0.05103,-0.85847
48810,0.566300,1,0.052095,0.00135980,0.017806,18.4003,0.06760,-0.54912
48827,0.617400,1,0.052233,0.00142146,0.018028,19.2321,0.05087,-0.53003
48844,0.607600,1,0.050352,0.00137517,0.017495,18.5174,0.09273,1.35141
48861,0.552300,1,0.052703,0.00144969,0.021428,20.2273,0.03055,0.85817
48878,0.648900,1,0.049780,0.00147122,0.020905,18.8000,0.08164,0.89653
48895,0.564900,1,0.051113,0.00149527,0.018240,19.1724,0.03358,0.05040
48912,0.589400,1,0.053099,0.00146801,0.026405,17.8565,0.06612,-0.88389
48929,0.662900,1,0.049867,0.00147043,0.017634,17.3100,0.05967,2.26945
48946,0.582400,1,0.050868,0.00162642,0.013556,17.3326,0.03255,0.88395
48963,0.570500,1,0.051303,0.00148107,0.018714,17.7584,0.03785,0.10142
48980,0.534100,1,0.050740,0.00141787,0.017176,21.7697,0.07973,0.15234
48997,0.583100,1,0.051243,0.00147666,0.016448,17.5049,0.03003,0.14009
49014,0.568400,1,0.052096,0.00150805,0.016101,19.2518,0.07682,0.67448
49031,0.598500,1,0.052790,0.00138523,0.017799,19.6748,0.06299,0.61233
49048,0.605500,1,0.052727,0.00140117,0.016143,19.9204,0.05138,-0.29631
49065,0.580300,1,0.051730,0.00141563,0.013828,16.9925,0.04859,-0.24318
49082,0.696500,1,0.052540,0.00142092,0.026365,16.5074,0.06816,-1.06266
49099,0.616700,1,0.051680,0.00154023,0.014522,16.4978,0.02282,-0.49691
49116,0.632800,1,0.052192,0.00138654,0.025906,18.5644,0.07417,0.00365
49133,0.698600,1,0.049980,0.00160776,0.019286,14.9761,0.04043,1.20960
49150,0.588700,1,0.053977,0.00143804,0.016486,19.6881,0.05312,-0.47370
49167,0.674800,1,0.052945,0.00149931,0.015890,17.6818,0.06772,-0.87899
49184,0.591500,1,0.051470,0.00151795,0.017937,18.8258,0.05344,-1.01410
49201,0.574000,1,0.051469,0.00144164,0.013329,19.5536,0.06536,-0.60588
49218,0.661500,1,0.051121,0.00127031,0.015949,16.9624,0.04343,-0.58713
49235,0.603400,1,0.053419,0.00142722,0.017563,17.2633,0.06362,0.57527
49252,0.620200,1,0.051769,0.00146948,0.019160,16.8300,0.07328,-0.24807
49269,0.582400,1,0.051903,0.00154594,0.016401,20.4715,0.05805,-0.54423
49286,0.648200,1,0.051797,0.00146233,0.017718,18.3407,0.06652,0.46912
49303,0.592900,1,0.053630,0.00145368,0.017155,17.7117,0.04963,-1.35799
49320,0.596400,1,0.051766,0.00129666,0.015615,16.3648,0.04671,0.92375
49337,0.618100,1,0.053029,0.00129742,0.013914,20.1393,0.08438,0.48572
49354,0.605500,1,0.051604,0.00147486,0.017819,19.3535,0.07847,0.57071
49371,0.609000,1,0.053125,0.00144088,0.015673,18.4230,0.05978,0.87293
49388,0.587300,1,0.051633,0.00143379,0.020530,17.4136,0.06422,-0.66224
49405,0.610400,1,0.048851,0.00140764,0.019075,16.7957,0.05365,-0.12512
49422,0.590800,1,0.053396,0.00162206,0.017066,20.2579,0.04542,1.63109
49439,0.604800,1,0.051630,0.00145612,0.024984,16.8911,0.04778,-0.35859
49456,0.707700,1,0.051941,0.00141480,0.021493,15.4153,0.06284,-0.26698
49473,0.598500,1,0.051522,0.00148886,0.015317,18.4964,0.03095,-1.24379
49490,0.598500,1,0.050673,0.00139524,0.017261,16.8432,0.05320,0.98180
49507,0.607600,1,0.051211,0.00152937,0.016032,18.1617,0.03454,0.67451
49524,0.605500,1,0.052980,0.00154143,0.021548,18.2422,0.04314,-1.01580
49541,0.612500,1,0.051548,0.00154303,0.016455,18.3462,0.06527,0.35087
49558,0.616000,1,0.050291,0.00146636,0.010390,17.3567,0.04196,-0.72860
49575,0.588700,1,0.052563,0.00158163,0.011359,17.1370,0.04409,0.23234
49592,0.647500,1,0.053295,0.00164278,0.021089,18.9076,0.08687,-0.66942
49609,0.613900,1,0.052803,0.00141339,0.024251,17.3693,0.06172,0.56802
49626,0.633500,1,0.053682,0.00146751,0.020154,17.8419,0.04622,0.85837
49643,0.627200,1,0.052462,0.00137889,0.017381,17.1060,0.06661,-0.15142
49660,0.599900,1,0.052035,0.00155417,0.018898,17.7348,0.06892,0.05806
49677,0.588000,1,0.052227,0.00148766,0.025324,20.8243,0.06184,0.77242
49694,0.504700,1,0.052197,0.00123460,0.020116,22.6694,0.03220,1.05503
49711,0.663600,1,0.051913,0.00141873,0.017691,16.7385,0.03749,-0.04126
49728,0.628600,1,0.052912,0.00149134,0.017390,17.2948,0.06388,0.70786
49745,0.648900,1,0.052421,0.00136401,0.019195,16.2170,0.04715,-0.61884
49762,0.635600,1,0.052922,0.00155133,0.017705,17.4772,0.07050,-0.36221
49779,0.631400,1,0.053207,0.00148728,0.015389,18.7844,0.06660,1.33534
49796,0.544600,1,0.051400,0.00157086,0.019193,21.5652,0.06178,-0.80604
49813,0.631400,1,0.053150,0.00143405,0.022325,16.9916,0.03266,1.07516
49830,0.617400,1,0.052894,0.00148415,0.018315,18.4049,0.05527,-0.01997
49847,0.632100,1,0.051742,0.00148741,0.020954,18.4096,0.07060,-1.24226
49864,0.627900,1,0.051857,0.00149671,0.014164,16.6755,0.09886,0.52472
49881,0.660100,1,0.052626,0.00142119,0.022045,15.4790,0.03808,-1.18936
49898,0.602000,1,0.053337,0.00157533,0.022462,18.7498,0.03164,-0.91995
49915,0.577500,1,0.053283,0.00138486,0.017953,19.9251,0.05951,0.56607
49932,0.619500,1,0.050603,0.00135670,0.019168,19.1652,0.05692,1.05157
49949,0.602700,1,0.051823,0.00136100,0.017762,16.9022,0.04751,0.37444
49966,0.579600,1,0.052240,0.00139104,0.019399,17.7110,0.05159,0.48581
49983,0.634200,1,0.051685,0.00151080,0.015813,17.3569,0.07452,0.81698
50000,0.620900,1,0.051359,0.00146398,0.022447,17.3306,0.07570,0.20739
50017,0.620200,1,0.052865,0.00144247,0.015098,16.6445,0.04703,0.65316
50034,0.665700,1,0.052299,0.00119494,0.021627,17.8569,0.04014,-0.56792
50051,0.617400,1,0.050436,0.00133334,0.012314,17.0135,0.04821,-1.10447
50068,0.624400,1,0.051258,0.00138453,0.023829,15.8035,0.03172,-0.17840
50085,0.552300,1,0.053122,0.00154177,0.018597,20.8973,0.07439,-0.19541
50102,0.646800,1,0.049956,0.00149334,0.015213,17.8084,0.06136,-0.62019
50119,0.546700,1,0.051348,0.00163281,0.021770,20.2054,0.04358,-0.39736
50136,0.592900,1,0.050833,0.00134029,0.020287,17.9218,0.06210,-1.50194
50153,0.607600,1,0.051735,0.00141483,0.012286,16.7604,0.05584,-1.72165
50170,0.577500,1,0.050174,0.00148565,0.015957,18.8200,0.04769,-0.40865
50187,0.588700,1,0.053136,0.00154993,0.014098,17.7151,0.03212,-0.84118
50204,0.664300,1,0.054105,0.00157211,0.016654,17.0022,0.04706,-0.43922
50221,0.606900,1,0.050927,0.00154531,0.016321,17.5510,0.04111,0.32362
50238,0.609000,1,0.051073,0.00149184,0.016938,17.6293,0.05453,0.27366
50255,0.637700,1,0.051183,0.00152892,0.014515,16.0522,0.08052,0.41168
50272,0.658000,1,0.053436,0.00142371,0.019127,16.8309,0.06475,-1.46516
50289,0.596400,1,0.052089,0.00143293,0.016350,16.4687,0.03670,-0.51730
50306,0.615300,1,0.051823,0.00138979,0.016877,16.3005,0.06430,1.03466
50323,0.650300,1,0.051974,0.00162514,0.015197,16.5226,0.02757,-1.49097
50340,0.557200,1,0.052206,0.00138308,0.009456,19.2952,0.04556,-0.30740
50357,0.613900,1,0.051478,0.00141301,0.018337,18.4063,0.04885,0.58390
50374,0.579600,1,0.052062,0.00137481,0.014648,18.1325,0.07275,0.00907
50391,0.561400,1,0.051175,0.00137746,0.027459,18.1071,0.05107,1.33883
50408,0.644000,1,0.052101,0.00150389,0.015971,18.0978,0.06758,-0.03545
50425,0.571200,1,0.050699,0.00132131,0.015347,19.2413,0.06919,1.07186
50442,0.609700,1,0.050164,0.00145140,0.011496,17.8870,0.07322,-1.09481
50459,0.662200,1,0.053061,0.00134849,0.015219,15.5750,0.03841,-0.98306
50476,0.609000,1,0.051661,0.00151545,0.016408,17.4306,0.06223,0.52534
50493,0.681100,1,0.052492,0.00132699,0.023538,14.9696,0.05676,1.65534
50510,0.657300,1,0.052701,0.00150628,0.021292,16.8444,0.05525,0.51240
50527,0.588000,1,0.053164,0.00143164,0.016343,18.4397,0.06927,-1.11521
50544,0.630000,1,0.052870,0.00151640,0.016298,16.5505,0.06185,-0.69675
50561,0.581000,1,0.051671,0.00159401,0.016525,19.9121,0.03540,-1.04752
50578,0.651000,1,0.052603,0.00147581,0.014929,17.4928,0.06434,-1.18262
50595,0.611800,1,0.052730,0.00144716,0.024473,18.0876,0.04366,-1.02677
50612,0.667100,1,0.051494,0.00146456,0.019838,14.9692,0.04656,-0.11235
50629,0.637700,1,0.053137,0.00152027,0.015984,17.1252,0.05041,-1.57518
50646,0.641900,1,0.051131,0.00144605,0.024255,17.8655,0.06552,-0.22776
50663,0.588700,1,0.051993,0.00159524,0.018685,17.6927,0.04072,0.85085
50680,0.653100,1,0.051506,0.00146479,0.016537,15.3159,0.06197,-0.25354
50697,0.588700,1,0.053171,0.00145855,0.014190,18.8704,0.06556,1.26928
50714,0.543900,1,0.052174,0.00143486,0.021183,18.9236,0.05237,0.50010
50731,0.626500,1,0.051840,0.00143600,0.016937,16.8063,0.07072,0.40891
50748,0.574000,1,0.051014,0.00134215,0.020265,18.7942,0.06017,-2.19759
50765,0.602700,1,0.051757,0.00146877,0.016883,20.1459,0.04652,0.59405
50782,0.597100,1,0.052459,0.00131172,0.015955,18.6761,0.05782,-0.48367
50799,0.604100,1,0.052423,0.00137605,0.021787,19.9138,0.08093,-0.12731
50816,0.650300,1,0.051509,0.00147917,0.017025,14.8029,0.08045,-0.75482
50833,0.569800,1,0.051582,0.00147881,0.022258,19.9438,0.05282,-0.24192
50850,0.641900,1,0.051105,0.00153968,0.020426,16.8583,0.08966,1.59012
50867,0.717500,1,0.051824,0.00142210,0.018343,17.4697,0.07026,0.73446
50884,0.581700,1,0.049288,0.00135889,0.024332,18.1261,0.04962,0.76368
50901,0.606200,1,0.051715,0.00133052,0.013694,17.8534,0.06602,-0.67448
50918,0.634200,1,0.051373,0.00162070,0.020609,15.3883,0.04348,0.60534
50935,0.535500,1,0.050992,0.00141672,0.017322,20.0086,0.05943,-0.45958
50952,0.599200,1,0.051391,0.00141712,0.017495,17.1585,0.06642,-0.37233
50969,0.570500,1,0.052164,0.00140894,0.016487,18.4062,0.06054,0.54434
50986,0.614600,1,0.052099,0.00145825,0.018344,17.6664,0.08526,-1.39227
51003,0.549500,1,0.050958,0.00148742,0.012164,18.1974,0.05049,0.20736
51020,0.693000,1,0.052946,0.00150574,0.015366,15.5356,0.05669,0.11516
51037,0.594300,1,0.051710,0.00138094,0.019303,19.1053,0.04852,0.55739
51054,0.621600,1,0.052036,0.00139660,0.012219,18.9466,0.04377,-0.26121
51071,0.605500,1,0.052003,0.00141333,0.021508,16.4550,0.07546,-0.19519
51088,0.595000,1,0.052157,0.00146245,0.021618,19.5707,0.07045,1.38431
51105,0.628600,1,0.051951,0.00161286,0.018335,18.3053,0.05069,0.00966
51122,0.619500,1,0.052097,0.00140834,0.016827,16.5096,0.06887,0.74456
51139,0.606900,1,0.052420,0.00150803,0.017370,18.5557,0.06167,0.26108
51156,0.519400,1,0.052685,0.00138133,0.018929,21.3517,0.05486,-0.26571
51173,0.624400,1,0.053707,0.00147093,0.020140,17.0901,0.06993,0.33109
51190,0.611100,1,0.052030,0.00142466,0.024193,19.0126,0.06333,-0.76631
51207,0.706300,1,0.054645,0.00154227,0.019392,16.0162,0.07347,-0.61276
51224,0.608300,1,0.053644,0.00153001,0.015421,18.9401,0.05680,0.17721
51241,0.614600,1,0.051738,0.00140060,0.016534,16.8683,0.04847,-0.14112
51258,0.597800,1,0.051054,0.00148910,0.017612,15.2229,0.04560,-0.09320
51275,0.603400,1,0.052505,0.00152095,0.016689,17.8884,0.06266,0.53177
51292,0.604800,1,0.052304,0.00147635,0.019367,16.0784,0.03667,-0.51692
51309,0.656600,1,0.053444,0.00150696,0.010884,18.9723,0.07814,-0.74895
51326,0.642600,1,0.051540,0.00159686,0.021284,15.1494,0.04245,-0.34987
51343,0.634900,1,0.051676,0.00149818,0.014243,17.2310,0.06968,0.42384
51360,0.624400,1,0.052243,0.00151836,0.010609,18.4966,0.06460,-0.10560
51377,0.625800,1,0.051298,0.00148695,0.021218,16.7328,0.07023,-1.30234
51394,0.588000,1,0.051856,0.00144082,0.015561,19.5360,0.07232,-1.44772
51411,0.683200,1,0.052240,0.00132937,0.022354,15.8712,0.09462,-0.10037
51428,0.642600,1,0.050832,0.00132250,0.020410,16.6129,0.06735,1.09739
51445,0.597800,1,0.053557,0.00155580,0.017227,18.6102,0.05625,-0.10574
51462,0.607600,1,0.052442,0.00135527,0.019857,18.9169,0.03724,0.19294
51479,0.660800,1,0.052493,0.00138235,0.015524,16.8251,0.04490,1.34124
51496,0.599200,1,0.050394,0.00146294,0.025478,17.4920,0.08487,-0.06764
51513,0.620900,1,0.051833,0.00149360,0.020789,16.1805,0.05792,-0.30233
51530,0.607600,1,0.051125,0.00133578,0.016098,17.4072,0.06957,1.45326
51547,0.726600,1,0.053543,0.00134467,0.020279,15.0834,0.04519,-0.71238
51564,0.609000,1,0.052056,0.00159792,0.017293,17.9070,0.05533,1.31210
51581,0.581700,1,0.052963,0.00138437,0.017183,16.7089,0.05438,1.19420
51598,0.630700,1,0.052538,0.00135017,0.019786,16.2340,0.06055,-1.01739
51615,0.615300,1,0.053619,0.00152800,0.020396,18.6815,0.07774,-0.87631
51632,0.614600,1,0.052750,0.00115694,0.016133,17.2766,0.07249,-1.14057
51649,0.574000,1,0.052353,0.00148552,0.023766,18.6498,0.04836,0.31990
51666,0.588700,1,0.051446,0.00151074,0.015962,18.0182,0.05310,1.10198
51683,0.607600,1,0.050632,0.00156528,0.017277,18.4590,0.09013,-2.44053
51700,0.584500,1,0.051463,0.00145217,0.015277,18.9629,0.07894,0.35010
51717,0.583800,1,0.052299,0.00141727,0.020698,19.8140,0.08943,-1.02100
51734,0.519400,1,0.050988,0.00146311,0.017740,19.8704,0.03054,1.41963
51751,0.600600,1,0.052730,0.00135483,0.023757,17.8443,0.05699,0.56888
51768,0.573300,1,0.053647,0.00148285,0.023468,17.7634,0.03169,0.02654
51785,0.602700,1,0.049661,0.00148611,0.014191,18.5657,0.06038,0.45486
51802,0.545300,1,0.052950,0.00152525,0.016120,19.4283,0.04103,0.37208
51819,0.613900,1,0.052445,0.00144217,0.026882,16.9155,0.02586,0.04134
51836,0.561400,1,0.052131,0.00148725,0.017879,18.8598,0.04789,0.68963
51853,0.671300,1,0.051715,0.00152140,0.013853,17.0666,0.04815,0.74660
51870,0.653800,1,0.053646,0.00150910,0.017390,15.1438,0.05872,-0.27098
51887,0.636300,1,0.050671,0.00155829,0.023135,16.8509,0.06599,-0.53858
51904,0.665000,1,0.052771,0.00137734,0.013449,18.4163,0.06773,0.20113
51921,0.641900,1,0.051273,0.00145655,0.020493,17.6942,0.05931,-0.58125
51938,0.625100,1,0.051747,0.00145092,0.016383,16.1459,0.03106,0.30383
51955,0.567000,1,0.050896,0.00146398,0.023622,19.3078,0.04636,0.90503
51972,0.595700,1,0.051750,0.00140129,0.017929,18.8323,0.05431,0.90761
51989,0.689500,1,0.052498,0.00148388,0.021511,17.1501,0.05512,-0.33756
52006,0.585900,1,0.053845,0.00142880,0.025805,20.4167,0.07495,-1.32552
52023,0.574700,1,0.051358,0.00156221,0.020644,18.3388,0.04900,-1.57660
52040,0.608300,1,0.052235,0.00153794,0.021495,19.8310,0.08610,1.24533
52057,0.607600,1,0.052591,0.00144863,0.016977,19.5336,0.08194,-0.65339
52074,0.636300,1,0.053969,0.00136756,0.018121,18.0701,0.06294,0.29960
52091,0.614600,1,0.053459,0.00154430,0.017754,18.2913,0.08477,-0.45840
52108,0.640500,1,0.054775,0.00140167,0.021257,17.8671,0.04731,-0.85050
52125,0.709100,1,0.053494,0.00164618,0.017314,17.2518,0.05502,-0.24620
52142,0.504700,1,0.052094,0.00144131,0.022679,22.2956,0.08338,0.26424
52159,0.618100,1,0.050925,0.00153147,0.020806,18.6420,0.07525,-0.46655
52176,0.595700,1,0.051808,0.00143353,0.015001,17.7379,0.05843,-0.41279
52193,0.624400,1,0.053388,0.00152613,0.018452,19.7925,0.07132,-1.15145
52210,0.625800,1,0.051357,0.00135466,0.012466,18.4982,0.05902,-0.05378
52227,0.661500,1,0.054233,0.00136841,0.014594,18.4266,0.06665,0.98185
52244,0.574700,1,0.050725,0.00131813,0.021322,18.1184,0.04416,-1.41203
52261,0.630700,1,0.050931,0.00151929,0.009828,17.2559,0.06833,-0.10753
52278,0.566300,1,0.051913,0.00132741,0.018841,18.8178,0.06040,0.27876
52295,0.582400,1,0.052131,0.00149077,0.018849,20.4594,0.07328,-0.78925
52312,0.697900,1,0.051947,0.00139755,0.021463,15.6941,0.05165,0.68484
52329,0.714700,1,0.052305,0.00145206,0.023338,14.4706,0.02874,0.05367
52346,0.637700,1,0.052058,0.00156656,0.018322,17.9443,0.06921,1.08529
52363,0.574700,1,0.051666,0.00137836,0.019164,17.7005,0.03059,-0.31417
52380,0.586600,1,0.052268,0.00130814,0.018809,18.3657,0.06626,0.30966
52397,0.583800,1,0.051324,0.00142135,0.015845,17.9164,0.07108,-1.00879
52414,0.612500,1,0.051237,0.00158505,0.017132,16.8718,0.07096,-1.36582
52431,0.617400,1,0.051285,0.00153992,0.025606,16.1274,0.04770,1.27283
52448,0.577500,1,0.052521,0.00146179,0.013772,18.9129,0.08560,0.88149
52465,0.562100,1,0.054049,0.00147853,0.015305,20.4793,0.04691,0.73267
52482,0.602000,1,0.051064,0.00147187,0.017301,18.2272,0.07066,0.23742
52499,0.595000,1,0.052575,0.00135244,0.012069,17.9910,0.03821,-1.48092
52516,0.645400,1,0.051995,0.00146441,0.016639,16.0205,0.05899,0.09173
52533,0.624400,1,0.052574,0.00141985,0.013597,16.3285,0.04606,1.43644
52550,0.666400,1,0.052789,0.00156964,0.017539,15.5157,0.04824,1.37055
52567,0.598500,1,0.051958,0.00147935,0.015353,16.9901,0.08414,-0.31462
52584,0.693000,1,0.051777,0.00158383,0.024776,15.9388,0.06078,0.62480
52601,0.591500,1,0.052812,0.00150644,0.021535,18.9887,0.03722,2.35123
52618,0.595000,1,0.050036,0.00142321,0.019656,17.4937,0.06068,1.09793
52635,0.644000,1,0.052614,0.00140861,0.024063,17.5519,0.04278,-0.18388
52652,0.595700,1,0.052735,0.00150599,0.022209,17.8726,0.04372,0.47353
52669,0.604100,1,0.051360,0.00144248,0.020455,18.2173,0.05680,0.52054
52686,0.644700,1,0.051767,0.00140497,0.019069,18.0525,0.04567,0.78608
52703,0.590800,1,0.052868,0.00163047,0.019161,18.6055,0.06398,-0.44258
52720,0.592900,1,0.052464,0.00140709,0.014911,18.8515,0.08271,1.12227
52737,0.609700,1,0.051916,0.00144790,0.019695,18.6523,0.06220,0.71467
52754,0.586600,1,0.050987,0.00155426,0.018784,18.5267,0.06601,1.53895
52771,0.658700,1,0.052398,0.00145723,0.018833,17.2230,0.07050,0.07641
52788,0.574000,1,0.052898,0.00150637,0.014052,20.3083,0.08355,1.65868
52805,0.617400,1,0.052495,0.00154389,0.020534,16.9337,0.04287,-0.98894
52822,0.613200,1,0.051857,0.00130464,0.014639,17.7215,0.04338,2.09689
52839,0.640500,1,0.050557,0.00148459,0.016025,18.1046,0.05104,-1.09914
52856,0.589400,1,0.050164,0.00148064,0.015386,17.8897,0.04763,0.40432
52873,0.559300,1,0.051923,0.00141755,0.015039,21.0314,0.04334,1.24330
52890,0.583800,1,0.051401,0.00148966,0.016485,19.9815,0.05049,-1.00960
52907,0.664300,1,0.051138,0.00130985,0.014390,16.3066,0.07230,-1.78025
52924,0.651700,1,0.054657,0.00138841,0.022408,15.0430,0.05488,-0.28882
52941,0.610400,1,0.050243,0.00135993,0.014738,18.1484,0.06342,-1.63738
52958,0.675500,1,0.053329,0.00155531,0.024397,14.9150,0.05902,-0.89736
52975,0.647500,1,0.050454,0.00146772,0.023543,17.5060,0.10302,0.63650
52992,0.577500,1,0.052366,0.00131619,0.019727,18.3801,0.06462,-1.95134
53009,0.629300,1,0.055037,0.00153195,0.018047,15.7025,0.04563,-0.09935
53026,0.657300,1,0.051927,0.00159583,0.020588,17.4055,0.10482,-0.42569
53043,0.559300,1,0.050732,0.00154313,0.012645,18.4832,0.07205,0.96230
53060,0.611800,1,0.053063,0.00138239,0.015751,17.5862,0.04733,-0.83147
53077,0.555800,1,0.051053,0.00135259,0.014545,18.6814,0.05134,-0.41262
53094,0.611100,1,0.051958,0.00149227,0.015774,17.0324,0.06316,-1.52524
53111,0.618800,1,0.054309,0.00142970,0.022632,19.0061,0.07479,1.25331
53128,0.624400,1,0.052338,0.00132895,0.017065,18.0894,0.05980,1.36110
53145,0.633500,1,0.050242,0.00143311,0.019211,16.8761,0.05180,-0.67329
53162,0.659400,1,0.053690,0.00141557,0.022566,16.4587,0.05004,-0.35545
53179,0.589400,1,0.051353,0.00153202,0.019794,18.7114,0.05771,-1.28527
53196,0.616700,1,0.053620,0.00152241,0.014395,16.5353,0.04720,-0.99095
53213,0.620900,1,0.052755,0.00156222,0.016808,19.2682,0.07971,-0.37711
53230,0.599900,1,0.053499,0.00144664,0.021925,19.6230,0.07272,-0.26825
53247,0.574000,1,0.052936,0.00140062,0.014208,18.4243,0.04954,0.28684
53264,0.548100,1,0.053168,0.00151069,0.019679,19.5196,0.03440,0.84961
53281,0.624400,1,0.051602,0.00155955,0.012116,18.0243,0.07137,0.18241
53298,0.555100,1,0.054323,0.00154739,0.018559,20.0899,0.05338,0.15810
53315,0.618800,1,0.052358,0.00139984,0.014009,19.2364,0.06176,-0.25035
53332,0.566300,1,0.051981,0.00138929,0.013687,17.0743,0.05513,-0.59234
53349,0.641200,1,0.051967,0.00157139,0.017805,17.7668,0.04992,-0.28380
53366,0.597100,1,0.052781,0.00139709,0.023808,18.9761,0.04596,0.66630
53383,0.593600,1,0.050546,0.00145971,0.010762,19.2870,0.07323,0.03337
53400,0.611800,1,0.050480,0.00149235,0.010393,18.7840,0.03292,1.17505
53417,0.637000,1,0.049934,0.00142737,0.014995,18.2317,0.04797,0.40468
53434,0.602000,1,0.051931,0.00142757,0.020309,19.4940,0.07028,-0.76386
53451,0.572600,1,0.051793,0.00150432,0.021739,18.3920,0.04637,0.34952
53468,0.610400,1,0.052204,0.00142899,0.021733,16.8271,0.06677,-0.64177
53485,0.551600,1,0.052125,0.00148111,0.012674,19.7753,0.04365,1.27650
53502,0.613900,1,0.051873,0.00137839,0.014542,16.9153,0.04874,-0.96751
53519,0.617400,1,0.052721,0.00137925,0.023004,17.0412,0.04545,-0.52884
53536,0.602700,1,0.054481,0.00137682,0.017745,18.3455,0.04146,0.98168
53553,0.590100,1,0.049967,0.00161424,0.017479,18.7986,0.05113,-0.34416
53570,0.587300,1,0.050904,0.00140956,0.011648,16.7113,0.05471,-0.53118
53587,0.542500,1,0.050213,0.00140115,0.018695,21.1469,0.06673,0.38645
53604,0.584500,1,0.052713,0.00150782,0.017011,20.0557,0.03699,-1.45586
53621,0.574000,1,0.051203,0.00154797,0.015737,19.8717,0.06361,-1.16856
53638,0.620200,1,0.051446,0.00136363,0.019426,15.5552,0.05985,0.33798
53655,0.694400,1,0.052233,0.00158135,0.014707,16.1174,0.07532,0.91989
53672,0.609700,1,0.053221,0.00154079,0.012589,18.0462,0.07340,-0.78400
53689,0.610400,1,0.053457,0.00136987,0.022011,17.5385,0.08806,-0.86150
53706,0.609700,1,0.052661,0.00141828,0.017318,17.6482,0.01873,-1.32654
53723,0.588000,1,0.051493,0.00147356,0.016844,17.7405,0.05811,1.03134
53740,0.559300,1,0.051706,0.00143421,0.013211,19.6440,0.04938,0.88815
53757,0.597100,1,0.051343,0.00146588,0.019813,16.8331,0.05811,0.12593
53774,0.590100,1,0.049831,0.00145973,0.018175,18.0374,0.07365,-0.49457
53791,0.572600,1,0.050085,0.00148049,0.013872,16.4087,0.05573,-0.07271
53808,0.630700,1,0.052958,0.00153897,0.020515,16.8860,0.03919,-0.10967
53825,0.594300,1,0.052605,0.00147671,0.018562,18.9219,0.07329,-1.21061
53842,0.594300,1,0.053070,0.00150799,0.016849,18.1399,0.07098,0.99715
53859,0.626500,1,0.052344,0.00155589,0.018806,16.2486,0.04154,-1.45608
53876,0.697900,1,0.054048,0.00149535,0.018549,14.5242,0.07731,-1.11407
53893,0.565600,1,0.051221,0.00158661,0.007919,18.6373,0.05578,-0.23828
53910,0.654500,1,0.051308,0.00144280,0.014147,18.2681,0.06559,-0.35924
53927,0.670600,1,0.053216,0.00155961,0.009916,16.9885,0.06897,-0.90086
53944,0.638400,1,0.051190,0.00128955,0.019036,17.5617,0.08335,-1.61630
53961,0.554400,1,0.051805,0.00142297,0.018929,19.5983,0.03676,0.81073
53978,0.587300,1,0.052826,0.00151545,0.020609,18.9367,0.04042,-0.75500
53995,0.597800,1,0.052934,0.00117700,0.019749,17.5563,0.06349,0.88595
54012,0.576800,1,0.052070,0.00136442,0.016988,18.5971,0.06118,0.53192
54029,0.653100,1,0.050706,0.00159615,0.014037,16.5557,0.06392,-0.54529
54046,0.620900,1,0.051984,0.00144207,0.008493,18.0206,0.09408,-0.91341
54063,0.562800,1,0.050669,0.00142654,0.015422,18.0856,0.07149,-1.88076
54080,0.587300,1,0.049632,0.00146620,0.019773,16.6962,0.07326,-1.60570
54097,0.628600,1,0.052113,0.00138032,0.018913,16.9829,0.06486,1.13825
54114,0.639100,1,0.052960,0.00140350,0.021469,18.8941,0.07055,-1.05220
54131,0.681100,1,0.052757,0.00161121,0.020141,17.9307,0.06763,-0.17241
54148,0.661500,1,0.052499,0.00152698,0.017277,16.7187,0.07403,0.95151
54165,0.617400,1,0.053790,0.00143168,0.023272,17.9240,0.05273,0.01387
54182,0.579600,1,0.049368,0.00144802,0.010333,18.7877,0.06456,0.21864
54199,0.630000,1,0.050832,0.00148196,0.016055,16.3338,0.05259,0.30699
54216,0.597100,1,0.052311,0.00133290,0.015551,19.1343,0.07339,-0.25315
54233,0.582400,1,0.051178,0.00147431,0.023884,17.9383,0.05482,1.10880
54250,0.550200,1,0.051942,0.00140522,0.024968,19.5210,0.04943,0.59028
54267,0.644700,1,0.053186,0.00130114,0.017206,17.6828,0.06770,-1.67553
54284,0.632800,1,0.051919,0.00157958,0.016673,17.2522,0.04159,0.94346
54301,0.629300,1,0.051653,0.00144292,0.017583,18.3445,0.07721,1.11415
54318,0.547400,1,0.053545,0.00130688,0.021547,21.6403,0.04834,-0.24764
54335,0.624400,1,0.052855,0.00138701,0.019383,17.4269,0.04070,-0.18635
54352,0.560000,1,0.051223,0.00142864,0.017221,19.9447,0.05355,0.17706
54369,0.569800,1,0.051952,0.00149163,0.021859,20.2052,0.05589,-0.15681
54386,0.595700,1,0.051619,0.00134842,0.022053,18.3521,0.08508,1.79845
54403,0.632100,1,0.052934,0.00130925,0.022094,19.4123,0.05432,-1.60938
54420,0.567000,1,0.050578,0.00151709,0.021116,18.2073,0.07084,-1.08082
54437,0.667100,1,0.050743,0.00149105,0.024521,15.7904,0.05263,-0.38115
54454,0.613900,1,0.052464,0.00149919,0.022466,16.3788,0.05667,1.85509
54471,0.588700,1,0.049335,0.00152053,0.008535,16.8244,0.07273,1.04558
54488,0.627200,1,0.050978,0.00146254,0.014998,16.6771,0.05212,-0.35586
54505,0.576100,1,0.053415,0.00140689,0.023302,19.7188,0.04280,0.76701
54522,0.600600,1,0.051454,0.00141115,0.018930,17.7397,0.05005,0.02067
54539,0.595700,1,0.052032,0.00141448,0.020304,18.0237,0.07094,-0.58834
54556,0.594300,1,0.053694,0.00140501,0.021466,16.9995,0.06857,0.08980
54573,0.609700,1,0.051291,0.00141493,0.021659,19.9112,0.08756,-0.14667
54590,0.548100,1,0.052217,0.00145056,0.021765,18.9867,0.04919,0.08492
54607,0.583100,1,0.052063,0.00143779,0.023348,20.2217,0.07001,-0.96964
54624,0.581000,1,0.052105,0.00146173,0.018019,18.9400,0.04741,-1.23506
54641,0.637700,1,0.051338,0.00140282,0.019101,19.0047,0.07217,0.60282
54658,0.648900,1,0.052492,0.00144081,0.018165,15.1864,0.07363,-0.05134
54675,0.581700,1,0.051301,0.00157249,0.015125,17.3065,0.04027,-0.09461
54692,0.585900,1,0.051654,0.00147991,0.012985,18.1673,0.05414,-0.34695
54709,0.605500,1,0.052668,0.00153764,0.017341,18.3882,0.04371,0.04535
54726,0.644700,1,0.050807,0.00148285,0.020262,15.0907,0.05204,1.82177
54743,0.630000,1,0.050827,0.00141719,0.018706,16.6248,0.05824,-0.21301
54760,0.613900,1,0.051829,0.00133966,0.015908,16.6348,0.06343,-0.56488
54777,0.658700,1,0.052771,0.00150277,0.021193,15.6858,0.05349,-0.97983
54794,0.637000,1,0.054048,0.00149786,0.018211,17.7445,0.02226,-1.18844
54811,0.675500,1,0.051414,0.00146001,0.019589,14.1885,0.06331,0.03085
54828,0.591500,1,0.052422,0.00149584,0.016174,18.5702,0.05514,0.59537
54845,0.635600,1,0.051868,0.00148369,0.018840,19.4892,0.05897,-0.52676
54862,0.581000,1,0.051017,0.00146683,0.017304,18.1685,0.06249,0.06071
54879,0.621600,1,0.052347,0.00152651,0.013370,17.7460,0.06167,-1.01193
54896,0.635600,1,0.053290,0.00140613,0.018422,20.1510,0.08787,-0.15614
54913,0.652400,1,0.053110,0.00157827,0.015473,18.8031,0.05539,-1.00511
54930,0.609000,1,0.049816,0.00143272,0.013882,16.8602,0.03770,0.18235
54947,0.622300,1,0.052013,0.00136443,0.020183,17.5691,0.07375,-1.27734
54964,0.609700,1,0.052165,0.00146306,0.017047,17.2881,0.07105,0.47603
54981,0.648900,1,0.052744,0.00156177,0.020387,19.6534,0.05322,0.08438
54998,0.627900,1,0.052635,0.00157761,0.017661,18.2381,0.07652,-0.90517
55015,0.578900,1,0.053355,0.00138245,0.015262,18.8578,0.04987,-0.22622
55032,0.581000,1,0.050376,0.00160412,0.016960,17.8726,0.05979,-0.70529
55049,0.599200,1,0.053171,0.00147748,0.012036,17.6359,0.05095,2.31788
55066,0.706300,1,0.051693,0.00142718,0.013540,17.8797,0.06640,0.47990
55083,0.647500,1,0.050535,0.00144675,0.021923,16.1570,0.07288,1.36207
55100,0.588700,1,0.051881,0.00168786,0.018682,18.3171,0.07086,0.88800
55117,0.571900,1,0.052316,0.00144463,0.014893,17.6102,0.04784,0.15400
55134,0.554400,1,0.052039,0.00127619,0.020526,19.5734,0.03168,-0.23584
55151,0.624400,1,0.050873,0.00151588,0.014599,18.4435,0.09034,0.14665
55168,0.667800,1,0.052261,0.00144241,0.018727,15.9380,0.08267,0.42882
55185,0.632100,1,0.050445,0.00154246,0.013021,15.9669,0.06196,-0.29499
55202,0.593600,1,0.052350,0.00142860,0.017941,18.0519,0.04219,-0.11525
55219,0.597100,1,0.051364,0.00135457,0.016075,18.8886,0.04554,-0.44019
55236,0.632800,1,0.051532,0.00159420,0.016439,16.6093,0.05193,-2.15680
55253,0.588000,1,0.050740,0.00139680,0.018537,17.1717,0.06519,-0.21053
55270,0.625100,1,0.051092,0.00152460,0.014295,17.9332,0.07330,-0.77600
55287,0.602700,1,0.054420,0.00151556,0.020465,17.0203,0.04999,1.28931
55304,0.588700,1,0.051669,0.00144046,0.023888,18.9271,0.06451,1.70427
55321,0.599200,1,0.051803,0.00136651,0.015332,17.2427,0.07542,-2.09634
55338,0.583100,1,0.053749,0.00152298,0.022090,18.2433,0.05298,1.57505
55355,0.602700,1,0.050937,0.00147411,0.025869,19.9722,0.06344,0.47863
55372,0.619500,1,0.050834,0.00136717,0.017496,17.4700,0.05500,1.41918
55389,0.565600,1,0.051712,0.00144693,0.023004,17.7287,0.02930,-1.53050
55406,0.625100,1,0.052894,0.00140146,0.016934,16.4768,0.02471,0.63087
55423,0.624400,1,0.052490,0.00147639,0.014908,17.9008,0.03606,0.13050
55440,0.639800,1,0.052339,0.00139651,0.015307,18.2522,0.07449,0.37604
55457,0.569100,1,0.050158,0.00134210,0.016201,19.1709,0.05120,-0.22896
55474,0.641900,1,0.053689,0.00142322,0.016078,17.7543,0.05812,-0.76716
55491,0.592200,1,0.051874,0.00135495,0.015414,19.2088,0.07303,-1.01575
55508,0.620900,1,0.051251,0.00155297,0.020485,19.2260,0.04403,-1.31522
55525,0.646800,1,0.052085,0.00133819,0.018428,15.9702,0.05164,1.28417
55542,0.630700,1,0.052781,0.00148688,0.015064,18.3318,0.04880,-0.48935
55559,0.620200,1,0.052380,0.00139645,0.018688,18.3429,0.04602,0.37510
55576,0.634200,1,0.051897,0.00152337,0.017365,15.7956,0.04260,-1.10216
55593,0.566300,1,0.052996,0.00160616,0.017374,19.5719,0.05564,-0.48030
55610,0.610400,1,0.051613,0.00156852,0.022255,17.2739,0.06031,0.84093
55627,0.593600,1,0.052250,0.00150524,0.020497,18.8208,0.06539,0.26424
55644,0.711200,1,0.052479,0.00144729,0.020430,15.1453,0.09026,1.79757
55661,0.567700,1,0.051699,0.00137123,0.011854,19.4547,0.07321,1.20191
55678,0.554400,1,0.051292,0.00144454,0.016856,18.5858,0.05957,0.69909
55695,0.634200,1,0.053362,0.00138131,0.018951,17.6257,0.03032,-0.96115
55712,0.602000,1,0.051050,0.00146727,0.014341,18.0123,0.05982,-0.08427
55729,0.636300,1,0.050629,0.00153827,0.020338,17.0365,0.03429,-0.61898
55746,0.580300,1,0.052192,0.00143690,0.019479,18.0769,0.06909,-0.11848
55763,0.644700,1,0.051882,0.00144854,0.011289,17.0090,0.04951,-0.80590
55780,0.607600,1,0.050592,0.00147533,0.021637,16.3460,0.04828,-0.55749
55797,0.597100,1,0.052708,0.00141575,0.012833,19.4688,0.06699,-1.87168
55814,0.653100,1,0.052439,0.00144870,0.023888,16.2031,0.07853,0.19069
55831,0.545300,1,0.052487,0.00138586,0.018877,20.3924,0.05470,2.08340
55848,0.620200,1,0.051763,0.00151785,0.019521,18.4396,0.06006,1.30352
55865,0.587300,1,0.050337,0.00157036,0.017483,18.6376,0.03559,1.24848
55882,0.618100,1,0.051702,0.00134834,0.018703,18.6246,0.07140,-0.73689
55899,0.586600,1,0.051449,0.00136276,0.017722,16.9768,0.06589,0.97728
55916,0.587300,1,0.051535,0.00155237,0.014277,18.0818,0.05442,0.57949
55933,0.611800,1,0.051991,0.00141922,0.020812,19.1686,0.06885,-2.44899
55950,0.598500,1,0.052455,0.00147318,0.022483,17.1575,0.04476,0.74042
55967,0.649600,1,0.053752,0.00134194,0.018683,17.8572,0.04319,0.24695
55984,0.569800,1,0.051456,0.00143352,0.016927,18.5213,0.04428,-0.21707
56001,0.597100,1,0.053043,0.00163069,0.015984,16.6556,0.05522,-0.54295
56018,0.620900,1,0.051075,0.00143826,0.013482,16.6384,0.05558,0.20343
56035,0.635600,1,0.053936,0.00148001,0.022486,18.6229,0.05344,0.27039
56052,0.580300,1,0.052772,0.00148367,0.023930,20.5463,0.04086,-0.90090
56069,0.604800,1,0.053158,0.00143310,0.021929,19.1378,0.06134,0.09751
56086,0.609000,1,0.052847,0.00133969,0.015739,17.0001,0.05398,-0.80429
56103,0.608300,1,0.052787,0.00149584,0.021369,16.6873,0.02196,-0.42673
56120,0.553000,1,0.052421,0.00141113,0.017052,18.6833,0.07812,1.60793
56137,0.669900,1,0.053373,0.00145843,0.011348,16.2580,0.07586,-0.90649
56154,0.623700,1,0.051163,0.00132234,0.022126,16.2864,0.07021,0.27378
56171,0.551600,1,0.049686,0.00138238,0.017137,19.5247,0.07991,0.33589
56188,0.601300,1,0.050058,0.00136530,0.019024,16.8333,0.03096,-1.04531
56205,0.626500,1,0.050889,0.00136652,0.014818,15.6319,0.03621,1.73822
56222,0.588000,1,0.051823,0.00147226,0.014656,18.6600,0.07569,1.28962
56239,0.609000,1,0.052560,0.00140118,0.019559,17.8030,0.06873,1.79894
56256,0.635600,1,0.051345,0.00138242,0.010944,18.5167,0.06107,0.21442
56273,0.632800,1,0.053533,0.00143513,0.020760,16.2994,0.04516,0.53043
56290,0.657300,1,0.051395,0.00145001,0.019254,14.3524,0.05986,-0.16466
56307,0.618800,1,0.052060,0.00151204,0.013245,18.2148,0.05912,0.72252
56324,0.590800,1,0.050365,0.00153736,0.016433,21.5429,0.08334,-1.12652
56341,0.589400,1,0.051557,0.00151623,0.021709,17.5137,0.06610,0.10383
56358,0.565600,1,0.051605,0.00159183,0.020268,18.8050,0.07023,-0.22094
56375,0.623000,1,0.051641,0.00148878,0.017202,16.8580,0.04154,0.44534
56392,0.635600,1,0.053249,0.00157629,0.020615,15.0132,0.07467,0.54948
56409,0.577500,1,0.053295,0.00147975,0.016451,19.1973,0.06330,1.11175
56426,0.610400,1,0.053592,0.00129123,0.022870,19.5261,0.05484,0.04042
56443,0.622300,1,0.051096,0.00149558,0.016961,19.3593,0.05960,0.83665
56460,0.662200,1,0.053470,0.00144586,0.014587,18.3263,0.05387,-1.49309
56477,0.679700,1,0.051681,0.00151644,0.017818,17.8717,0.08902,-0.30660
56494,0.598500,1,0.050426,0.00145125,0.014149,17.7289,0.06741,-0.63632
56511,0.658000,1,0.052366,0.00143585,0.019477,15.9440,0.06054,1.10935
56528,0.562800,1,0.051428,0.00135070,0.013695,19.6130,0.07999,-0.17736
56545,0.604100,1,0.051741,0.00168874,0.012841,17.2315,0.06621,0.61986
56562,0.652400,1,0.050001,0.00151841,0.016720,15.5685,0.07971,0.51928
56579,0.643300,1,0.051427,0.00157474,0.016840,16.4063,0.07045,0.22627
56596,0.590800,1,0.052756,0.00135652,0.020921,18.6192,0.06933,-0.35818
56613,0.594300,1,0.052354,0.00130362,0.019491,18.9627,0.06666,0.59251
56630,0.610400,1,0.051691,0.00146545,0.022766,17.4862,0.06456,0.13059
56647,0.633500,1,0.053825,0.00146591,0.014736,18.9357,0.04110,0.08252
56664,0.634200,1,0.052406,0.00146335,0.021798,15.9976,0.06947,1.05134
56681,0.629300,1,0.053255,0.00151593,0.016613,17.2882,0.06716,-0.90329
56698,0.672000,1,0.052812,0.00149403,0.019970,18.1470,0.02251,-0.39304
56715,0.597100,1,0.050614,0.00135337,0.020338,17.9387,0.06519,-0.15247
56732,0.603400,1,0.051311,0.00136908,0.022570,17.1058,0.06982,1.40501
56749,0.604800,1,0.051416,0.00146349,0.019504,19.4605,0.05591,0.60537
56766,0.672700,1,0.051695,0.00147443,0.009553,13.7127,0.05287,-1.95059
56783,0.581000,1,0.052168,0.00157688,0.017945,18.6725,0.05414,-0.65121
56800,0.648200,1,0.052239,0.00142476,0.022886,17.1736,0.06021,0.91156
56817,0.644000,1,0.050101,0.00144737,0.006501,17.6542,0.07927,-1.08191
56834,0.610400,1,0.052266,0.00151806,0.016995,20.3643,0.06302,-1.74436
56851,0.689500,1,0.051362,0.00144368,0.022259,16.3313,0.05541,-0.44645
56868,0.641200,1,0.052199,0.00140833,0.015049,18.8035,0.05745,-1.99511
56885,0.613200,1,0.053247,0.00152002,0.022374,17.2941,0.05015,0.16710
56902,0.578900,1,0.051208,0.00137407,0.021784,18.6721,0.05200,0.49230
56919,0.611800,1,0.050367,0.00131016,0.016753,17.3541,0.09999,0.49014
56936,0.557200,1,0.049808,0.00150399,0.018474,18.8569,0.02741,0.51623
56953,0.638400,1,0.052620,0.00134635,0.017493,17.7990,0.05191,1.89225
56970,0.652400,1,0.053908,0.00146804,0.019520,18.4986,0.07357,1.48337
56987,0.603400,1,0.050296,0.00132704,0.020352,17.2005,0.05370,-2.61424
57004,0.581700,1,0.051916,0.00133858,0.017540,18.7454,0.06517,-1.02398
57021,0.597800,1,0.052801,0.00142582,0.019150,17.7052,0.06143,0.45846
57038,0.592200,1,0.052784,0.00151497,0.013085,18.4087,0.09229,1.03021
57055,0.625800,1,0.050932,0.00147288,0.009417,15.3539,0.06750,-0.41619
57072,0.613200,1,0.052689,0.00154794,0.017035,18.4365,0.07146,-0.86327
57089,0.625800,1,0.051792,0.00141798,0.017162,17.4702,0.05616,-1.52736
57106,0.611800,1,0.051195,0.00138224,0.018781,16.2765,0.04862,-0.11639
57123,0.655200,1,0.052091,0.00127083,0.017590,17.5523,0.05026,0.50204
57140,0.601300,1,0.053023,0.00150786,0.018759,20.1321,0.09140,0.15607
57157,0.630000,1,0.050868,0.00127196,0.019064,17.6163,0.05532,-0.00569
57174,0.595000,1,0.051437,0.00141795,0.021140,18.1985,0.05905,0.84259
57191,0.630000,1,0.050688,0.00135666,0.016016,19.0126,0.05696,0.31980
57208,0.558600,1,0.053710,0.00129003,0.025560,19.7455,0.03407,-0.35378
57225,0.571900,1,0.051498,0.00159172,0.020145,19.3598,0.07788,1.46661
57242,0.617400,1,0.052705,0.00154392,0.015795,16.9900,0.05752,-0.35769
57259,0.682500,1,0.052879,0.00146736,0.011942,17.9400,0.06337,-0.27580
57276,0.566300,1,0.050298,0.00125530,0.016251,17.7749,0.02205,0.66439
57293,0.672700,1,0.052181,0.00151481,0.020270,16.0605,0.04765,0.44607
57310,0.579600,1,0.050850,0.00142290,0.016555,17.3897,0.04881,-0.72059
57327,0.639800,1,0.051102,0.00129073,0.022807,17.7840,0.08173,0.54251
57344,0.593600,1,0.052245,0.00151177,0.022579,19.9965,0.08639,-0.44214
57361,0.658000,1,0.052803,0.00146459,0.018063,16.0609,0.07997,0.68939
57378,0.615300,1,0.053163,0.00151265,0.021527,18.1574,0.05891,1.24368
57395,0.577500,1,0.051424,0.00138107,0.013377,17.1180,0.06114,0.10940
57412,0.572600,1,0.051765,0.00148633,0.019915,18.1010,0.05628,0.10125
57429,0.585900,1,0.051892,0.00134544,0.015063,16.4707,0.07032,0.03513
57446,0.611800,1,0.051105,0.00157179,0.014335,16.3715,0.02719,0.19365
57463,0.620200,1,0.052282,0.00147135,0.019473,17.3917,0.06185,0.11877
57480,0.609700,1,0.052909,0.00133497,0.021191,18.4873,0.06685,-0.42597
57497,0.610400,1,0.052500,0.00139147,0.014490,17.5555,0.07949,-0.10630
57514,0.627200,1,0.053087,0.00144261,0.015571,17.9090,0.06777,0.09990
57531,0.600600,1,0.050023,0.00151238,0.012599,18.2958,0.06876,-0.08128
57548,0.682500,1,0.051896,0.00136932,0.019644,16.0660,0.08673,-0.05814
57565,0.578200,1,0.052470,0.00134348,0.016831,18.3739,0.06438,0.50380
57582,0.561400,1,0.051394,0.00138833,0.023514,18.9194,0.06831,0.19391
57599,0.596400,1,0.052129,0.00150616,0.018375,17.3654,0.04551,-0.47925
57616,0.648900,1,0.053167,0.00151033,0.021118,14.5288,0.07294,0.64034
57633,0.631400,1,0.051251,0.00130215,0.016303,17.1494,0.06837,1.15619
57650,0.546700,1,0.050831,0.00144112,0.018936,20.3710,0.05145,-0.55915
57667,0.600600,1,0.052365,0.00132789,0.014512,18.5671,0.05625,-0.05956
57684,0.546000,1,0.051734,0.00141310,0.016172,18.6645,0.07550,0.53207
57701,0.585900,1,0.051924,0.00140630,0.019867,19.1550,0.07127,0.54512
57718,0.579600,1,0.050957,0.00153846,0.016643,20.3099,0.04571,0.71577
57735,0.585900,1,0.052944,0.00148919,0.016497,18.0412,0.04929,-0.12056
57752,0.595700,1,0.051166,0.00168931,0.015850,20.8020,0.06901,-0.32096
57769,0.607600,1,0.052540,0.00148639,0.014187,19.3991,0.06967,0.29992
57786,0.627200,1,0.051383,0.00151089,0.020380,16.9846,0.03998,-1.22488
57803,0.599200,1,0.052292,0.00150983,0.017966,17.1997,0.06162,0.69748
57820,0.593600,1,0.053155,0.00133147,0.019160,18.6642,0.04175,0.69105
57837,0.533400,1,0.051955,0.00134465,0.026887,22.3306,0.05240,-0.57664
57854,0.597100,1,0.051161,0.00148458,0.015258,19.0535,0.06262,-0.24533
57871,0.590100,1,0.052448,0.00135113,0.017523,17.9351,0.07765,-0.02039
57888,0.588700,1,0.050927,0.00128529,0.020074,18.7006,0.04291,1.01589
57905,0.604800,1,0.051633,0.00141957,0.013518,19.3707,0.06983,0.10817
57922,0.631400,1,0.053307,0.00156268,0.020685,17.9315,0.04957,0.63647
57939,0.617400,1,0.053201,0.00157480,0.019064,18.5697,0.07639,1.08204
57956,0.601300,1,0.052619,0.00149521,0.016774,18.3321,0.07304,0.03451
57973,0.660100,1,0.052774,0.00134856,0.015109,15.7796,0.07818,-0.74077
57990,0.635600,1,0.053198,0.00141548,0.016365,16.8789,0.08766,-0.63316
58007,0.560000,1,0.051680,0.00137103,0.020359,18.4671,0.07468,-0.69185
58024,0.630000,1,0.051321,0.00170209,0.015497,18.9414,0.08316,-0.10620
58041,0.641900,1,0.051969,0.00157932,0.017015,17.3008,0.05771,0.39543
58058,0.522900,1,0.051162,0.00150367,0.014422,18.8655,0.04296,0.78833
58075,0.636300,1,0.051295,0.00138782,0.020086,16.6454,0.05700,-0.12936
58092,0.621600,1,0.051386,0.00146609,0.016304,17.4562,0.04338,1.23367
58109,0.660800,1,0.051614,0.00144853,0.017565,15.0555,0.06959,-0.92637
58126,0.574700,1,0.053906,0.00147062,0.017921,19.3957,0.06331,1.19679
58143,0.663600,1,0.051343,0.00135074,0.023445,17.4964,0.06600,0.11069
58160,0.575400,1,0.051967,0.00141460,0.021584,19.3747,0.03633,-0.21485
58177,0.655900,1,0.050664,0.00139943,0.017204,15.6758,0.06455,-0.47769
58194,0.625100,1,0.052652,0.00158423,0.024131,17.4595,0.05946,0.53148
58211,0.580300,1,0.052486,0.00149249,0.017769,20.5409,0.05550,-0.39608
58228,0.608300,1,0.051161,0.00145032,0.018579,16.8833,0.03928,-0.30251
58245,0.590100,1,0.051941,0.00135120,0.022017,19.0953,0.08642,0.00193
58262,0.604100,1,0.050166,0.00138652,0.014318,17.0873,0.05209,-1.59865
58279,0.578900,1,0.052473,0.00149573,0.021210,18.9824,0.04457,2.45663
58296,0.576800,1,0.051727,0.00138584,0.013940,19.3578,0.04639,0.63961
58313,0.579600,1,0.050301,0.00146350,0.017467,18.6437,0.05257,0.07285
58330,0.611100,1,0.051682,0.00129939,0.012498,16.0673,0.05199,-0.77825
58347,0.586600,1,0.050891,0.00133891,0.016517,16.4571,0.03725,-0.90368
58364,0.533400,1,0.052210,0.00141413,0.012173,20.3800,0.06292,0.61733
58381,0.637000,1,0.052412,0.00138656,0.017945,17.1748,0.07715,0.42707
58398,0.541100,1,0.049896,0.00132502,0.019667,19.7039,0.03545,-0.65958
58415,0.550900,1,0.052346,0.00125311,0.018095,19.6723,0.02537,-0.03889
58432,0.625800,1,0.052423,0.00154055,0.017594,18.5485,0.06316,0.55075
58449,0.632100,1,0.052357,0.00156632,0.019843,18.8474,0.08722,-0.12315
58466,0.598500,1,0.052798,0.00131296,0.018047,19.5806,0.06825,-0.63680
58483,0.598500,1,0.052797,0.00132131,0.017960,17.6687,0.04489,0.67154
58500,0.583100,1,0.052128,0.00133165,0.016680,20.3382,0.07455,-0.62394
58517,0.641900,1,0.052244,0.00132767,0.017184,16.5071,0.06322,0.43656
58534,0.566300,1,0.049865,0.00144092,0.016841,18.3842,0.08508,1.16662
58551,0.613200,1,0.052225,0.00142804,0.018510,19.6412,0.07485,-0.21999
58568,0.613200,1,0.051559,0.00138203,0.015648,17.3280,0.07151,0.26153
58585,0.637700,1,0.050357,0.00132486,0.014203,16.8604,0.03435,0.57046
58602,0.592900,1,0.052015,0.00146622,0.019153,17.0800,0.06305,1.37812
58619,0.647500,1,0.051645,0.00155613,0.017913,16.2172,0.03981,-2.06895
58636,0.593600,1,0.051289,0.00152681,0.015893,19.4217,0.06454,-1.09187
58653,0.584500,1,0.051897,0.00133004,0.017971,19.1056,0.05994,-2.22947
58670,0.612500,1,0.051543,0.00151026,0.015530,17.5753,0.05361,1.04427
58687,0.521500,1,0.051253,0.00135335,0.012396,21.4395,0.06750,1.20154
58704,0.610400,1,0.052825,0.00145525,0.022474,18.5919,0.02964,-0.12570
58721,0.555800,1,0.050164,0.00134936,0.015541,19.3457,0.05037,-0.14829
58738,0.613200,1,0.052227,0.00142793,0.015896,18.8691,0.05685,0.98866
58755,0.596400,1,0.051788,0.00138955,0.021083,18.8903,0.05763,-0.19776
58772,0.688800,1,0.052550,0.00155780,0.020239,16.4616,0.04735,0.36662
58789,0.622300,1,0.051928,0.00141391,0.016347,16.4078,0.06299,-1.25576
58806,0.629300,1,0.051783,0.00151117,0.016827,17.9075,0.06105,0.84552
58823,0.648900,1,0.052736,0.00146847,0.023206,17.6075,0.06207,0.75847
58840,0.532700,1,0.052197,0.00156022,0.022187,19.8407,0.05587,-0.71147
58857,0.557900,1,0.050550,0.00144141,0.013932,18.3330,0.05923,-1.19097
58874,0.643300,1,0.050504,0.00143776,0.014484,16.8161,0.06954,0.02847
58891,0.565600,1,0.050275,0.00138697,0.013603,17.5735,0.04490,-1.12890
58908,0.559300,1,0.052387,0.00146524,0.022375,20.9734,0.08037,-0.10481
58925,0.639800,1,0.051877,0.00142592,0.019814,19.0719,0.03290,-1.17629
58942,0.590800,1,0.051824,0.00138064,0.021942,18.8052,0.06986,0.50577
58959,0.610400,1,0.050789,0.00153038,0.021798,16.9896,0.07641,-0.37658
58976,0.603400,1,0.051657,0.00137719,0.018766,16.3787,0.05733,-1.20962
58993,0.616700,1,0.051475,0.00146669,0.016234,16.9687,0.05586,1.63125
59010,0.525000,1,0.050232,0.00151022,0.016247,20.7234,0.07545,0.76462
59027,0.593600,1,0.051808,0.00137641,0.025981,20.6599,0.08175,-0.40975
59044,0.553000,1,0.052087,0.00141313,0.015065,18.6907,0.05413,-0.82392
59061,0.592900,1,0.051729,0.00153682,0.018054,16.3456,0.08052,-0.03258
59078,0.609700,1,0.052281,0.00137897,0.016469,18.3606,0.08954,1.06667
59095,0.644700,1,0.051069,0.00123669,0.020245,19.0093,0.06279,0.00434
59112,0.577500,1,0.052586,0.00143216,0.010601,20.4140,0.05447,-0.20019
59129,0.587300,1,0.052429,0.00134261,0.018769,17.2247,0.06005,-1.00130
59146,0.656600,1,0.053830,0.00153188,0.015230,17.8353,0.07653,-0.34772
59163,0.639100,1,0.053807,0.00165665,0.018410,16.0500,0.03836,-0.08125
59180,0.606900,1,0.052184,0.00132668,0.016974,17.7778,0.05439,-1.17795
59197,0.598500,1,0.053980,0.00138648,0.015971,19.9396,0.05572,1.82784
59214,0.584500,1,0.052600,0.00157438,0.021991,19.9783,0.06774,1.77122
59231,0.616700,1,0.051960,0.00137955,0.015394,16.6784,0.06259,-0.72478
59248,0.613900,1,0.050671,0.00157393,0.016724,16.1776,0.05983,-1.64310
59265,0.569100,1,0.050895,0.00145393,0.016932,18.9379,0.04405,-0.74090
59282,0.611800,1,0.050873,0.00149407,0.012940,17.2408,0.05881,-1.32989
59299,0.637700,1,0.052435,0.00151762,0.018359,16.5822,0.05558,0.83176
59316,0.700000,1,0.053837,0.00141432,0.016387,15.5321,0.03968,0.41321
59333,0.655200,1,0.053473,0.00149902,0.017041,18.0362,0.04502,2.00608
59350,0.583800,1,0.053856,0.00132871,0.019154,18.4743,0.06128,0.69263
59367,0.542500,1,0.051783,0.00137232,0.018612,20.9967,0.04585,0.56485
59384,0.585200,1,0.052774,0.00138580,0.015549,18.9247,0.06774,1.28994
59401,0.603400,1,0.052476,0.00149760,0.024486,19.0502,0.06536,0.28063
59418,0.563500,1,0.051172,0.00158746,0.016452,18.3057,0.07334,-0.94243
59435,0.614600,1,0.052132,0.00158619,0.013899,19.0819,0.07334,-0.46857
59452,0.574000,1,0.051886,0.00136426,0.016765,18.9726,0.05949,0.05187
59469,0.648900,1,0.050948,0.00147000,0.019264,16.0256,0.06920,-0.34480
59486,0.625100,1,0.052153,0.00133811,0.015807,16.9964,0.06525,0.34124
59503,0.564900,1,0.051192,0.00142803,0.018239,18.8049,0.05304,0.93237
59520,0.629300,1,0.050013,0.00142564,0.015085,17.1915,0.07856,-0.36331
59537,0.635600,1,0.051613,0.00148457,0.014650,16.1983,0.06832,-0.03953
59554,0.564900,1,0.052655,0.00131977,0.016239,20.2238,0.06363,-0.64782
59571,0.699300,1,0.051747,0.00154590,0.019780,14.6498,0.03207,-1.19626
59588,0.650300,1,0.052691,0.00153160,0.020985,15.9948,0.05089,-1.40984
59605,0.600600,1,0.052607,0.00142057,0.020976,18.6076,0.04119,1.47319
59622,0.580300,1,0.052350,0.00138674,0.019722,17.5684,0.06432,0.43703
59639,0.574000,1,0.052489,0.00139787,0.017301,20.6424,0.05422,0.77610
59656,0.578200,1,0.051027,0.00153057,0.014841,19.6000,0.04730,0.42741
59673,0.567000,1,0.051217,0.00149596,0.011797,20.7844,0.06140,0.05320
59690,0.600600,1,0.052451,0.00140850,0.024206,18.7842,0.07219,0.93746
59707,0.650300,1,0.053405,0.00145737,0.018072,17.1105,0.05424,1.41484
59724,0.575400,1,0.049384,0.00122160,0.016306,16.4808,0.05871,-1.12405
59741,0.676900,1,0.053947,0.00158328,0.020201,19.7481,0.07368,0.88902
59758,0.539700,1,0.051250,0.00139658,0.024749,20.8014,0.07775,-1.57877
59775,0.621600,1,0.050778,0.00144185,0.018152,16.7044,0.06745,1.41295
59792,0.613900,1,0.054032,0.00143075,0.020116,18.2388,0.07141,-2.04876
59809,0.598500,1,0.051695,0.00145104,0.019631,16.5163,0.04027,-1.92347
59826,0.602700,1,0.051814,0.00132732,0.017014,18.6577,0.05770,0.25385
59843,0.664300,1,0.052947,0.00142974,0.016783,16.7459,0.06971,-0.98689
59860,0.639100,1,0.050497,0.00143670,0.021927,15.6060,0.06412,1.80337
59877,0.599200,1,0.051730,0.00162526,0.013400,19.6191,0.06278,-0.32668
59894,0.652400,1,0.051872,0.00140305,0.015409,15.4076,0.05788,-0.78605
59911,0.610400,1,0.053713,0.00141890,0.015604,18.4562,0.06906,0.89829
59928,0.648200,1,0.052686,0.00140665,0.019686,16.3254,0.06784,1.03789
59945,0.587300,1,0.053051,0.00141028,0.015377,20.0187,0.07553,-1.21926
59962,0.596400,1,0.053422,0.00148692,0.020618,17.8382,0.06520,0.76629
59979,0.565600,1,0.050709,0.00132916,0.021252,18.7126,0.03236,-1.03646
59996,0.577500,1,0.050981,0.00147907,0.018740,19.1665,0.05416,-0.96682
60013,0.623700,1,0.052341,0.00157696,0.013470,17.3756,0.05112,0.78868
60030,0.512400,1,0.049162,0.00151393,0.021630,19.2945,0.04476,-0.19229
60047,0.621600,1,0.052386,0.00138352,0.016017,16.6890,0.06901,-0.93458
60064,0.578200,1,0.051112,0.00143576,0.018679,18.4564,0.05881,-0.10487
60081,0.607600,1,0.051330,0.00150515,0.015484,18.1551,0.05918,-0.00343
60098,0.610400,1,0.051891,0.00137865,0.018746,17.8726,0.04543,0.75988
60115,0.599200,1,0.052256,0.00148656,0.014484,17.3449,0.04512,-0.80927
60132,0.574700,1,0.049884,0.00159147,0.015718,18.5145,0.03966,0.20334
60149,0.604800,1,0.050621,0.00149688,0.023277,17.1544,0.08045,-0.61046
60166,0.560000,1,0.051671,0.00148183,0.014362,19.2704,0.04215,-1.19688
60183,0.595000,1,0.052494,0.00143833,0.018972,17.7268,0.07163,-0.15396
60200,0.606200,1,0.053599,0.00149916,0.014855,18.9625,0.08948,-0.50066
60217,0.662200,1,0.051740,0.00132536,0.010633,16.2470,0.08085,1.04265
60234,0.571200,1,0.050633,0.00160113,0.020169,18.8784,0.06377,-0.92680
60251,0.568400,1,0.051146,0.00156162,0.019983,18.8670,0.04015,-0.65833
60268,0.556500,1,0.051301,0.00161010,0.025542,19.3559,0.06143,0.33242
60285,0.512400,1,0.050448,0.00116467,0.020132,21.3481,0.07566,-0.23047
60302,0.620200,1,0.051855,0.00133160,0.015721,16.4836,0.06505,-0.01244
60319,0.566300,1,0.051145,0.00152454,0.017282,21.3346,0.06468,0.45470
60336,0.634200,1,0.053327,0.00149471,0.019530,16.7991,0.04744,-0.33400
60353,0.620200,1,0.052628,0.00148816,0.022316,17.4342,0.07130,-1.83009
60370,0.591500,1,0.051539,0.00162076,0.014019,19.1583,0.06109,1.70023
60387,0.639800,1,0.052129,0.00144979,0.014969,17.3267,0.03934,-1.09341
60404,0.625800,1,0.053163,0.00152908,0.019026,16.5343,0.04000,0.95026
60421,0.606200,1,0.052138,0.00144326,0.014349,16.4348,0.04671,-2.79044
60438,0.551600,1,0.050415,0.00166335,0.015774,19.2385,0.03387,0.64503
60455,0.639100,1,0.052328,0.00134168,0.016270,16.4160,0.04472,0.73929
60472,0.656600,1,0.053041,0.00146104,0.017229,14.9146,0.07864,2.14051
60489,0.553000,1,0.054586,0.00140968,0.014715,19.8922,0.05943,-0.31295
60506,0.583800,1,0.052180,0.00143485,0.016428,17.7363,0.06112,0.32227
60523,0.611100,1,0.051880,0.00141039,0.017887,17.2283,0.04804,-0.96627
60540,0.578900,1,0.051734,0.00139107,0.022239,18.7921,0.07516,0.68328
60557,0.570500,1,0.052717,0.00141425,0.020917,19.2347,0.07445,-1.17206
60574,0.539700,1,0.050970,0.00151018,0.019828,20.2934,0.05794,0.95187
60591,0.625800,1,0.054699,0.00153823,0.015638,18.6261,0.04829,-0.47107
60608,0.604800,1,0.053088,0.00140883,0.020425,18.5642,0.07882,1.15011
60625,0.572600,1,0.052194,0.00139677,0.022103,18.8241,0.05449,-0.41502
60642,0.662900,1,0.053167,0.00142107,0.018071,16.8400,0.02324,0.12201
60659,0.608300,1,0.051715,0.00139204,0.022563,17.5679,0.06410,-0.95557
60676,0.667100,1,0.052577,0.00135736,0.021059,18.1826,0.06219,0.65129
60693,0.662200,1,0.051382,0.00160554,0.015947,16.1284,0.07783,-1.73907
60710,0.606200,1,0.051952,0.00147446,0.026595,17.4026,0.05462,-1.85976
60727,0.612500,1,0.051328,0.00141332,0.018673,19.3349,0.05767,-1.75928
60744,0.651700,1,0.052094,0.00157255,0.014704,16.3781,0.06244,0.23456
60761,0.557200,1,0.052129,0.00129960,0.007856,19.6241,0.07642,-0.82498
60778,0.634900,1,0.051145,0.00145721,0.017458,18.2368,0.04961,0.06954
60795,0.604100,1,0.051947,0.00138031,0.014575,18.0531,0.05092,1.29137
60812,0.537600,1,0.050986,0.00148117,0.021283,20.7371,0.08199,-0.82242
60829,0.615300,1,0.051149,0.00164748,0.014548,17.8376,0.05887,0.18392
60846,0.595700,1,0.051077,0.00137769,0.022159,17.6915,0.05076,-0.61917
60863,0.613900,1,0.051166,0.00141375,0.026811,18.8839,0.08289,0.07203
60880,0.548800,1,0.051034,0.00147136,0.016903,17.8830,0.05111,-1.22406
60897,0.645400,1,0.052717,0.00143895,0.014188,17.1031,0.06737,1.25275
60914,0.579600,1,0.053192,0.00137618,0.011695,17.3023,0.04451,-0.75414
60931,0.674800,1,0.048592,0.00154703,0.020096,14.9855,0.05888,-1.37249
60948,0.576800,1,0.050236,0.00142864,0.014028,17.6440,0.05076,1.79514
60965,0.620200,1,0.052618,0.00135381,0.018617,19.3625,0.06909,0.77487
60982,0.622300,1,0.051405,0.00141219,0.017600,17.5988,0.04663,0.34210
60999,0.603400,1,0.052596,0.00141110,0.020460,17.7108,0.06103,-0.19392
61016,0.616000,1,0.051110,0.00147929,0.020764,18.6270,0.05704,-0.09825
61033,0.588700,1,0.051643,0.00135874,0.019346,21.0231,0.04737,0.76073
61050,0.582400,1,0.051204,0.00137460,0.017379,17.9081,0.04341,0.21838
61067,0.594300,1,0.054261,0.00145476,0.016030,18.8703,0.05194,0.19401
61084,0.607600,1,0.052390,0.00146378,0.015251,18.0845,0.06485,-1.23394
61101,0.628600,1,0.052771,0.00142785,0.017985,17.7374,0.08257,1.28083
61118,0.658700,1,0.053562,0.00133339,0.016290,16.9175,0.06983,0.28130
61135,0.636300,1,0.053615,0.00136470,0.014907,17.8281,0.07176,0.01358
61152,0.543900,1,0.050918,0.00144590,0.014900,19.1409,0.05227,0.15730
61169,0.622300,1,0.052285,0.00147921,0.013411,18.4113,0.04275,0.01068
61186,0.641900,1,0.052563,0.00145126,0.018907,18.9747,0.06761,-0.96238
61203,0.589400,1,0.052443,0.00132895,0.019932,18.2576,0.05110,1.08126
61220,0.578900,1,0.053400,0.00135356,0.018402,19.2227,0.04369,-0.10364
61237,0.534100,1,0.051007,0.00153728,0.019140,18.8331,0.04855,0.19706
61254,0.648900,1,0.052252,0.00142008,0.017367,18.6331,0.06343,-0.15064
61271,0.577500,1,0.053280,0.00137258,0.013525,19.1866,0.03944,-1.26677
61288,0.594300,1,0.052090,0.00156477,0.027825,18.1997,0.03858,0.91151
61305,0.552300,1,0.051351,0.00127080,0.022352,19.3452,0.05068,-0.62203
61322,0.630700,1,0.050125,0.00148679,0.009855,20.7192,0.05283,1.44605
61339,0.565600,1,0.053333,0.00139570,0.022195,19.5226,0.02521,0.07912
61356,0.621600,1,0.051689,0.00143305,0.017912,16.9037,0.06271,-0.52630
61373,0.635600,1,0.053087,0.00139946,0.015456,16.9961,0.05956,-1.24097
61390,0.588700,1,0.050949,0.00141443,0.017016,19.1576,0.06102,-0.89703
61407,0.618800,1,0.051411,0.00121632,0.013698,17.6961,0.04290,0.68358
61424,0.614600,1,0.051542,0.00141927,0.020629,16.0833,0.08148,-0.45157
61441,0.673400,1,0.051884,0.00142130,0.017899,15.4424,0.04640,0.78024
61458,0.563500,1,0.052481,0.00154124,0.012183,19.0122,0.07515,0.85626
61475,0.599200,1,0.052418,0.00150943,0.014993,20.1591,0.07282,0.32205
61492,0.636300,1,0.050783,0.00140331,0.012811,15.7360,0.03971,1.00979
61509,0.590100,1,0.053413,0.00156092,0.016986,17.4302,0.07594,0.89637
61526,0.588700,1,0.051617,0.00129990,0.015615,18.7938,0.05294,-0.38752
61543,0.641900,1,0.054544,0.00148132,0.018002,17.4044,0.04389,-0.77008
61560,0.634900,1,0.053337,0.00156817,0.024472,17.6263,0.09066,-0.31816
61577,0.550900,1,0.051568,0.00141752,0.017243,20.3724,0.07036,-1.13271
61594,0.582400,1,0.050699,0.00127460,0.017367,17.3031,0.05226,-0.14376
61611,0.592900,1,0.052412,0.00147421,0.021925,20.3434,0.07128,1.57937
61628,0.691600,1,0.052682,0.00130482,0.014205,19.5338,0.06148,-0.82370
61645,0.560700,1,0.050796,0.00135891,0.016622,19.0756,0.04863,-0.22216
61662,0.571200,1,0.052087,0.00152102,0.015797,18.4749,0.05190,-0.66820
61679,0.609700,1,0.051761,0.00153930,0.018373,18.8591,0.05768,1.24920
61696,0.627900,1,0.053508,0.00144102,0.017094,17.8424,0.03240,-0.33090
61713,0.601300,1,0.052857,0.00149230,0.017028,18.8121,0.04672,-0.61471
61730,0.607600,1,0.050610,0.00143612,0.020283,15.9954,0.06031,-0.67926
61747,0.587300,1,0.051584,0.00151210,0.017917,18.1187,0.08383,1.01819
61764,0.592200,1,0.051477,0.00137989,0.019901,17.6347,0.06477,-0.12420
61781,0.595000,1,0.051138,0.00163008,0.008276,19.2924,0.06587,-1.31663
61798,0.611100,1,0.052606,0.00152635,0.018476,17.8852,0.06796,0.86944
61815,0.593600,1,0.051277,0.00146614,0.018495,18.8465,0.07212,-0.54742
61832,0.607600,1,0.051454,0.00135431,0.011923,18.9566,0.06315,-0.02439
61849,0.545300,1,0.052279,0.00149863,0.014992,19.5895,0.03576,-0.43846
61866,0.581000,1,0.050802,0.00146699,0.019046,18.7878,0.02858,0.07393
61883,0.590800,1,0.050754,0.00170899,0.022272,20.0432,0.04129,0.79977
61900,0.656600,1,0.052748,0.00140321,0.016035,16.8279,0.08172,-0.25682
61917,0.623000,1,0.052298,0.00141205,0.016460,18.9392,0.07567,0.78289
61934,0.637000,1,0.052038,0.00161378,0.023170,17.4462,0.05462,-0.85485
61951,0.598500,1,0.052796,0.00131458,0.017528,16.6552,0.05630,-0.35119
61968,0.623000,1,0.052376,0.00161217,0.023236,18.6063,0.04837,0.36250
61985,0.616000,1,0.052778,0.00150027,0.015836,19.8591,0.05591,-0.23517
62002,0.594300,1,0.053608,0.00135480,0.018438,17.2696,0.06366,0.02512
62019,0.603400,1,0.052549,0.00147067,0.019239,18.6885,0.08408,1.61486
62036,0.671300,1,0.051448,0.00150302,0.017652,16.6870,0.05906,-1.61130
62053,0.562100,1,0.051587,0.00159777,0.018059,20.0812,0.05721,0.70904
62070,0.625800,1,0.053177,0.00148043,0.018290,18.0486,0.04490,-0.95377
62087,0.550900,1,0.052206,0.00147012,0.014355,19.7016,0.05849,0.47128
62104,0.599200,1,0.050324,0.00139349,0.014448,17.8635,0.04288,1.11738
62121,0.578200,1,0.051829,0.00148428,0.016217,18.8785,0.03852,-0.57462
62138,0.603400,1,0.052221,0.00132508,0.018859,17.8513,0.03948,0.94788
62155,0.625800,1,0.052556,0.00144399,0.018886,18.7707,0.04484,-0.18933
62172,0.632100,1,0.051659,0.00148966,0.020608,17.7965,0.07031,1.02052
62189,0.543900,1,0.051600,0.00134476,0.016127,18.5090,0.05047,-0.32338
62206,0.573300,1,0.051710,0.00137847,0.014101,18.7612,0.02568,1.63140
62223,0.661500,1,0.053544,0.00155333,0.019335,15.0988,0.03639,0.94558
62240,0.655900,1,0.051313,0.00157441,0.024102,18.5788,0.06762,-0.16861
62257,0.628600,1,0.052688,0.00148308,0.018959,18.4133,0.03610,0.61827
62274,0.613900,1,0.052237,0.00164951,0.011007,17.9603,0.07615,0.45654
62291,0.633500,1,0.051378,0.00139306,0.018149,17.1924,0.07076,0.41576
62308,0.597800,1,0.050729,0.00144618,0.022603,17.9500,0.04794,1.54930
62325,0.661500,1,0.050872,0.00136731,0.022956,18.5495,0.06452,-0.94902
62342,0.580300,1,0.052302,0.00146779,0.017445,18.5316,0.05974,1.43342
62359,0.598500,1,0.050012,0.00140325,0.015178,16.1496,0.06154,1.17707
62376,0.642600,1,0.052862,0.00142959,0.020149,16.4268,0.06106,0.43247
62393,0.576800,1,0.052873,0.00146748,0.015136,19.0366,0.06332,-0.92711
62410,0.618800,1,0.051060,0.00136156,0.013958,17.5367,0.06009,0.07682
62427,0.590800,1,0.049471,0.00152467,0.013887,17.4162,0.04531,1.30677
62444,0.632800,1,0.052587,0.00134680,0.017017,14.4136,0.05048,-1.05891
62461,0.597800,1,0.052042,0.00130150,0.019059,17.8288,0.06357,-1.22364
62478,0.580300,1,0.051955,0.00139205,0.016242,18.2674,0.03584,-1.26026
62495,0.636300,1,0.051926,0.00139443,0.018004,15.8762,0.05551,-0.95262
62512,0.606900,1,0.052116,0.00145604,0.017558,16.5098,0.05377,2.02679
62529,0.646100,1,0.052073,0.00137973,0.020364,17.4575,0.06772,-0.12050
62546,0.607600,1,0.051478,0.00146465,0.010747,17.3717,0.06557,-0.59264
62563,0.584500,1,0.052068,0.00137016,0.009774,18.2559,0.06851,0.47735
62580,0.613200,1,0.052357,0.00151310,0.028307,17.5997,0.06341,0.50540
62597,0.588000,1,0.052271,0.00144711,0.017175,18.4783,0.06149,0.33950
62614,0.574700,1,0.050978,0.00148710,0.017963,18.3382,0.06326,-0.01604
62631,0.641200,1,0.052699,0.00118867,0.012109,16.9876,0.07477,0.48080
62648,0.583800,1,0.050264,0.00168239,0.012994,16.4825,0.04360,-0.22005
62665,0.540400,1,0.052627,0.00131775,0.010746,19.1980,0.06253,-0.38538
62682,0.588000,1,0.052439,0.00144301,0.020881,19.1944,0.06109,1.33755
62699,0.551600,1,0.050026,0.00153526,0.012209,19.2441,0.05166,1.11604
62716,0.609000,1,0.050449,0.00152378,0.018785,16.2129,0.05231,0.84527
62733,0.588700,1,0.051934,0.00145585,0.015033,19.4274,0.07162,-1.93561
62750,0.654500,1,0.051043,0.00145270,0.018075,16.3675,0.05358,-1.65254
62767,0.601300,1,0.052098,0.00131126,0.011439,16.9019,0.08348,-0.44162
62784,0.597800,1,0.052574,0.00147726,0.017897,18.1387,0.06948,1.66476
62801,0.560000,1,0.050737,0.00145278,0.021016,16.8990,0.02072,-1.72695
62818,0.569100,1,0.052706,0.00149240,0.019402,17.8159,0.08266,-0.49707
62835,0.645400,1,0.053344,0.00147175,0.014053,18.2420,0.06387,0.57517
62852,0.673400,1,0.053437,0.00158066,0.019493,17.5387,0.05932,-0.74072
62869,0.616700,1,0.054026,0.00149023,0.018379,16.1079,0.06468,0.12622
62886,0.648200,1,0.052028,0.00147523,0.026243,17.7703,0.07399,-0.62814
62903,0.612500,1,0.052648,0.00130277,0.015385,18.1212,0.08522,-0.47095
62920,0.576800,1,0.053477,0.00140180,0.012333,17.2387,0.06616,0.07790
62937,0.602700,1,0.051616,0.00134578,0.020665,19.3975,0.05936,1.39343
62954,0.605500,1,0.051178,0.00142376,0.019529,18.0947,0.08349,0.39577
62971,0.569100,1,0.052159,0.00146751,0.016641,17.8577,0.06770,-0.03583
62988,0.655900,1,0.053023,0.00143019,0.024269,15.1342,0.05106,-0.72554
63005,0.695800,1,0.053628,0.00142682,0.020394,17.1243,0.05535,0.16241
63022,0.637700,1,0.052130,0.00153702,0.022379,18.6032,0.06616,-0.04836
63039,0.605500,1,0.051529,0.00146037,0.017205,18.0869,0.08589,0.75478
63056,0.596400,1,0.049850,0.00149298,0.017974,18.7858,0.08392,-0.64497
63073,0.592200,1,0.053107,0.00157703,0.015873,19.2761,0.05057,-0.65156
63090,0.620200,1,0.051145,0.00153745,0.014840,16.8867,0.05735,-0.70261
63107,0.579600,1,0.050805,0.00144167,0.021254,21.1819,0.06380,-2.21678
63124,0.593600,1,0.052705,0.00147438,0.013402,18.7391,0.05644,-0.65981
63141,0.609000,1,0.052952,0.00146364,0.018750,18.8724,0.03771,-1.27847
63158,0.599200,1,0.051101,0.00147031,0.018009,18.3496,0.06381,-0.19920
63175,0.603400,1,0.053170,0.00159138,0.014486,18.0450,0.05605,-1.40007
63192,0.598500,1,0.051812,0.00137121,0.015509,16.8400,0.07039,0.97913
63209,0.615300,1,0.051439,0.00155092,0.017752,17.3850,0.07373,-0.47943
63226,0.674800,1,0.053853,0.00158280,0.023256,16.5868,0.06048,1.06690
63243,0.599900,1,0.053237,0.00147163,0.010294,16.6775,0.05576,0.46486
63260,0.576800,1,0.051362,0.00153514,0.023641,19.4768,0.05797,-0.77658
63277,0.552300,1,0.050917,0.00143787,0.019724,20.1532,0.05924,-0.37053
63294,0.686000,1,0.052891,0.00153637,0.012494,15.4592,0.05078,1.34931
63311,0.603400,1,0.052732,0.00148880,0.021490,18.4297,0.06354,0.65937
63328,0.568400,1,0.051991,0.00144067,0.015331,20.0974,0.04078,0.16768
63345,0.684600,1,0.051899,0.00150619,0.015907,15.7808,0.08388,1.08861
63362,0.604800,1,0.051021,0.00144680,0.014484,17.5390,0.07034,0.75632
63379,0.616700,1,0.050201,0.00141054,0.017503,18.9863,0.07606,0.77680
63396,0.611800,1,0.053422,0.00153139,0.013493,17.6901,0.06718,0.44208
63413,0.581000,1,0.052948,0.00149122,0.015507,18.9144,0.05799,0.16544
63430,0.565600,1,0.050555,0.00133833,0.022370,18.1683,0.07673,0.05412
63447,0.669200,1,0.052447,0.00155067,0.015706,14.6915,0.06391,-1.16823
63464,0.608300,1,0.051088,0.00143670,0.018698,18.2945,0.06942,-0.88224
63481,0.577500,1,0.052872,0.00160264,0.024817,18.9913,0.04219,-0.95293
63498,0.665000,1,0.052662,0.00148569,0.022096,18.4633,0.06479,-0.57432
63515,0.621600,1,0.052671,0.00146705,0.022419,19.1903,0.06951,0.57134
63532,0.602700,1,0.053622,0.00140996,0.015510,17.2932,0.01994,0.45532
63549,0.615300,1,0.052595,0.00135900,0.020265,17.8668,0.06381,0.32004
63566,0.602700,1,0.054098,0.00146457,0.011047,19.1458,0.06399,-0.13976
63583,0.636300,1,0.051742,0.00145786,0.023520,18.2347,0.07218,0.23576
63600,0.588000,1,0.052507,0.00159414,0.021441,19.9387,0.08292,0.80009
63617,0.703500,1,0.052647,0.00140453,0.017326,15.8766,0.06452,0.00719
63634,0.625100,1,0.052266,0.00134898,0.018925,16.3183,0.06236,0.39665
63651,0.559300,1,0.051610,0.00135620,0.022279,19.4706,0.06613,-0.41702
63668,0.672700,1,0.052183,0.00142274,0.018985,17.0108,0.06516,0.28756
63685,0.648900,1,0.052291,0.00138152,0.014754,16.0542,0.06736,0.73603
63702,0.611100,1,0.053619,0.00149111,0.018867,17.5281,0.06836,-1.61625
63719,0.611100,1,0.049448,0.00155008,0.016626,18.0421,0.06936,2.09286
63736,0.613200,1,0.051930,0.00154177,0.019754,17.7391,0.04955,-1.94983
63753,0.626500,1,0.051897,0.00149556,0.018665,15.2376,0.04403,-0.54637
63770,0.588700,1,0.050365,0.00139693,0.016848,17.2602,0.06788,0.22512
63787,0.688100,1,0.052873,0.00149041,0.019052,15.0752,0.08987,-0.78982
63804,0.617400,1,0.052228,0.00153893,0.020251,19.8755,0.08450,-0.07792
63821,0.602000,1,0.052357,0.00143913,0.020920,18.9046,0.07685,0.43750
63838,0.601300,1,0.051925,0.00150996,0.013593,20.2148,0.05410,0.13311
63855,0.576100,1,0.051310,0.00155485,0.017723,18.1577,0.08294,-0.74706
63872,0.565600,1,0.051177,0.00143552,0.013086,17.3079,0.04957,-0.31147
63889,0.613200,1,0.052181,0.00132283,0.016299,17.0876,0.06091,-0.12918
63906,0.553700,1,0.051573,0.00144878,0.015903,18.1467,0.05355,-1.11308
63923,0.561400,1,0.053205,0.00142425,0.011623,20.2243,0.04243,-0.57838
63940,0.618800,1,0.051519,0.00150973,0.022558,18.9888,0.07115,-1.36646
63957,0.607600,1,0.051427,0.00143194,0.019867,16.0675,0.04372,0.78330
63974,0.627900,1,0.051654,0.00124740,0.012781,15.5666,0.09516,0.75257
63991,0.667800,1,0.052759,0.00145596,0.019636,16.8438,0.07194,-0.29616
64008,0.616700,1,0.051666,0.00143611,0.019276,16.8699,0.07487,1.30789
64025,0.559300,1,0.051187,0.00139570,0.020167,18.2727,0.05763,-0.77929
64042,0.583100,1,0.051141,0.00157309,0.015175,17.5959,0.05267,-0.57560
64059,0.622300,1,0.051956,0.00143766,0.016007,18.2099,0.06486,0.12497
64076,0.631400,1,0.053032,0.00158245,0.020139,17.2692,0.08544,-1.56358
64093,0.632100,1,0.052993,0.00149512,0.013920,18.5929,0.05826,-1.69566
64110,0.500500,1,0.050972,0.00150402,0.016718,21.8335,0.03072,-1.17814
64127,0.623700,1,0.052825,0.00142405,0.015292,16.1929,0.08416,0.64440
64144,0.571200,1,0.051084,0.00129346,0.023830,19.0940,0.06563,0.07514
64161,0.614600,1,0.051779,0.00148514,0.015874,19.5742,0.06663,-0.31385
64178,0.607600,1,0.053066,0.00147276,0.015891,18.3970,0.08195,0.40839
64195,0.606900,1,0.053830,0.00148223,0.017450,18.8057,0.05811,0.28295
64212,0.567000,1,0.051773,0.00133498,0.019139,18.8218,0.03416,0.23340
64229,0.615300,1,0.051858,0.00150530,0.013231,17.4159,0.05260,0.26805
64246,0.627900,1,0.051431,0.00146345,0.017868,17.7887,0.06067,0.65568
64263,0.647500,1,0.052945,0.00149024,0.018044,19.3877,0.08337,0.68395
64280,0.583100,1,0.050804,0.00138287,0.016006,18.2154,0.05623,-0.90993
64297,0.609000,1,0.053515,0.00142804,0.019358,18.7928,0.05250,0.97862
64314,0.680400,1,0.052633,0.00140214,0.015804,17.0336,0.02772,0.75877
64331,0.625800,1,0.053890,0.00145561,0.015576,18.6878,0.06181,-0.75674
64348,0.607600,1,0.053335,0.00162704,0.024490,19.2321,0.03267,-0.96048
64365,0.617400,1,0.052377,0.00128495,0.013510,15.7410,0.03477,-1.52215
64382,0.569100,1,0.050195,0.00137730,0.015680,17.2557,0.04951,-0.30031
64399,0.613200,1,0.050595,0.00165330,0.019255,19.2988,0.03401,0.42223
64416,0.556500,1,0.050904,0.00143371,0.016086,19.3980,0.06138,-0.38578
64433,0.643300,1,0.050279,0.00148200,0.019569,15.5099,0.05278,-2.05968
64450,0.608300,1,0.051355,0.00141865,0.013465,17.1561,0.06895,0.40573
64467,0.585200,1,0.052680,0.00141030,0.020101,16.6333,0.02897,1.07564
64484,0.602700,1,0.049355,0.00140003,0.023119,17.6163,0.07635,-1.58413
64501,0.578200,1,0.052146,0.00134650,0.018112,19.1928,0.05111,0.72821
64518,0.622300,1,0.052169,0.00152538,0.020855,19.0113,0.07032,1.58800
64535,0.666400,1,0.054585,0.00143545,0.020774,15.6340,0.06957,0.15170
64552,0.636300,1,0.052425,0.00148849,0.022496,19.2974,0.07573,-2.49935
64569,0.575400,1,0.050781,0.00139657,0.020841,19.6373,0.07948,-1.30763
64586,0.625100,1,0.052902,0.00147379,0.017318,18.8037,0.06264,-0.66048
64603,0.672700,1,0.053378,0.00154454,0.021188,15.4576,0.05129,-0.84811
64620,0.659400,1,0.053032,0.00148240,0.017997,17.5101,0.06491,-0.07584
64637,0.585200,1,0.050069,0.00150125,0.020531,16.9492,0.04435,0.96464
64654,0.645400,1,0.051288,0.00136423,0.021736,15.8903,0.04403,-0.04076
64671,0.597800,1,0.052054,0.00132640,0.010047,17.9376,0.05291,-1.73423
64688,0.552300,1,0.052292,0.00133966,0.014898,20.7649,0.04563,1.49750
64705,0.607600,1,0.051724,0.00158539,0.017725,17.8701,0.06844,-0.69947
64722,0.564200,1,0.052441,0.00136562,0.021079,19.1156,0.06539,0.47160
64739,0.561400,1,0.051170,0.00136558,0.017807,19.8529,0.02956,-0.90277
64756,0.650300,1,0.050972,0.00140238,0.018319,16.7212,0.06058,0.05033
64773,0.658700,1,0.050719,0.00139690,0.023540,16.8254,0.05543,-0.19920
64790,0.667100,1,0.051744,0.00131593,0.018265,16.4967,0.05811,-0.10372
64807,0.625800,1,0.050847,0.00161222,0.018482,16.7028,0.07992,0.82433
64824,0.655900,1,0.051786,0.00145857,0.017527,17.0581,0.08869,1.11314
64841,0.628600,1,0.049204,0.00140177,0.016429,16.8567,0.04178,0.44713
64858,0.574700,1,0.051220,0.00140587,0.017499,20.0550,0.06160,-1.18338
64875,0.632800,1,0.051490,0.00139909,0.019563,16.7114,0.03905,1.01152
64892,0.611800,1,0.051299,0.00153407,0.020210,18.5412,0.02406,1.28612
64909,0.652400,1,0.053086,0.00139408,0.023671,17.0345,0.06477,0.79257
64926,0.634200,1,0.050981,0.00162918,0.021107,15.6184,0.06256,0.71162
64943,0.559300,1,0.051273,0.00157404,0.012997,19.1557,0.03684,-0.96917
64960,0.585200,1,0.053307,0.00145626,0.018702,18.6710,0.04324,-1.84171
64977,0.615300,1,0.051778,0.00151818,0.014386,18.7899,0.07136,0.04088
64994,0.579600,1,0.053110,0.00148278,0.012916,21.2231,0.05234,0.21842
65011,0.533400,1,0.053413,0.00144450,0.018386,20.3520,0.06837,0.09454
65028,0.620200,1,0.051297,0.00145399,0.018998,16.1402,0.07298,1.10560
65045,0.603400,1,0.052522,0.00151437,0.018040,18.7933,0.06984,-0.21324
65062,0.623700,1,0.053231,0.00144986,0.020070,19.2592,0.06126,-0.89305
65079,0.662900,1,0.053730,0.00156364,0.013390,15.7717,0.06668,-1.31367
65096,0.634900,1,0.052761,0.00151708,0.011961,18.8493,0.06779,-0.21963
65113,0.588700,1,0.053252,0.00135656,0.014068,18.6878,0.03500,0.64717
65130,0.611800,1,0.050782,0.00138171,0.010323,17.5771,0.05545,-0.78680
65147,0.608300,1,0.053219,0.00153439,0.019119,17.1454,0.03407,0.63801
65164,0.613900,1,0.053783,0.00147280,0.018323,17.3683,0.05698,0.56304
65181,0.621600,1,0.052027,0.00132039,0.015590,16.3975,0.02785,-1.41116
65198,0.544600,1,0.051034,0.00137874,0.012893,19.7353,0.08194,1.30884
65215,0.586600,1,0.050504,0.00151948,0.019919,19.1614,0.05058,-0.84916
65232,0.632800,1,0.051274,0.00148239,0.024987,17.0053,0.05254,0.96164
65249,0.601300,1,0.051112,0.00147562,0.013986,17.1333,0.06184,0.59727
65266,0.630700,1,0.050688,0.00122336,0.019836,16.6007,0.05772,0.17326
65283,0.640500,1,0.050546,0.00169910,0.025361,16.0669,0.05409,0.51470
65300,0.606200,1,0.052607,0.00151547,0.015811,17.9835,0.06319,-0.56506
65317,0.557900,1,0.050747,0.00148107,0.013164,18.8575,0.05412,0.61798
65334,0.611100,1,0.050752,0.00150837,0.020132,17.2486,0.05543,-0.08787
65351,0.623000,1,0.050707,0.00136717,0.021958,15.3011,0.06340,0.82090
65368,0.609000,1,0.050722,0.00144499,0.015199,17.8002,0.07918,0.28036
65385,0.562800,1,0.050768,0.00139067,0.026061,16.7948,0.04584,0.47681
65402,0.637000,1,0.052443,0.00151893,0.013360,16.4331,0.05732,0.05141
65419,0.594300,1,0.051088,0.00151250,0.017841,17.2695,0.04892,-1.10646
65436,0.640500,1,0.052226,0.00142405,0.023368,16.4274,0.05007,-0.37859
65453,0.586600,1,0.052432,0.00161603,0.021513,18.6396,0.04901,-0.74082
65470,0.606200,1,0.052294,0.00162137,0.012424,17.1644,0.05230,-0.58995
65487,0.627200,1,0.052290,0.00151378,0.015835,15.8517,0.04518,-0.35710
65504,0.644700,1,0.051029,0.00144508,0.021166,16.6756,0.06937,-0.51641
65521,0.573300,1,0.050759,0.00161781,0.017768,19.8366,0.04148,-1.68491
65538,0.650300,1,0.049651,0.00143440,0.015669,15.6880,0.07425,0.86417
65555,0.639800,1,0.052936,0.00149818,0.017792,18.3617,0.08881,-0.00415
65572,0.591500,1,0.052328,0.00142260,0.011324,19.0578,0.07143,-1.44380
65589,0.640500,1,0.052135,0.00164542,0.019666,16.1602,0.09729,-1.02744
65606,0.615300,1,0.051272,0.00139110,0.021067,18.1018,0.07014,0.57904
65623,0.595000,1,0.051846,0.00139910,0.021006,17.0536,0.03787,-0.17139
65640,0.659400,1,0.051485,0.00140367,0.014659,15.8888,0.05847,0.68383
65657,0.627900,1,0.052725,0.00154010,0.015963,19.8269,0.04594,-0.66877
65674,0.578200,1,0.052429,0.00151296,0.014333,20.5576,0.07011,0.99319
65691,0.559300,1,0.053113,0.00150085,0.023481,19.3755,0.08837,-0.05600
65708,0.587300,1,0.051356,0.00150211,0.023701,20.4503,0.05527,2.06126
65725,0.637700,1,0.052240,0.00149268,0.014341,19.5660,0.09016,-0.58585
65742,0.607600,1,0.051939,0.00145008,0.020257,18.1954,0.06173,1.01521
65759,0.713300,1,0.050648,0.00144327,0.017817,15.0165,0.08526,0.19967
65776,0.584500,1,0.050618,0.00142933,0.016318,18.7930,0.05756,0.56986
65793,0.629300,1,0.052353,0.00141030,0.014654,18.8484,0.06385,-0.39136
65810,0.629300,1,0.051309,0.00153033,0.020817,18.6734,0.04671,-0.17015
65827,0.655900,1,0.052819,0.00146649,0.021609,16.9865,0.08825,-0.88812
65844,0.674100,1,0.051689,0.00152181,0.020906,15.5258,0.06627,-0.36148
65861,0.597800,1,0.051180,0.00139349,0.014503,20.1520,0.07410,-0.09903
65878,0.553700,1,0.051708,0.00156698,0.020634,19.3705,0.08013,-0.74634
65895,0.636300,1,0.053688,0.00140267,0.018929,16.7784,0.06462,0.29771
65912,0.581700,1,0.051541,0.00140259,0.018872,20.5052,0.05702,1.12905
65929,0.630700,1,0.052130,0.00147837,0.022302,17.4191,0.05446,-1.62066
65946,0.540400,1,0.052011,0.00139277,0.014815,20.5919,0.06698,-0.34163
65963,0.596400,1,0.050575,0.00137030,0.016824,20.3632,0.05202,1.58665
65980,0.554400,1,0.052961,0.00126866,0.016847,18.1762,0.04245,-0.15238
65997,0.533400,1,0.050610,0.00147179,0.016273,20.2345,0.04816,-1.47096
66014,0.578200,1,0.052122,0.00146411,0.023709,19.6570,0.04628,0.63680
66031,0.584500,1,0.052612,0.00143774,0.015048,19.6812,0.07824,0.81872
66048,0.670600,1,0.053990,0.00141076,0.017078,16.9157,0.06098,-0.93964
66065,0.616700,1,0.051336,0.00163062,0.018478,16.4172,0.07831,1.14526
66082,0.657300,1,0.052640,0.00147257,0.015045,14.9625,0.05632,-0.71653
66099,0.692300,1,0.054019,0.00141129,0.019930,15.3222,0.05275,1.42019
66116,0.596400,1,0.049535,0.00149405,0.017858,17.3589,0.04887,-1.91450
66133,0.642600,1,0.051112,0.00147019,0.016125,16.9851,0.04550,-0.90506
66150,0.664300,1,0.051771,0.00151311,0.011093,19.4851,0.10167,0.84919
66167,0.547400,1,0.052377,0.00155375,0.020069,19.9971,0.05940,-0.46991
66184,0.582400,1,0.050225,0.00142849,0.020592,19.2155,0.07879,-1.93418
66201,0.539000,1,0.051585,0.00133988,0.020184,19.4376,0.05678,-0.94542
66218,0.570500,1,0.051615,0.00128197,0.017648,17.8237,0.04211,0.04747
66235,0.637000,1,0.052146,0.00142540,0.022238,17.1263,0.06400,0.13787
66252,0.647500,1,0.053740,0.00166273,0.020522,18.6924,0.06628,0.86476
66269,0.625800,1,0.054704,0.00140364,0.010599,17.4960,0.05759,-1.92713
66286,0.564900,1,0.052365,0.00145819,0.020060,17.4895,0.05032,0.03529
66303,0.602000,1,0.050068,0.00131255,0.014835,19.0101,0.04456,0.54410
66320,0.672000,1,0.052242,0.00137641,0.015237,15.6138,0.06659,2.35395
66337,0.565600,1,0.052582,0.00154010,0.012438,20.1828,0.05009,1.54307
66354,0.593600,1,0.052132,0.00146995,0.017056,18.6910,0.03880,-0.73878
66371,0.600600,1,0.053479,0.00142988,0.014869,18.6483,0.04639,-0.99965
66388,0.644700,1,0.053075,0.00158667,0.017160,18.0084,0.04535,-0.34703
66405,0.630000,1,0.051161,0.00150747,0.022066,16.1353,0.07338,-0.07578
66422,0.633500,1,0.054153,0.00153503,0.019688,19.4227,0.06561,-1.09188
66439,0.629300,1,0.051566,0.00126777,0.019363,14.9662,0.04949,-0.01106
66456,0.608300,1,0.053336,0.00141093,0.024135,18.5870,0.06573,-0.57922
66473,0.559300,1,0.053192,0.00152187,0.019584,21.1612,0.05418,-0.37330
66490,0.604800,1,0.051962,0.00147622,0.014505,18.1079,0.06380,0.18543
66507,0.601300,1,0.054034,0.00144972,0.014860,18.9843,0.06333,-0.28899
66524,0.598500,1,0.052595,0.00142197,0.012285,19.7229,0.06083,0.99684
66541,0.543200,1,0.050880,0.00152706,0.019079,19.9404,0.05614,-0.07379
66558,0.672000,1,0.050028,0.00142646,0.013087,17.0668,0.07509,-0.53600
66575,0.594300,1,0.052966,0.00159747,0.016227,20.5956,0.04823,0.86306
66592,0.583800,1,0.052014,0.00130732,0.015566,19.2328,0.04561,-0.94339
66609,0.610400,1,0.051968,0.00136194,0.010857,16.2128,0.06390,0.71036
66626,0.597100,1,0.052253,0.00141363,0.015670,17.0790,0.03117,-0.24913
66643,0.596400,1,0.053704,0.00132776,0.014258,18.9793,0.05108,0.01397
66660,0.609000,1,0.050656,0.00155519,0.017885,15.9411,0.05406,0.99522
66677,0.592900,1,0.052467,0.00150847,0.018018,18.3236,0.05785,1.52684
66694,0.627200,1,0.051944,0.00161235,0.023102,16.6397,0.05537,0.58702
66711,0.605500,1,0.053276,0.00147404,0.025776,18.8620,0.10088,0.46040
66728,0.627200,1,0.051146,0.00156990,0.017117,16.4822,0.04309,-0.39449
66745,0.574000,1,0.051757,0.00139349,0.016085,18.2611,0.04007,0.70856
66762,0.586600,1,0.051783,0.00158118,0.009038,18.4475,0.05175,-0.53704
66779,0.604800,1,0.051049,0.00146986,0.012831,17.2958,0.05701,-0.04775
66796,0.635600,1,0.051050,0.00142953,0.023689,17.8192,0.06226,2.18518
66813,0.579600,1,0.051234,0.00147975,0.018926,17.4877,0.04221,-0.51469
66830,0.692300,1,0.052449,0.00148451,0.018054,15.9897,0.08702,-1.69243
66847,0.553700,1,0.051874,0.00151137,0.018369,17.8779,0.05134,-0.14177
66864,0.546700,1,0.052128,0.00156410,0.014796,21.3435,0.06625,-0.28436
66881,0.592200,1,0.053407,0.00142701,0.021265,17.6302,0.06552,0.81280
66898,0.550200,1,0.051980,0.00140457,0.014887,17.9256,0.03423,-0.88198
66915,0.561400,1,0.052555,0.00154056,0.016267,20.0685,0.06197,-0.53778
66932,0.564200,1,0.051322,0.00137972,0.022099,18.4035,0.03407,-0.30183
66949,0.583800,1,0.051918,0.00136462,0.017245,20.9247,0.07656,-1.29751
66966,0.604100,1,0.051827,0.00149590,0.017140,18.4324,0.05817,0.62370
66983,0.665700,1,0.053954,0.00146605,0.020457,17.1471,0.03331,0.43532
67000,0.660800,1,0.051366,0.00151839,0.010696,16.7244,0.07186,0.15588
67017,0.669900,1,0.053348,0.00130793,0.018775,16.9039,0.08246,0.15737
67034,0.555800,1,0.050940,0.00139152,0.022244,19.3204,0.10520,-1.05302
67051,0.648200,1,0.051338,0.00149188,0.013390,18.6441,0.07199,-0.03637
67068,0.646800,1,0.052660,0.00161118,0.021347,16.7454,0.03898,1.37999
67085,0.616000,1,0.053607,0.00150691,0.022884,18.6249,0.05114,0.44034
67102,0.567000,1,0.051630,0.00150836,0.016103,17.9173,0.05117,-1.14062
67119,0.638400,1,0.052146,0.00144056,0.016694,17.9475,0.06418,-0.55040
67136,0.597800,1,0.051784,0.00142323,0.016648,18.5115,0.06000,1.28593
67153,0.672000,1,0.052225,0.00149549,0.015416,15.3804,0.05158,-0.68831
67170,0.578200,1,0.052324,0.00148946,0.016952,18.5334,0.04334,-1.25492
67187,0.565600,1,0.051553,0.00144269,0.017867,19.5184,0.05551,-0.28974
67204,0.604100,1,0.051866,0.00142804,0.016489,19.2687,0.09412,0.08611
67221,0.564200,1,0.052275,0.00130913,0.015211,19.3465,0.06306,0.12078
67238,0.628600,1,0.051260,0.00145188,0.021618,16.1571,0.07598,-0.17789
67255,0.711200,1,0.053909,0.00158227,0.015333,15.4186,0.06227,-0.31346
67272,0.603400,1,0.051893,0.00162406,0.015945,17.5129,0.06239,-1.13989
67289,0.624400,1,0.052644,0.00152400,0.020527,16.3278,0.02916,0.23024
67306,0.609700,1,0.052212,0.00152132,0.028380,18.9894,0.06079,1.61288
67323,0.602700,1,0.050994,0.00141891,0.023970,20.6774,0.04559,0.59575
67340,0.581700,1,0.050906,0.00142167,0.018222,17.2569,0.05951,0.50992
67357,0.644700,1,0.051658,0.00139028,0.021476,19.0178,0.05014,-0.19786
67374,0.595000,1,0.052977,0.00137077,0.017690,17.6141,0.01999,2.34757
67391,0.606900,1,0.052093,0.00151200,0.017027,17.3949,0.06683,0.84207
67408,0.588700,1,0.052325,0.00145604,0.019732,17.6584,0.04727,-0.28884
67425,0.582400,1,0.052102,0.00151178,0.020377,17.3012,0.05392,-0.45927
67442,0.555100,1,0.050607,0.00141634,0.019374,19.8958,0.02161,0.42439
67459,0.709800,1,0.052227,0.00136695,0.018838,17.2432,0.05504,-0.60780
67476,0.629300,1,0.051374,0.00142663,0.020732,18.9111,0.06491,0.19076
67493,0.610400,1,0.054637,0.00146844,0.017167,17.3651,0.04076,-0.19787
67510,0.614600,1,0.052094,0.00148728,0.015132,18.8250,0.08131,0.85909
67527,0.567700,1,0.052073,0.00161191,0.017842,19.0800,0.04679,0.14438
67544,0.606900,1,0.051971,0.00156622,0.024244,16.8847,0.08109,0.79171
67561,0.637700,1,0.054315,0.00148561,0.018736,17.5080,0.08963,-0.02625
67578,0.612500,1,0.051680,0.00146643,0.014126,19.0261,0.03881,0.03967
67595,0.599200,1,0.051122,0.00131916,0.017444,17.3431,0.05313,2.54568
67612,0.667100,1,0.052308,0.00144208,0.013432,17.2642,0.07820,0.54397
67629,0.620200,1,0.053295,0.00146657,0.016518,18.0905,0.05121,-0.02582
67646,0.632100,1,0.053212,0.00140056,0.016736,16.9543,0.04795,0.42476
67663,0.722400,1,0.051891,0.00147592,0.022329,17.3503,0.05228,-2.19940
67680,0.620200,1,0.051035,0.00147789,0.013696,18.7046,0.07562,-0.18324
67697,0.623700,1,0.051635,0.00137531,0.015457,18.1355,0.06353,0.13564
67714,0.595000,1,0.052202,0.00140579,0.015422,17.5429,0.05198,-0.80703
67731,0.600600,1,0.050527,0.00138585,0.014368,18.3776,0.06112,0.47483
67748,0.623700,1,0.050925,0.00156959,0.021572,17.2185,0.06625,-1.31162
67765,0.623000,1,0.052499,0.00146232,0.019811,18.1615,0.04979,-0.25820
67782,0.633500,1,0.051853,0.00135642,0.013037,17.8724,0.07600,-0.36906
67799,0.660800,1,0.052549,0.00147595,0.017615,16.3989,0.07915,-0.64577
67816,0.639800,1,0.052688,0.00135421,0.017169,17.6055,0.03814,1.10684
67833,0.631400,1,0.054198,0.00147749,0.022797,18.8606,0.07936,0.12092
67850,0.601300,1,0.050926,0.00126181,0.027298,17.8717,0.05355,0.00022
67867,0.599900,1,0.053221,0.00140231,0.016833,16.2128,0.05696,0.98906
67884,0.642600,1,0.052842,0.00149000,0.021772,17.0980,0.03301,-1.50448
67901,0.508200,1,0.052595,0.00143323,0.019106,22.4174,0.06583,0.16456
67918,0.598500,1,0.050983,0.00141916,0.017272,17.2270,0.04260,-0.74443
67935,0.579600,1,0.049795,0.00155221,0.017350,18.1773,0.06167,-1.03391
67952,0.564200,1,0.052881,0.00141688,0.019880,20.3573,0.03341,1.15470
67969,0.644000,1,0.052459,0.00146923,0.020960,17.2562,0.06348,-0.32705
67986,0.615300,1,0.051869,0.00149996,0.017048,18.9441,0.04662,0.00027
68003,0.588000,1,0.051577,0.00135044,0.018556,19.3611,0.09268,-0.19721
68020,0.611100,1,0.052557,0.00147655,0.022061,18.8030,0.05422,0.15678
68037,0.577500,1,0.050202,0.00150810,0.019053,16.1089,0.04806,-1.28049
68054,0.577500,1,0.051728,0.00128314,0.020281,19.5543,0.05426,0.71218
68071,0.597800,1,0.052155,0.00143795,0.020556,17.4199,0.05742,-1.03117
68088,0.608300,1,0.050958,0.00122074,0.020576,18.4924,0.04443,-1.79499
68105,0.634200,1,0.051305,0.00141105,0.023605,15.1820,0.01828,0.76410
68122,0.581000,1,0.052067,0.00140730,0.023708,20.0186,0.06644,-1.73778
68139,0.632100,1,0.051501,0.00148555,0.013752,17.0322,0.06212,-1.10263
68156,0.541800,1,0.048537,0.00139995,0.015853,20.3236,0.06983,0.09735
68173,0.641900,1,0.052705,0.00159009,0.015015,15.6547,0.05095,0.51798
68190,0.634200,1,0.052226,0.00153633,0.021073,18.5620,0.05532,1.41227
68207,0.651000,1,0.053030,0.00154385,0.019562,16.3385,0.05885,-1.09538
68224,0.664300,1,0.052525,0.00152013,0.019621,18.8574,0.06301,-1.45069
68241,0.609700,1,0.052286,0.00143271,0.023123,18.0701,0.04442,-0.80058
68258,0.679700,1,0.052007,0.00142369,0.018835,15.2024,0.05668,0.26555
68275,0.595700,1,0.051750,0.00130360,0.014789,17.1203,0.07244,1.48318
68292,0.604100,1,0.051885,0.00142719,0.014878,18.3053,0.05243,1.04113
68309,0.562800,1,0.050242,0.00149233,0.015329,20.5857,0.06400,0.60061
68326,0.535500,1,0.051077,0.00136205,0.020893,18.4888,0.07872,-1.36003
68343,0.620900,1,0.050566,0.00136179,0.016831,16.7400,0.07944,-2.06381
68360,0.675500,1,0.052200,0.00150618,0.016995,18.4401,0.06116,0.57619
68377,0.591500,1,0.052169,0.00136735,0.016637,18.1826,0.07121,-0.65102
68394,0.611800,1,0.051703,0.00143668,0.015987,16.5397,0.06941,0.89183
68411,0.608300,1,0.051250,0.00135892,0.010228,17.8310,0.07075,-0.68137
68428,0.618100,1,0.051514,0.00151594,0.017278,18.5539,0.06439,-0.61494
68445,0.612500,1,0.052277,0.00137001,0.017910,18.3340,0.06072,1.24115
68462,0.560700,1,0.051478,0.00150875,0.011541,19.0597,0.06311,0.62064
68479,0.592200,1,0.052503,0.00146986,0.021346,16.1152,0.03207,1.23407
68496,0.652400,1,0.051006,0.00144374,0.017066,15.2079,0.03514,-0.43130
68513,0.603400,1,0.051580,0.00148969,0.022012,18.2713,0.06336,0.78277
68530,0.623700,1,0.054402,0.00137323,0.020494,17.9603,0.06285,0.96197
68547,0.618100,1,0.052919,0.00141495,0.019861,18.9212,0.08179,1.12749
68564,0.567700,1,0.052735,0.00152274,0.017307,20.8559,0.05379,0.05351
68581,0.557900,1,0.051766,0.00150395,0.015063,19.6669,0.04591,-0.45397
68598,0.654500,1,0.052475,0.00143872,0.017898,14.8807,0.06482,-0.15389
68615,0.562100,1,0.050347,0.00139445,0.016488,17.2284,0.04733,-0.72737
68632,0.592200,1,0.051195,0.00143070,0.022440,16.9061,0.05568,-0.04542
68649,0.637700,1,0.051632,0.00132613,0.020122,15.7369,0.07300,0.04339
68666,0.611800,1,0.051094,0.00150292,0.021508,17.9041,0.06806,-0.51925
68683,0.587300,1,0.051810,0.00134263,0.024439,16.7804,0.05040,0.74615
68700,0.640500,1,0.053255,0.00152047,0.009760,15.8249,0.04088,-1.62938
68717,0.708400,1,0.052672,0.00145371,0.009438,16.1377,0.06377,1.03685
68734,0.634200,1,0.053846,0.00149732,0.020712,20.8211,0.08873,0.13940
68751,0.667100,1,0.052810,0.00137376,0.023627,15.6077,0.05490,0.29095
68768,0.636300,1,0.052367,0.00141615,0.024277,17.6198,0.07019,-0.49245
68785,0.627200,1,0.051621,0.00140875,0.018261,16.9721,0.04114,1.45092
68802,0.646800,1,0.051831,0.00131285,0.020898,16.3781,0.06147,-1.91043
68819,0.667800,1,0.052631,0.00147842,0.016171,16.8345,0.05386,1.30712
68836,0.552300,1,0.051093,0.00132459,0.014102,18.5193,0.02432,0.26984
68853,0.604100,1,0.051625,0.00149550,0.014060,17.7157,0.03718,2.25598
68870,0.604100,1,0.051898,0.00149371,0.016572,20.2649,0.05281,0.21149
68887,0.581000,1,0.050311,0.00150759,0.021965,18.4618,0.05945,-0.40066
68904,0.614600,1,0.054149,0.00151913,0.018774,17.8036,0.03046,0.60310
68921,0.649600,1,0.053055,0.00128447,0.021719,17.9998,0.06485,-0.84889
68938,0.569100,1,0.050630,0.00145799,0.012082,17.8695,0.04245,-0.76175
68955,0.590100,1,0.051331,0.00160453,0.013788,18.9194,0.06985,-0.28595
68972,0.597800,1,0.051580,0.00150324,0.016839,18.2595,0.05714,0.90374
68989,0.629300,1,0.051046,0.00132197,0.019621,18.9670,0.07912,-0.96727
69006,0.636300,1,0.051786,0.00141200,0.024704,17.8500,0.07403,-0.96028
69023,0.667800,1,0.052044,0.00146321,0.015616,15.7162,0.04586,1.60799
69040,0.550200,1,0.051200,0.00147080,0.013148,20.0318,0.05275,-0.03178
69057,0.621600,1,0.051887,0.00133361,0.021989,18.1496,0.06315,-0.44403
69074,0.535500,1,0.051765,0.00147062,0.017219,21.2465,0.06015,0.82059
69091,0.639100,1,0.052235,0.00152613,0.018159,17.6612,0.06027,1.02973
69108,0.673400,1,0.051846,0.00143961,0.017324,17.8051,0.07385,0.71955
69125,0.603400,1,0.051358,0.00155005,0.018380,16.0137,0.03381,-1.03998
69142,0.629300,1,0.052084,0.00141241,0.015853,15.4728,0.06308,-0.37195
69159,0.628600,1,0.051997,0.00159687,0.017690,17.8074,0.05238,-0.89913
69176,0.624400,1,0.052146,0.00135029,0.019141,16.8704,0.03652,-0.77231
69193,0.576100,1,0.051947,0.00134938,0.018174,18.8458,0.04582,-0.10841
69210,0.647500,1,0.052268,0.00123688,0.019427,18.4946,0.07726,0.88845
69227,0.561400,1,0.052145,0.00145670,0.021550,18.7496,0.06322,-1.69729
69244,0.656600,1,0.051557,0.00157955,0.017950,16.2609,0.08023,2.02314
69261,0.523600,1,0.051257,0.00152314,0.013773,21.1779,0.04935,-0.40676
69278,0.584500,1,0.053265,0.00157734,0.018517,17.5873,0.07508,0.35476
69295,0.590800,1,0.052810,0.00135804,0.015231,20.0304,0.05056,0.67440
69312,0.622300,1,0.052049,0.00142188,0.015371,16.2315,0.06652,-1.52587
69329,0.526400,1,0.053884,0.00139968,0.021511,20.7958,0.07025,0.32049
69346,0.616000,1,0.051790,0.00141151,0.019843,19.7154,0.05176,1.45198
69363,0.590800,1,0.051902,0.00130855,0.023419,18.4187,0.04888,0.40928
69380,0.621600,1,0.052729,0.00131948,0.019471,17.6323,0.07539,-1.37394
69397,0.604100,1,0.054416,0.00149523,0.016562,18.1436,0.07199,0.03351
69414,0.704900,1,0.052609,0.00149792,0.016649,15.0497,0.06159,0.95600
69431,0.609700,1,0.049050,0.00135320,0.017022,19.1525,0.08388,-0.29180
69448,0.661500,1,0.052948,0.00140328,0.020660,16.0592,0.06741,-0.20319
69465,0.590100,1,0.051163,0.00128755,0.015698,16.9903,0.03729,2.26455
69482,0.650300,1,0.051149,0.00143735,0.019853,17.3333,0.06730,-0.26382
69499,0.600600,1,0.053703,0.00149426,0.024273,19.2552,0.06695,-1.20656
69516,0.606900,1,0.053189,0.00142975,0.023128,21.0954,0.03895,1.27227
69533,0.567000,1,0.052326,0.00135465,0.019713,18.5523,0.06951,-0.47219
69550,0.586600,1,0.051388,0.00147396,0.017768,21.2906,0.06377,0.20173
69567,0.601300,1,0.053700,0.00147906,0.017820,17.7517,0.04721,0.42302
69584,0.553700,1,0.051078,0.00154249,0.013017,17.6828,0.06396,0.97483
69601,0.625800,1,0.050224,0.00150336,0.017373,16.5899,0.05159,0.84220
69618,0.618800,1,0.051850,0.00142618,0.020688,17.8686,0.06356,-0.43994
69635,0.621600,1,0.050532,0.00141810,0.014547,17.9395,0.05975,-1.44864
69652,0.536900,1,0.052050,0.00129684,0.012287,19.7785,0.08777,1.50118
69669,0.582400,1,0.052802,0.00148181,0.014992,18.9181,0.02399,0.15998
69686,0.617400,1,0.051917,0.00147890,0.020015,16.9717,0.06554,-2.60148
69703,0.601300,1,0.050433,0.00143878,0.018479,18.3619,0.06449,1.20919
69720,0.641900,1,0.052955,0.00133258,0.018557,18.0270,0.08829,-1.06254
69737,0.686000,1,0.052761,0.00158740,0.019113,15.2318,0.04048,-0.85549
69754,0.538300,1,0.051604,0.00149789,0.009857,20.5116,0.05336,-0.95436
69771,0.590100,1,0.051606,0.00147664,0.019078,19.4029,0.06054,-0.86813
69788,0.607600,1,0.054268,0.00154439,0.017376,19.1965,0.03881,-0.85790
69805,0.575400,1,0.052317,0.00147843,0.023946,19.6033,0.08262,-0.56197
69822,0.567700,1,0.051851,0.00137920,0.015786,19.0881,0.07094,-0.94795
69839,0.630000,1,0.050131,0.00145733,0.020032,16.2447,0.02895,-0.32154
69856,0.693000,1,0.053274,0.00133588,0.015907,16.7241,0.08957,-1.07211
69873,0.588000,1,0.053026,0.00137560,0.016941,18.3624,0.05621,0.90324
69890,0.639800,1,0.051685,0.00141931,0.016723,17.0911,0.06007,-1.91497
69907,0.618800,1,0.050710,0.00133084,0.011263,17.9734,0.05894,1.57206
69924,0.610400,1,0.052865,0.00133873,0.017220,16.3782,0.08220,0.88105
69941,0.635600,1,0.052021,0.00156429,0.015058,17.0141,0.04174,-0.30539
69958,0.598500,1,0.052711,0.00145006,0.016889,17.1760,0.06540,-0.10405
69975,0.610400,1,0.051844,0.00143361,0.015735,18.6946,0.03427,-0.58613
69992,0.592200,1,0.051674,0.00159083,0.014133,17.5775,0.06118,-0.40366
70009,0.568400,1,0.052701,0.00142905,0.023536,18.9713,0.04100,-0.24177
70026,0.639800,1,0.051430,0.00133003,0.016420,15.9073,0.05186,-0.26943
70043,0.556500,1,0.051995,0.00147088,0.021942,18.7013,0.05086,0.57739
70060,0.608300,1,0.051883,0.00155658,0.020398,16.0575,0.05506,-2.23145
70077,0.546000,1,0.050442,0.00153168,0.020295,19.6370,0.04829,-0.84848
70094,0.634200,1,0.054139,0.00148760,0.018613,17.8917,0.06273,-0.01011
70111,0.641200,1,0.052670,0.00152831,0.019272,16.7406,0.07099,-0.37183
70128,0.655900,1,0.052276,0.00151431,0.019384,16.6796,0.06219,-0.33826
70145,0.616700,1,0.052565,0.00139994,0.021885,17.6428,0.07419,-0.59885
70162,0.606200,1,0.051975,0.00148473,0.023682,17.6204,0.06948,-0.86816
70179,0.575400,1,0.050485,0.00159836,0.012264,17.5552,0.06296,1.25579
70196,0.630000,1,0.050968,0.00136691,0.014586,17.0332,0.09162,-0.13534
70213,0.546000,1,0.049513,0.00146389,0.021980,18.1025,0.05718,2.10617
70230,0.538300,1,0.051089,0.00145086,0.012643,21.2339,0.05186,-0.72016
70247,0.588000,1,0.052329,0.00147072,0.019181,18.9299,0.05311,0.53715
70264,0.650300,1,0.051326,0.00151139,0.016355,14.6961,0.04489,1.81991
70281,0.591500,1,0.050107,0.00141176,0.015010,17.1734,0.07208,-0.87575
70298,0.639800,1,0.052370,0.00138435,0.020297,17.3198,0.07440,0.21410
70315,0.654500,1,0.053036,0.00156772,0.018325,16.4569,0.06112,-0.79387
70332,0.556500,1,0.050766,0.00137189,0.020633,18.1788,0.05890,1.68176
70349,0.584500,1,0.053215,0.00139891,0.019783,19.1215,0.05453,-0.51567
70366,0.560700,1,0.052459,0.00153097,0.019532,19.4635,0.04630,0.39910
70383,0.643300,1,0.051819,0.00152406,0.016953,17.1752,0.10228,0.91931
70400,0.595700,1,0.050980,0.00139894,0.018098,16.8340,0.05979,0.10569
70417,0.666400,1,0.050716,0.00137951,0.016816,15.2238,0.09207,0.38015
70434,0.589400,1,0.050499,0.00137778,0.014131,18.3143,0.03285,0.67271
70451,0.564900,1,0.052300,0.00152361,0.014742,20.3311,0.07054,-1.67909
70468,0.576100,1,0.052530,0.00149715,0.018318,18.1003,0.04164,1.18106
70485,0.630000,1,0.050310,0.00146771,0.014679,18.4751,0.05038,-0.21488
70502,0.608300,1,0.048963,0.00137275,0.014994,17.0075,0.05438,-2.10419
70519,0.627200,1,0.053805,0.00126880,0.021230,18.2300,0.04573,-0.75405
70536,0.686700,1,0.052908,0.00139116,0.016075,17.7590,0.06883,0.24743
70553,0.630700,1,0.052638,0.00158621,0.017284,17.9653,0.04810,-0.61788
70570,0.567700,1,0.051958,0.00155535,0.018060,17.5456,0.06143,0.71067
70587,0.650300,1,0.052571,0.00136570,0.018791,17.3714,0.05695,0.43015
70604,0.621600,1,0.051758,0.00140479,0.019869,17.1182,0.06220,0.70473
70621,0.628600,1,0.052260,0.00146115,0.017828,17.3978,0.09033,-1.31696
70638,0.572600,1,0.050560,0.00136732,0.019401,19.5629,0.05272,-0.11663
70655,0.550900,1,0.051345,0.00138498,0.012393,18.6732,0.05700,-0.55560
70672,0.583100,1,0.050975,0.00149229,0.020101,18.5117,0.05550,0.01460
70689,0.529200,1,0.050781,0.00145647,0.016072,20.6937,0.03495,0.11700
70706,0.639100,1,0.052706,0.00154550,0.019471,18.0389,0.06395,-0.52017
70723,0.609000,1,0.054054,0.00140764,0.021392,19.4527,0.07551,0.02342
70740,0.630000,1,0.053634,0.00142386,0.013257,17.4598,0.06791,-0.02634
70757,0.602000,1,0.051081,0.00144165,0.017327,16.7630,0.06056,-0.34819
70774,0.594300,1,0.052037,0.00154670,0.013589,17.9531,0.05371,-0.46011
70791,0.580300,1,0.051144,0.00143869,0.021897,18.0596,0.06118,1.35760
70808,0.638400,1,0.053061,0.00145338,0.017814,19.1033,0.05489,0.75666
70825,0.600600,1,0.052636,0.00154586,0.018845,16.5951,0.07302,0.40430
70842,0.660800,1,0.052809,0.00145395,0.017107,15.2859,0.03832,0.24367
70859,0.686000,1,0.050700,0.00151555,0.012433,18.0697,0.08122,0.38047
70876,0.593600,1,0.052491,0.00143621,0.013368,19.2580,0.04925,0.03091
70893,0.538300,1,0.053337,0.00133605,0.025022,20.2824,0.03362,-0.11510
70910,0.600600,1,0.052366,0.00140762,0.017853,19.5907,0.04641,0.62322
70927,0.632100,1,0.053160,0.00140025,0.014931,17.7279,0.05489,-1.06331
70944,0.576800,1,0.050241,0.00139766,0.016430,16.9096,0.07355,0.55753
70961,0.567700,1,0.051416,0.00156088,0.016135,21.0333,0.06061,0.83902
70978,0.647500,1,0.052483,0.00155763,0.013101,17.5145,0.08504,0.55050
70995,0.620900,1,0.053831,0.00131923,0.010899,17.7714,0.06603,-1.35201
71012,0.604100,1,0.052818,0.00153165,0.024447,18.9399,0.06078,0.99780
71029,0.565600,1,0.051913,0.00133098,0.016963,18.8114,0.06453,0.29936
71046,0.625100,1,0.052252,0.00146179,0.021273,17.6730,0.07117,1.56997
71063,0.570500,1,0.052367,0.00130731,0.016135,18.2022,0.05598,-0.03357
71080,0.641900,1,0.050744,0.00133010,0.019160,15.0621,0.04776,0.28216
71097,0.613900,1,0.051099,0.00135624,0.014401,17.4510,0.06870,0.57961
71114,0.640500,1,0.052578,0.00133994,0.019354,17.2408,0.06678,-0.98477
71131,0.603400,1,0.052502,0.00143589,0.022239,17.1840,0.03674,-0.15351
71148,0.580300,1,0.051392,0.00144446,0.019494,19.5180,0.04604,1.15306
71165,0.601300,1,0.050997,0.00145236,0.017103,19.0750,0.06468,-1.16909
71182,0.595700,1,0.051413,0.00151692,0.016443,17.0390,0.05218,0.05568
71199,0.561400,1,0.050854,0.00141292,0.018822,20.4136,0.06279,-1.69471
71216,0.588700,1,0.052910,0.00135605,0.020282,19.4669,0.06122,0.63545
71233,0.633500,1,0.053050,0.00121076,0.015717,15.7478,0.07842,-0.60456
71250,0.575400,1,0.051925,0.00145197,0.016110,17.5718,0.05553,0.69412
71267,0.647500,1,0.053816,0.00131636,0.022792,17.1668,0.02368,1.36220
71284,0.599200,1,0.052394,0.00152712,0.014116,18.7132,0.04664,-0.77339
71301,0.599200,1,0.050500,0.00160413,0.011214,17.3779,0.04751,0.07116
71318,0.609700,1,0.052979,0.00152859,0.015995,16.7652,0.05447,0.65601
71335,0.645400,1,0.052735,0.00160341,0.021109,16.3904,0.05389,-0.20114
71352,0.584500,1,0.052541,0.00150996,0.017629,18.8381,0.06808,0.80747
71369,0.618800,1,0.050732,0.00139238,0.026612,15.9618,0.07916,0.16930
71386,0.651000,1,0.052671,0.00151967,0.020110,17.0763,0.05102,0.16493
71403,0.623700,1,0.052081,0.00137241,0.020057,17.4498,0.06911,0.51321
71420,0.640500,1,0.049606,0.00150876,0.024582,16.4263,0.06623,-1.78388
71437,0.634900,1,0.052829,0.00141631,0.017413,16.7363,0.05261,2.77380
71454,0.673400,1,0.053739,0.00148807,0.014344,16.0405,0.04860,0.64595
71471,0.619500,1,0.051057,0.00129723,0.017597,16.0822,0.06113,0.60483
71488,0.688800,1,0.052841,0.00154683,0.014837,15.1663,0.05265,0.47008
71505,0.592200,1,0.051779,0.00156951,0.013619,18.2522,0.04361,-0.05437
71522,0.698600,1,0.051211,0.00139731,0.019126,17.8174,0.05354,-1.21556
71539,0.581700,1,0.050594,0.00138656,0.023286,18.8733,0.06989,0.07393
71556,0.569100,1,0.051608,0.00134768,0.017328,17.7319,0.06190,0.52162
71573,0.681800,1,0.053200,0.00155288,0.019736,15.3677,0.05271,0.44229
71590,0.662200,1,0.052988,0.00143203,0.020821,14.2358,0.05514,1.55304
71607,0.542500,1,0.052107,0.00134739,0.015815,20.8556,0.06814,-1.30478
71624,0.596400,1,0.051791,0.00142932,0.026991,18.6799,0.05763,-1.14053
71641,0.650300,1,0.051592,0.00143777,0.016783,18.0607,0.05369,0.30260
71658,0.576100,1,0.052201,0.00147068,0.017138,18.3887,0.07557,0.49074
71675,0.586600,1,0.052054,0.00145964,0.017392,19.5796,0.04818,1.44033
71692,0.633500,1,0.052228,0.00137953,0.021993,16.7337,0.07313,0.42033
71709,0.664300,1,0.051691,0.00139914,0.013619,15.1303,0.05389,-0.37194
71726,0.602000,1,0.051291,0.00137639,0.024548,19.4631,0.04400,0.86726
71743,0.575400,1,0.050922,0.00150350,0.017012,17.5146,0.04493,1.38212
71760,0.567700,1,0.050772,0.00130812,0.016374,18.4410,0.06113,-0.42748
71777,0.565600,1,0.051531,0.00128877,0.015086,18.8646,0.04235,0.10991
71794,0.636300,1,0.052532,0.00159146,0.019089,16.8152,0.06381,-0.75195
71811,0.662200,1,0.053973,0.00155467,0.013762,17.6921,0.07414,-0.52362
71828,0.658700,1,0.053389,0.00150759,0.020641,16.9995,0.08306,0.10717
71845,0.568400,1,0.050377,0.00146716,0.021673,19.1309,0.06662,0.74747
71862,0.586600,1,0.053895,0.00135597,0.015029,19.6786,0.05419,1.40669
71879,0.676200,1,0.052429,0.00143466,0.018359,16.0914,0.07607,0.98895
71896,0.613900,1,0.051702,0.00148183,0.018075,18.1572,0.05035,0.41291
71913,0.597100,1,0.051170,0.00148509,0.017596,18.6395,0.05688,0.40837
71930,0.624400,1,0.052986,0.00148583,0.012881,18.0267,0.07502,-0.31656
71947,0.663600,1,0.052401,0.00146174,0.013507,15.3770,0.09529,1.39776
71964,0.606200,1,0.052130,0.00141305,0.015283,18.2478,0.03747,-0.08695
71981,0.557900,1,0.051417,0.00143132,0.019469,20.2429,0.07568,0.90723
71998,0.583800,1,0.051146,0.00134239,0.023084,18.9949,0.05620,-0.90033
72015,0.583100,1,0.052578,0.00147508,0.015081,18.3686,0.05687,-1.39600
72032,0.664300,1,0.051111,0.00167960,0.018131,15.2007,0.07214,-1.30875
72049,0.599200,1,0.051863,0.00138575,0.017131,19.9505,0.07623,0.65830
72066,0.605500,1,0.051170,0.00145491,0.022308,17.3977,0.03582,0.17775
72083,0.649600,1,0.051506,0.00145760,0.023300,17.1649,0.05403,0.26578
72100,0.588000,1,0.051710,0.00150258,0.020690,19.7246,0.06774,-1.26607
72117,0.561400,1,0.052062,0.00158670,0.012136,19.5552,0.07320,0.08873
72134,0.602000,1,0.053284,0.00152740,0.014107,16.5828,0.04245,0.43096
72151,0.617400,1,0.053402,0.00132888,0.012977,17.4859,0.08364,-0.38669
72168,0.616000,1,0.051983,0.00148813,0.013384,16.9859,0.05914,0.44987
72185,0.628600,1,0.053164,0.00133373,0.021972,17.4177,0.04071,0.66748
72202,0.601300,1,0.050506,0.00133237,0.014811,16.9966,0.06764,-0.56588
72219,0.599200,1,0.053012,0.00142249,0.017990,17.7457,0.05321,0.44155
72236,0.606900,1,0.050891,0.00156646,0.022599,18.1601,0.05650,-1.88960
72253,0.590100,1,0.053557,0.00148095,0.013218,17.5933,0.06546,-1.85548
72270,0.597800,1,0.052482,0.00137507,0.017708,17.7169,0.06264,0.07679
72287,0.653100,1,0.051364,0.00147319,0.020240,17.0309,0.07337,0.33567
72304,0.577500,1,0.051888,0.00142688,0.018981,18.7457,0.05464,0.52631
72321,0.659400,1,0.051904,0.00133569,0.015302,15.8903,0.07596,1.55434
72338,0.603400,1,0.051505,0.00136339,0.022570,16.9422,0.03861,-1.88747
72355,0.578200,1,0.051946,0.00133848,0.021164,16.5793,0.06266,-0.42237
72372,0.598500,1,0.051899,0.00143263,0.017256,18.9884,0.09047,-0.85568
72389,0.625100,1,0.052248,0.00136711,0.025693,18.1145,0.04463,-0.91876
72406,0.656600,1,0.051726,0.00145571,0.023203,17.0768,0.07175,-0.21277
72423,0.592200,1,0.051422,0.00156429,0.017502,18.7464,0.08420,-0.07329
72440,0.634200,1,0.051289,0.00144144,0.016311,17.4337,0.05616,-0.66503
72457,0.671300,1,0.051908,0.00153914,0.016155,17.5922,0.07265,-0.49388
72474,0.580300,1,0.051206,0.00132043,0.019263,19.2774,0.04099,-0.48375
72491,0.599900,1,0.048895,0.00152653,0.019075,17.8450,0.06642,-0.63121
72508,0.615300,1,0.052009,0.00151672,0.018172,17.3529,0.05583,1.47052
72525,0.581000,1,0.053061,0.00134613,0.020832,19.0326,0.05490,-1.81532
72542,0.553000,1,0.051211,0.00131835,0.013133,19.3107,0.08372,0.10532
72559,0.561400,1,0.051932,0.00156165,0.014885,21.0782,0.05817,0.94196
72576,0.602700,1,0.053207,0.00142154,0.022899,20.0700,0.07327,-0.70120
72593,0.603400,1,0.051444,0.00139791,0.022536,17.1799,0.02391,0.40551
72610,0.547400,1,0.050737,0.00154939,0.023726,20.9774,0.04955,0.13272
72627,0.623000,1,0.054218,0.00144862,0.017066,17.7112,0.07928,-0.78458
72644,0.615300,1,0.051934,0.00133178,0.028930,18.4234,0.06566,-0.00271
72661,0.589400,1,0.052742,0.00162783,0.024021,19.3135,0.05714,0.65965
72678,0.605500,1,0.053772,0.00155246,0.020035,18.5363,0.05169,0.28618
72695,0.592900,1,0.050958,0.00166440,0.016215,17.0179,0.07018,0.11698
72712,0.669900,1,0.052471,0.00142367,0.024218,14.7656,0.06535,1.33736
72729,0.629300,1,0.052352,0.00143995,0.014483,19.9157,0.05309,-0.00939
72746,0.615300,1,0.052510,0.00145964,0.020074,19.2235,0.06958,-0.74740
72763,0.609700,1,0.052709,0.00135203,0.016631,18.2445,0.08020,-0.19758
72780,0.592900,1,0.052751,0.00148127,0.012657,18.8239,0.05819,-1.11376
72797,0.631400,1,0.051713,0.00153569,0.021270,16.3015,0.05586,-0.55228
72814,0.704200,1,0.053496,0.00144889,0.016851,14.0961,0.05842,-1.84029
72831,0.568400,1,0.051326,0.00149971,0.013780,20.8511,0.05652,-0.10915
72848,0.574700,1,0.049996,0.00142376,0.021157,18.0532,0.04786,1.16957
72865,0.634200,1,0.053913,0.00122529,0.014503,15.0009,0.01250,-0.21707
72882,0.611800,1,0.051202,0.00147991,0.020605,18.0048,0.05834,-0.43831
72899,0.643300,1,0.052721,0.00150980,0.019671,16.0101,0.04981,1.42308
72916,0.557900,1,0.052588,0.00157458,0.015403,18.9291,0.05750,-1.04101
72933,0.606900,1,0.052369,0.00139530,0.016952,17.2578,0.06105,0.90291
72950,0.574000,1,0.048298,0.00137921,0.015736,18.2317,0.05109,-1.85317
72967,0.658700,1,0.053377,0.00144227,0.015964,15.4111,0.09096,0.66045
72984,0.617400,1,0.052465,0.00150218,0.021469,16.6843,0.04797,-1.02213
73001,0.567700,1,0.053040,0.00141989,0.020926,20.2840,0.04956,-0.55913
73018,0.592900,1,0.052638,0.00150917,0.015340,17.2038,0.04179,-0.03664
73035,0.602700,1,0.051832,0.00149848,0.024634,17.8351,0.07293,0.40267
73052,0.614600,1,0.053476,0.00137313,0.019349,17.2743,0.05373,-0.11119
73069,0.599200,1,0.052333,0.00129093,0.023299,17.7331,0.06059,-0.66072
73086,0.575400,1,0.054077,0.00151070,0.017798,18.5361,0.04800,-0.31632
73103,0.647500,1,0.052670,0.00143149,0.023751,16.4041,0.08443,1.35836
73120,0.601300,1,0.051199,0.00146024,0.016771,16.2050,0.07454,0.13453
73137,0.597800,1,0.051105,0.00137474,0.019455,17.3373,0.05329,0.26085
73154,0.601300,1,0.051509,0.00134540,0.020325,17.2935,0.05207,-0.02720
73171,0.639100,1,0.053465,0.00146473,0.016336,16.8080,0.05761,0.81063
73188,0.611800,1,0.051770,0.00147405,0.024028,16.4533,0.04587,0.11613
73205,0.565600,1,0.052848,0.00140957,0.013548,19.4395,0.04488,-0.55952
73222,0.567700,1,0.049559,0.00140085,0.014924,18.0239,0.04676,-1.06022
73239,0.632100,1,0.051553,0.00159798,0.023044,15.8183,0.03853,0.26940
73256,0.649600,1,0.052580,0.00145806,0.017111,18.1617,0.06244,0.72338
73273,0.583100,1,0.051781,0.00148341,0.015982,17.6062,0.03070,-0.14211
73290,0.594300,1,0.052202,0.00138531,0.022389,17.3004,0.05874,-0.77138
73307,0.679000,1,0.051227,0.00158211,0.020906,16.8445,0.06045,-1.12445
73324,0.632100,1,0.053038,0.00134280,0.024142,16.7553,0.07044,-0.02457
73341,0.679700,1,0.052929,0.00139790,0.020148,14.9973,0.05829,-0.23046
73358,0.602700,1,0.052781,0.00152302,0.013484,18.1508,0.05134,1.09078
73375,0.604800,1,0.051979,0.00159807,0.019172,18.6763,0.06194,0.31247
73392,0.608300,1,0.054258,0.00132976,0.015764,18.2587,0.05623,0.86418
73409,0.594300,1,0.050954,0.00137909,0.024799,16.8803,0.04698,-0.69713
73426,0.549500,1,0.050657,0.00159931,0.014975,18.7890,0.07891,-0.78961
73443,0.572600,1,0.051018,0.00143074,0.022241,19.0120,0.07179,0.05344
73460,0.547400,1,0.051874,0.00149725,0.013253,20.0595,0.07334,-0.43725
73477,0.554400,1,0.052445,0.00127263,0.018458,20.1727,0.06694,0.65173
73494,0.655900,1,0.051765,0.00152496,0.018785,16.5468,0.07897,-0.93966
73511,0.580300,1,0.051897,0.00151478,0.020202,17.7574,0.05226,0.23364
73528,0.581700,1,0.051181,0.00150655,0.022808,18.5918,0.07719,-0.32434
73545,0.677600,1,0.052880,0.00133195,0.015169,16.9085,0.07339,-0.67864
73562,0.588000,1,0.050859,0.00141529,0.018685,19.6634,0.05314,-0.97203
73579,0.621600,1,0.051587,0.00151476,0.022012,17.2448,0.05095,-0.51476
73596,0.609000,1,0.050609,0.00147823,0.016893,17.9574,0.09871,0.16897
73613,0.601300,1,0.050567,0.00152026,0.027178,17.6469,0.06131,-2.41544
73630,0.651000,1,0.053174,0.00152110,0.020609,17.4623,0.08065,0.99723
73647,0.672000,1,0.050889,0.00145255,0.013745,14.3960,0.08822,-0.92109
73664,0.560700,1,0.051070,0.00162295,0.016071,20.0891,0.05835,-0.04117
73681,0.593600,1,0.050857,0.00128719,0.019974,19.0795,0.05532,-0.58022
73698,0.581700,1,0.051204,0.00154311,0.016054,18.3949,0.05055,-1.16183
73715,0.590800,1,0.053873,0.00142237,0.018082,18.8706,0.07867,0.62016
73732,0.615300,1,0.052210,0.00139995,0.021142,17.3429,0.04257,0.22596
73749,0.595700,1,0.053442,0.00144818,0.013383,20.2615,0.06431,-0.52820
73766,0.622300,1,0.051990,0.00161014,0.017668,17.0933,0.03225,-1.47431
73783,0.604800,1,0.052671,0.00130847,0.019429,18.8946,0.05692,0.00133
73800,0.629300,1,0.052380,0.00140198,0.014278,17.0319,0.04602,0.42703
73817,0.618100,1,0.051445,0.00144347,0.018728,17.2233,0.05646,-0.87133
73834,0.666400,1,0.051412,0.00146037,0.015773,16.3635,0.06310,-0.34990
73851,0.619500,1,0.050807,0.00147421,0.014091,16.9226,0.08051,0.39647
73868,0.610400,1,0.050957,0.00151462,0.015062,18.1920,0.05354,0.60538
73885,0.648200,1,0.052709,0.00144635,0.017028,17.2176,0.07709,1.59166
73902,0.583800,1,0.052846,0.00125138,0.016713,19.2092,0.04750,0.89521
73919,0.591500,1,0.052589,0.00123040,0.013464,17.9766,0.06623,0.88322
73936,0.616700,1,0.052592,0.00155045,0.021096,16.8476,0.06575,-0.03188
73953,0.587300,1,0.052045,0.00137500,0.018634,17.7994,0.04134,-0.50341
73970,0.653800,1,0.053391,0.00136679,0.014112,16.5409,0.06018,-1.52181
73987,0.578900,1,0.049344,0.00147075,0.016364,19.5243,0.07233,-0.10124
74004,0.581000,1,0.053625,0.00126917,0.021139,18.7739,0.04395,0.86825
74021,0.556500,1,0.050132,0.00143123,0.016230,20.1760,0.04344,-0.26788
74038,0.651000,1,0.054044,0.00147868,0.013624,17.2481,0.05003,0.24281
74055,0.582400,1,0.051808,0.00136276,0.011960,19.1468,0.03389,-1.58118
74072,0.559300,1,0.052064,0.00155428,0.018822,18.7909,0.07969,-1.62548
74089,0.641200,1,0.053143,0.00136688,0.019029,16.1175,0.06742,-0.43390
74106,0.686700,1,0.052761,0.00134526,0.012673,16.8034,0.05790,-0.50113
74123,0.562100,1,0.052449,0.00141540,0.018091,20.1311,0.06924,-0.15225
74140,0.660100,1,0.051143,0.00168336,0.013813,15.3038,0.05697,-1.97469
74157,0.643300,1,0.053337,0.00141321,0.018012,15.5289,0.04932,-0.83281
74174,0.648200,1,0.052238,0.00137742,0.022602,17.4228,0.07109,0.85214
74191,0.618100,1,0.052524,0.00144652,0.010637,18.3808,0.08049,-0.90424
74208,0.606200,1,0.052491,0.00143194,0.016457,19.3704,0.05162,-0.54868
74225,0.628600,1,0.050555,0.00148006,0.016422,17.5196,0.04688,2.11286
74242,0.571900,1,0.052500,0.00137853,0.010664,19.3815,0.05891,-0.43212
74259,0.649600,1,0.053397,0.00140290,0.013103,17.3155,0.07995,0.16907
74276,0.544600,1,0.049935,0.00130190,0.018640,19.1442,0.04460,0.40819
74293,0.564900,1,0.053337,0.00142280,0.017250,18.4606,0.05300,-0.58305
74310,0.624400,1,0.051762,0.00134156,0.022818,19.0647,0.06002,0.48230
74327,0.612500,1,0.053569,0.00143578,0.019261,19.5290,0.05297,1.09748
74344,0.569800,1,0.053657,0.00146129,0.016228,18.6593,0.07221,0.81624
74361,0.554400,1,0.049779,0.00136229,0.014794,17.9414,0.04928,-1.54854
74378,0.643300,1,0.052224,0.00160437,0.017715,16.7613,0.06113,1.04499
74395,0.624400,1,0.052148,0.00153032,0.022036,17.3413,0.06843,-0.26225
74412,0.646100,1,0.052989,0.00133542,0.020019,18.8361,0.05633,0.65384
74429,0.660100,1,0.052294,0.00161698,0.014550,17.3580,0.07018,0.40338
74446,0.616700,1,0.051228,0.00143372,0.018944,19.8492,0.05148,1.12034
74463,0.571200,1,0.051890,0.00151678,0.016216,17.9928,0.04888,-0.61521
74480,0.669200,1,0.051899,0.00159493,0.016367,16.9520,0.08950,1.37794
74497,0.616000,1,0.053049,0.00141615,0.019767,17.2327,0.06821,-1.49387
74514,0.575400,1,0.049747,0.00152723,0.019288,20.6514,0.04619,0.82428
74531,0.543200,1,0.053254,0.00145375,0.018712,20.8746,0.04594,0.54657
74548,0.635600,1,0.052986,0.00150368,0.018938,18.0680,0.08326,-0.30599
74565,0.576800,1,0.051160,0.00150599,0.008524,19.1279,0.06100,-1.23135
74582,0.581700,1,0.050671,0.00130829,0.009997,19.9743,0.08340,-0.83395
74599,0.602700,1,0.051758,0.00142743,0.017157,18.2381,0.06892,0.79678
74616,0.549500,1,0.050830,0.00132558,0.022840,17.9753,0.04010,0.21877
74633,0.655200,1,0.050868,0.00147608,0.015471,17.5970,0.06882,-0.11392
74650,0.629300,1,0.051348,0.00148520,0.014035,18.2948,0.05840,-1.14674
74667,0.653800,1,0.053346,0.00156669,0.018703,18.5017,0.05041,0.28240
74684,0.571200,1,0.052953,0.00139445,0.014125,19.4829,0.04080,0.09899
74701,0.586600,1,0.052161,0.00145864,0.016823,19.0664,0.06692,-0.08526
74718,0.609000,1,0.053849,0.00147806,0.018390,17.8253,0.05141,0.26109
74735,0.616000,1,0.049508,0.00161965,0.016682,16.2796,0.04928,0.48466
74752,0.627200,1,0.050645,0.00143938,0.016140,19.9739,0.08652,-1.15450
74769,0.628600,1,0.052594,0.00145432,0.019686,18.3657,0.05901,2.17142
74786,0.590100,1,0.051595,0.00153234,0.022015,18.4072,0.05848,0.53891
74803,0.561400,1,0.050520,0.00143351,0.013059,18.1684,0.05329,-1.46672
74820,0.669200,1,0.052406,0.00148750,0.012085,16.3812,0.06500,-0.67421
74837,0.560700,1,0.053917,0.00140127,0.021773,19.9395,0.05314,0.48077
74854,0.615300,1,0.051121,0.00160665,0.013832,16.5984,0.06140,1.38933
74871,0.609700,1,0.052224,0.00136938,0.018979,16.9965,0.10236,0.07510
74888,0.664300,1,0.054714,0.00135981,0.015036,15.6685,0.06418,-0.32596
74905,0.695100,1,0.051385,0.00147226,0.017539,14.3106,0.08570,-0.08332
74922,0.629300,1,0.051615,0.00153382,0.017823,17.0977,0.04254,-0.44080
74939,0.597800,1,0.054211,0.00138721,0.014611,19.8676,0.02923,-0.78915
74956,0.647500,1,0.050458,0.00160268,0.013744,17.1064,0.05366,-0.24808
74973,0.604800,1,0.051601,0.00129662,0.017242,16.9254,0.07174,-0.19328
74990,0.611800,1,0.052304,0.00144950,0.019973,18.0941,0.07004,0.17852
75007,0.564200,1,0.051462,0.00150443,0.017422,17.7048,0.06210,0.16351
75024,0.586600,1,0.051128,0.00133545,0.019794,17.9898,0.06258,0.05077
75041,0.617400,1,0.051810,0.00134343,0.017597,16.9975,0.06402,-1.09389
75058,0.617400,1,0.051395,0.00152963,0.022554,17.2037,0.06353,-1.08969
75075,0.597800,1,0.050889,0.00143290,0.020152,18.1494,0.05535,0.48260
75092,0.540400,1,0.053615,0.00153881,0.020684,21.4969,0.07011,-0.00998
75109,0.557900,1,0.051323,0.00134232,0.017788,19.7705,0.06503,0.13606
75126,0.592200,1,0.051163,0.00138895,0.010615,18.6655,0.06446,0.14207
75143,0.631400,1,0.050792,0.00152725,0.014322,17.5292,0.06107,0.13585
75160,0.597800,1,0.051814,0.00138643,0.014594,18.9744,0.06731,-0.92758
75177,0.576100,1,0.052359,0.00149392,0.015180,18.0502,0.05500,0.14573
75194,0.592900,1,0.051148,0.00147555,0.019762,18.8834,0.04753,1.01382
75211,0.578200,1,0.053104,0.00148169,0.020024,17.4457,0.02806,-0.60897
75228,0.616000,1,0.050595,0.00156635,0.015441,17.3551,0.04851,0.31367
75245,0.721000,1,0.052486,0.00159338,0.021808,14.8559,0.04738,-0.35836
75262,0.602000,1,0.051204,0.00154049,0.015348,19.0852,0.07229,-0.18285
75279,0.605500,1,0.050948,0.00145472,0.020652,19.8073,0.04103,-0.30492
75296,0.583800,1,0.050917,0.00137354,0.021129,19.2801,0.06854,0.32121
75313,0.606900,1,0.050498,0.00139967,0.019740,19.2150,0.04791,-0.10396
75330,0.620900,1,0.050832,0.00153228,0.018190,16.7828,0.05844,1.02436
75347,0.600600,1,0.051079,0.00146511,0.021352,18.2592,0.07375,-1.10572
75364,0.623700,1,0.050938,0.00142724,0.018541,17.8594,0.04816,1.41985
75381,0.667800,1,0.051873,0.00138143,0.014312,15.1706,0.04943,-1.18995
75398,0.611100,1,0.054133,0.00140618,0.017359,17.9449,0.04260,0.06546
75415,0.576100,1,0.052945,0.00146716,0.012169,17.9469,0.03650,-0.40418
75432,0.629300,1,0.051836,0.00151440,0.022673,18.4484,0.06838,-1.14800
75449,0.534800,1,0.052444,0.00138500,0.017222,19.6042,0.04391,-0.42310
75466,0.682500,1,0.053640,0.00144276,0.012530,14.8111,0.04621,0.13041
75483,0.606200,1,0.053109,0.00154340,0.020009,20.1996,0.08179,-0.20051
75500,0.587300,1,0.052562,0.00143221,0.021996,18.4692,0.05133,-0.27077
75517,0.596400,1,0.053726,0.00135970,0.020186,17.4154,0.08224,-0.12986
75534,0.589400,1,0.050603,0.00158494,0.016358,17.8084,0.06384,-0.23790
75551,0.601300,1,0.051305,0.00139457,0.023142,19.5781,0.05942,-0.52719
75568,0.585200,1,0.051858,0.00152792,0.021435,18.3112,0.05294,0.87356
75585,0.585900,1,0.051923,0.00145457,0.019788,19.3536,0.04272,0.35728
75602,0.635600,1,0.052339,0.00134671,0.015484,17.2319,0.04842,-1.36995
75619,0.592200,1,0.051071,0.00151723,0.014698,18.7439,0.06451,0.48957
75636,0.611100,1,0.053254,0.00138487,0.016118,16.9943,0.02728,-1.52682
75653,0.610400,1,0.052110,0.00150310,0.016585,16.9061,0.08252,-1.34621
75670,0.625800,1,0.051796,0.00149763,0.024490,17.2318,0.04719,-0.05912
75687,0.595000,1,0.050727,0.00149835,0.017367,17.1568,0.03860,0.14873
75704,0.658700,1,0.053357,0.00144003,0.021483,15.8345,0.06880,-0.52814
75721,0.585900,1,0.051447,0.00151054,0.017025,18.9790,0.06351,1.75490
75738,0.576100,1,0.052059,0.00157191,0.019289,20.0097,0.05281,-0.78076
75755,0.581000,1,0.050827,0.00161929,0.019780,16.1890,0.04508,0.63299
75772,0.668500,1,0.050692,0.00148108,0.014029,16.2298,0.06876,0.43998
75789,0.637700,1,0.052919,0.00147881,0.021067,15.9932,0.03819,-0.66909
75806,0.628600,1,0.051118,0.00144190,0.013859,17.0131,0.05583,-0.40731
75823,0.623000,1,0.053332,0.00148857,0.013718,17.4898,0.06814,-0.66618
75840,0.563500,1,0.051050,0.00131944,0.016489,17.6503,0.06536,0.05097
75857,0.569100,1,0.052571,0.00148677,0.017262,17.9784,0.04544,0.21763
75874,0.588700,1,0.055456,0.00157001,0.024533,19.5036,0.07326,0.37339
75891,0.599900,1,0.053284,0.00138202,0.016636,18.6562,0.07051,-0.01856
75908,0.618800,1,0.052583,0.00151617,0.021032,18.1147,0.05522,-0.30637
75925,0.585900,1,0.050961,0.00148324,0.016755,17.9139,0.07337,1.06390
75942,0.631400,1,0.052880,0.00148297,0.021899,16.1664,0.03539,2.54489
75959,0.624400,1,0.053340,0.00131934,0.018694,18.3158,0.04308,0.82583
75976,0.613200,1,0.052497,0.00142477,0.019515,19.1535,0.05854,0.07497
75993,0.595000,1,0.052071,0.00134791,0.011344,18.1480,0.05541,-0.48923
76010,0.624400,1,0.052538,0.00145780,0.021736,17.8341,0.06890,-0.83611
76027,0.676900,1,0.051581,0.00140214,0.018807,16.1823,0.06758,2.01935
76044,0.608300,1,0.052254,0.00131817,0.017965,17.6553,0.04996,0.17556
76061,0.599200,1,0.053504,0.00129953,0.014149,17.2740,0.03312,-0.23758
76078,0.588000,1,0.051158,0.00143263,0.018250,19.0321,0.06189,-0.60023
76095,0.623700,1,0.052452,0.00146997,0.016348,17.2655,0.04326,1.12313
76112,0.561400,1,0.050477,0.00161353,0.019108,20.3971,0.06466,1.20493
76129,0.584500,1,0.052583,0.00143556,0.021035,17.6946,0.08456,0.44610
76146,0.595000,1,0.050557,0.00144714,0.023024,18.4114,0.06906,0.12910
76163,0.625100,1,0.052720,0.00148534,0.019864,18.2070,0.06313,-2.12725
76180,0.624400,1,0.051454,0.00148199,0.021557,17.8858,0.07916,0.33776
76197,0.590800,1,0.053425,0.00152372,0.016310,18.6876,0.04085,0.39006
76214,0.618800,1,0.052823,0.00150628,0.016423,17.6837,0.05054,-1.20419
76231,0.669200,1,0.049581,0.00135817,0.022533,16.8973,0.05053,-0.38713
76248,0.639100,1,0.053260,0.00152228,0.016499,19.6471,0.05295,1.83268
76265,0.597800,1,0.051284,0.00158623,0.017602,18.1239,0.09743,-0.08707
76282,0.588000,1,0.052345,0.00145223,0.022635,17.9092,0.05038,-1.23085
76299,0.583800,1,0.052176,0.00151749,0.021931,19.2038,0.05686,-0.37216
76316,0.677600,1,0.052036,0.00156497,0.017029,15.0346,0.04511,-1.15424
76333,0.708400,1,0.052629,0.00144305,0.013644,15.2654,0.04920,1.03678
76350,0.590800,1,0.052874,0.00140997,0.017130,16.8228,0.04451,0.03011
76367,0.638400,1,0.050984,0.00132794,0.015719,15.5378,0.05741,-0.70063
76384,0.614600,1,0.051717,0.00137945,0.016453,18.2851,0.04826,0.84000
76401,0.609700,1,0.050840,0.00133117,0.019483,17.4690,0.04179,0.04906
76418,0.632800,1,0.052665,0.00145711,0.016445,17.9900,0.03898,-1.03818
76435,0.576100,1,0.051840,0.00144987,0.020481,18.4815,0.06330,-0.36494
76452,0.631400,1,0.050767,0.00146938,0.020010,16.4894,0.06282,-0.15362
76469,0.590800,1,0.052456,0.00134848,0.021152,19.4737,0.06439,0.41219
76486,0.595700,1,0.053059,0.00136884,0.021427,18.3709,0.03010,1.23536
76503,0.626500,1,0.051997,0.00143446,0.019226,17.3370,0.04492,1.08891
76520,0.623700,1,0.052686,0.00138699,0.020701,15.5404,0.04070,-0.52142
76537,0.622300,1,0.052504,0.00147126,0.027141,17.7038,0.06311,-1.72849
76554,0.624400,1,0.050921,0.00149088,0.021221,14.8316,0.06534,-0.97777
76571,0.668500,1,0.051872,0.00147120,0.017964,15.3920,0.05506,-0.29039
76588,0.588700,1,0.051329,0.00142507,0.019538,18.6391,0.07101,-2.21311
76605,0.592900,1,0.050503,0.00138449,0.013492,18.4841,0.03715,1.00938
76622,0.567700,1,0.051711,0.00123427,0.020956,17.1940,0.03988,-0.59071
76639,0.603400,1,0.051393,0.00145405,0.020283,17.5262,0.06048,0.51918
76656,0.535500,1,0.051381,0.00140353,0.021647,20.0174,0.05060,-2.12675
76673,0.623700,1,0.051671,0.00167462,0.018657,20.4985,0.05469,-1.30556
76690,0.620900,1,0.051348,0.00156560,0.017896,15.5495,0.04609,0.34626
76707,0.547400,1,0.050148,0.00128812,0.019695,19.5186,0.05417,0.37654
76724,0.576800,1,0.053125,0.00125494,0.021617,18.6795,0.05007,-0.48053
76741,0.598500,1,0.051175,0.00142050,0.018587,16.5338,0.05611,0.26226
76758,0.623700,1,0.053200,0.00140255,0.020029,18.1246,0.10104,-0.09839
76775,0.587300,1,0.050272,0.00133531,0.019615,19.0468,0.04993,-0.15299
76792,0.601300,1,0.052307,0.00140218,0.018177,17.8959,0.05353,0.58312
76809,0.578900,1,0.050772,0.00148728,0.018075,18.2060,0.05483,-0.50646
76826,0.592200,1,0.053541,0.00128753,0.029482,18.8058,0.05119,-0.69183
76843,0.611100,1,0.051783,0.00134321,0.015486,17.8875,0.05747,-0.77306
76860,0.604800,1,0.053345,0.00146825,0.018295,17.8515,0.06367,1.22918
76877,0.631400,1,0.053238,0.00146086,0.017261,19.1375,0.05160,0.29384
76894,0.520800,1,0.051673,0.00157098,0.012260,19.8518,0.04428,0.13654
76911,0.601300,1,0.051808,0.00158021,0.012567,18.5303,0.05306,0.84023
76928,0.594300,1,0.052389,0.00149978,0.016311,19.5296,0.09303,-1.05440
76945,0.600600,1,0.051183,0.00142547,0.018132,18.5567,0.08234,-0.77393
76962,0.677600,1,0.051975,0.00139711,0.017151,16.5271,0.05425,0.69987
76979,0.583800,1,0.051231,0.00150449,0.015995,18.4977,0.04238,0.43307
76996,0.569800,1,0.050407,0.00134628,0.015503,17.8307,0.05031,0.29228
77013,0.620900,1,0.051332,0.00147566,0.020608,16.3663,0.05365,-0.81269
77030,0.590800,1,0.052382,0.00149439,0.013912,19.2541,0.01128,-1.30642
77047,0.612500,1,0.050422,0.00153841,0.014247,16.7646,0.07099,0.43794
77064,0.604100,1,0.050355,0.00153043,0.019885,16.5340,0.06048,-2.34470
77081,0.599200,1,0.052202,0.00142500,0.023049,18.5249,0.04980,-0.06458
77098,0.687400,1,0.053323,0.00138668,0.016130,16.6870,0.07041,-0.64372
77115,0.563500,1,0.052300,0.00140392,0.018340,19.2948,0.08579,0.42249
77132,0.636300,1,0.050523,0.00145465,0.018476,16.4866,0.05715,-1.16963
77149,0.556500,1,0.053358,0.00138640,0.016565,19.6299,0.06594,0.52714
77166,0.585900,1,0.050660,0.00150277,0.017412,18.4186,0.05091,-0.46737
77183,0.625100,1,0.050275,0.00143259,0.014983,15.2541,0.05784,0.73164
77200,0.583100,1,0.052783,0.00148551,0.021175,17.4341,0.02507,-0.70408
77217,0.655200,1,0.051785,0.00149276,0.021722,16.2303,0.07748,-0.35181
77234,0.604100,1,0.050405,0.00147748,0.016673,16.5613,0.03554,0.96647
77251,0.643300,1,0.051789,0.00133252,0.023172,18.2648,0.08558,-0.71189
77268,0.554400,1,0.049459,0.00155318,0.022772,18.7458,0.03593,0.22459
77285,0.744800,1,0.050365,0.00143622,0.016100,17.1742,0.06029,-0.46662
77302,0.599200,1,0.051688,0.00149893,0.016452,17.0808,0.05645,0.75198
77319,0.604100,1,0.051071,0.00143331,0.020345,18.1942,0.08023,1.41287
77336,0.594300,1,0.051502,0.00146562,0.014848,21.3261,0.06525,-0.18729
77353,0.572600,1,0.050599,0.00158353,0.018483,18.5219,0.05610,-0.42560
77370,0.556500,1,0.051320,0.00141563,0.014681,21.3910,0.05155,-0.30016
77387,0.569100,1,0.050912,0.00153695,0.016245,19.2450,0.06077,-1.99741
77404,0.637700,1,0.054324,0.00136448,0.027182,19.4222,0.06734,1.28264
77421,0.602000,1,0.052262,0.00149940,0.015650,17.3836,0.05395,0.69056
77438,0.623000,1,0.051026,0.00142782,0.019718,18.7270,0.05103,0.08264
77455,0.588000,1,0.051672,0.00140558,0.019022,17.3052,0.04916,-2.39910
77472,0.582400,1,0.053675,0.00152634,0.017472,19.7347,0.05843,1.08563
77489,0.564900,1,0.051628,0.00146720,0.019995,18.3370,0.05779,0.42491
77506,0.630700,1,0.051740,0.00151199,0.022246,16.0437,0.06010,-0.52882
77523,0.641200,1,0.053415,0.00131004,0.017568,16.3256,0.05654,1.15803
77540,0.625800,1,0.053061,0.00137829,0.011865,17.2287,0.07545,0.42760
77557,0.594300,1,0.051908,0.00146526,0.011805,17.8537,0.06072,-1.46843
77574,0.609700,1,0.049844,0.00141195,0.012950,16.2556,0.05574,-0.65698
77591,0.590800,1,0.052561,0.00148314,0.018034,17.1580,0.06555,-0.76466
77608,0.619500,1,0.052392,0.00148034,0.018371,16.3066,0.01674,-0.84312
77625,0.604100,1,0.052923,0.00140513,0.014387,18.6603,0.05547,0.08806
77642,0.648900,1,0.052023,0.00137083,0.025067,16.4823,0.03027,-1.07729
77659,0.676200,1,0.052206,0.00151415,0.017266,14.4519,0.08008,0.44749
77676,0.646100,1,0.050555,0.00142730,0.015163,15.0164,0.03171,0.59131
77693,0.613900,1,0.050309,0.00141958,0.018631,17.3316,0.06680,-0.17156
77710,0.586600,1,0.051506,0.00158723,0.023714,17.0350,0.09854,-0.40314
77727,0.611100,1,0.052930,0.00145848,0.016073,18.3788,0.09448,-1.03081
77744,0.600600,1,0.051487,0.00153491,0.018299,17.4817,0.07197,-1.13832
77761,0.652400,1,0.051881,0.00148221,0.026212,15.3904,0.06416,-1.33996
77778,0.656600,1,0.051246,0.00140127,0.020720,17.8409,0.04432,0.29775
77795,0.600600,1,0.049353,0.00144521,0.018831,17.9062,0.05442,-1.76781
77812,0.618100,1,0.051925,0.00136792,0.023001,16.9569,0.06350,-2.03836
77829,0.613200,1,0.052039,0.00144651,0.017099,16.8297,0.06653,0.68562
77846,0.615300,1,0.052526,0.00140407,0.024912,17.8192,0.05164,0.90233
77863,0.650300,1,0.055300,0.00138192,0.017626,17.4471,0.06831,0.21609
77880,0.604800,1,0.051628,0.00146821,0.022221,19.2852,0.05426,-1.26170
77897,0.631400,1,0.053131,0.00146821,0.013881,15.4319,0.04224,-1.50861
77914,0.648900,1,0.052170,0.00134371,0.011988,15.3108,0.04836,-0.72238
77931,0.700700,1,0.052266,0.00158489,0.019506,14.3101,0.06081,1.44851
77948,0.613900,1,0.052757,0.00135399,0.017081,19.0048,0.07532,-0.62049
77965,0.636300,1,0.053682,0.00134519,0.021412,15.7254,0.04498,-0.58519
77982,0.644000,1,0.049099,0.00125915,0.021254,16.0780,0.04365,-2.00611
77999,0.632100,1,0.051948,0.00152310,0.018619,17.5216,0.08650,0.38189
78016,0.623000,1,0.051345,0.00150365,0.016544,17.6194,0.06020,-1.58765
78033,0.654500,1,0.052642,0.00162507,0.019319,18.9156,0.09848,-0.09810
78050,0.585200,1,0.051097,0.00136877,0.014575,17.6373,0.05822,0.90036
78067,0.609700,1,0.051687,0.00148307,0.017894,17.3551,0.03710,-0.37933
78084,0.601300,1,0.053623,0.00149384,0.009734,20.2919,0.05426,1.27677
78101,0.583100,1,0.052886,0.00136544,0.024790,19.2866,0.04108,0.79859
78118,0.604800,1,0.052369,0.00134094,0.009372,17.6615,0.08741,-1.51844
78135,0.589400,1,0.050925,0.00133492,0.015942,17.3706,0.04506,-0.28010
78152,0.570500,1,0.051810,0.00151331,0.014963,17.7918,0.04722,-1.07678
78169,0.686000,1,0.052339,0.00150150,0.022351,15.9946,0.03795,0.80307
78186,0.707700,1,0.051676,0.00135611,0.021026,13.5586,0.07298,0.42327
78203,0.645400,1,0.053364,0.00151154,0.019139,16.1900,0.07655,-0.45132
78220,0.576800,1,0.051906,0.00151909,0.015746,18.7199,0.05705,-0.12838
78237,0.525700,1,0.052174,0.00161129,0.022593,21.1959,0.07052,1.10756
78254,0.551600,1,0.052391,0.00132984,0.019030,18.8487,0.03686,0.31214
78271,0.595000,1,0.051672,0.00144516,0.016792,16.4924,0.04649,-0.51830
78288,0.659400,1,0.053080,0.00151141,0.017902,15.4973,0.03568,-1.39827
78305,0.647500,1,0.051530,0.00153322,0.013662,17.1328,0.06246,0.08511
78322,0.635600,1,0.052852,0.00145135,0.019238,18.6638,0.07909,-0.35694
78339,0.616000,1,0.052650,0.00160402,0.021355,20.3708,0.06536,1.26426
78356,0.589400,1,0.051031,0.00143095,0.016481,18.9452,0.03783,-0.35015
78373,0.618800,1,0.053283,0.00145062,0.019188,19.0214,0.06622,-1.16320
78390,0.649600,1,0.051942,0.00149070,0.020597,16.0413,0.05738,-1.43732
78407,0.609700,1,0.053509,0.00130673,0.015160,17.0731,0.06074,0.42063
78424,0.579600,1,0.052540,0.00134786,0.018509,19.1099,0.03320,0.53063
78441,0.653800,1,0.050907,0.00157504,0.021491,15.1728,0.06658,-1.02168
78458,0.597800,1,0.052470,0.00145071,0.018188,17.9719,0.06538,0.95818
78475,0.641900,1,0.052304,0.00147673,0.009082,15.7917,0.04857,-0.27956
78492,0.660100,1,0.051972,0.00137539,0.015720,15.4091,0.06879,0.77713
78509,0.637000,1,0.052101,0.00159024,0.016138,17.8272,0.06183,0.56243
78526,0.541800,1,0.050533,0.00135372,0.017511,18.7035,0.02949,-0.58809
78543,0.651700,1,0.051332,0.00132520,0.021364,15.1730,0.03479,-1.13607
78560,0.599900,1,0.052627,0.00135597,0.015530,16.8515,0.06523,-0.92585
78577,0.644700,1,0.050866,0.00144571,0.023589,15.3241,0.04908,-0.06809
78594,0.585200,1,0.052666,0.00141587,0.015082,18.5463,0.04141,-1.91942
78611,0.587300,1,0.050961,0.00139763,0.016045,19.6614,0.05318,-0.42301
78628,0.613900,1,0.051483,0.00142752,0.014375,16.7211,0.06065,1.01851
78645,0.648200,1,0.051901,0.00135835,0.019761,16.4096,0.06006,-0.87427
78662,0.670600,1,0.053184,0.00150660,0.014367,17.6197,0.06882,0.02791
78679,0.650300,1,0.052945,0.00131678,0.017042,17.6173,0.06285,0.21293
78696,0.717500,1,0.054337,0.00145973,0.014857,14.4364,0.06262,0.06537
78713,0.608300,1,0.052965,0.00141809,0.012383,16.5870,0.05065,-0.94668
78730,0.644000,1,0.051871,0.00134115,0.016119,17.1230,0.06555,1.56387
78747,0.593600,1,0.052087,0.00140665,0.019672,17.8095,0.03831,0.58829
78764,0.614600,1,0.053543,0.00129805,0.021060,16.7799,0.05785,-0.39418
78781,0.581000,1,0.051326,0.00151061,0.017106,17.8285,0.04600,-1.08169
78798,0.707000,1,0.052706,0.00148892,0.023533,15.5941,0.04465,0.88904
78815,0.602700,1,0.049598,0.00134952,0.014561,19.2307,0.06857,-1.71359
78832,0.613200,1,0.053399,0.00152676,0.017686,19.1416,0.06165,0.45131
78849,0.659400,1,0.051122,0.00148915,0.022595,16.6452,0.09727,0.65335
78866,0.662200,1,0.052416,0.00149165,0.020701,17.0023,0.06862,0.66729
78883,0.616700,1,0.052564,0.00139450,0.019303,16.4130,0.06060,0.58069
78900,0.563500,1,0.051126,0.00140911,0.015272,19.2018,0.06391,0.42471
78917,0.642600,1,0.053620,0.00134174,0.017248,16.4389,0.06061,-0.60395
78934,0.580300,1,0.052442,0.00146748,0.022497,18.9640,0.04253,1.32193
78951,0.555800,1,0.050835,0.00150312,0.022511,19.9383,0.07960,-0.89274
78968,0.676900,1,0.052664,0.00147008,0.021369,15.6929,0.06783,-0.45386
78985,0.613900,1,0.052159,0.00136391,0.015125,16.9696,0.05554,-0.89644
79002,0.596400,1,0.051626,0.00138870,0.016343,17.8810,0.03601,1.54173
79019,0.622300,1,0.050140,0.00144233,0.020119,19.9839,0.08443,0.02594
79036,0.608300,1,0.051571,0.00145560,0.016753,19.0882,0.08197,-1.17101
79053,0.611100,1,0.052404,0.00150162,0.021767,18.3485,0.05213,0.82970
79070,0.578200,1,0.053721,0.00143839,0.015002,19.1173,0.05446,1.26462
79087,0.606900,1,0.051215,0.00153241,0.015844,16.8838,0.06630,-0.18115
79104,0.651700,1,0.051608,0.00133531,0.015564,16.3590,0.05724,-0.26992
79121,0.602000,1,0.050543,0.00152520,0.026722,18.2266,0.05036,0.57334
79138,0.681100,1,0.053051,0.00130769,0.021514,16.5390,0.07937,0.90093
79155,0.654500,1,0.052559,0.00148230,0.014672,16.4338,0.07944,-0.06451
79172,0.553700,1,0.050778,0.00141418,0.020411,18.6286,0.05797,0.95117
79189,0.661500,1,0.051287,0.00156376,0.019634,17.9265,0.06736,1.04605
79206,0.572600,1,0.051441,0.00148377,0.014637,20.4731,0.05679,0.69932
79223,0.641900,1,0.052136,0.00135304,0.017579,16.3048,0.09489,-0.30047
79240,0.590800,1,0.052105,0.00158404,0.014103,18.3887,0.07550,-1.92469
79257,0.571900,1,0.052985,0.00145922,0.016894,18.5567,0.04797,2.25209
79274,0.630000,1,0.051878,0.00143653,0.014120,16.1306,0.07368,1.32431
79291,0.622300,1,0.051562,0.00148855,0.016768,19.1469,0.08645,-1.06316
79308,0.592900,1,0.052500,0.00150449,0.015321,18.2310,0.06349,0.26409
79325,0.630700,1,0.052430,0.00142568,0.017589,18.6639,0.06709,0.69564
79342,0.575400,1,0.052087,0.00151902,0.020742,19.1915,0.05564,1.08441
79359,0.593600,1,0.051269,0.00148956,0.022088,17.0633,0.07770,0.52293
79376,0.627200,1,0.051830,0.00141239,0.010472,15.9375,0.05880,-0.53166
79393,0.601300,1,0.053225,0.00143859,0.025397,18.4463,0.06785,-0.21618
79410,0.577500,1,0.052037,0.00155917,0.025617,16.8611,0.03557,0.76044
79427,0.641900,1,0.052056,0.00146656,0.018734,18.1047,0.07404,-0.60982
79444,0.695800,1,0.052780,0.00146469,0.014202,15.7305,0.04056,0.64264
79461,0.610400,1,0.053834,0.00129436,0.020318,17.3381,0.06155,-0.53346
79478,0.643300,1,0.050067,0.00135914,0.021658,15.8433,0.07731,-1.61225
79495,0.676200,1,0.053142,0.00144914,0.023000,16.6487,0.07288,-0.32003
79512,0.558600,1,0.053443,0.00156380,0.022896,19.2058,0.06687,-0.72124
79529,0.603400,1,0.053202,0.00153408,0.014523,18.2578,0.04805,0.78774
79546,0.582400,1,0.051946,0.00145185,0.019157,19.3598,0.04450,0.32674
79563,0.583800,1,0.053099,0.00142520,0.016626,19.4733,0.07909,-0.59730
79580,0.596400,1,0.049926,0.00137588,0.016197,16.7141,0.05678,-1.11687
79597,0.709800,1,0.054179,0.00134012,0.016387,15.0099,0.04028,0.53187
79614,0.553700,1,0.053587,0.00153171,0.014236,20.6454,0.05550,-1.25200
79631,0.613200,1,0.053575,0.00145089,0.013797,17.0443,0.06271,0.73286
79648,0.598500,1,0.051660,0.00149649,0.021750,16.8247,0.07150,-1.11143
79665,0.573300,1,0.052830,0.00147699,0.016726,18.6979,0.06108,0.71653
79682,0.641200,1,0.051835,0.00140941,0.016631,16.6615,0.05624,1.71906
79699,0.623700,1,0.051641,0.00144159,0.022356,16.2451,0.04922,-2.11349
79716,0.593600,1,0.052578,0.00139561,0.016671,18.0200,0.03644,-0.71334
79733,0.681100,1,0.051186,0.00152803,0.016120,15.7219,0.09771,1.14488
79750,0.602000,1,0.051071,0.00158463,0.017972,18.4870,0.04181,0.10846
79767,0.620200,1,0.050700,0.00153448,0.017885,15.8009,0.06068,0.42564
79784,0.582400,1,0.050722,0.00150563,0.024101,18.3446,0.09034,0.76484
79801,0.696500,1,0.053102,0.00159018,0.017004,15.3257,0.06224,1.65697
79818,0.599200,1,0.052254,0.00135534,0.014696,16.9843,0.05404,0.55178
79835,0.644700,1,0.051675,0.00151460,0.023720,19.8751,0.09376,0.26929
79852,0.630000,1,0.054148,0.00158127,0.011575,16.4846,0.05253,-0.99534
79869,0.568400,1,0.051790,0.00145003,0.016701,19.8360,0.04246,0.01775
79886,0.593600,1,0.051856,0.00140028,0.014303,18.0569,0.06268,1.05297
79903,0.690900,1,0.053951,0.00154925,0.021426,15.9067,0.04017,0.17941
79920,0.548100,1,0.049725,0.00139804,0.019193,19.4801,0.06136,0.20640
79937,0.567000,1,0.050980,0.00136235,0.020754,18.6552,0.03387,0.93075
79954,0.611100,1,0.050802,0.00145861,0.024896,18.6562,0.07973,0.53992
79971,0.568400,1,0.051124,0.00139855,0.021653,18.1379,0.04582,1.08951
79988,0.655900,1,0.053413,0.00153811,0.016996,15.7813,0.06256,0.24881
80005,0.539000,1,0.053863,0.00131972,0.016856,20.1727,0.04639,0.33818
80022,0.595700,1,0.049900,0.00140946,0.022669,17.8018,0.07972,1.24028
80039,0.630700,1,0.051372,0.00147857,0.018670,18.4782,0.07459,0.23223
80056,0.592900,1,0.051170,0.00145447,0.015996,15.9612,0.02762,-0.04084
80073,0.672700,1,0.052622,0.00144021,0.016512,16.7155,0.05583,0.07622
80090,0.595700,1,0.053129,0.00149975,0.017162,18.9048,0.05113,0.72229
80107,0.651000,1,0.051187,0.00137029,0.017417,16.7785,0.07115,0.97913
80124,0.583800,1,0.052646,0.00147033,0.015197,18.8832,0.06050,-0.27988
80141,0.660100,1,0.053946,0.00145745,0.013946,17.4860,0.03999,-1.00311
80158,0.618800,1,0.052068,0.00148119,0.015268,16.0619,0.03922,0.04088
80175,0.648200,1,0.051598,0.00146497,0.015826,16.8371,0.05732,-0.11589
80192,0.565600,1,0.050738,0.00138674,0.019110,18.0935,0.05305,0.81458
80209,0.555100,1,0.052112,0.00152935,0.014251,19.9346,0.08041,-0.48011
80226,0.607600,1,0.053256,0.00153808,0.022341,17.7032,0.02885,1.07338
80243,0.612500,1,0.051203,0.00136132,0.016377,17.2032,0.05943,0.05385
80260,0.574000,1,0.051732,0.00137020,0.022177,18.9434,0.06029,-1.42888
80277,0.600600,1,0.051287,0.00138141,0.010890,17.9221,0.05383,1.83837
80294,0.630000,1,0.051714,0.00146595,0.016805,19.1567,0.04094,-0.36665
80311,0.598500,1,0.050985,0.00134210,0.017658,17.6422,0.09645,0.02540
80328,0.556500,1,0.050745,0.00150707,0.013768,18.7860,0.07604,0.05013
80345,0.671300,1,0.051422,0.00143168,0.022139,14.6324,0.04411,-1.56201
80362,0.599900,1,0.052438,0.00133498,0.012474,20.7079,0.04323,-0.01319
80379,0.626500,1,0.054674,0.00145326,0.016104,16.5103,0.04154,0.42863
80396,0.583100,1,0.052354,0.00146261,0.014370,18.9481,0.03492,0.19294
80413,0.642600,1,0.051825,0.00135548,0.018297,15.0410,0.04710,-1.11767
80430,0.564200,1,0.051267,0.00150263,0.020776,20.9548,0.05999,-0.27339
80447,0.646800,1,0.051793,0.00141493,0.021001,15.8575,0.05788,-1.46587
80464,0.636300,1,0.051687,0.00129275,0.015651,16.4726,0.07032,0.51739
80481,0.623000,1,0.050502,0.00150986,0.016443,17.6866,0.04367,-0.29160
80498,0.608300,1,0.053524,0.00138954,0.019624,17.8342,0.05773,2.31505
80515,0.683900,1,0.051334,0.00149545,0.019258,15.6786,0.06337,0.45050
80532,0.589400,1,0.052729,0.00144883,0.017535,17.5788,0.04908,-0.11372
80549,0.697900,1,0.052551,0.00162750,0.014869,15.6733,0.05247,-1.43306
80566,0.591500,1,0.051909,0.00143521,0.012714,19.2774,0.04456,0.68998
80583,0.568400,1,0.050333,0.00149257,0.019083,16.9645,0.06152,-0.05229
80600,0.612500,1,0.053091,0.00148408,0.021181,19.4263,0.06882,-0.05056
80617,0.539700,1,0.052555,0.00140050,0.011173,19.4043,0.05294,1.03563
80634,0.604800,1,0.052653,0.00136626,0.018488,19.5560,0.05868,-0.91989
80651,0.681100,1,0.050479,0.00159134,0.022092,16.5147,0.05193,0.82838
80668,0.634900,1,0.051854,0.00149351,0.017968,16.7452,0.07527,1.13486
80685,0.636300,1,0.051376,0.00146283,0.019493,16.6598,0.03399,0.53746
80702,0.662200,1,0.051625,0.00147420,0.011696,15.7104,0.09117,1.57942
80719,0.595700,1,0.052029,0.00138265,0.018514,17.4111,0.06628,1.67270
80736,0.625800,1,0.050525,0.00133249,0.018540,16.1856,0.03258,-0.74097
80753,0.657300,1,0.053843,0.00152869,0.018628,15.3692,0.07036,0.34920
80770,0.585900,1,0.053779,0.00139129,0.016626,18.4187,0.04109,-0.42892
80787,0.621600,1,0.050823,0.00143645,0.014479,17.8681,0.05640,0.32307
80804,0.567700,1,0.053703,0.00139646,0.015320,20.2786,0.04516,-0.46955
80821,0.648200,1,0.052374,0.00144994,0.018154,17.4885,0.06793,-0.88062
80838,0.623700,1,0.050221,0.00135514,0.017993,17.2634,0.06332,0.03533
80855,0.674100,1,0.051758,0.00160834,0.017417,19.5646,0.07187,0.48303
80872,0.597800,1,0.052025,0.00135955,0.017600,18.8257,0.04975,-0.74989
80889,0.558600,1,0.051851,0.00146264,0.017877,20.2197,0.05404,1.31875
80906,0.571900,1,0.052930,0.00125396,0.024510,20.3185,0.07506,-0.25464
80923,0.584500,1,0.052702,0.00164015,0.019263,19.6638,0.06572,0.11074
80940,0.595700,1,0.052027,0.00140093,0.012744,19.6884,0.03251,-1.05579
80957,0.646800,1,0.051017,0.00145210,0.021812,15.0711,0.03224,0.79630
80974,0.605500,1,0.051649,0.00129920,0.016090,17.7411,0.08962,0.50941
80991,0.588700,1,0.052045,0.00138346,0.020608,18.7730,0.04988,-0.33251
81008,0.630700,1,0.052485,0.00136056,0.016475,16.5107,0.05105,1.89729
81025,0.620200,1,0.052945,0.00142701,0.015332,16.3597,0.05784,-0.60926
81042,0.583100,1,0.050973,0.00130530,0.019675,19.6746,0.07163,1.10728
81059,0.586600,1,0.050408,0.00153602,0.019953,19.1059,0.06282,0.40915
81076,0.613900,1,0.049445,0.00148316,0.015852,16.0947,0.06533,-1.18280
81093,0.620200,1,0.051636,0.00147504,0.014761,16.5321,0.04159,-0.02441
81110,0.637700,1,0.051723,0.00151170,0.016074,16.2139,0.04977,0.48942
81127,0.555100,1,0.052088,0.00146164,0.016432,20.2762,0.05575,0.42461
81144,0.562100,1,0.052378,0.00146024,0.018020,19.0219,0.06076,-0.13943
81161,0.613200,1,0.051954,0.00133046,0.017412,17.9695,0.06014,-1.55996
81178,0.598500,1,0.051522,0.00148494,0.018005,17.3241,0.06030,-0.65993
81195,0.597800,1,0.052756,0.00155413,0.012815,19.6717,0.07712,-0.24230
81212,0.603400,1,0.050906,0.00148632,0.017446,18.5295,0.04247,0.11141
81229,0.621600,1,0.052298,0.00146803,0.007461,18.6319,0.05872,-0.73288
81246,0.601300,1,0.053894,0.00148234,0.010237,17.5528,0.06583,1.68272
81263,0.644700,1,0.051985,0.00137753,0.022583,15.8937,0.05522,-0.71717
81280,0.657300,1,0.052270,0.00140832,0.020106,17.2972,0.05744,0.29411
81297,0.568400,1,0.050093,0.00137958,0.017483,18.8124,0.06693,1.37710
81314,0.597100,1,0.052671,0.00144870,0.009418,17.2951,0.03451,-0.53975
81331,0.600600,1,0.050539,0.00164513,0.019138,18.0718,0.06036,-0.76988
81348,0.564900,1,0.050891,0.00138247,0.016813,19.2929,0.06423,-0.13739
81365,0.645400,1,0.052628,0.00146025,0.016431,17.0621,0.06850,0.76437
81382,0.535500,1,0.051653,0.00134561,0.014935,22.0257,0.03110,-0.31585
81399,0.685300,1,0.051272,0.00135474,0.017914,15.4346,0.06157,0.52160
81416,0.674100,1,0.054016,0.00138399,0.020500,16.1882,0.08541,0.97163
81433,0.620200,1,0.053367,0.00136743,0.018868,16.7381,0.03412,-0.88723
81450,0.590100,1,0.051629,0.00140228,0.018799,19.4873,0.07240,-1.00659
81467,0.612500,1,0.049667,0.00144241,0.018041,18.5884,0.05523,-1.60528
81484,0.593600,1,0.051939,0.00145526,0.021178,17.1188,0.06349,-1.05616
81501,0.643300,1,0.053110,0.00144051,0.016235,17.6926,0.05794,-0.02730
81518,0.693000,1,0.051821,0.00143859,0.018050,13.1831,0.02239,-0.65151
81535,0.595000,1,0.051028,0.00150435,0.020209,17.7391,0.05646,0.33913
81552,0.594300,1,0.050023,0.00143752,0.017349,16.2550,0.05567,-0.07697
81569,0.641900,1,0.052327,0.00129908,0.018542,17.5304,0.08120,-0.48127
81586,0.571200,1,0.052339,0.00141397,0.019785,17.2081,0.06292,0.62461
81603,0.655200,1,0.051849,0.00159348,0.023278,16.9406,0.04137,0.16291
81620,0.620900,1,0.051613,0.00134878,0.011815,17.4384,0.05664,0.83959
81637,0.637000,1,0.052086,0.00141785,0.016736,15.4883,0.06724,1.52357
81654,0.569100,1,0.050763,0.00143535,0.013752,19.7348,0.07990,-0.72048
81671,0.619500,1,0.053005,0.00134712,0.020347,17.8494,0.08298,0.86321
81688,0.625800,1,0.050517,0.00140125,0.015378,17.0690,0.09590,-0.41845
81705,0.562100,1,0.050673,0.00153841,0.021785,18.4375,0.05328,-0.55628
81722,0.568400,1,0.050384,0.00139118,0.014761,17.6141,0.05666,0.56305
81739,0.653100,1,0.054423,0.00148777,0.020599,15.3407,0.06426,0.05540
81756,0.603400,1,0.051523,0.00147571,0.017794,18.6615,0.06817,0.71901
81773,0.591500,1,0.053208,0.00127400,0.015240,19.9060,0.03213,-0.53075
81790,0.662900,1,0.051428,0.00144249,0.018930,16.5053,0.08421,0.23823
81807,0.585900,1,0.051807,0.00133988,0.016967,18.0552,0.03214,0.57712
81824,0.689500,1,0.051657,0.00146809,0.021687,16.4497,0.08180,0.41622
81841,0.658000,1,0.052950,0.00145439,0.018457,18.1556,0.05079,-0.32804
81858,0.618800,1,0.052775,0.00140222,0.017831,18.4439,0.07364,0.14479
81875,0.623000,1,0.052234,0.00140611,0.013170,19.7091,0.04504,-1.42684
81892,0.588000,1,0.052715,0.00137719,0.013911,18.8900,0.05365,-1.79118
81909,0.557200,1,0.052659,0.00152351,0.023650,20.2567,0.08149,-0.36928
81926,0.644000,1,0.053562,0.00134540,0.023069,16.7397,0.05082,-0.36916
81943,0.643300,1,0.051762,0.00153400,0.021503,18.1895,0.05754,-0.60035
81960,0.623700,1,0.053047,0.00146856,0.019797,16.8485,0.09429,0.45564
81977,0.657300,1,0.052798,0.00148474,0.020734,16.5468,0.07752,0.12325
81994,0.602700,1,0.051942,0.00148629,0.012536,16.6764,0.04762,0.51043
82011,0.621600,1,0.052141,0.00159234,0.015068,17.8165,0.04788,1.02286
82028,0.623000,1,0.051291,0.00148407,0.016488,17.1299,0.03588,0.57413
82045,0.641900,1,0.050916,0.00136452,0.012422,17.5246,0.07184,-0.16880
82062,0.658000,1,0.053244,0.00141952,0.014233,17.7926,0.06335,-1.19702
82079,0.610400,1,0.051163,0.00143174,0.024900,17.4701,0.07540,0.74884
82096,0.601300,1,0.049769,0.00144618,0.025188,16.3539,0.09223,0.58305
82113,0.623700,1,0.052414,0.00152638,0.010270,16.7140,0.04347,0.59724
82130,0.584500,1,0.051467,0.00135296,0.022539,19.3782,0.09056,-0.32367
82147,0.572600,1,0.051855,0.00135801,0.013547,19.6094,0.07014,0.72571
82164,0.546000,1,0.052949,0.00134696,0.018948,19.6721,0.06367,-0.30075
82181,0.677600,1,0.051972,0.00154245,0.023212,15.3191,0.04629,-0.20932
82198,0.611100,1,0.053016,0.00156599,0.018682,19.5204,0.05837,1.35014
82215,0.609000,1,0.053048,0.00140336,0.017963,17.6182,0.04777,-1.17859
82232,0.599200,1,0.051481,0.00138652,0.016921,16.9705,0.03700,0.76509
82249,0.590800,1,0.052054,0.00143217,0.016006,17.2131,0.02359,0.97806
82266,0.564900,1,0.051018,0.00170584,0.021952,18.2313,0.05538,0.28209
82283,0.569100,1,0.050683,0.00142234,0.020579,19.4320,0.04777,1.35924
82300,0.524300,1,0.051515,0.00160734,0.016223,20.9998,0.04398,0.47149
82317,0.603400,1,0.053129,0.00147900,0.019728,18.5132,0.03705,-0.10554
82334,0.586600,1,0.051885,0.00144212,0.023806,18.3048,0.05817,0.37408
82351,0.630000,1,0.052886,0.00146669,0.022727,16.7025,0.04971,-0.10701
82368,0.626500,1,0.052063,0.00153291,0.014385,18.4369,0.07187,0.09664
82385,0.625800,1,0.052702,0.00160218,0.013252,17.8835,0.06246,-0.88414
82402,0.586600,1,0.051458,0.00136627,0.017626,18.6678,0.06463,0.12360
82419,0.647500,1,0.051607,0.00153161,0.022676,15.5206,0.06792,0.98236
82436,0.581700,1,0.052852,0.00143749,0.015195,17.5001,0.05991,-0.51126
82453,0.568400,1,0.050377,0.00159126,0.014071,18.7072,0.07682,-0.45757
82470,0.615300,1,0.052694,0.00156349,0.016569,18.5213,0.06242,-1.69309
82487,0.588000,1,0.052638,0.00128112,0.022263,19.5245,0.04606,-0.71037
82504,0.543200,1,0.050480,0.00130557,0.019746,18.6055,0.05523,-0.61989
82521,0.607600,1,0.052433,0.00141835,0.020677,18.1177,0.06359,-1.62430
82538,0.627200,1,0.051649,0.00134774,0.014236,15.9273,0.02306,1.13121
82555,0.618100,1,0.052664,0.00138566,0.017205,18.5701,0.07388,-0.59825
82572,0.648900,1,0.051173,0.00150103,0.008492,17.4011,0.05709,-0.98617
82589,0.611800,1,0.051937,0.00149763,0.016388,19.1803,0.01963,1.71441
82606,0.615300,1,0.052314,0.00147183,0.021110,17.7128,0.04724,-1.73765
82623,0.540400,1,0.053374,0.00158768,0.017217,21.1212,0.03792,0.52963
82640,0.627200,1,0.050777,0.00144330,0.020957,16.6034,0.06409,-0.78926
82657,0.688100,1,0.052746,0.00158561,0.016300,17.9037,0.04965,0.95444
82674,0.625800,1,0.050421,0.00138830,0.015690,17.3044,0.06339,-1.51461
82691,0.604100,1,0.054544,0.00144565,0.016105,18.5871,0.06098,-0.03637
82708,0.608300,1,0.052537,0.00140383,0.013245,16.6991,0.06784,-0.68324
82725,0.626500,1,0.052378,0.00142368,0.020366,16.1097,0.02952,1.63189
82742,0.554400,1,0.051495,0.00146789,0.019683,20.3508,0.08080,0.39988
82759,0.600600,1,0.051227,0.00135635,0.020636,19.4720,0.06321,-1.16962
82776,0.621600,1,0.052947,0.00135770,0.020027,18.3205,0.06116,-0.32356
82793,0.583100,1,0.051477,0.00140072,0.018080,18.5730,0.07065,0.92002
82810,0.607600,1,0.051804,0.00144947,0.011442,16.9446,0.05808,0.74360
82827,0.599900,1,0.052346,0.00143486,0.013091,16.5455,0.06000,-0.60874
82844,0.670600,1,0.050681,0.00149327,0.014081,15.9063,0.07299,0.60272
82861,0.616000,1,0.052550,0.00151153,0.017409,15.8712,0.06255,-1.25103
82878,0.625100,1,0.050644,0.00153823,0.017561,18.0235,0.04237,-0.03150
82895,0.655200,1,0.052578,0.00144099,0.017816,16.1226,0.05042,-0.52404
82912,0.669200,1,0.051851,0.00154215,0.016359,14.8005,0.07015,-0.27116
82929,0.620200,1,0.052330,0.00146361,0.017295,18.3278,0.03658,2.19904
82946,0.610400,1,0.052863,0.00155115,0.019852,17.8034,0.07739,1.07222
82963,0.622300,1,0.051838,0.00145851,0.022720,19.3289,0.05974,0.40844
82980,0.616000,1,0.052878,0.00165141,0.018350,17.1517,0.06892,0.41545
82997,0.692300,1,0.053086,0.00163729,0.018595,17.0810,0.06340,0.17603
83014,0.592900,1,0.052315,0.00158903,0.017768,18.3396,0.07931,-2.09674
83031,0.592900,1,0.051989,0.00139666,0.012864,17.2073,0.05025,0.54603
83048,0.646800,1,0.052750,0.00134282,0.019483,18.3320,0.06695,0.12922
83065,0.633500,1,0.052562,0.00149810,0.019982,15.9556,0.06074,-0.42688
83082,0.580300,1,0.052798,0.00150942,0.016977,17.3516,0.04236,0.50732
83099,0.658700,1,0.053769,0.00141557,0.026861,16.8759,0.05054,1.61337
83116,0.595700,1,0.052532,0.00141803,0.017466,17.9043,0.07341,0.73115
83133,0.647500,1,0.052318,0.00148816,0.016233,15.1815,0.02299,-0.72505
83150,0.660800,1,0.051224,0.00136214,0.016731,17.1446,0.07070,0.25212
83167,0.618100,1,0.051432,0.00143165,0.011050,15.8981,0.05839,-0.49245
83184,0.606900,1,0.050750,0.00157480,0.014324,19.1922,0.05425,1.11255
83201,0.634200,1,0.052361,0.00160928,0.013053,16.8692,0.05187,-1.01755
83218,0.592200,1,0.051695,0.00153524,0.020756,18.5462,0.07128,0.35574
83235,0.625100,1,0.052827,0.00154639,0.018438,17.0423,0.04500,-0.55129
83252,0.602000,1,0.051477,0.00138256,0.017382,16.5921,0.05412,-1.25008
83269,0.609000,1,0.051681,0.00139694,0.019591,16.6620,0.05048,-2.10360
83286,0.573300,1,0.052168,0.00133758,0.024506,19.4950,0.05921,0.41901
83303,0.609000,1,0.053149,0.00133933,0.018824,16.9133,0.06422,-1.53715
83320,0.558600,1,0.050772,0.00142896,0.013560,19.8649,0.09938,-0.59590
83337,0.620900,1,0.051433,0.00142894,0.014406,17.1702,0.04977,-0.01120
83354,0.581700,1,0.053463,0.00155948,0.017689,19.0115,0.02973,-0.60129
83371,0.567700,1,0.052297,0.00151488,0.024879,20.7193,0.06507,0.20458
83388,0.616700,1,0.052820,0.00142989,0.019185,18.5126,0.07547,1.05461
83405,0.592900,1,0.051431,0.00150338,0.015050,19.5484,0.03690,1.01260
83422,0.610400,1,0.050770,0.00127305,0.023674,16.9699,0.06748,1.92753
83439,0.660800,1,0.054384,0.00137229,0.012603,16.2018,0.06560,0.12354
83456,0.622300,1,0.052989,0.00141715,0.015362,19.9855,0.05257,1.04276
83473,0.646800,1,0.051599,0.00150147,0.017020,17.6335,0.06783,-0.73446
83490,0.625100,1,0.050733,0.00156668,0.021481,17.6474,0.09897,-1.36612
83507,0.623700,1,0.053679,0.00142537,0.009881,16.3498,0.04543,-0.37381
83524,0.626500,1,0.049439,0.00143939,0.021935,16.4119,0.06189,1.21227
83541,0.582400,1,0.051961,0.00135548,0.018527,18.5899,0.03863,-0.52600
83558,0.641200,1,0.051918,0.00146962,0.019309,16.3305,0.06149,-0.54084
83575,0.584500,1,0.053881,0.00143680,0.016947,18.8749,0.06897,-0.72983
83592,0.660100,1,0.051455,0.00150236,0.016739,17.5853,0.06493,-0.46646
83609,0.613900,1,0.053707,0.00138418,0.017854,17.2424,0.07051,0.84686
83626,0.621600,1,0.052262,0.00156785,0.020368,17.0060,0.03532,-0.13687
83643,0.562800,1,0.050803,0.00145996,0.021041,19.5337,0.05209,0.88586
83660,0.574000,1,0.052482,0.00143780,0.021464,18.8075,0.05753,0.07944
83677,0.606200,1,0.051607,0.00145975,0.013055,18.5364,0.05951,0.31011
83694,0.672000,1,0.052380,0.00148383,0.021309,16.8851,0.06202,0.77213
83711,0.648900,1,0.052416,0.00133796,0.019455,16.8185,0.08328,-0.10321
83728,0.590100,1,0.051457,0.00134682,0.020928,18.1250,0.05231,-0.92516
83745,0.620900,1,0.053860,0.00154057,0.014234,19.4358,0.04739,2.03899
83762,0.556500,1,0.052629,0.00151410,0.014561,20.0454,0.04795,-0.54255
83779,0.632100,1,0.052347,0.00147919,0.015220,18.0727,0.07248,0.53611
83796,0.529200,1,0.050840,0.00127153,0.019427,19.7123,0.04343,0.21175
83813,0.633500,1,0.050833,0.00142941,0.010455,15.6196,0.07328,-0.32496
83830,0.645400,1,0.053119,0.00136894,0.015988,17.1331,0.02587,-1.57147
83847,0.617400,1,0.051423,0.00149559,0.017865,19.7603,0.08267,0.83717
83864,0.649600,1,0.052606,0.00147232,0.014027,16.2638,0.06025,-0.19531
83881,0.564200,1,0.050846,0.00147100,0.021809,18.8303,0.05267,0.24863
83898,0.597800,1,0.052678,0.00139750,0.018491,18.8769,0.03990,-0.51805
83915,0.607600,1,0.051855,0.00157353,0.024242,20.4222,0.08047,0.18056
83932,0.503300,1,0.049999,0.00145666,0.018047,20.8792,0.03206,-0.44937
83949,0.616000,1,0.052793,0.00148073,0.017473,19.0368,0.08100,0.27727
83966,0.541800,1,0.052340,0.00167439,0.026938,20.0719,0.02894,-0.51774
83983,0.538300,1,0.051671,0.00142106,0.023243,19.5680,0.04558,1.34084
84000,0.634200,1,0.052968,0.00143987,0.015156,17.1116,0.07599,0.45476
84017,0.588700,1,0.052720,0.00145408,0.023992,20.3416,0.04283,-0.96097
84034,0.701400,1,0.051144,0.00145979,0.011435,16.4863,0.11175,0.66177
84051,0.558600,1,0.051493,0.00134178,0.014883,19.2458,0.02685,-0.40406
84068,0.639100,1,0.050925,0.00140019,0.021850,16.3137,0.07579,-0.25021
84085,0.611100,1,0.053550,0.00138452,0.014449,17.5383,0.07984,1.47416
84102,0.668500,1,0.053352,0.00146165,0.020447,17.0289,0.04269,-0.40102
84119,0.606200,1,0.052186,0.00143290,0.022933,18.2348,0.05799,-1.78625
84136,0.582400,1,0.050429,0.00135005,0.014905,18.3725,0.06578,1.05271
84153,0.651000,1,0.053421,0.00142593,0.020835,16.8340,0.06148,-0.68963
84170,0.618100,1,0.051479,0.00135263,0.015954,16.7550,0.08589,0.84529
84187,0.546000,1,0.051520,0.00152055,0.018462,21.6910,0.07060,1.69925
84204,0.574700,1,0.052476,0.00128205,0.019471,20.1873,0.06941,1.55471
84221,0.612500,1,0.051123,0.00141206,0.019992,17.7544,0.06545,0.63989
84238,0.602000,1,0.052131,0.00139637,0.013271,17.5723,0.04836,-1.40542
84255,0.606900,1,0.052123,0.00152979,0.015115,17.8838,0.06023,-0.97784
84272,0.503300,1,0.052390,0.00141768,0.019573,20.7382,0.00676,-0.98058
84289,0.612500,1,0.052303,0.00158911,0.022225,16.7468,0.06684,1.68632
84306,0.564900,1,0.051749,0.00139113,0.023036,18.7717,0.05810,-0.36889
84323,0.585900,1,0.053372,0.00139808,0.009227,18.8063,0.03831,-0.36950
84340,0.652400,1,0.052629,0.00155962,0.022192,15.8345,0.05922,0.42401
84357,0.598500,1,0.052933,0.00146897,0.017223,17.6865,0.07770,0.16333
84374,0.609000,1,0.050654,0.00164734,0.015233,18.2357,0.03967,-1.61803
84391,0.598500,1,0.052047,0.00154324,0.015211,20.1434,0.06768,1.01624
84408,0.613900,1,0.049972,0.00147762,0.016966,14.7993,0.07718,-0.77656
84425,0.655200,1,0.052611,0.00138183,0.020649,17.1679,0.08031,0.52649
84442,0.677600,1,0.052302,0.00151452,0.018250,17.3080,0.05041,-1.72196
84459,0.642600,1,0.052267,0.00133219,0.016298,18.7571,0.06379,-0.43708
84476,0.647500,1,0.050527,0.00146829,0.018648,17.5846,0.06620,0.11019
84493,0.597800,1,0.051045,0.00154608,0.021336,18.5058,0.06316,1.07744
84510,0.569800,1,0.050316,0.00141858,0.016316,19.4138,0.03184,0.66619
84527,0.597100,1,0.052338,0.00144445,0.018207,18.2729,0.07343,-0.79095
84544,0.583800,1,0.052195,0.00150271,0.012561,20.5484,0.06817,1.29158
84561,0.576800,1,0.052277,0.00151678,0.024610,18.9061,0.06961,-0.14137
84578,0.572600,1,0.052230,0.00135661,0.013055,18.8163,0.05295,-0.08540
84595,0.580300,1,0.050385,0.00151883,0.018589,18.0212,0.06584,-0.83286
84612,0.561400,1,0.052094,0.00146664,0.018261,19.2077,0.07775,1.74588
84629,0.596400,1,0.052104,0.00154479,0.018826,19.9085,0.05973,0.39092
84646,0.602000,1,0.051445,0.00145154,0.016183,16.5846,0.04160,0.91519
84663,0.635600,1,0.052482,0.00158591,0.026854,16.1176,0.06610,-0.01690
84680,0.604100,1,0.052069,0.00143301,0.010326,20.3223,0.07473,0.45905
84697,0.650300,1,0.051656,0.00140413,0.018975,17.3299,0.07645,0.57029
84714,0.593600,1,0.052798,0.00139530,0.017020,16.5588,0.04431,0.13438
84731,0.642600,1,0.052526,0.00151083,0.023879,16.6676,0.06220,-0.14264
84748,0.627900,1,0.051412,0.00156838,0.018665,17.4088,0.07370,-0.65720
84765,0.596400,1,0.052929,0.00148944,0.013763,19.6056,0.06301,0.16608
84782,0.605500,1,0.052418,0.00149164,0.017073,19.2743,0.05787,0.33512
84799,0.609700,1,0.050137,0.00140553,0.025008,17.9444,0.08790,0.18837
84816,0.621600,1,0.050785,0.00141716,0.014626,17.0908,0.08209,-0.66727
84833,0.600600,1,0.053028,0.00152185,0.015590,20.5979,0.06517,-0.49644
84850,0.540400,1,0.052143,0.00146296,0.025824,22.2589,0.08349,-1.47157
84867,0.648900,1,0.051786,0.00146179,0.017587,16.9575,0.05507,0.50324
84884,0.588000,1,0.051631,0.00148099,0.022675,19.2423,0.03852,-0.00990
84901,0.585200,1,0.052610,0.00141627,0.023127,17.8177,0.06084,-0.46582
84918,0.618100,1,0.054265,0.00130003,0.016740,16.4394,0.05053,1.22996
84935,0.620900,1,0.052600,0.00158344,0.022109,18.4373,0.06387,-1.36288
84952,0.637700,1,0.051357,0.00145717,0.017144,16.8480,0.03692,0.75073
84969,0.631400,1,0.054298,0.00139755,0.019639,18.2502,0.06763,0.11005
84986,0.611100,1,0.050959,0.00144011,0.010115,17.5103,0.07770,-0.42345
85003,0.634200,1,0.051413,0.00149999,0.019079,16.4125,0.04815,-0.56174
85020,0.546000,1,0.051446,0.00140574,0.016538,20.5009,0.06833,0.59812
85037,0.601300,1,0.052860,0.00148714,0.018540,18.1625,0.07368,-0.65303
85054,0.655900,1,0.051816,0.00141880,0.019059,16.8894,0.05018,-0.06158
85071,0.651000,1,0.051714,0.00146782,0.023765,17.0021,0.05357,-0.54929
85088,0.592900,1,0.049966,0.00147447,0.017301,19.2342,0.05117,1.56112
85105,0.569800,1,0.053111,0.00147294,0.012688,18.7939,0.06875,-0.54030
85122,0.560000,1,0.051862,0.00150900,0.020485,17.4673,0.05009,-0.08867
85139,0.645400,1,0.053284,0.00141170,0.015828,16.0895,0.03903,-0.11710
85156,0.672000,1,0.053842,0.00145112,0.019659,16.5910,0.06658,0.39226
85173,0.590800,1,0.053784,0.00137798,0.011431,19.4120,0.06381,-0.02384
85190,0.515200,1,0.051475,0.00147184,0.020086,20.3358,0.08153,1.72096
85207,0.595700,1,0.052777,0.00131781,0.015562,16.7723,0.06521,0.11857
85224,0.557900,1,0.050952,0.00146667,0.021427,18.9317,0.07891,0.28333
85241,0.646100,1,0.051702,0.00166556,0.020071,17.5909,0.06669,-0.40693
85258,0.620900,1,0.053611,0.00141080,0.018883,17.6687,0.07302,-0.14756
85275,0.579600,1,0.051954,0.00149956,0.025021,17.3582,0.05596,0.81003
85292,0.600600,1,0.052939,0.00137762,0.019642,17.0998,0.04375,0.35312
85309,0.564200,1,0.050289,0.00145211,0.018293,18.8471,0.07701,0.91888
85326,0.577500,1,0.051944,0.00144366,0.017240,20.1172,0.06997,-0.10238
85343,0.634900,1,0.051603,0.00149311,0.018844,19.0789,0.05441,2.21745
85360,0.616000,1,0.052588,0.00144381,0.019719,20.5744,0.06435,1.09974
85377,0.629300,1,0.053162,0.00136967,0.016546,17.4399,0.05462,-1.52645
85394,0.588700,1,0.052582,0.00144157,0.015989,19.2122,0.02779,-0.27339
85411,0.564200,1,0.052101,0.00137028,0.015903,19.4862,0.05751,0.10995
85428,0.662200,1,0.052839,0.00156903,0.015869,15.4986,0.03527,2.64848
85445,0.585900,1,0.050318,0.00146130,0.016339,18.6701,0.04568,0.54667
85462,0.617400,1,0.052021,0.00141796,0.025711,18.5441,0.05458,0.17105
85479,0.582400,1,0.052696,0.00158303,0.017424,21.3934,0.08754,-1.41455
85496,0.597100,1,0.051774,0.00126120,0.013969,18.2558,0.07016,-0.86587
85513,0.623000,1,0.050860,0.00136926,0.019635,18.2590,0.05358,0.67241
85530,0.625100,1,0.052472,0.00136411,0.018005,18.2566,0.08360,0.47247
85547,0.603400,1,0.050740,0.00149667,0.013598,18.2722,0.05941,-0.87466
85564,0.684600,1,0.051829,0.00138663,0.016149,16.7020,0.05872,-1.12175
85581,0.581700,1,0.052649,0.00132345,0.021444,17.6399,0.05997,1.38991
85598,0.556500,1,0.051350,0.00137058,0.024991,20.3950,0.03022,0.68902
85615,0.566300,1,0.050516,0.00143920,0.023216,18.6676,0.04825,0.29473
85632,0.608300,1,0.050975,0.00164670,0.022715,18.7606,0.06952,-0.49388
85649,0.611800,1,0.052910,0.00144195,0.018208,18.4563,0.06071,2.06634
85666,0.540400,1,0.051478,0.00147479,0.016924,18.4908,0.07443,-0.08591
85683,0.586600,1,0.051523,0.00136677,0.025003,19.7410,0.05279,0.32482
85700,0.606900,1,0.051983,0.00141569,0.017330,17.3614,0.06302,0.84923
85717,0.606900,1,0.051533,0.00143972,0.021384,18.0744,0.06918,0.97302
85734,0.518700,1,0.051386,0.00140983,0.015824,21.6585,0.06279,0.40457
85751,0.618100,1,0.053589,0.00145380,0.015622,19.4369,0.06144,-0.63967
85768,0.634200,1,0.050968,0.00146928,0.023155,15.6063,0.07343,-0.13673
85785,0.634200,1,0.052138,0.00162232,0.016105,18.3308,0.04385,-0.79301
85802,0.547400,1,0.052310,0.00143989,0.012028,19.7922,0.04940,0.28715
85819,0.663600,1,0.054472,0.00147560,0.019671,18.4373,0.07094,0.47709
85836,0.611800,1,0.052997,0.00138951,0.017240,16.4343,0.06376,0.18743
85853,0.592900,1,0.052437,0.00147778,0.017174,18.3823,0.06125,1.01998
85870,0.607600,1,0.051883,0.00136321,0.012537,18.9817,0.08306,-0.59459
85887,0.573300,1,0.052011,0.00138102,0.015549,17.9491,0.04884,2.45801
85904,0.640500,1,0.051339,0.00156999,0.018437,18.3919,0.07328,0.43485
85921,0.681800,1,0.054160,0.00148943,0.010988,16.2186,0.07344,1.49438
85938,0.610400,1,0.053933,0.00145444,0.017051,17.8972,0.06711,1.67333
85955,0.592200,1,0.052425,0.00155531,0.013133,17.6045,0.07464,1.35964
85972,0.619500,1,0.051082,0.00142590,0.023174,19.1957,0.07707,0.96315
85989,0.578200,1,0.053084,0.00135391,0.016158,16.7172,0.04154,1.35619
86006,0.602000,1,0.053134,0.00154230,0.019786,18.5792,0.05065,-0.08266
86023,0.568400,1,0.051075,0.00141046,0.022769,19.0917,0.05525,-0.42760
86040,0.689500,1,0.052761,0.00157009,0.015058,18.8714,0.07558,1.36511
86057,0.566300,1,0.051601,0.00137717,0.015699,20.3348,0.07762,0.07504
86074,0.643300,1,0.052074,0.00138473,0.020398,17.3120,0.05362,-1.50775
86091,0.635600,1,0.052868,0.00148821,0.011894,19.1086,0.03399,0.77112
86108,0.598500,1,0.049970,0.00133114,0.019420,18.4407,0.06661,0.54586
86125,0.637000,1,0.051204,0.00151271,0.015307,17.7622,0.09795,-0.66920
86142,0.584500,1,0.053207,0.00141246,0.014813,17.8681,0.05250,-0.76465
86159,0.634200,1,0.051199,0.00147823,0.018384,16.8840,0.06960,-0.38066
86176,0.581700,1,0.052088,0.00150293,0.013252,19.8292,0.03450,0.33160
86193,0.671300,1,0.053072,0.00159018,0.018619,15.5949,0.04736,-0.31017
86210,0.652400,1,0.052066,0.00138069,0.026663,16.2779,0.07956,1.15117
86227,0.620200,1,0.052598,0.00141108,0.016268,15.6021,0.05349,0.38314
86244,0.591500,1,0.051959,0.00138408,0.021544,18.6344,0.06939,-0.80235
86261,0.588700,1,0.052058,0.00150514,0.020288,19.5458,0.07473,-0.41854
86278,0.569800,1,0.051272,0.00135325,0.016523,17.6681,0.03456,-0.82113
86295,0.604100,1,0.051625,0.00138561,0.026068,19.3710,0.05689,0.68537
86312,0.625100,1,0.051267,0.00136846,0.021102,19.6883,0.04739,-1.26175
86329,0.557200,1,0.053108,0.00147129,0.015758,18.2515,0.05999,0.39668
86346,0.624400,1,0.052788,0.00158518,0.017762,16.3488,0.03605,0.01870
86363,0.552300,1,0.050484,0.00148129,0.015898,18.5746,0.04450,-0.30124
86380,0.573300,1,0.050590,0.00140446,0.017057,17.9945,0.07157,-1.05318
86397,0.617400,1,0.051759,0.00145453,0.018869,19.4203,0.05387,-0.65966
86414,0.614600,1,0.053665,0.00142959,0.019273,16.6663,0.05553,-0.43414
86431,0.588000,1,0.052136,0.00135720,0.021368,18.3400,0.04731,0.22113
86448,0.666400,1,0.052158,0.00155043,0.018332,16.4786,0.05468,0.46618
86465,0.621600,1,0.052384,0.00151149,0.016229,18.0851,0.07124,0.10828
86482,0.564200,1,0.050588,0.00141736,0.022942,17.6596,0.03813,1.54166
86499,0.663600,1,0.052956,0.00144157,0.017114,16.3277,0.04620,-0.94647
86516,0.545300,1,0.052068,0.00139280,0.018978,18.4789,0.07291,-0.41008
86533,0.581700,1,0.049959,0.00133481,0.019007,19.0788,0.07491,-0.98217
86550,0.581000,1,0.050106,0.00135210,0.016974,18.4684,0.03544,0.24004
86567,0.590800,1,0.053376,0.00139380,0.022195,17.8561,0.05846,-0.04670
86584,0.585900,1,0.051262,0.00141108,0.023972,19.7900,0.08313,1.23486
86601,0.617400,1,0.051619,0.00142022,0.014106,18.2276,0.06571,0.04135
86618,0.644000,1,0.053037,0.00133384,0.019736,16.6555,0.03406,-0.79805
86635,0.583800,1,0.053442,0.00160612,0.016255,20.5736,0.05481,0.53910
86652,0.555100,1,0.051158,0.00138260,0.011610,19.4676,0.04480,0.57226
86669,0.610400,1,0.052582,0.00143501,0.021427,17.7289,0.06008,0.09101
86686,0.596400,1,0.053381,0.00157688,0.011075,19.5596,0.07698,0.65335
86703,0.560700,1,0.051166,0.00146529,0.015222,21.3064,0.09252,0.86447
86720,0.637700,1,0.052188,0.00152557,0.017921,17.7848,0.05769,-0.43053
86737,0.597100,1,0.050641,0.00140127,0.018830,18.1364,0.06883,0.06158
86754,0.702800,1,0.053150,0.00159861,0.022748,14.1996,0.05707,0.40618
86771,0.602700,1,0.052053,0.00152918,0.013951,17.5399,0.05335,0.13781
86788,0.552300,1,0.053523,0.00133420,0.020856,20.2453,0.05165,-0.15132
86805,0.665700,1,0.051229,0.00141383,0.013289,14.8985,0.06354,-1.00877
86822,0.574000,1,0.052889,0.00158406,0.014718,18.5167,0.09136,-0.57059
86839,0.667100,1,0.052563,0.00150161,0.018911,16.1516,0.07133,-0.32580
86856,0.599200,1,0.051079,0.00140735,0.020119,18.9332,0.07257,-0.22156
86873,0.644700,1,0.052967,0.00148545,0.015793,15.8676,0.05201,0.45857
86890,0.609000,1,0.052216,0.00148165,0.017274,16.7821,0.05584,0.05456
86907,0.564900,1,0.051328,0.00156294,0.015718,18.3703,0.06364,-0.22873
86924,0.637000,1,0.051862,0.00143101,0.025710,15.5108,0.07356,1.37258
86941,0.556500,1,0.052903,0.00132487,0.013150,20.2504,0.06735,0.01219
86958,0.604100,1,0.052075,0.00154766,0.011990,20.6080,0.06441,-0.31078
86975,0.627200,1,0.053564,0.00141462,0.026282,16.4908,0.04013,-0.91933
86992,0.595700,1,0.051964,0.00144645,0.023071,17.4158,0.07504,-0.47316
87009,0.592900,1,0.051802,0.00131724,0.020185,18.9980,0.05203,-0.67145
