time_s,position_m,velocity_mps,accel_mps2,estimated_thrust_n,fitted_thrust_n
0.0,0.001728247387199963,4.1204233742741385,213.62535005418138,11.1321841779575,15.938768669816152
0.002,0.004766999377290587,4.381230695772716,218.4396530121178,11.38441954753739,15.764202496930253
0.004,0.008699071387787076,4.668262974552373,223.4473490320646,11.647035714961094,15.591565212297192
0.006,0.01511492388426927,4.979155683868386,228.56275624262585,11.915595660674033,15.420835502452682
0.008,0.0227323360931222,5.312251475982475,233.71270105556545,12.1863173044015,15.251992289437917
0.01,0.03158631483001989,5.642490050154255,238.29960448095926,12.427922593276758,15.085014728197324
0.012,0.041554583872742225,5.970122636660588,242.3179481101764,12.640122299309192,14.919882204005095
0.014,0.05328415928266598,6.294474557048167,245.7642548609739,12.82272399747991,14.756574329920099
0.016,0.06653904518579928,6.615945529555024,248.6396097163737,12.975783172165753,14.595070944268977
0.018000000000000002,0.08058102140230164,7.1394582422104484,250.9444709712853,13.101779378621101,14.435352108157018
0.020000000000000004,0.09649646899886484,7.697125614997965,252.74475503493,13.202452754752375,14.277398103006522
0.022000000000000006,0.11315845452087551,8.28833913865623,256.6929662222875,13.415822415015432,14.121189428122403
0.024000000000000007,0.1318023419203217,8.912389518813104,260.34702958988316,13.614991195082789,13.966706798284667
0.02600000000000001,0.15103632330460562,9.568995578673645,263.7140188727587,13.800427230297537,13.81393114136749
0.02800000000000001,0.17211629021764716,10.225146679450585,266.807504275171,13.972368739242894,13.662843595984613
0.030000000000000013,0.1943895380118824,10.877701640681856,269.64885062976896,14.131866856590808,13.513425509160754
0.032000000000000015,0.21758913333658164,11.522386333901014,272.26517013563546,14.280235360027842,13.365658434028745
0.034000000000000016,0.2419128923498196,12.156017703340304,274.6913712027028,14.419197486713978,13.21952412755212
0.03600000000000002,0.2668093725690041,12.77507546717483,276.14478846927204,14.507942044430942,13.075004548272865
0.03800000000000002,0.294006299187742,13.375987756566287,276.68182650403713,14.549274359891472,12.932081854084052
0.04000000000000002,0.3215657029181284,13.955431812036311,276.35915152273185,14.546006134048493,12.790738400027088
0.04200000000000002,0.3503206271278169,14.509933982895248,275.23926045166286,14.501237523216448,12.650956736113306
0.044000000000000025,0.3806891990396971,15.05580032326158,273.3416473807708,14.416330082435772,12.51271960516962
0.04600000000000003,0.41190971506919377,15.592774409645003,270.6928810949356,14.292634436649099,12.376009940707988
0.04800000000000003,0.4444098947813173,16.121893449538806,267.3252196726819,14.131832094907475,12.240810864818412
0.05000000000000003,0.4770475151341699,16.64267961422418,263.27680616034587,13.935871652136251,12.107105686085239
0.05200000000000003,0.5116407492684403,17.15515715083835,259.0003365556367,13.72827179653603,11.974877897526454
0.054000000000000034,0.5457583649094473,17.659566223649037,254.58274482014895,13.513538535139517,11.84411117455577
0.056000000000000036,0.5827351752451215,18.1560004157082,250.11121072320327,13.296187282823599,11.714789372967221
0.05800000000000004,0.6200324148860616,18.644946446448504,245.66904932084833,13.080545641160173,11.586896526942034
0.06000000000000004,0.6580703559650759,19.12615825452963,241.33959357466046,12.870920152999945,11.460416847077518
0.06200000000000004,0.6975888230404407,19.599992463822613,237.14053617314013,12.668223713514076,11.335334718437734
0.06400000000000004,0.737352897960104,20.06602298753201,233.08197434400785,12.472948896483844,11.211634698625707
0.06600000000000004,0.7786350662347075,20.524705465236135,229.16657599878818,12.28523177413137,11.089301515876937
0.06800000000000005,0.8205335377933689,20.976087508513423,225.38975940646057,12.104818548250016,10.968320067173977
0.07000000000000005,0.8628266761952942,21.420325284064823,221.73994643750044,11.931095996067153,10.84867541638184
0.07200000000000005,0.906678302087047,21.85781121577442,218.1975598428772,11.763044490267253,10.730352792404023
0.07400000000000005,0.9512156645675817,22.288389372323927,214.7375662473612,11.599341245509027,10.613337587358883
0.07600000000000005,0.9965530600896347,22.712287816294808,211.3271169665032,11.43827174338513,10.49761535477618
0.07800000000000006,1.0426013131179472,23.129540846102373,207.96531444092412,11.27977617063373,10.383171807813557
0.08000000000000006,1.0896299662915159,23.54021225841041,204.65087894941803,11.123776350883537,10.269992817492694
0.08200000000000006,1.13776028787967,23.944032318712424,201.38345727310875,10.970229061612057,10.158064410954983
0.08400000000000006,1.1860599053656855,24.34129331444103,198.16206951409774,10.819081325333928,10.047372769736464
0.08600000000000006,1.2355576251521743,24.73220093740039,194.98599366114325,10.670290939789158,9.937904228061827
0.08800000000000006,1.286063300951354,25.116805073660174,191.85504356328943,10.523837650258104,9.829645271157256
0.09000000000000007,1.33697986362121,25.49536004917493,188.76828159066042,10.379671353864547,9.722582533581928
0.09200000000000007,1.3884875335776745,25.867725847985277,185.72575004393963,10.237776348861715,9.616702797577934
0.09400000000000007,1.4406050418668155,26.23401082508633,182.72715080032057,10.098130186199064,9.511992991438447
0.09600000000000007,1.4935506272940495,26.594160636858934,179.77281022662333,9.960735970069642,9.408440187893909
0.09800000000000007,1.5479156575696313,26.94864268814039,176.86267463109175,9.825601089764541,9.306031602516061
0.10000000000000007,1.6024218738399447,27.297700996869892,173.9962230737584,9.692699537718475,9.204754592139599
0.10200000000000008,1.6578973144581313,27.641117897101257,171.17258546773553,9.561966112974263,9.104596653301273
0.10400000000000008,1.7138027778143985,27.978854121976656,168.3912914983197,9.433364567852774,9.005545420696233
0.10600000000000008,1.770040907909829,28.31078672206804,165.65301341784965,9.306914099783903,8.907588665651437
0.10800000000000008,1.82733346315323,28.637198359229497,162.95767765006866,9.182614833370122,8.810714294615915
0.11000000000000008,1.8852510523281767,28.958139649760344,160.304532872015,9.060420976270573,8.714910347667733
0.11200000000000009,1.9437821727025264,29.273880460360935,157.69304479395166,8.940309237993764,8.620164997037431
0.11400000000000009,2.0030080648349182,29.584497290550665,155.12265000823874,8.822245777946327,8.526466545647807
0.11600000000000009,2.0629645647215367,29.88985617554347,152.5932485306333,8.706210417913415,8.433803425669801
0.11800000000000009,2.1230870317272466,30.190399260653734,150.1049955939443,8.592225787226141,8.34216419709436
0.12000000000000009,2.183999899710909,30.486136409993932,147.6574730065487,8.480263244417921,8.251537546320087
0.1220000000000001,2.2453781882408705,30.777126496637585,145.2493377338363,8.370248768096655,8.161912284756461
0.1240000000000001,2.3073632743461006,31.063350969586523,142.8800069980475,8.26214399986018,8.073277347442549
0.12600000000000008,2.3700302158609703,31.34495893822866,140.54987930544348,8.155970654571252,7.9856217916809085
0.12800000000000009,2.43326115077608,31.622074946411015,138.25805690682586,8.051682114439469,7.898934795686661
0.1300000000000001,2.497198959583697,31.894860468048297,136.0033313158547,7.949217953854667,7.813205657251428
0.1320000000000001,2.561713547841517,32.16316135827227,133.78485971257035,7.848519840285626,7.728423792422073
0.1340000000000001,2.6261056979914197,32.42666463579667,131.60224447467337,7.749543621784617,7.644578734194018
0.1360000000000001,2.6914174853191644,32.68579384079686,129.4547763976622,7.652269569285502,7.56166013121901
0.1380000000000001,2.757581106170044,32.94075455907828,127.34211063832659,7.556685504002921,7.479657746527168
0.1400000000000001,2.824462850521184,33.19166026439831,125.2625705392518,7.462705225914215,7.398561456263142
0.1420000000000001,2.890452952435145,33.43862747308976,123.21440207041799,7.370238965287756,7.31836124843624
0.1440000000000001,2.957803024728286,33.6815234696489,121.19711140256805,7.279248437129068,7.239047221684371
0.1460000000000001,3.0258135993218414,33.92028938820451,119.2107736267469,7.189729077441591,7.160609584051643
0.1480000000000001,3.094092361452684,34.155287028229004,117.25497119945746,7.101675210785221,7.083038651779459
0.1500000000000001,3.16277097528973,34.38678450292586,115.32838446541551,7.015029412966272,7.006324848110991
0.1520000000000001,3.232223533087555,34.6144622747236,113.43065107870589,6.929749822263717,6.930458702108842
0.1540000000000001,3.301551115586349,34.838235677301995,111.56080021167654,6.84577647132045,6.855430847485788
0.1560000000000001,3.3714396737284082,35.05815590881045,109.7189684765914,6.7631150543302585,6.78123202144843
0.1580000000000001,3.4424801171103927,35.27441060628244,107.9047857138435,6.6817532786405085,6.707853063553634
0.16000000000000011,3.5132042313050484,35.487103787460974,106.11717171817583,6.601637214237695,6.635284914577593
0.16200000000000012,3.58481740881124,35.696348634363815,104.35504136469481,6.522713450655688,6.563518615397396
0.16400000000000012,3.6565172922233407,35.90203438484019,102.61795325454098,6.444948556749262,6.492545305884958
0.16600000000000012,3.7287668559251386,36.10423936590631,100.90585396333611,6.3683408323976,6.4223562238131535
0.16800000000000012,3.8011280719755556,36.303040599962685,99.21815263351948,6.292860721196682,6.35294270377406
0.17000000000000012,3.874022427712498,36.49872666993372,97.55493660427683,6.218527272690977,6.2842961761091365
0.17200000000000013,3.9473690970685493,36.691272564275565,95.91553942372511,6.145301145218696,6.2164081658512345
0.17400000000000013,4.021434064049139,36.8804705936764,94.29978098867427,6.073156809219591,6.149270291678293
0.17600000000000013,4.094978063525879,37.06627276416356,92.70804187483412,6.002107777060114,6.082874264878595
0.17800000000000013,4.169980063666743,37.24903481872407,91.1407270784468,5.932194488249336,6.0172118883274655
0.18000000000000013,4.244764646357625,37.42868875398418,89.59700255467077,5.863366385552552,5.952275055475261
0.18200000000000013,4.320220467471719,37.60521498118013,88.07645004409942,5.795597604379181,5.888055749346559
0.18400000000000014,4.395090650790733,37.77887437299535,86.57944809112993,5.728921818614155,5.824546041550393
0.18600000000000014,4.471347325291808,37.949330857035996,85.10572701812193,5.663300695665623,5.761738091301432
0.18800000000000014,4.547687474076807,38.1169140819242,83.65517680128202,5.598747158814956,5.6996241444519695
0.19000000000000014,4.623865665657548,38.281827312123845,82.22763471174709,5.535263558226065,5.638196532534609
0.19200000000000014,4.7013402754779685,38.44390871084339,80.8226921107849,5.472815775203795,5.577447671815542
0.19400000000000014,4.777949510017249,38.60300030009187,79.43932196349404,5.411337649121222,5.517370062358258
0.19600000000000015,4.855476224235436,38.75915536601173,78.0786734453585,5.350890026304403,5.457956287097629
0.19800000000000015,4.933930004879622,38.912567101447316,76.74125044694803,5.291509588697117,5.399199010924208
0.20000000000000015,5.011864977600672,39.063417264421744,75.42623923161649,5.233163982153118,5.341090979778651
0.20200000000000015,5.090192639112811,39.21208388664989,74.1332252631344,5.175854964998907,5.28362501975615
0.20400000000000015,5.168755250844885,39.35802665027165,72.86257001225867,5.119563387228406,5.22679403622075
0.20600000000000016,5.24742651665562,39.501246850356395,71.61455687920497,5.0643020381088055,5.170591012929459
0.20800000000000016,5.326409667007335,39.64224975243646,70.38914782779584,5.01010111934091,5.11500901116604
0.21000000000000016,5.406669919154072,39.78092132997057,69.18616920174368,4.9569422608082645,5.060041168884373
0.21200000000000016,5.486739487884926,39.91731420367029,68.00474427822158,4.904781802015323,5.005680699861271
0.21400000000000016,5.566329545922782,40.051454382842444,66.84420270724536,4.853585071277518,4.951920892858674
0.21600000000000016,5.646690935465864,40.1831058172973,65.70466769161669,4.803340744272518,4.898755110795089
0.21800000000000017,5.727395023400004,40.31205536873579,64.58547516078043,4.753997952088407,4.846176789926193
0.22000000000000017,5.808227054590068,40.4388771981465,63.485447891345224,4.7055333116030065,4.794179439034475
0.22200000000000017,5.889630739167169,40.56361873349544,62.404050982253,4.657920909263705,4.74275663862786
0.22400000000000017,5.971039800216402,40.68613056843449,61.34101900657701,4.611135242725101,4.691902040147153
0.22600000000000017,6.0525569328334035,40.80663591794967,60.29613131419293,4.565178981418948,4.641609365182271
0.22800000000000017,6.133991223688231,40.92524201980353,59.269297472058575,4.520053673373719,4.59187240469712
0.23000000000000018,6.216402836749149,41.042065356241515,58.25966216664206,4.475721846186341,4.5426850182630325
0.23200000000000018,6.298590690747048,41.157072046126906,57.2664117776378,4.43213774627089,4.4940411333006915
0.23400000000000018,6.3811229173902575,41.2701104007363,56.289905415805954,4.389308296520653,4.4459347443304145
0.23600000000000018,6.463434659472551,41.38117758738707,55.33023873445144,4.347237132001924,4.398359912230734
0.23800000000000018,6.5466098204178245,41.490338565519544,54.38616498797679,4.305862899924337,4.351310763505164
0.24000000000000019,6.630387367812082,41.597596163158016,53.456330117921986,4.265114324847548,4.304781489557063
0.2420000000000002,6.713645076542567,41.70289864146369,52.541067853704945,4.225004034221374,4.258766345972524
0.2440000000000002,6.797063087545064,41.80648810461718,51.640133333532134,4.185535511082614,4.213259651811179
0.2460000000000002,6.881177575397549,41.90804367801089,50.75303654139869,4.146659422018294,4.168255788904838
0.2480000000000002,6.964889632725384,42.00783678973391,49.879658370867304,4.108387970858255,4.123749201163882
0.25000000000000017,7.048541176873564,42.1059382618493,49.01952876327804,4.070700902313524,4.079734393891319
0.25200000000000017,7.133340122701564,42.202418748942755,48.172446266393344,4.0335919790528765,4.03620593310442
0.25400000000000017,7.217812070833415,42.29744143580512,47.3384985349091,3.9970767355322256,3.993158444863853
0.25600000000000017,7.302969480254194,42.3909310011048,46.5181392230557,3.961172604782141,3.9505866146102178
0.2580000000000002,7.387980234284546,42.48268411022864,45.71028507632615,3.9258077850342845,3.9084851865079293
0.2600000000000002,7.47263631629522,42.57270839959527,44.91504712618491,3.890987789087426,3.866848962796342
0.2620000000000002,7.558092320911956,42.66120420372439,44.13302918689593,3.856757800980602,3.8256728031480387
0.2640000000000002,7.644014501805077,42.74804959914799,43.36379526716984,3.823085563875202,3.784951624034221
0.2660000000000002,7.729353161427945,42.833452739113184,42.60645361393146,3.7899391855958466,3.744680398097103
0.2680000000000002,7.815239462686211,42.91736812851428,41.86028267654482,3.7572771835374437,3.704854153529246
0.2700000000000002,7.901138459494406,42.999445879319545,41.125222460911445,3.7250701285133387,3.6654679734597493
0.2720000000000002,7.98745969232819,43.080018521111406,40.40111401236695,3.693333425249167,3.6265169953472207
0.2740000000000002,8.07401293616165,43.159468374374356,39.68835556859967,3.66211531544168,3.5879964103794557
0.2760000000000002,8.160628531543537,43.23753682154139,38.985263097032686,3.631308693587954,3.5499014628797547
0.2780000000000002,8.246701331300113,43.31420803628665,38.2913236451281,3.6008851644973463,3.5122274497197945
0.2800000000000002,8.33349948404815,43.389632585834086,37.606834564944286,3.570870789054283,3.4749697197389873
0.2820000000000002,8.420511032546662,43.46366913386436,36.93251685562626,3.541292096474756,3.4381236731702605
0.2840000000000002,8.507329041723924,43.536622093893286,36.26748092678686,3.5121249149757943,3.401684761072176
0.2860000000000002,8.594342295416029,43.60850545352701,35.61150159648814,3.483358171226055,3.365648484767328
0.2880000000000002,8.682242766648828,43.67901345048933,34.96492211705285,3.4549865332195204,3.330010395286945
0.2900000000000002,8.769150796988708,43.74800047046091,34.327626203968784,3.42699258845009,3.294766092821629
0.2920000000000002,8.857173279076923,43.81587054554273,33.700581534949826,3.3994563244943072,3.259911226178162
0.2940000000000002,8.945219906852621,43.88248556705713,33.0832060774542,3.3723367468619454,3.225441492242317
0.2960000000000002,9.032988085167812,43.94770070513306,32.47493157461084,3.3455930181207196,3.1913526354476063
0.2980000000000002,9.120658106522537,44.01162713612011,31.875603479847932,3.319224983245756,3.157640447249892
0.3000000000000002,9.209059192994209,44.074040378590865,31.28673892266762,3.2932942300484336,3.124300765607812
0.3020000000000002,9.297345365656865,44.13526849981563,30.708509155271557,3.2678338853255218,3.091329474468942
0.3040000000000002,9.38605644923396,44.195547565972504,30.140013066975733,3.2428145211573907,3.0587225032616328
0.3060000000000002,9.474483150646424,44.25489231419562,29.58129822734997,3.2182394311213494,3.0264758263924687
0.3080000000000002,9.563011756627022,44.31281758587302,29.0329296224873,3.1941010284922884,2.994585462749274
0.3100000000000002,9.651618952772965,44.3696399936642,28.496194461702576,3.170489796409584,2.9630474752096116
0.3120000000000002,9.740174618009348,44.42543315538534,27.971226765212094,3.1474179634018298,2.931857970154715
0.3140000000000002,9.829661558202572,44.48032607634212,27.457841237692485,3.1248853908902348,2.901013096988791
0.3160000000000002,9.918688371465787,44.53422254993272,26.954896202337906,3.1028251483673284,2.870509047663629
0.3180000000000002,10.007645461530615,44.58699005718521,26.463426805234636,3.081280706996113,2.8403420562084687
0.32000000000000023,10.09679407797351,44.63859124797921,25.983985623475828,3.0602776511108507,2.8105083982650614
0.32200000000000023,10.186428929856781,44.68913158065502,25.516292043007475,3.0398091219413828,2.7810043906278668
0.32400000000000023,10.275694854920806,44.73899488904103,25.059094132033845,3.0198390445684087,2.7518263907893328
0.32600000000000023,10.365427457870323,44.78802496353585,24.61160945855101,3.0003146223168358,2.7229707964901966
0.32800000000000024,10.455278863371635,44.83627846634207,24.173798130927928,2.9812379064382784,2.6944340452747584
0.33000000000000024,10.544691017322283,44.88379480577645,23.745122411696478,2.9625837607586334,2.666212614051066
0.33200000000000024,10.634692897167628,44.93057758040187,23.325470184827406,2.9443464518235936,2.638303018655965
0.33400000000000024,10.724490411821092,44.97671460792503,22.91298020381025,2.926435758361386,2.610701813424943
0.33600000000000024,10.81442781745097,45.02195081462183,22.507326210761395,2.908814968105815,2.5834055907667435
0.33800000000000024,10.904770924787082,45.06641598119239,22.108758546114196,2.891506869522444,2.556410980742663
0.34000000000000025,10.994872366462909,45.11000353482769,21.717296767157922,2.874504101347639,2.5297146506505106
0.34200000000000025,11.085591710451936,45.152979093199185,21.331293767429695,2.8577412818283423,2.5033133046131577
0.34400000000000025,11.17569630933008,45.195067992476986,20.949648554252708,2.8411398443486084,2.4772036831716338
0.34600000000000025,11.266134786491548,45.236300254923556,20.572221678330656,2.8246946637571435,2.4513825628827224
0.34800000000000025,11.35665115873718,45.27673377155359,20.199109128989633,2.808415022946403,2.4258467559209973
0.35000000000000026,11.447491255035683,45.316519879375534,19.83071127847299,2.7923332774354686,2.4005931096852655
0.35200000000000026,11.538179196332882,45.355774650872824,19.46639298700975,2.77642525068753,2.3756185064093476
0.35400000000000026,11.628879633050174,45.39449694611642,19.10542878007165,2.7606530229717117,2.3509198627771672
0.35600000000000026,11.719373277941747,45.43247543915237,18.74719329756154,2.7449675882842515,2.3264941295420907
0.35800000000000026,11.810599705865055,45.469534336879676,18.39282102388642,2.7294141568352512,2.3023382911504715
0.36000000000000026,11.901375524687328,45.50579839562788,18.04248283741675,2.7140111263931437,2.27844936536936
0.36200000000000027,11.992919293725153,45.54125396154589,17.695731910545256,2.698734053417825,2.2548244029183144
0.36400000000000027,12.084090915540859,45.57600325702059,17.35270922232903,2.6835980712537957,2.2314604871052994
0.36600000000000027,12.175500358950591,45.610038653216705,17.01383288935766,2.6686242026499434,2.2083547334665883
0.36800000000000027,12.2665480781555,45.64337484370058,16.67989921097107,2.653854875110611,2.1855042894106553
0.3700000000000003,12.357735398332894,45.67615305231094,16.350925894074457,2.639301896262505,2.1629063338660006
0.3720000000000003,12.448851581540517,45.708339526540456,16.027264696297454,2.6249808315466674,2.1405580769328685
0.3740000000000003,12.5406364406908,45.739734362041354,15.708503125237261,2.610854532720533,2.118456759538807
0.3760000000000003,12.631700156799297,45.77050007769245,15.395732422453658,2.5969923090797646,2.0965996530980404
0.3780000000000003,12.723789850178022,45.800791459888195,15.089570242997596,2.5834382756952743,2.0749840591746063
0.3800000000000003,12.815733838825103,45.83051661913476,14.789991618242478,2.570183875089363,2.0536073091492058
0.3820000000000003,12.907583564309888,45.859642805114255,14.496098044532724,2.5571797362876194,2.0324667638897482
0.3840000000000003,12.998820674463904,45.88817101274438,14.207818242986807,2.544422141386323,2.0115598134255213
0.3860000000000003,13.090976971515321,45.91580474574687,13.925308534425792,2.531895903172083,1.9908838766249761
0.3880000000000003,13.182637968671482,45.942621248104025,13.648678735690886,2.5196126606763474,1.9704364008770598
0.3900000000000003,13.274698866109514,45.969173909797,13.378372467669362,2.5076387745404336,1.9502148617760802
0.3920000000000003,13.36657615016652,45.99529931355955,13.112852608219757,2.495881453715347,1.930216762810044
0.3940000000000003,13.4588776055981,46.02088676969846,12.850826294009453,2.4842647205177943,1.910439635052444
0.3960000000000003,13.550759266521863,46.046158232019444,12.591620321107186,2.4727709358050056,1.89088103685745
0.3980000000000003,13.643181410090357,46.07083854897429,12.334203254714916,2.4613247949595336,1.8715385535584665
0.4000000000000003,13.735159021152532,46.095017232740254,12.075608320182827,2.4497789910636207,1.8524097971700264
0.4020000000000003,13.827131314023285,46.11883648917835,11.812615369265126,2.4379772044479964,1.8334924060929698
0.4040000000000003,13.91944996522954,46.14222935580865,11.541979525012053,2.4257453857524482,1.8147840448228896
0.4060000000000003,14.012012408112636,46.164986695492814,11.25944164937259,2.4128455352914226,1.7962824036617921
0.4080000000000003,14.10423898106249,46.187594138558964,10.961066710301525,2.399111228257903,1.7779851984329484
0.4100000000000003,14.196782509057286,46.209805858524604,10.64175271641124,2.3842577615264116,1.7598901701988927
0.4120000000000003,14.289346753692191,46.23148641861483,10.295195368740925,2.3679465830281985,1.7419950849825387
0.4140000000000003,14.38136295000834,46.25265730363415,9.915451046316917,2.349870261065009,1.7242977334913774
0.4160000000000003,14.474458120116154,46.27322077624623,9.497583356651976,2.329764331316812,1.7067959308447216
0.4180000000000003,14.566482345527923,46.293227303403334,9.035229185164358,2.30730183413523,1.6894875163039664
0.4200000000000003,14.65956351779553,46.31303132722883,8.521133852753918,2.2821334774611217,1.6723703530058263
0.4220000000000003,14.752706821724498,46.33264536987383,7.948515796304016,2.253907589417172,1.6554423276985228
0.4240000000000003,14.845097868533585,46.351303691812234,7.310840122697081,2.2222237764243515,1.6387013504808876
0.4260000000000003,14.937390449700509,46.36914784393286,6.603624543103009,2.1868600672250254,1.6221453545443467
0.4280000000000003,15.030064174671013,46.38614032966689,5.822523148568979,2.147587432490425,1.6057722959177558
0.4300000000000003,15.123409298937082,46.401866485114546,4.962874750844365,2.104130586168775,1.5895801532150566
0.43200000000000033,15.216238414203174,46.41639754813509,4.020442001621191,2.0562747260631244,1.5735669273857187
0.43400000000000033,15.30866246517849,46.42918188112105,2.99414745578232,2.0039200355571043,1.5577306414679446
0.43600000000000033,15.402042165574818,46.4398196704988,1.8846991989491113,1.9470715404722094,1.5420693403445915
0.43800000000000033,15.494741593384814,46.44807691979085,0.6926335541842954,1.8857384681077052,1.5265810905018025
0.44000000000000034,15.587927097075688,46.45394399388734,-0.5792704025058688,1.8200644661054315,1.5112639797902945
0.44200000000000034,15.681017384702614,46.45681020553043,-1.9272137163663605,1.7501986010364692,1.4961161171892907
0.44400000000000034,15.773577723006241,46.45641145329314,-3.3448735563809455,1.6764486818395616,1.4811356325730574
0.44600000000000034,15.866775040225905,46.45296696804602,-4.823928509620277,1.5992648048130225,1.4663206764800214
0.44800000000000034,15.960265448793223,46.44604226659966,-6.355326249809213,1.519083312529567,1.4516694198844413
0.45000000000000034,16.053347634129654,46.43554446731768,-7.930307948846416,1.4363524283791735,1.4371800539705966
0.45200000000000035,16.14601554901172,46.42103739490976,-9.538252763506275,1.3515900806291123,1.4228507899094782
0.45400000000000035,16.239370387806538,46.4021321551746,-11.16573561209238,1.2654638811580368,1.40867985863794
0.45600000000000035,16.332720862197384,46.37849240247434,-12.800017607850615,1.1786100616334239,1.3946655106402948
0.45800000000000035,16.426097418442264,46.35066669169232,-14.428416268230272,1.0917320664123502,1.380806015732323
0.46000000000000035,16.518981235520084,46.318485101358526,-16.039604639536133,1.0054060643182432,1.3670996628476673
0.46200000000000035,16.612243653784862,46.28168722254703,-17.621010643040307,0.9202659570583197,1.353544759826587
0.46400000000000036,16.704913466406687,46.24076470917841,-19.159974933704213,0.8370096902798021,1.3401396332070483
0.46600000000000036,16.7975456552858,46.19584421349962,-20.643783621667882,0.7563092331041654,1.3268826280181214
0.46800000000000036,16.89009933625258,46.14756088660371,-22.06281726122301,0.6787157266381683,1.3137721075756599
0.47000000000000036,16.982317829612963,46.09607685694279,-23.409075009497872,0.6046587973558518,1.3008064532802421
0.47200000000000036,17.074452301577008,46.04188246204955,-24.6737791883022,0.5346342479516143,1.2879840644173386
0.47400000000000037,17.166365453843447,45.98498444670812,-25.85059453053442,0.4689727933902328,1.2753033579596917
0.47600000000000037,17.258646656983906,45.92591285813886,-26.934175469386656,0.40799472511624707,1.26276276837188
0.47800000000000037,17.35035822963993,45.865021710625946,-27.92233918134152,0.35184191104632373,1.2503607474170386
0.48000000000000037,17.44200529170962,45.80208755757582,-28.8137776272371,0.30056547411194096,1.2380957639657164
0.4820000000000004,17.5335421965634,45.73759913301868,-29.60899789583426,0.2541778440678844,1.225966303806848
0.4840000000000004,17.62507338220854,45.67166381689705,-30.308163929904385,0.2126793767115133,1.21397086946081
0.4860000000000004,17.71683009554464,45.604815992923946,-30.913843747593326,0.17597860502080057,1.2021079799945456
0.4880000000000004,17.807503818149232,45.537408181488445,-31.4315405916047,0.14381706252096235,1.1903761708387328
0.4900000000000004,17.89873656608298,45.4698698634557,-31.86657239248302,0.11595173005781578,1.17877399360697
0.4920000000000004,17.989408958057826,45.401918570850384,-32.22415952799757,0.09208931123208366,1.167300015916961
0.4940000000000004,18.080220188303276,45.33394529641956,-32.5095921293914,0.07198510622256443,1.155952821213677
0.4960000000000004,18.170332709898027,45.26651012961499,-32.73014991901456,0.055303835612981286,1.1447310085944702
0.4980000000000004,18.261436012691533,45.199239722313685,-32.89296253853214,0.04164577931249397,1.133633192636122
0.5000000000000003,18.351547543386403,45.13220471437434,-33.00603591879056,0.0306000118940768,1.1226580032238016
0.5020000000000003,18.44147183245489,45.06517323635514,-33.07493185998928,0.021859410039476387,1.1118040853819124
0.5040000000000003,18.531847743790657,44.99828695421461,-33.10535663458018,0.015138123154275348,1.1010700991068123
0.5060000000000003,18.621678002979703,44.93130491582471,-33.10380243077488,0.01008003545317851,1.090454719201376
0.5080000000000003,18.711566068770072,44.864573031684714,-33.07620509690347,0.006402994882331256,1.079956635111392
0.5100000000000003,18.80112404664337,44.79793091540927,-33.02784942731303,0.003819847379931673,1.0695745507637624
0.5120000000000003,18.89051558443885,44.73123309365384,-32.962713093373814,0.0021126205567914267,1.0593071844064914
0.5140000000000003,18.979752381056105,44.66491904353262,-32.88451792708088,0.001121290114087543,1.049153268450445
0.5160000000000003,19.069462988745954,44.59897886906948,-32.79645779922936,0.0006788914528430325,1.0391115493128547
0.5180000000000003,19.158321114860183,44.53355813153343,-32.70242327639985,0.0005940493526015303,1.029180787262555
0.5200000000000004,19.247452034612966,44.46848047568461,-32.60488837665712,0.0007245601562260049,1.0193597562669257
0.5220000000000004,19.335965290254087,44.40357884977249,-32.504363997822324,0.0010310865108523045,1.0096472438405304
0.5240000000000004,19.424824101533268,44.33891323940137,-32.401676130019894,0.0014751565238318846,1.0000420508954249
0.5260000000000004,19.51334917874624,44.27449392079118,-32.29906954926286,0.0019407400149655414,0.9905429915931195
0.5280000000000004,19.602246607225535,44.21025459862146,-32.19761459755173,0.0023670971127793903,0.9811488931981786
0.5300000000000004,19.690335141368436,44.14589082789789,-32.09770468498342,0.0027107793898078826,0.9718585959334362
0.5320000000000004,19.778693008965206,44.08160969799055,-31.99941654218624,0.0029834137826559156,0.962670952836813
0.5340000000000004,19.866969772098525,44.01756504529178,-31.902685211091587,0.0031999046979836548,0.9535848296197136
0.5360000000000004,19.95513993085651,43.9537674467368,-31.80829925185382,0.003319962707877337,0.9445991045269908
0.5380000000000004,20.042467547673574,43.890330029815935,-31.716983231338386,0.003314301465825139,0.9357126681984546
0.5400000000000004,20.130064022596834,43.82714320094623,-31.628677202910072,0.0031777258697842825,0.926924423531913
0.5420000000000004,20.217411687120357,43.764221245242496,-31.542123178271016,0.002976636962904649,0.9182332855477263
0.5440000000000004,20.30506028818481,43.701460713719165,-31.457358548838837,0.002701291387064856,0.9096381812548578
0.5460000000000004,20.392143537697933,43.639188610222924,-31.37496020445372,0.0023459872547612263,0.9011380495184037
0.5480000000000004,20.479390633642915,43.57700132664456,-31.29512569349939,0.0018702868489879733,0.8927318409285877
0.5500000000000004,20.567219208145914,43.51479653508491,-31.21729368273915,0.0012957549889989935,0.8844185176712033
0.5520000000000004,20.653606867571643,43.452527110577115,-31.14070740215244,0.0006582554261622704,0.8761970533994864
0.5540000000000004,20.740938423423028,43.39038002699602,-31.06440936895097,2.1440322769706197e-05,0.8680664331074063
0.5560000000000004,20.82731588161635,43.328413563439895,-30.989340765149898,-0.0006593622148038917,0.8600256530043525
0.5580000000000004,20.913958516758044,43.26633906021242,-30.915672455197303,-0.0014144041346267357,0.8520737203912108
0.5600000000000004,21.00033466103841,43.20451357751308,-30.842261511929543,-0.0021578975260296003,0.8442096535378051
0.5620000000000004,21.086557587035312,43.14265497181997,-30.76825002977808,-0.0028660792256593056,0.8364324815616963
0.5640000000000004,21.173320071940722,43.08101955237481,-30.693562134929824,-0.0035161529706216185,0.8287412443083175
0.5660000000000004,21.258924285558685,43.019682361141236,-30.618498833168733,-0.004118333262679243,0.8211349922324367
0.5680000000000004,21.345262324411284,42.95835192161103,-30.54242351833664,-0.004660974697016598,0.8136127862809267
0.5700000000000004,21.431097028886846,42.89717952896955,-30.465313221373872,-0.005131811301120536,0.8061736977768316
0.5720000000000004,21.516358601948127,42.83609347704561,-30.386292403406962,-0.005490605449021203,0.7988168083047149
0.5740000000000004,21.60259039260099,42.775456429808834,-30.305290032658583,-0.005707221522023786,0.7915412095972728
0.5760000000000004,21.68744494543518,42.71488261369345,-30.223128545721618,-0.005852681575166258,0.7843460034232017
0.5780000000000004,21.772946570489918,42.654443145649076,-30.139691820584762,-0.005915791078115134,0.777230301476304
0.5800000000000004,21.85791270920751,42.59406114324419,-30.05378161023553,-0.005839870233448209,0.7701932252658199
0.5820000000000004,21.943227940069033,42.533730725512335,-29.965340329315048,-0.0056223691614390526,0.7632339060079708
0.5840000000000004,22.028592176556522,42.47377617663785,-29.875075995376545,-0.005276619793988516,0.7563514845187003
0.5860000000000004,22.11344011110913,42.41408941858807,-29.78386765606708,-0.004856269419512216,0.7495451111076011
0.5880000000000004,22.198088269925076,42.35446388914099,-29.69209007184431,-0.004395815026961728,0.7428139454730146
0.5900000000000004,22.28272586646003,42.29489927660054,-29.599797018777185,-0.003898094152868708,0.7361571565982888
0.5920000000000004,22.366981709195304,42.235653651311715,-29.506811156923877,-0.003335306144639574,0.7295739226491812
0.5940000000000004,22.451835888539165,42.176753827929545,-29.4134101188254,-0.0027200549525375093,0.7230634308723981
0.5960000000000004,22.535844972091148,42.11822537514726,-29.32051724071998,-0.0020986208560583603,0.7166248774952538
0.5980000000000004,22.620004480911913,42.06009219934577,-29.22781291212431,-0.00145277973911773,0.710257467626437
0.6000000000000004,22.703923782085035,42.00199858728946,-29.13505673043744,-0.0007956407353494512,0.703960415157877
0.6020000000000004,22.787949206826752,41.944052866094594,-29.042681870843634,-0.00014198813081701188,0.6977329426676901
0.6040000000000004,22.871749597819715,41.88621257750355,-28.95100901564171,0.0004884243268424342,0.6915742813242026
0.6060000000000004,22.95568805695454,41.8284322717981,-28.8601976095157,0.0010840305835313018,0.6854836707910311
0.6080000000000004,23.03903675969386,41.77064668195282,-28.770364923154222,0.0016340631938341658,0.6794603591332136
0.6100000000000004,23.12272475777217,41.713032735948914,-28.681514952408975,0.0021509082949580003,0.6735036027243764
0.6120000000000004,23.20620849751897,41.65575355390363,-28.59385224172883,0.0026354726381344023,0.6676126661549278
0.6140000000000004,23.289457556789394,41.59856583258551,-28.507763311734486,0.0030502899985790748,0.6617868221412657
0.6160000000000004,23.372125847133287,41.54180677034064,-28.42355788542837,0.003403128605061866,0.656025351435989
0.6180000000000004,23.45498070055029,41.485078334057846,-28.340679190050917,0.003694641815742983,0.6503275427391001
0.6200000000000004,23.538234546666107,41.4285443962486,-28.258674340391675,0.003959954397450559,0.6446926926101894
0.6220000000000004,23.62091504468714,41.37225547789589,-28.177980744907376,0.004179831147297903,0.6391201053815903
0.6240000000000004,23.703793865988942,41.31625512696344,-28.09853736707613,0.0043604452963989645,0.6336090930724927
0.6260000000000004,23.786489720428015,41.26038958842099,-28.0208651568392,0.004463800346290881,0.6281589753040072
0.6280000000000004,23.868995881822805,41.20446503483678,-27.944743297954773,0.0044877131906493305,0.6227690792151658
0.6300000000000004,23.95118971299556,41.148599590176495,-27.87053138060075,0.004421795425479359,0.6174387393798523
0.6320000000000005,24.033224487572884,41.0926127129823,-27.797923390823104,0.0042692843992776655,0.6121672977246501
0.6340000000000005,24.11553782221091,41.036891394884876,-27.727053015336544,0.004050359733990959,0.6069541034475976
0.6360000000000005,24.197314498915496,40.98153097188539,-27.65760902429709,0.0037877959300899986,0.6017985129378418
0.6380000000000005,24.27990685577168,40.92646667937467,-27.58944916166991,0.0034843654967553163,0.5966998896961787
0.6400000000000005,24.36085846940394,40.87171821380376,-27.522430043751427,0.00314881448870878,0.591657604256473
0.6420000000000005,24.44265179292567,40.81697469290946,-27.456437714184148,0.0027653291204861714,0.5866710341079447
0.6440000000000005,24.524150856251953,40.76233612287691,-27.391260716689658,0.0023518591809562252,0.5817395636183164
0.6460000000000005,24.60580514125961,40.7077957328724,-27.326701994516277,0.0019181519854060125,0.576862583957807
0.6480000000000005,24.68751356819849,40.65339620810749,-27.263117273089982,0.001448643234033895,0.5720394930239677
0.6500000000000005,24.768431978919622,40.5990309562062,-27.200212151482056,0.0009512187135421754,0.5672696953673474
0.6520000000000005,24.84959558276193,40.54473879642588,-27.138293823587446,0.0004125802796762059,0.5625526021179794
0.6540000000000005,24.930956585644672,40.490558827063225,-27.076564664560713,-0.00012311472336310202,0.5578876309126812
0.6560000000000005,25.01156489644681,40.436318731394216,-27.015463193371456,-0.0006905892413347346,0.5532742058231567
0.6580000000000005,25.09217214610544,40.382191307873214,-26.954102159391812,-0.001231783475760409,0.548711757284893
0.6600000000000005,25.173043378745255,40.328220894891444,-26.892616361414326,-0.0017506872776424983,0.5441997220268434
0.6620000000000005,25.253623561785105,40.27418850682243,-26.831241076584984,-0.002274626590759027,0.5397375430018877
0.6640000000000005,25.334379953478372,40.22047591920182,-26.769464117915202,-0.0027507510539712,0.5353246693180584
0.6660000000000005,25.41447609144727,40.16694990182867,-26.70728947581469,-0.0031884869603556183,0.5309605561705307
0.6680000000000005,25.495105335001593,40.11367261668719,-26.644703647543594,-0.003582928705020052,0.5266446647743603
0.6700000000000005,25.57488071409004,40.06040076096973,-26.582139833873335,-0.003973300988733911,0.5223764622979674
0.6720000000000005,25.655325686684556,40.0073411619168,-26.51879789520833,-0.004303879615647858,0.5181554217973533
0.6740000000000005,25.734567107704404,39.95425712133759,-26.455348214145044,-0.0046257182446790635,0.5139810221510456
0.6760000000000005,25.81498125217483,39.90144666209907,-26.391835974557075,-0.0049208700634905825,0.5098527479957612
0.6780000000000005,25.894413948790447,39.84887384102037,-26.328385306207597,-0.005198307613051639,0.5057700896627804
0.6800000000000005,25.974707668348376,39.79626627778223,-26.264770493806406,-0.005464852857300712,0.5017325431150251
0.6820000000000005,26.053624041005566,39.743806932626725,-26.201636260863076,-0.00574161511693201,0.49773960988483035
0.6840000000000005,26.133176876155478,39.691324091001945,-26.13845320943707,-0.006012734525170614,0.4937907970124046
0.6860000000000005,26.212865372509068,39.63909172960022,-26.07492082399383,-0.0062440479575319755,0.48988561698497013
0.6880000000000005,26.29159155845199,39.58681131565771,-26.011658782510548,-0.006488009971419458,0.48602358767657605
0.6900000000000005,26.370911451778944,39.53501694409846,-25.947854422097315,-0.006666321485781424,0.4822042322885751
0.6920000000000005,26.4496028302067,39.48330282665305,-25.88377575654328,-0.006820385332724001,0.4784270792907599
0.6940000000000005,26.528952799612348,39.43160766611282,-25.818353452522572,-0.006898741485798566,0.47469166236314775
0.6960000000000005,26.607279101055045,39.3804359859731,-25.75127381310371,-0.006851182787310563,0.47099752033841047
0.6980000000000005,26.68614565137155,39.32929915936816,-25.681497059196744,-0.00665656742947668,0.4673441971449396
0.7000000000000005,26.764892477504624,39.27828983253604,-25.60987633984784,-0.0063530593158023264,0.46373124175054015
0.7020000000000005,26.84304118252434,39.227095926116235,-25.536556434852308,-0.005969108083439025,0.4601582081067471
0.7040000000000005,26.921838620366813,39.175912442317156,-25.460935361251035,-0.0054603276627840525,0.4566246550937578
0.7060000000000005,27.000303921994117,39.12454327728068,-25.38334219180477,-0.004856923670446591,0.4531301464659714
0.7080000000000005,27.07847828782878,39.07330946867349,-25.3039730952968,-0.004147645085776943,0.44967425079813084
0.7100000000000005,27.156691579630582,39.02240736025863,-25.22260949066513,-0.0033080883556898043,0.44625654143206095
0.7120000000000005,27.234686375453332,38.971478209205245,-25.13988140837122,-0.002394956072362518,0.4428765964239926
0.7140000000000005,27.312072635230052,38.92078155131121,-25.05606296480566,-0.0014052600082186473,0.4395339984924711
0.7160000000000005,27.39016433611493,38.87037324970315,-24.97016174129652,-0.00028374976617602955,0.4362283349668401
0.7180000000000005,27.46738894697444,38.8203358540494,-24.882767575447165,0.0009442965107962777,0.43295919773629254
0.7200000000000005,27.54536620561318,38.77063506883782,-24.79525206530645,0.002205192009177793,0.4297261831994874
0.7220000000000005,27.622471296070117,38.721404103404446,-24.70826805285873,0.003473704162854048,0.4265288922147207
0.7240000000000005,27.700351901261026,38.672201104728785,-24.621386580682277,0.004742864969616321,0.42336693005065007
0.7260000000000005,27.777572603065963,38.623171963453174,-24.535630505568466,0.005969093057374422,0.4202399063375596
0.7280000000000005,27.85464935965532,38.574623803362044,-24.45167521698699,0.007137438581961419,0.4171474350191675
0.7300000000000005,27.93164454009803,38.526046157705686,-24.37058759942849,0.008158748464183987,0.4140891343049634
0.7320000000000005,28.00871226658946,38.47747335349513,-24.293632651455567,0.008969503737612981,0.4110646266230733
0.7340000000000005,28.08486369387453,38.42899080234224,-24.220720311094258,0.009579986770615676,0.4080735385736457
0.7360000000000005,28.16262864677601,38.38079813544338,-24.151091604477656,0.010042714978888796,0.40511550088275183
0.7380000000000005,28.23920245419925,38.33298333276843,-24.085926073112567,0.01030203503576287,0.40219014835679634
0.7400000000000005,28.315965610403303,38.28541731237374,-24.025941982209073,0.010312072498448743,0.39929711983743055
0.7420000000000005,28.392075060697522,38.23818628122073,-23.970176005188335,0.010128484210563825,0.39643605815696537
0.7440000000000005,28.468237240460496,38.190552107409815,-23.91860140167211,0.009704480930646325,0.39360661009427544
0.7460000000000006,28.544810111847518,38.143294763496414,-23.870289723803076,0.00913920155107435,0.3908084263311913
0.7480000000000006,28.620864407565463,38.09623166603134,-23.825722985067046,0.008395622035110463,0.3880411614093733
0.7500000000000006,28.69779324322619,38.0492040007128,-23.784525037161675,0.007482944893127822,0.38530447368766196
0.7520000000000006,28.773127589361735,38.00204725113138,-23.747248868888708,0.0063617388202133465,0.3825980252998997
0.7540000000000006,28.849348014641777,37.95455299352687,-23.711228847138482,0.005157150437818074,0.37992148211321825
0.7560000000000006,28.925367846254282,37.90702622268481,-23.67569475158196,0.003929039757140913,0.37727451368678766
0.7580000000000006,29.001193012620288,37.8592822872497,-23.64171716696963,0.002609816335288812,0.3746567932310202
0.7600000000000006,29.07693419598392,37.81183978882502,-23.60840184714845,0.0012794919229603748,0.3720679975672264
0.7620000000000006,29.15236967608404,37.76405057488263,-23.575452432237046,-8.835969355158113e-05,0.36950780708771525
0.7640000000000006,29.227566102882378,37.716307550188375,-23.541272920098955,-0.001385377116274384,0.36697590571633604
0.7660000000000006,29.303171410427115,37.66884537295557,-23.506156058883672,-0.002611712623968543,0.36447198086945676
0.7680000000000006,29.37858553880979,37.62172101288152,-23.468628999202206,-0.003687189304311005,0.36199572341737274
0.7700000000000006,29.45356074569856,37.574849552349306,-23.430004180411835,-0.004685579705638645,0.3595468276461423
0.7720000000000006,29.528605487443055,37.52796652827171,-23.38882863569533,-0.00554832429906213,0.35712499121984376
0.7740000000000006,29.60344529082829,37.481473937952885,-23.344330149392256,-0.006209556568737838,0.3547299151432496
0.7760000000000006,29.678404078415657,37.43462429338717,-23.297011617938033,-0.006743264370380984,0.3523613037249132
0.7780000000000006,29.753553901847457,37.388222005410995,-23.24752066467093,-0.007131723086836686,0.35001886454066344
0.7800000000000006,29.827640341247104,37.34168964046499,-23.196255060999928,-0.007432513872684822,0.34770230839750227
0.7820000000000006,29.903097698774104,37.29509011566459,-23.142198815260173,-0.007588770494686116,0.34541134929790174
0.7840000000000006,29.97730864725274,37.248477404805925,-23.08709332111284,-0.007687599113209472,0.34314570440449543
0.7860000000000006,30.05195332786596,37.20212170441674,-23.02948640864593,-0.007636332898274787,0.34090509400515945
0.7880000000000006,30.1262672186588,37.15610739444083,-22.971616846819295,-0.0075460993754718824,0.3386892414784801
0.7900000000000006,30.200246226699818,37.11000063690275,-22.913595528960336,-0.007450215540901112,0.3364978732596027
0.7920000000000006,30.27416948319732,37.06454397133102,-22.8551811988627,-0.007289155819981204,0.33433071880645754
0.7940000000000006,30.3485061523602,37.01887950523399,-22.795790306009092,-0.007086914569377469,0.33218751056635937
0.7960000000000006,30.422646144307794,36.97369983821049,-22.735920330963214,-0.006825619314373298,0.33006798394297654
0.7980000000000006,30.495925015461548,36.92872570519507,-22.676613346043162,-0.0065771662687131565,0.3279718772636633
0.8000000000000006,30.57091089591639,36.883829416374084,-22.616256223463978,-0.006265755970182112,0.3258989317471548
0.8020000000000006,30.643791267308057,36.83873056746298,-22.55682204020793,-0.006011631373883617,0.32384889147161866
0.8040000000000006,30.71764381869299,36.793509357116314,-22.4966903223427,-0.00572544632907541,0.3218215033430589
0.8060000000000006,30.79128898960994,36.74840759057598,-22.436731002352907,-0.005437247489211827,0.31981651706407
0.8080000000000006,30.864622397013097,36.7029850363937,-22.376692082319238,-0.005161527775941493,0.31783368510293486
0.8100000000000006,30.93811286707356,36.65823405033507,-22.317316466411633,-0.0048747749039402205,0.31587276266306585
0.8120000000000006,31.01137324519569,36.61350004754391,-22.25793768355253,-0.004583379383272032,0.31393350765278216
0.8140000000000006,31.08471328614203,36.56897984699595,-22.198096200353078,-0.004251168801329328,0.31201568065542196
0.8160000000000006,31.15696031279676,36.52458707762136,-22.138632140823102,-0.003927260950683589,0.3101190448997842
0.8180000000000006,31.23037651171225,36.4804904313731,-22.07801955810746,-0.00352183544412307,0.3082433662308975
0.8200000000000006,31.303328564533604,36.436535109255246,-22.01767893899736,-0.0031184482186936433,0.30638841308111164
0.8220000000000006,31.376156344432175,36.39263186717616,-21.956598634878535,-0.0026700669182274056,0.30455395644150896
0.8240000000000006,31.44876106057181,36.34907806715819,-21.89507396413124,-0.0021736174278046434,0.30273976983363104
0.8260000000000006,31.52171414112496,36.305301193442105,-21.832166736272832,-0.0016158568008459752,0.3009456292815183
0.8280000000000006,31.594159379968655,36.261754954073545,-21.769296513363415,-0.001042480992730546,0.29917131328405844
0.8300000000000006,31.66673785049938,36.21809815522814,-21.706333920669596,-0.0004678986810116896,0.2974166027876399
0.8320000000000006,31.738919276107268,36.17456029012078,-21.64272611193345,0.0001508276786591125,0.2956812811591089
0.8340000000000006,31.811241972209608,36.131011837145614,-21.57963163974437,0.0007454420685061933,0.2939651341590229
0.8360000000000006,31.883788204885697,36.08783638623267,-21.51627316874718,0.0013799875014821623,0.29226794991520233
0.8380000000000006,31.955647202697207,36.04493265420959,-21.454118471613874,0.0019718283138461033,0.2905895188965725
0.8400000000000006,32.027968896758225,36.00209846056052,-21.39284174196524,0.0025254271520443153,0.2889296338872954
0.8420000000000006,32.09943105269197,35.95962086477745,-21.33333763590229,0.0030118593138848838,0.28728808996118776
0.8440000000000006,32.171337127685575,35.91697057786822,-21.27417191405694,0.003473191100131089,0.28566468445642046
0.8460000000000006,32.243560134672165,35.87461169136001,-21.2157924160764,0.003914579705848809,0.284059216950499
0.8480000000000006,32.31493825704704,35.832365428072684,-21.15922240902589,0.004271821855062938,0.28247148923551924
0.8500000000000006,32.3865198486272,35.79035756671856,-21.10388492649839,0.004582576346902059,0.2809013052936973
0.8520000000000006,32.45831411588005,35.748278972023364,-21.050051004097195,0.004813842253023026,0.2793484712731693
0.8540000000000006,32.529612733783544,35.706275281607105,-20.996460583287778,0.005040030575876685,0.27781279546405935
0.8560000000000006,32.60063111693264,35.66454793427062,-20.944075686909127,0.005223357986913328,0.27629408827481083
0.8580000000000007,32.67227671727389,35.622760186276594,-20.89277165617872,0.005349780027213341,0.27479216220878
0.8600000000000007,32.7434277537857,35.58113390471812,-20.84335130491039,0.00539103278452319,0.2733068318410881
0.8620000000000007,32.814420971804815,35.539501071972026,-20.794939189583086,0.005382416496316309,0.2718379137957292
0.8640000000000007,32.885597402791674,35.49806295814463,-20.747186319950238,0.005354270576602758,0.2703852267229304
0.8660000000000007,32.95657896578054,35.45666912954485,-20.70099256917264,0.0052506594330911155,0.26894859127676396
0.8680000000000007,33.027509241434046,35.41547387322993,-20.655968803309726,0.005101131768363373,0.2675278300930043
0.8700000000000007,33.09818284802485,35.37418325567243,-20.612163765740906,0.004885370096517903,0.2661227677672313
0.8720000000000007,33.168786183033106,35.332939464467756,-20.568241467833143,0.004681437945128721,0.264733230833176
0.8740000000000007,33.23960066843593,35.29192288990137,-20.524707929437227,0.00447387482817895,0.2633590477413037
0.8760000000000007,33.310133424639545,35.250876282643965,-20.481135660410093,0.004269389851267164,0.2620000488376355
0.8780000000000007,33.38042618067197,35.210034887278056,-20.43852762952187,0.0040299676226068755,0.26065606634280275
0.8800000000000007,33.45083641569086,35.169012025037716,-20.39618451965128,0.0037687262802707125,0.25932693433133375
0.8820000000000007,33.52147756551214,35.12816166040961,-20.35329232303736,0.0035492478021031102,0.25801248871116844
0.8840000000000007,33.591217053621314,35.087396635012674,-20.310801072893184,0.0033168764338506094,0.25671256720340024
0.8860000000000007,33.661996861063585,35.04694611267295,-20.26892281086663,0.0030742717982746655,0.2554270093222414
0.8880000000000007,33.73155326913862,35.006444770103315,-20.22885656398506,0.0027371987377856895,0.2541556563552094
0.8900000000000007,33.8011601245016,34.96581372194747,-20.189129924146876,0.0023775267026739325,0.25289835134353317
0.8920000000000007,33.87135901927565,34.92543810354562,-20.149981164327038,0.002005842995408955,0.2516549390627748
0.8940000000000007,33.941352516206685,34.885106979747206,-20.111205928187648,0.0016201659703533834,0.2504252660036659
0.8960000000000007,34.01104976558397,34.84518403714168,-20.073629582660914,0.0011991899405735466,0.24920918035315595
0.8980000000000007,34.0804920000035,34.80519218444312,-20.037158148276404,0.0007193857089405639,0.24800653197566935
0.9000000000000007,34.15012294541565,34.765316609769854,-20.000758489218235,0.0002454753886615748,0.24681717239457024
0.9020000000000007,34.219491358982616,34.725410144698195,-19.964646234378442,-0.00024249717867115805,0.24564095477383185
0.9040000000000007,34.289134237549156,34.68571728094567,-19.928482184694325,-0.0007124178488480055,0.24447773389990826
0.9060000000000007,34.35818417333012,34.64606706134526,-19.89324604703933,-0.0012253808419028188,0.24332736616380674
0.9080000000000007,34.42771728365841,34.60640532336975,-19.857677202964105,-0.0017190407786578134,0.24218970954335794
0.9100000000000007,34.496605995961616,34.56692385560232,-19.822007255899425,-0.00219412715242251,0.2410646235856823
0.9120000000000007,34.566098960656966,34.52735726179051,-19.785541673754203,-0.0026301957843998165,0.23995196938984986
0.9140000000000007,34.63519839136441,34.48800542543596,-19.748862580602093,-0.0030398533900881687,0.23885160958973184
0.9160000000000007,34.703762292775785,34.4484190168011,-19.711941135409027,-0.003448054017515787,0.23776340833704174
0.9180000000000007,34.77257800672581,34.40881093442919,-19.6739857601187,-0.0038010889189970666,0.23668723128456373
0.9200000000000007,34.841397249805006,34.36913703124094,-19.634526023025686,-0.004077080123765199,0.23562294556956642
0.9220000000000007,34.91055044341389,34.32967850168866,-19.5932950306092,-0.00424566501233393,0.2345704197973999
0.9240000000000007,34.97856858422029,34.29044905885207,-19.551419518474773,-0.004364675016373127,0.23352952402527388
0.9260000000000007,35.04766578278837,34.251215594007,-19.508161621960703,-0.004409410267634712,0.23250012974621548
0.9280000000000007,35.11562601288311,34.21210079979206,-19.4635058928986,-0.004371904606373774,0.23148210987320375
0.9300000000000007,35.1841644953874,34.17283047623374,-19.416543732251256,-0.004220922483403143,0.23047533872347983
0.9320000000000007,35.25231312319635,34.13389534393769,-19.36766526820884,-0.003948139662158127,0.22947969200303048
0.9340000000000007,35.32053641620744,34.09508866235727,-19.31702549946404,-0.003573709910859634,0.22849504679124288
0.9360000000000007,35.38907854992502,34.056507666906086,-19.26501998766699,-0.0031125777527801404,0.2275212815257291
0.9380000000000007,35.456823625723295,34.018009011488,-19.211874298791752,-0.0025848374193237047,0.22655827598731834
0.9400000000000007,35.52499928536586,33.97961500875676,-19.157399752344617,-0.001979400123513372,0.22560591128521487
0.9420000000000007,35.59291552318986,33.94122891487568,-19.10252546527327,-0.001350203134242946,0.22466406984231985
0.9440000000000007,35.66041499403876,33.90289094206227,-19.047416588438324,-0.0007035097190323966,0.22373263538071564
0.9460000000000007,35.728454863225615,33.864870020545276,-18.99235696262796,-3.854990067054586e-05,0.2228114929073104
0.9480000000000007,35.796433632052484,33.826962868165026,-18.93751916612828,0.0006239077021603236,0.22190052869964114
0.9500000000000007,35.86375008063835,33.7893537915104,-18.883532228926665,0.0012617571970303344,0.22099963029183378
0.9520000000000007,35.93115041039488,33.75196625021631,-18.83049959140405,0.0018651544210237744,0.2201086864607184
0.9540000000000007,35.998528675678564,33.71452338809885,-18.778660197148447,0.002405705689583442,0.21922758721209787
0.9560000000000007,36.06588007720348,33.67719230554193,-18.728081241258423,0.0028895292449468567,0.21835622376716798
0.9580000000000007,36.13295844888806,33.639871555455834,-18.67853040550792,0.003322861442842267,0.21749448854908807
0.9600000000000007,36.20100461760131,33.60271810903537,-18.630050395775744,0.003712479408116081,0.21664227516969967
0.9620000000000007,36.26757851983593,33.56563093455352,-18.583126096397557,0.004027351144288431,0.21579947841639202
0.9640000000000007,36.335211787178736,33.52873607187968,-18.5378792649241,0.004268343155190209,0.21496599423911278
0.9660000000000007,36.4018187092208,33.49188380740527,-18.494497917819256,0.004417086841796831,0.21414171973752213
0.9680000000000007,36.46871007055767,33.45490716931679,-18.4531627725816,0.004454645741867054,0.21332655314828902
0.9700000000000008,36.53567761031573,33.41803896658479,-18.413407865078113,0.0044185480522453136,0.21252039383252752
0.9720000000000008,36.60239539780865,33.38118145446286,-18.375204892730324,0.004304677860601188,0.2117231422633722
0.9740000000000008,36.66938975845949,33.3445004527623,-18.33871864605552,0.004113898116809182,0.21093470001369094
0.9760000000000008,36.7361894066832,33.30790593089608,-18.304541008641973,0.0038102811770022666,0.21015496974393288
0.9780000000000008,36.80228374270538,33.271423844622845,-18.2721936647853,0.0034201567400669575,0.20938385519011138
0.9800000000000008,36.869227241806186,33.23483414102981,-18.241765989309858,0.0029263778358753992,0.20862126115191937
0.9820000000000008,36.935389906095374,33.19827696376111,-18.212741379322114,0.002363766275139014,0.2078670934809762
0.9840000000000008,37.001720563876184,33.16186453879326,-18.18482688621684,0.0017538992635219585,0.20712125906920403
0.9860000000000008,37.068200728707026,33.12551190007967,-18.157633328178935,0.0011121849869228412,0.20638366583733317
0.9880000000000008,37.13406855395147,33.089419384504865,-18.131200686496896,0.00044784396673134094,0.2056542227235339
0.9900000000000008,37.200163374206426,33.05337123793648,-18.10466740346372,-0.0002065387640373615,0.20493283967217435
0.9920000000000008,37.26644833702481,33.01747929172521,-18.077475317325252,-0.0008156468953852993,0.2042194276227023
0.9940000000000008,37.332147399516465,32.981554263895646,-18.050210879181844,-0.0014206563408737196,0.20351389849864993
0.9960000000000008,37.398464371488565,32.94567876939059,-18.02241001070169,-0.0019927849008525983,0.2028161651967601
0.9980000000000008,37.464027889669836,32.90966161330738,-17.99388256676754,-0.0025328900807899827,0.20212614157623288
1.0000000000000007,37.53008060277062,32.87352173719442,-17.96396428581637,-0.0030053417300788254,0.20144374244809043
1.0020000000000007,37.59566808099479,32.83767076013389,-17.9332416605149,-0.003417552347696386,0.20076888356466016
1.0040000000000007,37.661574372906244,32.801710362158616,-17.90170424525248,-0.00379132490123213,0.20010148160917332
1.0060000000000007,37.72711780718152,32.76578709520813,-17.86945438855122,-0.00412376822241481,0.19944145418547907
1.0080000000000007,37.79230515143067,32.72974496057928,-17.835755216054046,-0.004385283401353547,0.198788719807872
1.0100000000000007,37.85776864236711,32.69383118863796,-17.79972429396936,-0.004516170635429461,0.19814319789103196
1.0120000000000007,37.923135269452715,32.657923878984,-17.761589625372885,-0.0045351022534232755,0.19750480874007523
1.0140000000000007,37.98858461527494,32.62221822766814,-17.721349141964886,-0.0044311070616883655,0.19687347354071555
1.0160000000000007,38.05350237041734,32.58669485750217,-17.679448315437952,-0.004228463829712666,0.19624911434953385
1.0180000000000007,38.11899530538307,32.55119949782652,-17.635229692778438,-0.0039015863748838907,0.19563165408435546
1.0200000000000007,38.18405112673214,32.515901277322335,-17.589098499317394,-0.003462168289223655,0.19502101651473377
1.0220000000000007,38.2489094712358,32.48067622344398,-17.5412676144648,-0.0029281854654177406,0.19441712625253893
1.0240000000000007,38.313640925725856,32.44563195691349,-17.49258818625431,-0.0023379529221856216,0.19381990874265048
1.0260000000000007,38.378520028991794,32.410558466716054,-17.443672795817104,-0.0017349709843176696,0.1932292902537532
1.0280000000000007,38.44347576890618,32.37560296539877,-17.394252107856428,-0.0010970968940331005,0.19264519786923404
1.0300000000000007,38.50814038031526,32.34084823957613,-17.34480605613482,-0.00044474005975504835,0.19206755947818016
1.0320000000000007,38.57272245289134,32.30631120470988,-17.296238870262158,0.0001759762793190589,0.1914963037664763
1.0340000000000007,38.637493785186436,32.27188751419832,-17.24954670542667,0.0007074678669350333,0.19093136020800044
1.0360000000000007,38.70165521323749,32.23733403358712,-17.204180261836296,0.0011649047621069427,0.19037265905591663
1.0380000000000007,38.7661171313705,32.202969470373304,-17.160393773668083,0.0015526013408957624,0.1898201313340644
1.0400000000000007,38.8304670136534,32.16884040098582,-17.118318788599634,0.0018662403647542191,0.18927370882844294
1.0420000000000007,38.895138217450636,32.134974888855545,-17.078795190382323,0.002063645453777113,0.18873332407878962
1.0440000000000007,38.959027503215665,32.101368065806,-17.0419204729905,0.0021394345915584268,0.1881989103702515
1.0460000000000007,39.022948647232624,32.06783364821042,-17.00745292999225,0.002095939404862477,0.1876704017251487
1.0480000000000007,39.087270805329474,32.034260104930084,-16.9748684274296,0.0019543063418330604,0.18714773289482908
1.0500000000000007,39.15135967267268,32.00072507432247,-16.9437317840208,0.0017414106694152592,0.1866308393516127
1.0520000000000007,39.21532905031214,31.96717237546142,-16.914868594574198,0.0014112505330155045,0.18611965728082536
1.0540000000000007,39.27947998878659,31.933459500020973,-16.88808206383009,0.0009662975811018696,0.18561412357292012
1.0560000000000007,39.343220053656175,31.899692626259625,-16.863264974121513,0.0004179338851479741,0.18511417581568607
1.0580000000000007,39.407165670801234,31.865756436755625,-16.839524860365064,-0.0001936929234207554,0.18461975228654282
1.0600000000000007,39.471182917652435,31.83188729425017,-16.816774580133906,-0.0008511845547087518,0.1841307919449205
1.0620000000000007,39.53410431180622,31.798112788372737,-16.7945289574567,-0.001527826602765117,0.18364723442472383
1.0640000000000007,39.59798116642414,31.764332872802242,-16.772161266330947,-0.0021964679479216185,0.18316902002687935
1.0660000000000007,39.661026723810096,31.730617959651696,-16.74898365717518,-0.002817527369061935,0.18269608971196505
1.0680000000000007,39.72451155160644,31.697120459957713,-16.723907309277475,-0.003326154604565332,0.18222838509292166
1.0700000000000007,39.7881491953967,31.66379464148735,-16.696694641357105,-0.003712503437045299,0.18176584842784416
1.0720000000000007,39.85113615795324,31.630527041772584,-16.667035466812056,-0.003966596941375598,0.18130842261285304
1.0740000000000007,39.91438751797737,31.597211211954587,-16.634550238640685,-0.0040744475078704455,0.1808560511750445
1.0760000000000007,39.977962330743345,31.56381355858726,-16.598519082258516,-0.0040004226223845476,0.18040867826551826
1.0780000000000007,40.04046009162018,31.53024129629521,-16.559288059907395,-0.003767495218546415,0.17996624865248279
1.0800000000000007,40.10401572574772,31.496866458256363,-16.517036703895638,-0.0033649775927791976,0.17952870771443613
1.0820000000000007,40.16678539183869,31.463594848517314,-16.47271027467554,-0.002847113876056625,0.1790960014334229
1.0840000000000007,40.23001773724132,31.430209732760286,-16.426745800763584,-0.002248270076541331,0.17866807638836496
1.0860000000000007,40.292504447976796,31.397079988351432,-16.379338721312855,-0.0015588286555386758,0.17824487974846626
1.0880000000000007,40.35520420179303,31.363998110781804,-16.330913698876557,-0.0008120199001971712,0.17782635926669055
1.0900000000000007,40.418280016527355,31.33121112500154,-16.28168852900181,-5.971749485112809e-06,0.177412463273311
1.0920000000000007,40.48059976514569,31.29875320880063,-16.233080295418414,0.0007874031518965693,0.1770031406695311
1.0940000000000007,40.543278877365914,31.266575845379315,-16.185338095622846,0.0015525087740626588,0.17659834092117618
1.0960000000000008,40.60573686720548,31.2344116185448,-16.139615327268096,0.0022150706636635672,0.1761980140524545
1.0980000000000008,40.667867432993646,31.202274148518843,-16.095645836098434,0.0027896517994638686,0.17580211063978735
1.1000000000000008,40.73044178236343,31.170320960485007,-16.05373420249368,0.003268787398128019,0.1754105818057074
1.1020000000000008,40.79280857052999,31.138509741590127,-16.014346175264148,0.0036259803088756894,0.1750233792128242
1.1040000000000008,40.85491351408724,31.106958000226502,-15.978054968659865,0.0038376371237971796,0.17464045505785675
1.1060000000000008,40.917205136176655,31.075459875332104,-15.944982898480275,0.0038864402837390554,0.17426176206573168
1.1080000000000008,40.97922269139345,31.04401250637305,-15.914735223060969,0.0037927561925142966,0.1738872534837467
1.1100000000000008,41.04101336906696,31.01260481776811,-15.887700948187481,0.003535762315737777,0.17351688307579874
1.1120000000000008,41.10316589604982,30.98125378748866,-15.863606231755957,0.0031305895426924904,0.17315060511667565
1.1140000000000008,41.16490526872611,30.949818582170973,-15.842803808761378,0.0025514494486199553,0.1727883743864111
1.1160000000000008,41.22703241389035,30.918405441284374,-15.824254049457041,0.001858020890245889,0.17243014616470173
1.1180000000000008,41.28914766264558,30.88711019654832,-15.807599552265279,0.0010739355996716,0.1720758762253862
1.1200000000000008,41.35086307191973,30.85559962612693,-15.791495367068984,0.00025156886930907516,0.17172552083098497
1.1220000000000008,41.4124556940984,30.824257466132455,-15.775751125878466,-0.0005789635229127938,0.17137903672730062
1.1240000000000008,41.47372979666336,30.792657921972726,-15.759845404313229,-0.0014129457663681535,0.17103638113807787
1.1260000000000008,41.535441621635094,30.76089424879721,-15.742262670698167,-0.0021666340541228947,0.17069751175972225
1.1280000000000008,41.59686938936908,30.72896947545599,-15.722005964550966,-0.002788000950019203,0.1703623867560777
1.1300000000000008,41.658555466702055,30.697285736861176,-15.697971915937133,-0.003198582454269271,0.1700309647532613
1.1320000000000008,41.720007752840544,30.665729135059692,-15.6715121706751,-0.0034746627392106856,0.16970320483455542
1.1340000000000008,41.78162597780526,30.63408913233471,-15.642114037674421,-0.003600607050672707,0.1693790665353563
1.1360000000000008,41.84234955930931,30.602325759509185,-15.609538599415611,-0.003566065156831577,0.16905850983817827
1.1380000000000008,41.903328835559165,30.570371482313703,-15.573216460861623,-0.003344931071771107,0.1687414951677133
1.1400000000000008,41.96451605159674,30.53871320625996,-15.533673707757439,-0.002939159374293801,0.16842798338594506
1.1420000000000008,42.026122092252855,30.507242872982307,-15.492044985649644,-0.0024134243317332463,0.16811793578731712
1.1440000000000008,42.086758783784745,30.476011808503337,-15.448810999502209,-0.0017900839603412209,0.1678113140939544
1.1460000000000008,42.14730566713061,30.44483342929186,-15.404278928228385,-0.0010948421384863564,0.16750808045093735
1.1480000000000008,42.20828356042695,30.413872027476902,-15.357740649833342,-0.0002823592902414873,0.16720819742162865
1.1500000000000008,42.26923205478788,30.383090888994623,-15.310703331752345,0.000567054203157717,0.16691162798305115
1.1520000000000008,42.329783546002496,30.3526108142116,-15.263847983392349,0.0014242135426692853,0.16661833552131727
1.1540000000000008,42.39048347326734,30.322476511128055,-15.218421365335072,0.002226553279257466,0.16632828382710857
1.1560000000000008,42.4510511495298,30.292353075898003,-15.173847994012641,0.0029866352956717107,0.1660414370912055
1.1580000000000008,42.51178895604303,30.262603062560448,-15.130890251970996,0.003683534467568492,0.1657577599000665
1.1600000000000008,42.57198218854953,30.23306949057638,-15.090647874684944,0.00425190985035433,0.16547721723145575
1.1620000000000008,42.63267259783724,30.203672650397206,-15.053916975496767,0.0046462230195398815,0.1651997744501196
1.1640000000000008,42.692672670541036,30.174032235485637,-15.02101784484582,0.004830218437336725,0.16492539730351044
1.1660000000000008,42.75334175896441,30.144396493502366,-14.990589887573522,0.004887452207516538,0.16465405191755794
1.1680000000000008,42.813571204033614,30.11481433659286,-14.963252631193354,0.0047882214438167234,0.1643857047924871
1.1700000000000008,42.87426687016064,30.08515126235256,-14.939334175420148,0.004508552494970075,0.1641203227986824
1.1720000000000008,42.9336760006895,30.055627436570482,-14.919562739429146,0.004021880765207491,0.16385787317259765
1.1740000000000008,42.99405070038994,30.025788393623593,-14.902504105089308,0.0033794815793835296,0.16359832351271109
1.1760000000000008,43.05414974019264,29.99588505779651,-14.887023638760882,0.002653246316308859,0.16334164177552513
1.1780000000000008,43.11383415316091,29.965992647070586,-14.872359230372169,0.001886660365734059,0.1630877962716105
1.1800000000000008,43.17411275183318,29.936361268351835,-14.858143535210118,0.0011115990306261806,0.16283675566169356
1.1820000000000008,43.23372458580127,29.906617635848857,-14.84451458933774,0.0003017967649276301,0.16258848895278766
1.1840000000000008,43.29329910539702,29.876817262583803,-14.829835200059744,-0.0004547654374598906,0.16234296549436641
1.1860000000000008,43.35303936810839,29.84697984827448,-14.813232691528592,-0.0011116965485064724,0.16210015497457997
1.1880000000000008,43.41303902175496,29.81707317779155,-14.79443962890248,-0.0016567232459161047,0.16186002741651248
1.1900000000000008,43.472703875984486,29.78726130099553,-14.77449480355435,-0.002135514404190893,0.16162255317448143
1.1920000000000008,43.53236848104843,29.757293134942444,-14.752567954633813,-0.0025176592216964834,0.16138770293037757
1.1940000000000008,43.59145155846071,29.727304974299013,-14.72831805305922,-0.0027784871072181684,0.16115544769004528
1.1960000000000008,43.65119337288175,29.69739937268544,-14.701713531854157,-0.0029111570393535826,0.1609257587797031
1.1980000000000008,43.71057931088454,29.667748024927143,-14.673361379593373,-0.0029385538519748735,0.1606986078424037
1.2000000000000008,43.76954399961828,29.63817696523785,-14.644044008272967,-0.0029101989988082407,0.160473966834533
1.2020000000000008,43.828768616876765,29.608791279847477,-14.613247354064075,-0.002794064402782645,0.16025180802234787
1.2040000000000008,43.88799303858927,29.5796272401748,-14.581146595253196,-0.0025974566046250017,0.1600321039785523
1.2060000000000008,43.94710204446398,29.550534216781813,-14.54703451309216,-0.0022912281114639724,0.15981482757891124
1.2080000000000009,44.0063534921898,29.52177303813339,-14.512208181601446,-0.0019296991677697406,0.15959995199890184
1.2100000000000009,44.06473202939164,29.493173238191915,-14.477330384410934,-0.0015559616589013031,0.15938745071040178
1.2120000000000009,44.12427097398411,29.464555721213923,-14.442561684068288,-0.0011873922695871924,0.15917729747841416
1.2140000000000009,44.183251708870046,29.43588569880879,-14.407230640181565,-0.000790820739546298,0.15896946635782866
1.2160000000000009,44.24173655542758,29.407389051767524,-14.371640206514574,-0.0003706592043604289,0.15876393169021824
1.2180000000000009,44.30066886028885,29.378946882183623,-14.33693295740927,7.693115210336997e-06,0.1585606681006715
1.2200000000000009,44.359311059792894,29.350387212191528,-14.303160785908636,0.0003329173865956605,0.15835965049465997
1.2220000000000009,44.41815438738822,29.321808409356432,-14.270068498537645,0.0006232221683349266,0.15816085405493996
1.2240000000000009,44.47686237616206,29.29324267038221,-14.237244609144003,0.0009016167700295483,0.1579642542384886
1.2260000000000009,44.53533136952417,29.264761002248495,-14.205439342260036,0.0011326331688055191,0.1577698267734739
1.2280000000000009,44.593962139272485,29.236343116739427,-14.174475952595154,0.0013244378019357725,0.1575775476562582
1.2300000000000009,44.65248434626881,29.20786464382716,-14.144814404277005,0.0014469051910607148,0.1573873931484346
1.2320000000000009,44.71033421395534,29.17941380077204,-14.11588483504249,0.0015340690751916596,0.1571993397738965
1.2340000000000009,44.768956489569064,29.15117355026278,-14.087356353565186,0.001612232105015458,0.157013364315939
1.2360000000000009,44.82736365225248,29.12288821560106,-14.05930962711533,0.0016644643587028368,0.15682944381439282
1.2380000000000009,44.88545469399028,29.094850124332908,-14.03192693639555,0.0016958056377620067,0.1566475555627896
1.2400000000000009,44.94340511399245,29.066901154142393,-14.005073693054388,0.0017053769447945796,0.15646767710555856
1.2420000000000009,45.00189681821833,29.03881719940898,-13.977895412175666,0.0017264949089931462,0.15628978623525436
1.2440000000000009,45.059380419289646,29.010709269941113,-13.950659587418524,0.0017507641492871926,0.1561138609898152
1.2460000000000009,45.11780637242719,28.982881227298307,-13.923268837912875,0.0017982783137415977,0.15593987964985148
1.2480000000000009,45.175773378733226,28.955096829883328,-13.896863086839241,0.0017980501309005986,0.1557678207359645
1.2500000000000009,45.23370498949178,28.927209231347156,-13.871290540991875,0.0017507187683881468,0.1555976630060945
1.252000000000001,45.29135431413638,28.89955768109318,-13.846136123447737,0.0016946110902126676,0.15542938545289817
1.254000000000001,45.34907545335467,28.872025700084514,-13.821578669997894,0.0016146561578657382,0.15526296730115524
1.256000000000001,45.406948466457926,28.844581438839693,-13.798291057211165,0.001474280042643457,0.1550983880052035
1.258000000000001,45.464513314331285,28.81729932159738,-13.775877273531751,0.001297722396897555,0.1549356272464023
1.260000000000001,45.52181703681143,28.79013567187677,-13.753740303716219,0.0011138598557848666,0.15477466493062408
1.262000000000001,45.579482827437936,28.762787384191345,-13.731842663945827,0.0009097497703138443,0.15461548118577356
1.264000000000001,45.63721843977495,28.735542041465877,-13.709537731005602,0.0007331424245348685,0.15445805635933438
1.266000000000001,45.69443432503046,28.708261259217903,-13.686830645163736,0.0005769776451652646,0.15430237101594282
1.268000000000001,45.751979609331855,28.68081454247286,-13.663375655777807,0.0004528534577875902,0.15414840593498838
1.270000000000001,45.80917123335321,28.6533979799857,-13.639552923343393,0.00035061148295992696,0.1539961421082408
1.272000000000001,45.866722823287375,28.625961291572622,-13.613847676746802,0.0003465597640011566,0.1538455607375034
1.274000000000001,45.924174401444354,28.59854784754868,-13.587245967049945,0.00039154276590127777,0.15369664323229226
1.276000000000001,45.98075445393744,28.571284848841646,-13.560275281947153,0.0004643288249476924,0.153549371207541
1.278000000000001,46.03818216999325,28.544163132222497,-13.532438199543792,0.000590316606623169,0.15340372648133116
1.280000000000001,46.09519698685247,28.516854362904922,-13.50352300697715,0.0007645198352489472,0.1532596910726473
1.282000000000001,46.15201608807421,28.48969998707932,-13.47378636647976,0.0009902158970828338,0.1531172471991573
1.284000000000001,46.20917319419592,28.462683815544374,-13.443616522057628,0.0012464084292032709,0.15297637727501684
1.286000000000001,46.26654651038791,28.43548639847965,-13.413064983702327,0.0015149007363975783,0.15283706390869833
1.288000000000001,46.32284813634577,28.408351816252264,-13.3830560734142,0.0017594841782574164,0.15269928990084378
1.290000000000001,46.379731561466954,28.381411965693445,-13.352861598722106,0.002024403185112597,0.15256303824214146
1.292000000000001,46.43657004944788,28.35441980435855,-13.323078960165073,0.00226661425863972,0.15242829211122583
1.294000000000001,46.493008953094744,28.327648954783733,-13.294122591355496,0.002477799210380603,0.152295034872601
1.296000000000001,46.54926434777336,28.30136403403185,-13.266831900048105,0.0026270565105269835,0.1521632500745867
1.298000000000001,46.606423326626626,28.275159856880634,-13.240674115444278,0.00272247689909868,0.15203292144728747
1.300000000000001,46.66258200056575,28.249231934826753,-13.216127482967408,0.0027486043905423398,0.15190403290058374
1.302000000000001,46.7186557055495,28.22341724564515,-13.193617787294643,0.0026754110166084502,0.15177656852214555
1.304000000000001,46.775463121378145,28.19774706704804,-13.17309739020461,0.0025068638373620116,0.15165051257546802
1.306000000000001,46.83181609617154,28.17174813609002,-13.155738581518525,0.002159235932519628,0.15152584949792844
1.308000000000001,46.88858220472931,28.1457211006451,-13.140643608869517,0.0016936922048948375,0.1514025638988651
1.310000000000001,46.944457771940975,28.11962156054269,-13.127770900968653,0.0011102678381146233,0.1512806405576771
1.312000000000001,47.001151690585516,28.093441825993246,-13.116884440960732,0.00042087679172711745,0.15116006442194516
1.314000000000001,47.057165876678404,28.067263694193425,-13.108959615738229,-0.0004212730895986496,0.15104082060557353
1.316000000000001,47.11300202102103,28.040964022148827,-13.102700569922101,-0.001354689277428001,0.15092289438695192
1.318000000000001,47.168947663729135,28.01477409786327,-13.09717081030515,-0.002319602269197368,0.1508062712071381
1.320000000000001,47.22535808188622,27.988625956955048,-13.092166276266338,-0.0033086612864949953,0.15069093666806055
1.322000000000001,47.28115987843095,27.96265079619068,-13.08668141229085,-0.0042633235275397465,0.15057687653074076
1.324000000000001,47.336792228948845,27.936643050141438,-13.080354754151838,-0.005174614487487347,0.15046407671353543
1.326000000000001,47.39263438751926,27.910559399192785,-13.072731760160009,-0.006020956631780237,0.15035252329039794
1.328000000000001,47.44865918755441,27.88420058975527,-13.06310595634973,-0.0067750831203778,0.15024220248915907
1.330000000000001,47.50452458274515,27.857741434316736,-13.0499325724109,-0.007348319619828089,0.15013310068982666
1.332000000000001,47.560129552055336,27.831243309888986,-13.033837596714708,-0.007770289344133985,0.15002520442290418
1.334000000000001,47.61605928650901,27.804571709047455,-13.01428511290004,-0.00801950056973851,0.14991850036772786
1.336000000000001,47.67119811189104,27.778035080924653,-12.990947798259516,-0.008064289673551222,0.149812975350822
1.338000000000001,47.72666742690656,27.75141527623044,-12.963291852873253,-0.007887246918754556,0.14970861634427268
1.340000000000001,47.78246434509882,27.72518389769588,-12.931886294130539,-0.007495640533792879,0.14960541046411943
1.342000000000001,47.837521199770435,27.699209028630413,-12.89729235143181,-0.0069249411913106865,0.14950334496876444
1.344000000000001,47.89328762506366,27.673366846221693,-12.85978953748018,-0.006195564256384209,0.14940240725739964
1.346000000000001,47.948079774897195,27.64753761224594,-12.820073950043097,-0.0053493728227830386,0.14930258486845097
1.348000000000001,48.00350614993407,27.621845758243467,-12.777541286592003,-0.0043490804936236315,0.14920386547803996
1.350000000000001,48.05898230283923,27.596383683140456,-12.733139399856721,-0.0032396429881563975,0.1491062368984621
1.352000000000001,48.11421762426321,27.57085803697387,-12.688157501280367,-0.002101929225590361,0.1490096870766824
1.354000000000001,48.16908948200238,27.545595815501365,-12.642726810943222,-0.0009273858460479118,0.14891420409284709
1.356000000000001,48.22446459446731,27.52028367409103,-12.596873174078821,0.00026789558889583984,0.14881977615881223
1.358000000000001,48.27889156182471,27.494957915809614,-12.55121852253806,0.0014532841738454393,0.1487263916166882
1.360000000000001,48.334018467046675,27.47001162912457,-12.506308503479183,0.002618832099261006,0.14863403893740063
1.362000000000001,48.38906784591865,27.44531658465881,-12.462516606055958,0.0037390647015485496,0.14854270671926686
1.364000000000001,48.44400552678935,27.420786704756807,-12.421097193654058,0.0047446960560204015,0.14845238368658836
1.366000000000001,48.4984791421007,27.39647459578769,-12.382492979671905,0.00561514340565288,0.14836305868825878
1.368000000000001,48.553759730600504,27.37227100634815,-12.346524437771206,0.006354612572947992,0.14827472069638706
1.370000000000001,48.60819634694161,27.347929731427847,-12.313926112121422,0.006913405324915309,0.14818735880493605
1.372000000000001,48.66268451378022,27.32366745807651,-12.285296627965495,0.00727051236385865,0.14810096222837615
1.374000000000001,48.71734910448261,27.2993412395045,-12.260043668938263,0.0074500659671262355,0.1480155203003536
1.376000000000001,48.772404050118766,27.274709603710257,-12.237551896483282,0.007472834231870187,0.1479310224723736
1.378000000000001,48.82649129362491,27.25020572650106,-12.217934387384313,0.007353116172649286,0.14784745831249835
1.380000000000001,48.88102465084349,27.225871718507396,-12.201019075588542,0.007101799398125336,0.14776481750405868
1.382000000000001,48.935675887591515,27.20155634227125,-12.18679166114175,0.00671258704336249,0.1476830898443807
1.384000000000001,48.989799285906585,27.177117436774196,-12.174583520053654,0.006213653122029285,0.1476022652435261
1.386000000000001,49.0440032870605,27.152954541855376,-12.163668960511663,0.005661259371713669,0.1475223337230464
1.388000000000001,49.09826890845987,27.128783753791726,-12.153993189054555,0.005045079461277887,0.14744328541475116
1.390000000000001,49.153068318591544,27.104687248266263,-12.145511046708451,0.004371263011769635,0.14736511055948953
1.392000000000001,49.20664079740987,27.080729939901495,-12.138248803309839,0.0036414342826766696,0.14728779950594556
1.394000000000001,49.26099443779783,27.056658294947752,-12.131343303312667,0.0028887558244236047,0.14721134270944652
1.396000000000001,49.3152624661252,27.032397223111698,-12.12548888002814,0.002073672944869834,0.14713573073078465
1.398000000000001,49.36925297082337,27.007838127553548,-12.119927862352423,0.0012306037164292504,0.1470609542350517
1.400000000000001,49.42342011005688,26.98322395559037,-12.114430715105483,0.000382706632003881,0.14698700399048656
1.402000000000001,49.477137620977096,26.95861183082847,-12.109133666928695,-0.0004744677000124042,0.14691387086733548
1.404000000000001,49.53140632927646,26.934202286950352,-12.10372230455555,-0.0013153543219205231,0.14684154583672493
1.406000000000001,49.585007581535265,26.9098866406819,-12.097983619562015,-0.002133892275286534,0.14677001996954694
1.408000000000001,49.63838556088058,26.885718857248783,-12.091725940454582,-0.002917650761021534,0.1466992844353567
1.410000000000001,49.69224213402799,26.861745926567714,-12.08542661148961,-0.0036893163068026026,0.14662933050128232
1.412000000000001,49.74584622728302,26.8377011901187,-12.0775149681633,-0.004379449027585572,0.14656014953094684
1.414000000000001,49.799440344079336,26.81367956498049,-12.067742816859496,-0.004970791518656647,0.14649173298340185
1.416000000000001,49.853024753924096,26.78984039937394,-12.055951051507352,-0.005447789343770274,0.14642407241207306
1.418000000000001,49.90688447095641,26.7660107996933,-12.042876059227742,-0.005856652835384253,0.1463571594637176
1.420000000000001,49.96078617239449,26.741883722925778,-12.027648906237467,-0.006166208451501916,0.14629098587739267
1.422000000000001,50.01384046904573,26.71770117171235,-12.009890571135683,-0.006345678272739071,0.14622554348343567
1.424000000000001,50.06725254042723,26.693482552724905,-11.989767405139562,-0.006402821810376366,0.14616082420245557
1.426000000000001,50.12062153946973,26.66919801047667,-11.967594814578021,-0.006355394267383183,0.14609682004433544
1.428000000000001,50.174085175744516,26.64479087348232,-11.94388765163405,-0.00623273618515477,0.14603352310724615
1.430000000000001,50.22727138607756,26.62068644262538,-11.917670711587569,-0.005964804063967058,0.14597092557667057
1.432000000000001,50.280323191203685,26.596702071939813,-11.889600174318067,-0.0055940451663930085,0.145909019724439
1.434000000000001,50.33410058760783,26.57287457240216,-11.859209616277063,-0.005094551211628492,0.14584779790777502
1.436000000000001,50.386636823986954,26.54915708027467,-11.827657811601723,-0.004528720479079353,0.1457872525683519
1.438000000000001,50.43963038404864,26.525301627252418,-11.79453902318885,-0.003886690717695032,0.14572737623135948
1.440000000000001,50.49265647370498,26.501491157693135,-11.759919833673873,-0.0031636350540572167,0.14566816150458134
1.442000000000001,50.54566299001183,26.47770001337176,-11.723227790079507,-0.0023309505849734504,0.14560960107748214
1.444000000000001,50.599131719139166,26.454277295489646,-11.68479986766595,-0.0013904049943825143,0.1455516877203052
1.446000000000001,50.6514496432343,26.430956904412422,-11.646559913713196,-0.0004540830053553577,0.14549441428317972
1.448000000000001,50.70436253141204,26.40775590087304,-11.608163369281433,0.0004966889531980811,0.14543777369523828
1.450000000000001,50.757014128976984,26.38438922706018,-11.569733538492605,0.0014426520701126008,0.14538175896374375
1.452000000000001,50.80975893876828,26.36125674330176,-11.530666421187131,0.002433219185846738,0.14532636317322606
1.454000000000001,50.862689996867054,26.338554079843654,-11.492998648136458,0.0033712493319006283,0.14527157948462832
1.456000000000001,50.9155815469207,26.315836464316085,-11.457383932642367,0.004202728534512012,0.14521740113446266
1.458000000000001,50.967721967837726,26.29316001751762,-11.42443999880189,0.004898054590326161,0.145163821433975
1.460000000000001,51.02027824868187,26.270457995143982,-11.393178817074753,0.005505608528719286,0.14511083376831949
1.462000000000001,51.07316788214616,26.248001464849924,-11.36377667693506,0.006028366065639481,0.1450584315957417
1.464000000000001,51.125620022739795,26.225501752635765,-11.337290412559991,0.006398426250413841,0.14500660844677105
1.466000000000001,51.17772909114651,26.203275451758962,-11.313533835086227,0.006639630370649356,0.14495535792342207
1.468000000000001,51.230003469814896,26.180765584694218,-11.292756803181597,0.00671407386928697,0.1449046736984046
1.470000000000001,51.28265667931466,26.15823736030448,-11.273265223573736,0.006721719061561771,0.14485454951434248
1.472000000000001,51.33457911434241,26.136003774332067,-11.255635417136686,0.006646557106754059,0.14480497918300125
1.474000000000001,51.38731594363736,26.11386523172277,-11.239679703750722,0.006489420552092525,0.1447559565845239
1.476000000000001,51.439125060559824,26.091753062032637,-11.226626505869646,0.0061833635331587046,0.1447074756666755
1.478000000000001,51.491375341528276,26.069282906791813,-11.215130658001858,0.005781235121492948,0.14465953044409602
1.480000000000001,51.54360077942806,26.046810384981622,-11.204077048881764,0.005356866612913947,0.14461211499756124
1.482000000000001,51.5957097582073,26.024179410554385,-11.194164294651221,0.0048669994598033875,0.14456522347325215
1.484000000000001,51.647929512541204,26.001837035944398,-11.185918747802903,0.004304115147494883,0.14451885008203208
1.486000000000001,51.69962721804385,25.979379595031332,-11.179965387790125,0.0036177882856768375,0.1444729890987321
1.488000000000001,51.75187054483607,25.95670730194486,-11.174485661902484,0.002898177484406325,0.1444276348614442
1.490000000000001,51.80356714321388,25.934152542562696,-11.169515244750857,0.002158160528140172,0.1443827817708222
1.492000000000001,51.85545893147664,25.911712436868203,-11.163879738747719,0.00145866519196813,0.14433842428939053
1.494000000000001,51.90727648424041,25.889521908754322,-11.158996278496815,0.000731947378422106,0.14429455694086057
1.496000000000001,51.95872917042131,25.867220488795375,-11.154571322207586,-2.266674959862058e-05,0.1442511743094546
1.498000000000001,52.010584063067974,25.84497293914582,-11.149702982077454,-0.0007510007610609719,0.14420827103923706
1.500000000000001,52.061942738141106,25.822510131228032,-11.14403639214685,-0.0014464654550137154,0.14416584183345343
1.5020000000000011,52.11403531886151,25.800407577783485,-11.137578876172423,-0.0020840821805279005,0.1441238814538763
1.5040000000000011,52.16575358494026,25.7783956450234,-11.131174139384925,-0.002719624026074726,0.14408238472015855
1.5060000000000011,52.21703661707827,25.75623168504354,-11.123866299158466,-0.0033140588265282954,0.14404134650919398
1.5080000000000011,52.2679317397452,25.733991286063663,-11.115771840352577,-0.0038701075997617735,0.14400076175448465
1.5100000000000011,52.31984377318368,25.71166179156127,-11.10567566603273,-0.0043251318478133025,0.14396062544551544
1.5120000000000011,52.37145995383232,25.689558776833444,-11.09465386365435,-0.00472124556194764,0.1439209326271355
1.5140000000000011,52.422806799798835,25.66739644415392,-11.08299243477916,-0.005085862941728927,0.1438816783989465
1.5160000000000011,52.47398668043249,25.645344197142347,-11.070107889726803,-0.0053812232128434305,0.14384285791469756
1.5180000000000011,52.52531853775864,25.62301872093164,-11.055005142000761,-0.005572352563642418,0.143804466381687
1.5200000000000011,52.57656160460062,25.600711097590906,-11.037265771140767,-0.005624747246929722,0.1437664990601706
1.5220000000000011,52.627827180346,25.578451950055776,-11.01768459819421,-0.0055784035216743105,0.14372895126277654
1.5240000000000011,52.678843551237435,25.556369819290378,-10.995785902014948,-0.005402984363508934,0.14369181835392653
1.5260000000000011,52.72992047060593,25.534247882550357,-10.972552185318582,-0.0051590463903535945,0.1436550957492637
1.5280000000000011,52.781122233264234,25.51200395317458,-10.946895144823245,-0.004793570879116671,0.1436187789150865
1.5300000000000011,52.83188881872213,25.489890877778222,-10.918768902150399,-0.0042931615563556276,0.14358286336778905
1.5320000000000011,52.88300795747771,25.467724338192422,-10.888270362881494,-0.003670881716142119,0.14354734467330754
1.5340000000000011,52.933784073521664,25.445863231786365,-10.856341149249655,-0.002960107615566926,0.1435122184465728
1.5360000000000011,52.98462051129785,25.424071312624186,-10.822961484632843,-0.002170093333018961,0.14347748035096908
1.5380000000000011,53.03587567441735,25.402296310091362,-10.788181795396818,-0.0013057342919485819,0.14344312609779847
1.5400000000000011,53.08578957731219,25.380531511803564,-10.753481440554907,-0.0004442497280131192,0.14340915144575148
1.5420000000000011,53.13693792802774,25.358864261984237,-10.718763483393099,0.00042317915784690995,0.14337555220038345
1.5440000000000011,53.187829029317605,25.337390756981282,-10.685000914076493,0.0012501047750347993,0.1433423242135968
1.5460000000000012,53.23843995229786,25.31591457025065,-10.652328758371455,0.002020999813234205,0.14330946338312867
1.5480000000000012,53.28911922031534,25.294915904485922,-10.62113823483226,0.0027362461490973186,0.14327696565204467
1.5500000000000012,53.33947931334732,25.274013917523547,-10.591669148246263,0.003366899238613463,0.143244827008238
1.5520000000000012,53.3903081488433,25.253226792617955,-10.56484102448062,0.0038659168731433905,0.14321304348393402
1.5540000000000012,53.44024688880028,25.23261126383187,-10.540869215423914,0.004224531093135645,0.14318161115520048
1.5560000000000012,53.49058830948271,25.212005182657993,-10.519626363646044,0.004442371100386403,0.143150526141463
1.5580000000000012,53.54124693961874,25.191204785275477,-10.501344727464069,0.004498600212979611,0.1431197846050261
1.5600000000000012,53.5917311049162,25.170499273211153,-10.485768885693842,0.004418941251328839,0.14308938275059938
1.5620000000000012,53.6420875205745,25.149962545194008,-10.472943568316165,0.00420422932513108,0.1430593168248288
1.5640000000000012,53.69297339271195,25.12938178650505,-10.46293321178367,0.0038419711610363193,0.1430295831158335
1.5660000000000012,53.742463499750755,25.10881627371703,-10.455710675003951,0.0033361222361467,0.14300017795274744
1.5680000000000012,53.79266190082154,25.088054412715028,-10.449999743549109,0.0027439865171968803,0.14297109770526625
1.5700000000000012,53.84256167017787,25.067051841776788,-10.445428590660539,0.0020830224935572375,0.14294233878319895
1.5720000000000012,53.89255503910918,25.046064076060926,-10.44169571317629,0.0013798534787011008,0.1429138976360248
1.5740000000000012,53.94308184092705,25.025244820061857,-10.43757181859156,0.0007049641055854821,0.14288577075245498
1.5760000000000012,53.99361313330691,25.00444456777862,-10.432888047888705,6.073861055862295e-05,0.14285795465999898
1.5780000000000012,54.04301204623219,24.983590566097952,-10.427248627063936,-0.0005353461029563817,0.14283044592453598
1.5800000000000012,54.093392060881385,24.96262507245919,-10.420151568730764,-0.0010596403382769353,0.14280324114989087
1.5820000000000012,54.14291435281308,24.94124451957604,-10.410701060769814,-0.0014784685000568416,0.14277633697741493
1.5840000000000012,54.1929043142126,24.919866188641635,-10.398716340670509,-0.001764643185671467,0.14274973008557124
1.5860000000000012,54.24264132606284,24.898723996348963,-10.383847506678425,-0.0018900322736450262,0.14272341718952447
1.5880000000000012,54.29269750516115,24.877550803995973,-10.365795502423069,-0.0018504496938981417,0.14269739504073561
1.5900000000000012,54.34233578478231,24.856576303548287,-10.345087391881341,-0.0016635579362289476,0.14267166042656057
1.5920000000000012,54.391850467147265,24.835670671940413,-10.321780117070235,-0.0013378406590129968,0.14264621016985388
1.5940000000000012,54.44153296046389,24.81473864117851,-10.295845541489932,-0.0008758757751781161,0.14262104112857613
1.5960000000000012,54.491068603761356,24.79382968180695,-10.267530888180886,-0.0002884232453470474,0.14259615019540636
1.5980000000000012,54.540642160534425,24.773165823064407,-10.237597638604354,0.0003943023208300218,0.14257153429735822
1.6000000000000012,54.59029015968541,24.752664430720973,-10.206998350665689,0.0011192520119114703,0.1425471903954007
1.6020000000000012,54.63966375169061,24.73232238774076,-10.176365308496365,0.0018533984671601686,0.14252311548408286
1.6040000000000012,54.689064563392556,24.712172677813896,-10.146200055647855,0.002572035581310814,0.1424993065911629
1.6060000000000012,54.738291247009855,24.69217323714823,-10.116756866241113,0.003260149082765224,0.14247576077724103
1.6080000000000012,54.78766632954777,24.672178820808664,-10.089110291980784,0.0038557325609132175,0.14245247513539674
1.6100000000000012,54.83716651707807,24.652229920178392,-10.063428013432025,0.0043517692828509025,0.1424294467908299
1.6120000000000012,54.886279318371955,24.63226499292203,-10.04014348130847,0.004723128627448133,0.14240667290050568
1.6140000000000012,54.935707552227974,24.61248753113561,-10.019139920641551,0.004984430099636001,0.14238415065280385
1.6160000000000012,54.98516847615441,24.592941873408773,-10.001444503536604,0.005084102280420978,0.14236187726717134
1.6180000000000012,55.03420480143343,24.573450308671188,-9.987694657533623,0.0049815246200891885,0.14233984999377916
1.6200000000000012,55.083020698802756,24.553907194217732,-9.978040992703816,0.0046644341064134166,0.1423180661131829
1.6220000000000012,55.13228573078464,24.534222600578634,-9.972107588752076,0.004148619186181242,0.1422965229359869
1.6240000000000012,55.18138575937888,24.51445103152633,-9.968575489467522,0.0035049595916625403,0.1422752178025123
1.6260000000000012,55.23042407824723,24.494760329263713,-9.967932809333282,0.0027150969284162867,0.14225414808246858
1.6280000000000012,55.279275726957586,24.47520471423661,-9.969909713612417,0.001795318724384735,0.14223331117462906
1.6300000000000012,55.32833182108165,24.455428612425724,-9.97449709054073,0.0007312481983162655,0.1422127045065095
1.6320000000000012,55.377088368715796,24.43536089176101,-9.97965594794041,-0.0003740304188390766,0.1421923255340506
1.6340000000000012,55.42587023628714,24.415285232657116,-9.984380561289107,-0.0014563719221664612,0.14217217174130395
1.6360000000000012,55.474818480189015,24.3951550797594,-9.988267023813153,-0.002496710163291162,0.1421522406401214
1.6380000000000012,55.52383841117871,24.375092504342632,-9.991642938143064,-0.003506997966642025,0.1421325297698479
1.6400000000000012,55.572081198836734,24.354796749838528,-9.993842876490802,-0.004465138070363316,0.14211303669701755
1.6420000000000012,55.62095773319552,24.334614040002116,-9.993146812574194,-0.005267289549107665,0.14209375901505347
1.6440000000000012,55.66955015983412,24.31437442005081,-9.98986443857828,-0.005936618864128902,0.1420746943439704
1.6460000000000012,55.71852356970854,24.294356000509467,-9.983782874153958,-0.006450522180089642,0.14205584033008103
1.6480000000000012,55.76682371641742,24.274298239319414,-9.975779222016145,-0.006865422625375806,0.1420371946457054
1.6500000000000012,55.815386480802836,24.254002883816245,-9.964522711850105,-0.007120320449989023,0.14201875498888347
1.6520000000000012,55.863584059164474,24.233576085140264,-9.949826540420863,-0.007201088047815382,0.14200051908309097
1.6540000000000012,55.91253786644705,24.213133236943456,-9.931245218770428,-0.007079778959300228,0.14198248467695834
1.6560000000000012,55.96099956230613,24.193052297387748,-9.910275907044824,-0.0068186421760741845,0.1419646495439928
1.6580000000000013,56.00939277498459,24.172880344913132,-9.887934821319922,-0.006489238921565046,0.1419470114823034
1.6600000000000013,56.057589582445885,24.152870387495394,-9.862785230724395,-0.006006423248486271,0.1419295683143293
1.6620000000000013,56.10534127289381,24.132857978781544,-9.83457657267725,-0.005363953828380559,0.1419123178865708
1.6640000000000013,56.15399353693406,24.113253463223316,-9.803705031917751,-0.004565549375255252,0.14189525806932352
1.6660000000000013,56.20187238623961,24.09401943567973,-9.772676403054163,-0.003743089872612266,0.14187838675641556
1.6680000000000013,56.25015372677638,24.074853584461646,-9.740979769341433,-0.0028824623937086283,0.14186170186494734
1.6700000000000013,56.298091472703575,24.055686576109906,-9.709063856735549,-0.0020098531543064195,0.1418452013350345
1.6720000000000013,56.34638941928256,24.03644484566965,-9.67600500910962,-0.0010802489658558727,0.14182888312955363
1.6740000000000013,56.39479148433001,24.017535770982562,-9.643358320724502,-0.0001578133138500064,0.14181274523389076
1.6760000000000013,56.4425890506393,23.998285714112928,-9.612690995292413,0.0006483433081484122,0.1417967856556926
1.6780000000000013,56.49056906030467,23.979088432250688,-9.583763173419147,0.0013668372532600088,0.14178100242462055
1.6800000000000013,56.5380880994776,23.959691111272228,-9.555809145407958,0.002027144904927361,0.14176539359210752
1.6820000000000013,56.58680040849258,23.94040850246657,-9.528174431144993,0.0026761759809241638,0.14174995723111733
1.6840000000000013,56.634044746967355,23.92144098922666,-9.502984040149862,0.003211597414328061,0.1417346914359068
1.6860000000000013,56.68210441160726,23.902690190726442,-9.479625943043905,0.0036611917992575085,0.1417195943217905
1.6880000000000013,56.72965027862557,23.883955396263854,-9.45796181668894,0.004023951797538288,0.14170466402490792
1.6900000000000013,56.77753509139011,23.865126550678163,-9.436252174818296,0.004385847748331116,0.14168989870199367
1.6920000000000013,56.82513191115543,23.846771532674325,-9.41452605976775,0.004768484245910713,0.14167529653014954
1.6940000000000013,56.87331613137457,23.82827511066932,-9.39403404124752,0.005081773527374111,0.14166085570661974
1.6960000000000013,56.920400562818806,23.809708726730168,-9.37540244315187,0.005296062470487122,0.14164657444856824
1.6980000000000013,56.968094936935444,23.790865605556547,-9.357557260036918,0.005458812364045734,0.1416324509928586
1.7000000000000013,57.01584573042239,23.77185592976016,-9.338855957974992,0.005659930710645824,0.14161848359583637
1.7020000000000013,57.06356697718422,23.752889359940045,-9.32102789310488,0.005818004304231366,0.14160467053311382
1.7040000000000013,57.11084580770385,23.734118244914608,-9.304480326707463,0.005918020880974175,0.141591010099357
1.7060000000000013,57.1584752615287,23.71531914679746,-9.289835518749388,0.00591856291193038,0.14157750060807528
1.7080000000000013,57.20554913771748,23.696302716922048,-9.27552649796589,0.005893459906511289,0.14156414039141307
1.7100000000000013,57.25277606222705,23.677748977361404,-9.261520373122707,0.005871915782661929,0.1415509277999439
1.7120000000000013,57.30023618982676,23.659374801981933,-9.248277481749724,0.005818519591226127,0.14153786120246692
1.7140000000000013,57.34763051359815,23.641201053016932,-9.236982164132238,0.005672510279455509,0.1415249389858053
1.7160000000000013,57.39438972561488,23.623000376902187,-9.227457451828737,0.0054339076975835135,0.14151215955460722
1.7180000000000013,57.44207680468454,23.604757220583387,-9.217735231257077,0.005204429855717428,0.14149952133114896
1.7200000000000013,57.48918112566237,23.5865826417203,-9.208515573910294,0.004952146434014502,0.1414870227551399
1.7220000000000013,57.53682795403347,23.568446078943833,-9.20041494151568,0.004643766065877216,0.14147466228353014
1.7240000000000013,57.58357499026423,23.550334049299074,-9.19425839198625,0.004235840431792013,0.1414624383903198
1.7260000000000013,57.63042883042661,23.531787939005508,-9.189190405272946,0.0037544403917606673,0.14145034956637076
1.7280000000000013,57.67776491202484,23.513340782299714,-9.184819128740314,0.003241368243789168,0.14143839431922026
1.7300000000000013,57.72500284470214,23.495015052127933,-9.181273011430099,0.0026908361911575866,0.14142657117289664
1.7320000000000013,57.77199994072217,23.47683528815969,-9.179421831778992,0.0020585873517807015,0.14141487866773725
1.7340000000000013,57.81853901405665,23.45865227026862,-9.179920484802981,0.0013045808899073137,0.14140331536020803
1.7360000000000013,57.86521308522087,23.440303310005646,-9.18121199141913,0.0005032733149806958,0.14139187982272547
1.7380000000000013,57.91238577296128,23.42184591728832,-9.18257377860033,-0.00030544770920633367,0.14138057064348034
1.7400000000000013,57.95929532498917,23.403541957951056,-9.183989522067916,-0.0011102663018972335,0.14136938642626323
1.7420000000000013,58.0060638962399,23.385386523151585,-9.186087577951891,-0.0019440672254030032,0.14135832579029245
1.7440000000000013,58.0525890885069,23.367057986661642,-9.1877760077207,-0.002762906731377946,0.14134738737004332
1.7460000000000013,58.099316917490874,23.348566052665426,-9.188007122237671,-0.0035119021472191747,0.14133656981507967
1.7480000000000013,58.145971589453886,23.330045148630926,-9.185944684592835,-0.004142202599646751,0.14132587178988715
1.7500000000000013,58.192838462204115,23.311549665869013,-9.181764532092634,-0.004660785466944773,0.14131529197370832
1.7520000000000013,58.23917202480433,23.293046276237455,-9.176221142235896,-0.005108210563400242,0.14130482906037964
1.7540000000000013,58.28597024171536,23.274517176572896,-9.168678271689455,-0.005452099484068945,0.14129448175817008
1.7560000000000013,58.332615339515264,23.256012691461294,-9.159347797602514,-0.005701470509631377,0.14128424878962179
1.7580000000000013,58.37917556580946,23.237435379799987,-9.14819578673443,-0.005858424854897542,0.14127412889139232
1.7600000000000013,58.42566886654515,23.21898854329216,-9.136225675072879,-0.005967080071280513,0.1412641208140987
1.7620000000000013,58.47180307720177,23.2005070754028,-9.123403101864032,-0.006032197583449026,0.14125422332216306
1.7640000000000013,58.51851722952172,23.1820554258825,-9.109388450718868,-0.006033564813810329,0.14124443519366028
1.7660000000000013,58.56475717505577,23.16361332156641,-9.094063908348858,-0.005965859537148247,0.141234755220167
1.7680000000000013,58.61075302148334,23.145305646392565,-9.077144056827857,-0.005809309092959345,0.14122518220661248
1.7700000000000014,58.657133071548536,23.127102249311207,-9.0595427319887,-0.005612635313896213,0.141215714971131
1.7720000000000014,58.703210396017816,23.109027519253736,-9.04110433265277,-0.005366795011983761,0.14120635234491608
1.7740000000000014,58.74966101898164,23.091024816941133,-9.021616175585882,-0.005062972085222654,0.141197093172076
1.7760000000000014,58.79575445408199,23.07309860054119,-9.000717725582003,-0.004682249830251628,0.14118793630949128
1.7780000000000014,58.84149010764446,23.055329202880056,-8.97895156150127,-0.004249689247866442,0.1411788806266734
1.7800000000000014,58.888019224040825,23.03769702430568,-8.956821855416067,-0.003792291969108923,0.1411699250056253
1.7820000000000014,58.9338516733193,23.020083757708957,-8.934534022374473,-0.0033253988101698937,0.14116106834070347
1.7840000000000014,58.980007500368856,23.002411714348153,-8.912365773663755,-0.0028665015647104893,0.14115230953848115
1.7860000000000014,59.0257855731462,22.984784027099547,-8.890047186772705,-0.0023975143386247948,0.14114364751761366
1.7880000000000014,59.07191005811023,22.96687795854391,-8.868125633943677,-0.001959551680968964,0.14113508120870466
1.7900000000000014,59.11806590349355,22.948945034375775,-8.84592912065813,-0.0015077955819272687,0.1411266095541743
1.7920000000000014,59.163915379309216,22.93110030953349,-8.823573965331068,-0.0010437905144331338,0.14111823150812852
1.7940000000000014,59.20987801232886,22.913270320146207,-8.800735042431214,-0.0005535101186636879,0.14110994603623006
1.7960000000000014,59.255576638957315,22.89559302787586,-8.777752390676065,-4.924824978230901e-05,0.14110175211557058
1.7980000000000014,59.301233872384934,22.87792578959722,-8.754136933568345,0.0004888451336218367,0.14109364873454452
1.8000000000000014,59.34683802807487,22.860409315239142,-8.72994230126428,0.0010634687714664536,0.14108563489272422
1.8020000000000014,59.3923252216237,22.842885503885505,-8.705362045165831,0.0016583824039695825,0.1410777096007363
1.8040000000000014,59.438341638356825,22.82565113568547,-8.679872778712328,0.0023123611157072404,0.14106987188013959
1.8060000000000014,59.48374233459514,22.80841925680211,-8.654250388936939,0.0029738659087331027,0.14106212076330427
1.8080000000000014,59.529787551282304,22.791171331564932,-8.628416436361478,0.003646254616247354,0.14105445529329252
1.8100000000000014,59.574896303488806,22.77400183352716,-8.603296357344535,0.0042850769983406424,0.1410468745237403
1.8120000000000014,59.62072147967914,22.756567527056635,-8.579010371248884,0.004870747457460787,0.14103937751874046
1.8140000000000014,59.66625684492671,22.739160472851548,-8.55612838312579,0.0053849859862209965,0.14103196335272733
1.8160000000000014,59.711409046730196,22.721748257955813,-8.534623390552756,0.005827937672669236,0.14102463111036237
1.8180000000000014,59.7572598610956,22.70457121224303,-8.514509869788183,0.0062081603998803275,0.14101737988642116
1.8200000000000014,59.80232220302571,22.68745351680885,-8.496386683090524,0.006487686641200319,0.1410102087856816
1.8220000000000014,59.84764463901069,22.67079716513752,-8.480296931207326,0.006679819645008457,0.1410031169228136
1.8240000000000014,59.893005522023046,22.65432469143295,-8.46671029025367,0.006749371780126601,0.14099610342226943
1.8260000000000014,59.93831158703644,22.637819492083025,-8.455275524476766,0.006706225334976423,0.14098916741817596
1.8280000000000014,59.98313027584575,22.62151134386681,-8.446074541710333,0.006554992675204438,0.1409823080542276
1.8300000000000014,60.02876133469673,22.605143979845813,-8.438550651275957,0.006314721055339852,0.14097552448358056
1.8320000000000014,60.074035638476445,22.588697139055547,-8.43386659093862,0.005924172180280145,0.14096881586874835
1.8340000000000014,60.11907034039983,22.572184945741704,-8.431491774967192,0.0054114871733032715,0.14096218138149844
1.8360000000000014,60.164526574770754,22.5555821881842,-8.43102856094865,0.004796378684916192,0.14095562020274985
1.8380000000000014,60.209391459328096,22.53863966592047,-8.432587542350817,0.004063520172507779,0.1409491315224722
1.8400000000000014,60.25446046009231,22.521669542709933,-8.43596656750806,0.0032354485274188605,0.14094271453958562
1.8420000000000014,60.299536551543035,22.504542446765523,-8.441019914629928,0.002314776033337907,0.14093636846186186
1.8440000000000014,60.344419655771155,22.487249954806508,-8.446525370156662,0.0013647483673425995,0.14093009250582644
1.8460000000000014,60.38937549629793,22.47028379853135,-8.452688920438028,0.00039352149973063174,0.14092388589666205
1.8480000000000014,60.434505390700764,22.453498706782913,-8.458286658047548,-0.0005408552283845367,0.1409177478681127
1.8500000000000014,60.47948052681715,22.43671632376515,-8.463804130339648,-0.0014704737489023357,0.14091167766238932
1.8520000000000014,60.5239169006359,22.419863236390043,-8.468347941046781,-0.002351686010425695,0.14090567453007613
1.8540000000000014,60.56882610154375,22.40294278330767,-8.471038120956258,-0.003138599895408795,0.14089973773003797
1.8560000000000014,60.61354154379731,22.385760244571962,-8.471218817464539,-0.003804542680959905,0.1408938665293291
1.8580000000000014,60.65865503081449,22.368596016115585,-8.468665967262536,-0.004327138455649865,0.14088806020310243
1.8600000000000014,60.703363733327535,22.351520375595307,-8.46401254671479,-0.004736623422795766,0.1408823180345202
1.8620000000000014,60.74793843750638,22.334292195632386,-8.456811863847728,-0.005018966184649528,0.1408766393146654
1.8640000000000014,60.792807207042486,22.31690168466025,-8.447243579343402,-0.005183868487721994,0.14087102334245433
1.8660000000000014,60.83720018785977,22.299654730208932,-8.434298731002517,-0.005167211357218171,0.14086546942454992
1.8680000000000014,60.88161849598057,22.282417402869374,-8.418825789793228,-0.005018219850051366,0.14085997687527624
1.8700000000000014,60.926421382674775,22.265358280086,-8.401275573254702,-0.004753933093243446,0.14085454501653383
1.8720000000000014,60.97023610360446,22.248520401147363,-8.381726047106056,-0.004376787040252153,0.14084917317771592
1.8740000000000014,61.01558628578253,22.231695244306344,-8.359354954323674,-0.0038519531977990054,0.1408438606956257
1.8760000000000014,61.05952272130513,22.215271599019115,-8.335006680287941,-0.0032086039410925194,0.1408386069143945
1.8780000000000014,61.10392783419532,22.198851015093425,-8.310016438883427,-0.002531296193324522,0.14083341118540063
1.8800000000000014,61.14876306274528,22.182418177885687,-8.283826699886,-0.0017916182765470693,0.14082827286718946
1.8820000000000014,61.19239087784517,22.165736494834487,-8.257416548996291,-0.0010494296022273489,0.14082319132539423
1.8840000000000015,61.23710305898829,22.149201529521402,-8.23032962331621,-0.00026602911753501957,0.1408181659326576
1.8860000000000015,61.28177637113548,22.132732782955667,-8.20366634543204,0.0004983088384148999,0.14081319606855439
1.8880000000000015,61.32596206573863,22.116297247013907,-8.17820555458012,0.0012018334584020778,0.14080828111951477
1.8900000000000015,61.36985867394762,22.100115382060704,-8.154960391157985,0.0018001717402011507,0.14080342047874866
1.8920000000000015,61.41421477215847,22.083659558507563,-8.133587982834056,0.0022912507193289995,0.14079861354617082
1.8940000000000015,61.45808920673022,22.067339316774234,-8.11319470466078,0.0027369819001843466,0.14079385972832664
1.8960000000000015,61.502268264934386,22.0511416199994,-8.094790878316317,0.003084326723583693,0.14078915843831902
1.8980000000000015,61.546574687490526,22.035282553386565,-8.078771933050085,0.0033208369199679627,0.14078450909573578
1.9000000000000015,61.5903254199438,22.019481031762478,-8.065376162039893,0.0034235331813098494,0.14077991112657814
1.9020000000000015,61.63466374013786,22.003634511639948,-8.053315011329037,0.0034555658140540185,0.1407753639631897
1.9040000000000015,61.678197637668795,21.98792366877652,-8.042518248224363,0.0034273688877032985,0.14077086704418657
1.9060000000000015,61.72216477859695,21.972243667547126,-8.033037001955048,0.003332342486264501,0.14076641981438776
1.9080000000000015,61.76666685979024,21.95658534307882,-8.02565745823619,0.0031292591319016763,0.14076202172474697
1.9100000000000015,61.810006236046405,21.94049531268641,-8.019586490011369,0.002842386813489671,0.14075767223228455
1.9120000000000015,61.85398070992523,21.92457135702326,-8.013484363864839,0.002563789024046997,0.14075337080002062
1.9140000000000015,61.89793106427399,21.908447792473567,-8.00763714119411,0.002264907288010335,0.14074911689690867
1.9160000000000015,61.94209363711503,21.892290289591518,-8.002185864408144,0.0019446122202866185,0.1407449099977701
1.9180000000000015,61.98523683547155,21.876185971456927,-7.997342383711023,0.0015951423657640546,0.1407407495832293
1.9200000000000015,62.02946062954915,21.859882090374523,-7.992153702496187,0.001256622082705409,0.1407366351396495
1.9220000000000015,62.07303139746913,21.843656049065046,-7.98646517352672,0.0009474485501777393,0.1407325661590696
1.9240000000000015,62.11680897523649,21.82739320427664,-7.979008090947592,0.0007293183679108174,0.14072854213914104
1.9260000000000015,62.16057805396962,21.811593877765375,-7.970369926823248,0.0005903057026477718,0.14072456258306618
1.9280000000000015,62.203512943363755,21.79563978457741,-7.961645887160198,0.000450428904534327,0.14072062699953672
1.9300000000000015,62.24755150209495,21.779712778314963,-7.951376089746234,0.0003923723905696477,0.14071673490267314
1.9320000000000015,62.2908926554977,21.76379746351973,-7.9388412221578974,0.00045296649984444666,0.14071288581196476
1.9340000000000015,62.334588826675045,21.74781628828287,-7.924488398200083,0.0006060826413902376,0.14070907925221027
1.9360000000000015,62.37810042009715,21.73199396231625,-7.910273947318673,0.0007583292562551947,0.1407053147534592
1.9380000000000015,62.421473086067884,21.715847559445336,-7.8957591279514485,0.0009146142614243792,0.14070159185095385
1.9400000000000015,62.46499271275568,21.699596888706044,-7.880960914414017,0.0010822200962766963,0.14069791008507185
1.9420000000000015,62.50834290120823,21.6834551721856,-7.866008093807817,0.0012623470742650902,0.14069426900126958
1.9440000000000015,62.55181538566467,21.667741058498898,-7.851266133441206,0.0014477623514531962,0.14069066815002587
1.9460000000000015,62.595129607103374,21.652108540181928,-7.837665460111754,0.0015772664557480987,0.1406871070867866
1.9480000000000015,62.6377497867051,21.636647820489404,-7.825625434587251,0.0016323761499093584,0.14068358537190984
1.9500000000000015,62.680938362839136,21.621418805594143,-7.814728703309212,0.0016369902362400345,0.14068010257061148
1.9520000000000015,62.72452997730502,21.60601740964043,-7.803970001603623,0.001628467644616208,0.14067665825291162
1.9540000000000015,62.767721089876034,21.590853906924927,-7.794590657974849,0.0015573868928572736,0.14067325199358152
1.9560000000000015,62.810843057517395,21.575888243552473,-7.786711001347974,0.0014159978823366543,0.14066988337209096
1.9580000000000015,62.854600670207994,21.560800654085494,-7.781066897122074,0.001154256881506292,0.14066655197255648
1.9600000000000015,62.89734419158721,21.54523753298912,-7.776785968583862,0.0008045377857510516,0.14066325738368998
1.9620000000000015,62.94039263255531,21.529764007717098,-7.772998474415043,0.00043286465975888433,0.1406599991987479
1.9640000000000015,62.983315280871594,21.514287957649046,-7.770452937263718,-3.074388000513295e-06,0.14065677701548102
1.9660000000000015,63.02649589847242,21.4986011679745,-7.769701626186302,-0.000539634866752575,0.14065359043608486
1.9680000000000015,63.06929595764339,21.482864507868555,-7.77047171522317,-0.001156716285420476,0.14065043906715052
1.9700000000000015,63.112238551913336,21.4671401249439,-7.7706108958438636,-0.001740118240162488,0.1406473225196161
1.9720000000000015,63.155544924129174,21.451575230880106,-7.7708902526022126,-0.0023245499659361357,0.14064424040871867
1.9740000000000015,63.198357501915154,21.436167147620576,-7.770930521008353,-0.002890400366599497,0.14064119235394681
1.9760000000000015,63.241156317457865,21.420768333261663,-7.770242767980671,-0.003417649807904105,0.1406381779789936
1.9780000000000015,63.28358195623569,21.40513125157596,-7.768331308940464,-0.003889564056327565,0.14063519691171014
1.9800000000000015,63.326276911274185,21.389356183388593,-7.764838797576327,-0.004283882258016909,0.14063224878405967
1.9820000000000015,63.36935758841184,21.37359920576415,-7.75886272093129,-0.004547970728321548,0.14062933323207202
1.9840000000000015,63.4122040483034,21.35792911937741,-7.750422753418785,-0.004680346785033801,0.14062644989579884
1.9860000000000015,63.45490186798497,21.342350165030375,-7.740999808531567,-0.004757870470012239,0.140623598419269
1.9880000000000015,63.49757233670482,21.326711795705872,-7.72951907165217,-0.00473013688304719,0.14062077845044477
1.9900000000000015,63.540262975548565,21.310700412717118,-7.7155909542597465,-0.004588285553201277,0.14061798964117825
1.9920000000000015,63.582732649997055,21.294847023680582,-7.699200995023961,-0.0043122404842273025,0.14061523164716844
1.9940000000000015,63.625167768490975,21.279426647068004,-7.681701150425787,-0.0039623309899383405,0.14061250412791879
1.9960000000000016,63.668185537861866,21.263999310214338,-7.662967779212052,-0.0035481249162933252,0.14060980674669504
1.9980000000000016,63.7103043526626,21.248636588436337,-7.643587247834538,-0.003097517793249512,0.14060713917048373
2.0000000000000013,63.75232124293308,21.233364574189707,-7.623386972826525,-0.0026005950539520232,0.14060450106995107
2.002000000000001,63.79549612855016,21.218304675216004,-7.602472206387243,-0.0020584415327193637,0.14060189211940233
2.004000000000001,63.8379557955743,21.20313183585415,-7.581635419091604,-0.0015240418739543705,0.14059931199674147
2.0060000000000007,63.880250560233016,21.188269979430466,-7.560359228768231,-0.0009551578086954251,0.1405967603834316
2.0080000000000005,63.921831975017334,21.17342174269227,-7.53912315923079,-0.0003874911223500881,0.1405942369644555
2.0100000000000002,63.96508394268006,21.158436989756307,-7.518135885008094,0.00016268594897846355,0.1405917414282767
2.012,64.0069992194144,21.14350360619538,-7.498086865988111,0.000666310065367675,0.14058927346680122
2.014,64.04937460161811,21.12863976573693,-7.478481995496296,0.0011497260188493143,0.14058683277533926
2.0159999999999996,64.09123035100106,21.113849109333334,-7.460277909612222,0.0015633146084296711,0.1405844190525678
2.0179999999999993,64.13386102558687,21.09892673491241,-7.443655744924162,0.0018902747215752951,0.14058203200049332
2.019999999999999,64.17621482092625,21.084062946252605,-7.428127839821971,0.00216282086364097,0.140579671324415
2.021999999999999,64.21814103233872,21.069124299438258,-7.413576200683542,0.00238228706185847,0.14057733673288836
2.0239999999999987,64.26019436260565,21.05442366532322,-7.400390721010827,0.002539644025460813,0.14057502793768922
2.0259999999999985,64.30240023331004,21.039816183281793,-7.388430255708334,0.0026370130281955576,0.14057274465377825
2.0279999999999982,64.34436730314658,21.02515961225917,-7.377218638196261,0.0026940450035092987,0.14057048659926563
2.029999999999998,64.38620401415821,21.01046160530158,-7.3673710715147225,0.00267902742901531,0.14056825349537633
2.031999999999998,64.42828894937095,20.995701926038947,-7.357610656892598,0.002657637216788899,0.14056604506641565
2.0339999999999976,64.4705401286616,20.98096054785375,-7.347765170595473,0.002641697583723072,0.14056386103973528
2.0359999999999974,64.51260517756312,20.966291869116507,-7.3375897280857005,0.0026458871619990205,0.1405617011456995
2.037999999999997,64.55468926815048,20.951787044994163,-7.328259287373661,0.002612361352061299,0.14055956511765197
2.039999999999997,64.59588709698754,20.937021529195984,-7.319290961881204,0.0025510516359342145,0.14055745269188283
2.0419999999999967,64.63782287266552,20.922100562048712,-7.310445813006665,0.0024781593934617803,0.14055536360759607
2.0439999999999965,64.67986528929933,20.907341075478737,-7.301508867469385,0.0024161809058526594,0.14055329760687743
2.0459999999999963,64.72208003868892,20.892780806631706,-7.292676390304484,0.0023562434464901045,0.14055125443466243
2.047999999999996,64.76353079430515,20.87826929827512,-7.284711614836813,0.0022532842316383677,0.14054923383870505
2.049999999999996,64.80486540395955,20.863686377599446,-7.276992788094184,0.002135352819091821,0.14054723556954635
2.0519999999999956,64.84666441296667,20.849072501156616,-7.268891529132934,0.002036569527826497,0.14054525938048396
2.0539999999999954,64.88886557008887,20.834587441916863,-7.260304623146205,0.0019679835547253967,0.1405433050275414
2.055999999999995,64.9299790316933,20.820286760813815,-7.252776321316775,0.0018512580518330458,0.140541372269438
2.057999999999995,64.9720331100969,20.805990708018964,-7.245887265785429,0.0017018049882005,0.14053946086755925
2.0599999999999947,65.01319243857922,20.791442612187,-7.239444920929283,0.001520530364842699,0.1405375705859272
2.0619999999999945,65.05488424979147,20.776813854639926,-7.2325335062223175,0.0013611490148278448,0.14053570119117126
2.0639999999999943,65.09638156351937,20.762428489167455,-7.225619570242455,0.0012108861795495933,0.14053385245249966
2.065999999999994,65.13846657163694,20.748121778275976,-7.2192734456768255,0.0010342347021462962,0.14053202414167065
2.067999999999994,65.1796784370375,20.73398100656945,-7.214194478615187,0.000797910696859752,0.14053021603296456
2.0699999999999936,65.22086042303395,20.71951112515559,-7.209844433690441,0.0005123890034829799,0.1405284279031558
2.0719999999999934,65.2624068717089,20.704980960194433,-7.20482051390003,0.0002601363728241459,0.14052665953148533
2.073999999999993,65.30351561835823,20.69042451597889,-7.200263611890334,-1.6968683434026132e-05,0.14052491069963338
2.075999999999993,65.34527455451733,20.67610027980485,-7.196620590495978,-0.00033304212469365164,0.14052318119169258
2.0779999999999927,65.38672171164711,20.6618272733291,-7.194115494811196,-0.0007061315607648062,0.14052147079414123
2.0799999999999925,65.42811449271896,20.64744828690675,-7.19118380083512,-0.0010604239198398061,0.140519779295817
2.0819999999999923,65.46916120551174,20.6330534165599,-7.187874186164206,-0.0013952708213526071,0.14051810648789076
2.083999999999992,65.51016656575511,20.618699473839772,-7.184232678272723,-0.001711065872285502,0.1405164521638409
2.085999999999992,65.5515351795554,20.60441978448337,-7.180855765811675,-0.0020376578891915394,0.14051481611942773
2.0879999999999916,65.59272591874107,20.589879260482935,-7.177188662345468,-0.002357975558785757,0.14051319815266847
2.0899999999999914,65.63347880510061,20.575439495215676,-7.171809315184889,-0.002585358523296108,0.14051159806381203
2.091999999999991,65.67518950232433,20.5610981426946,-7.164787737455326,-0.0027235372148653667,0.1405100156553145
2.093999999999991,65.71665537032435,20.546907367065348,-7.157052859711716,-0.002818994482512618,0.1405084507318149
2.0959999999999908,65.75720739569611,20.532591420543568,-7.149502938286361,-0.0029281110669660392,0.14050690310011074
2.0979999999999905,65.7980547326971,20.518207797534835,-7.14015468846434,-0.0029457341744351523,0.14050537256913442
2.0999999999999903,65.83914485573605,20.503690239369128,-7.129389531074064,-0.002894010714498119,0.14050385894992956
2.10199999999999,65.88051114485154,20.489170439041665,-7.116800161502637,-0.0027471469998522017,0.1405023620556277
2.10399999999999,65.92145071294779,20.47500715212688,-7.103560486941466,-0.002553652934261716,0.1405008817014251
2.1059999999999897,65.96214994810227,20.460757055144256,-7.0896954201744915,-0.002330326831351684,0.14049941770456018
2.1079999999999894,66.00322908725671,20.446556772849792,-7.074888017793476,-0.0020559149307774476,0.14049796988429067
2.109999999999989,66.04387515955813,20.432322283799213,-7.058132060812395,-0.0016810266624638999,0.1404965380618715
2.111999999999989,66.08510558213202,20.418087152770763,-7.03952638406211,-0.0012096296122741847,0.1404951220605327
2.1139999999999888,66.12552305129346,20.403819202929128,-7.021048608349231,-0.000745680213519055,0.14049372170545743
2.1159999999999886,66.16636600853535,20.38967160105135,-7.001972700380734,-0.0002460937409604078,0.1404923368237606
2.1179999999999883,66.20739901311363,20.37563710959395,-6.982142690677452,0.0002969798847439229,0.14049096724446739
2.119999999999988,66.24825093931388,20.36167947210277,-6.961518142737225,0.0008843756175351913,0.1404896127984922
2.121999999999988,66.2885382929618,20.348080514596703,-6.9414286174440925,0.001456735359185849,0.14048827331861777
2.1239999999999877,66.32925277538135,20.334291823085763,-6.921546743548638,0.0020120298852390555,0.14048694863947447
2.1259999999999875,66.36983816529451,20.320325679077214,-6.9021496497768045,0.002536287709384794,0.14048563859752006
2.1279999999999872,66.41043965081255,20.306418242368704,-6.882457974451825,0.0030782306450754643,0.14048434303101923
2.129999999999987,66.45137055452712,20.292919344370034,-6.8626542811718965,0.003640473859567752,0.14048306178002387
2.131999999999987,66.49175735423042,20.27930012911419,-6.844737694670522,0.004100735284413208,0.14048179468635322
2.1339999999999866,66.53245069294601,20.26578446218836,-6.82901389200477,0.004450868939964721,0.14048054159357437
2.1359999999999864,66.57261005562823,20.25215619065935,-6.814943004099681,0.004711471648454182,0.14047930234698291
2.137999999999986,66.61368009235433,20.238417656928817,-6.8016573759193495,0.004927750213751853,0.14047807679358384
2.139999999999986,66.65354790520351,20.224917813407327,-6.790435810684264,0.005045256353786062,0.14047686478207275
2.1419999999999857,66.69442445914186,20.21167207147669,-6.780863830393405,0.0050860579063220146,0.14047566616281704
2.1439999999999855,66.73444563136225,20.19839989889748,-6.773484780659151,0.005012215541309238,0.14047448078783745
2.1459999999999853,66.77492805578947,20.184952178776122,-6.767848394479087,0.004842009282911327,0.14047330851078996
2.147999999999985,66.81519140534186,20.17160971928624,-6.762799226908371,0.004645199021228012,0.14047214918694745
2.149999999999985,66.85604019262952,20.158177302977688,-6.758585706163482,0.0044021448304946914,0.1404710026731821
2.1519999999999846,66.89589469492893,20.14471551384642,-6.7557999094804035,0.004084147250603543,0.14046986882794754
2.1539999999999844,66.93645403437316,20.1312523574056,-6.754250203207973,0.003702135208154775,0.1404687475112614
2.155999999999984,66.97656203687457,20.11770030127095,-6.7523464429726126,0.0033357916972835823,0.14046763858468814
2.157999999999984,67.01703167123294,20.104134055806114,-6.751297025842692,0.0029248489807485673,0.1404665419113218
2.1599999999999837,67.0568120677678,20.09081053755174,-6.750966949487498,0.0024851351339103935,0.14046545735576924
2.1619999999999835,67.09732107072477,20.077486769901103,-6.751265598457446,0.0020130219114551976,0.1404643847841333
2.1639999999999833,67.13691617879341,20.063820490065886,-6.751412284261113,0.0015373881237342175,0.14046332406399645
2.165999999999983,67.17710881648541,20.050198451736865,-6.750871386133293,0.0010993408886025193,0.14046227506440412
2.167999999999983,67.21729122716816,20.036646866437195,-6.748914533122502,0.000737648511218623,0.14046123765584895
2.1699999999999826,67.25808538469971,20.02305922562083,-6.746475596349952,0.0004001060265488085,0.14046021171025444
2.1719999999999824,67.29756449445615,20.0094276773905,-6.744046927056376,6.08456072515473e-05,0.14045919710095936
2.173999999999982,67.33742959535331,19.99574493730868,-6.74009147041265,-0.00020045135877450092,0.14045819370270202
2.175999999999982,67.37742438684514,19.98189673330163,-6.734661933560882,-0.0003904180470002636,0.1404572013916048
2.1779999999999817,67.41760339017056,19.96816213392894,-6.728470726656124,-0.0005365801329902879,0.1404562200451589
2.1799999999999815,67.4572366984087,19.95484353572628,-6.721904806268493,-0.0006487715105242095,0.1404552495422092
2.1819999999999813,67.49768356586776,19.941503882617514,-6.714840050657603,-0.0007354371879610326,0.14045428976293928
2.183999999999981,67.53712685841704,19.928249540962753,-6.707667560954799,-0.0008132962904776306,0.14045334058885664
2.185999999999981,67.57695506320445,19.914988248657117,-6.70000171658572,-0.0008654373837229414,0.14045240190277813
2.1879999999999806,67.61679887728734,19.901651649403927,-6.6920802046511945,-0.0009065409013009713,0.14045147358881535
2.1899999999999804,67.65665355350684,19.888045254170823,-6.685077500560861,-0.0010042741973925046,0.1404505555323605
2.19199999999998,67.69647930297026,19.874664848820686,-6.678599575353401,-0.001121316632209904,0.14044964762007203
2.19399999999998,67.73636693480604,19.861205978017693,-6.6722943408548625,-0.0012496925458573358,0.14044874973986093
2.1959999999999797,67.77627758741419,19.84768676078102,-6.666845558555242,-0.0014243385319357954,0.14044786178087665
2.1979999999999795,67.81521999807443,19.83441772212186,-6.66270078995875,-0.0016580148313209441,0.14044698363349342
2.1999999999999793,67.85499513105476,19.821232580836824,-6.659201389956069,-0.0019221125025837046,0.14044611518929695
2.201999999999979,67.89469529464233,19.808045704954694,-6.656193935277272,-0.0022115533292500515,0.14044525634107077
2.203999999999979,67.93411868528526,19.795136698022528,-6.6533265429528665,-0.002498595674527131,0.14044440698278313
2.2059999999999786,67.97372124200162,19.78240010942451,-6.650361313995063,-0.0027744464878165613,0.14044356700957392
2.2079999999999784,68.01330579619662,19.769512407796217,-6.648229593989447,-0.0030984602683032953,0.14044273631774168
2.209999999999978,68.05283855840389,19.75635558447683,-6.64683113430879,-0.0034693920907093554,0.1404419148047308
2.211999999999978,68.09263321787401,19.743067920124002,-6.644781460478707,-0.003810572999529455,0.1404411023691189
2.2139999999999778,68.13206682492176,19.72942384910297,-6.642209733150047,-0.004136303731421606,0.14044029891060422
2.2159999999999775,68.17194547351785,19.71584741796189,-6.639783818208046,-0.004467023675599858,0.14043950432999333
2.2179999999999773,68.21130236528559,19.70225078303492,-6.636949979458121,-0.004776896274489374,0.1404387185291889
2.219999999999977,68.25049699240354,19.68858897931936,-6.6331553213306105,-0.00503868008258177,0.14043794141117744
2.221999999999977,68.28931870775969,19.675090319438716,-6.628358093734945,-0.005242535037447005,0.14043717288001745
2.2239999999999767,68.32913406099578,19.661867281952784,-6.6223085623113604,-0.005371712823781767,0.1404364128408276
2.2259999999999764,68.36830903875375,19.64866254655297,-6.614607806817863,-0.005414115042190328,0.14043566119977496
2.227999999999976,68.40744565141371,19.63538436305755,-6.605682284155051,-0.005394992569683165,0.1404349178640633
2.229999999999976,68.44650805138625,19.622320232135184,-6.5945355040799845,-0.005252897367249393,0.1404341827419219
2.231999999999976,68.48633854169884,19.609122907831527,-6.5809731738470605,-0.004989358728091656,0.14043345574259397
2.2339999999999756,68.525607462451,19.595889324018433,-6.5658336970504525,-0.004644723640363732,0.14043273677632562
2.2359999999999753,68.56430188113102,19.582659838252365,-6.549716645763253,-0.004248818942703792,0.14043202575435462
2.237999999999975,68.60348379917102,19.569177407888223,-6.531563494157005,-0.0037551841980886917,0.14043132258889962
2.239999999999975,68.6426549218619,19.5555945896579,-6.510993441796417,-0.0031389100621619192,0.14043062719314914
2.2419999999999747,68.68155608030881,19.542291454249163,-6.488072461052652,-0.0023907472377395463,0.14042993948125101
2.2439999999999745,68.72106144555704,19.529505585955476,-6.463598856946292,-0.0015443098970151787,0.14042925936830164
2.2459999999999742,68.75973425523712,19.51667963230861,-6.438609633241553,-0.0006721162519752148,0.14042858677033557
2.247999999999974,68.7990129291258,19.50398616989055,-6.412816599956981,0.0002465652638971214,0.1404279216043152
2.249999999999974,68.83768897929522,19.491353668116396,-6.385772619827272,0.0012325982902854768,0.1404272637881204
2.2519999999999736,68.87707538223027,19.478664206573526,-6.358265600709465,0.00224108855112134,0.14042661324053848
2.2539999999999734,68.91572271046945,19.466154305563474,-6.331837936488638,0.0031996909780536774,0.14042596988125408
2.255999999999973,68.95492823735151,19.45355046660116,-6.306476079271523,0.0041000204299150335,0.14042533363083934
2.257999999999973,68.99389522944796,19.44095307392836,-6.281996743711261,0.004954943632312453,0.14042470441074395
2.2599999999999727,69.03264614965306,19.428203106691647,-6.259008753839184,0.00572752989284734,0.1404240821432857
2.2619999999999725,69.07134995477374,19.415697603584395,-6.2377581331953635,0.0064181488324364004,0.1404234667516406
2.2639999999999723,69.11012897100252,19.40310260141215,-6.219299990389053,0.006960862767607438,0.14042285815983363
2.265999999999972,69.14902331229673,19.390556451670612,-6.203947834821603,0.007343952310254199,0.14042225629272917
2.267999999999972,69.18747767992905,19.3782454214025,-6.191128195914895,0.007603393479614248,0.14042166107602194
2.2699999999999716,69.22658203558433,19.36607648575318,-6.180645374087688,0.007746273996474385,0.14042107243622762
2.2719999999999714,69.26532272598104,19.354273598990957,-6.173916116330684,0.007706309766444413,0.14042049030067386
2.273999999999971,69.30370159871363,19.34251634244656,-6.171750211884124,0.0074307947869180985,0.14041991459749134
2.275999999999971,69.34233268890667,19.330532642584735,-6.173063141777678,0.006967147570485256,0.14041934525560487
2.2779999999999707,69.38094030364084,19.318340792439024,-6.177096271403777,0.006355433976137739,0.1404187822047246
2.2799999999999705,69.4197615547513,19.306303714161835,-6.183724483789402,0.005614128039589417,0.14041822537533738
2.2819999999999703,69.45881851367027,19.294330411609742,-6.193393040794007,0.0047170709416716645,0.1404176746986981
2.28399999999997,69.4970822142946,19.282107315541264,-6.206002965196315,0.0036590891174242053,0.14041713010682133
2.28599999999997,69.53533661246625,19.269933752987807,-6.220600435107855,0.0024996384610201793,0.14041659153247277
2.2879999999999696,69.57403488090186,19.25747429031947,-6.235887594866597,0.0012951826590456078,0.14041605890916112
2.2899999999999694,69.61293264595236,19.245012924730748,-6.251572066021476,7.026905246664938e-05,0.1404155321711297
2.291999999999969,69.65091934041484,19.232522489861452,-6.26753485361131,-0.0011698059713872197,0.1404150112533485
2.293999999999969,69.68946951938665,19.22006664207364,-6.282933406956695,-0.002379140374357032,0.14041449609150594
2.2959999999999687,69.72774615119356,19.207410576393627,-6.296943808632744,-0.0035225878301608834,0.14041398662200122
2.2979999999999685,69.76663917860209,19.19468138762219,-6.308260936942545,-0.004528106609655122,0.1404134827819362
2.2999999999999683,69.80465230733292,19.18205749050364,-6.31663140553862,-0.005376676520168437,0.14041298450910775
2.301999999999968,69.84296651283326,19.169167403079218,-6.322116878742628,-0.006083661151321987,0.14041249174200007
2.303999999999968,69.88153479872743,19.156215455767537,-6.3240983562681095,-0.006610176406290683,0.1404120044197771
2.3059999999999676,69.91978242543956,19.14293003920506,-6.321580293624456,-0.0069133213476719035,0.140411522482275
2.3079999999999674,69.95809841052527,19.129710596296363,-6.314151994390508,-0.006958679465124909,0.14041104586999467
2.309999999999967,69.99625260185655,19.116640891103277,-6.303327271382622,-0.006822241317088864,0.1404105745240945
2.311999999999967,70.03500366483829,19.103530524721684,-6.289239297278284,-0.006517148017244676,0.14041010838638304
2.3139999999999668,70.07288913637598,19.090427401100836,-6.27184251457252,-0.006039467481857944,0.14040964739931183
2.3159999999999665,70.11052124875339,19.077329762292855,-6.250773970253356,-0.005370383862123369,0.14040919150596828
2.3179999999999663,70.14913157780721,19.064577953249433,-6.226857477051254,-0.0045416649026198885,0.14040874065006873
2.319999999999966,70.18698611651217,19.05189233475077,-6.201356721270039,-0.003628135182950231,0.14040829477595132
2.321999999999966,70.22526272293557,19.039529661720806,-6.17498591568622,-0.002658597187285558,0.14040785382856935
2.3239999999999656,70.26313214429358,19.02738958323975,-6.148054859703059,-0.0016524388484830048,0.14040741775348428
2.3259999999999654,70.30131579870682,19.01531074104276,-6.120741065115096,-0.0006241398474321328,0.14040698649685915
2.327999999999965,70.3391553901028,19.003390362726222,-6.093814252943051,0.0003894230667530145,0.14040656000545182
2.329999999999965,70.37723383061997,18.991597895444237,-6.203803179932521,-0.00571224516682399,0.14040613822660855
2.3319999999999648,70.41491212038694,18.979948353184078,-6.587547757364997,-0.02604434143827517,0.14040572110825728
2.3339999999999645,70.4530973615471,18.96815328106741,-7.380903805912673,-0.06768071262519286,0.1404053085989014
2.3359999999999643,70.4909178120138,18.956522016369302,-8.719380407065499,-0.1376578169484288,0.14040490064761332
2.337999999999964,70.52906511229709,18.944833482075907,-10.7392380837936,-0.2430683575791092,0.14040449720402817
2.339999999999964,70.56692408324166,18.933238670282392,-13.576813320196685,-0.39099695054132194,0.14040409821833758
2.3419999999999637,70.60463670568764,18.921558461564313,-17.367387701079657,-0.5884840266498078,0.14040370364128354
2.3439999999999634,70.64274897566996,18.90981928433955,-22.24461945900666,-0.8424789561889025,0.14040331342415233
2.3459999999999632,70.6806165472268,18.89820938181021,-28.207435815954824,-1.1529198813143342,0.14040292751876854
2.347999999999963,70.71808451436112,18.886607757171923,-35.25440066690202,-1.5197360313886803,0.140402545877489
2.349999999999963,70.75573243021137,18.874967934371718,-43.38390477373151,-1.9428452232936537,0.140402168453197
2.3519999999999626,70.79345539026058,18.862949881755423,-52.593813691135786,-2.4221474075092204,0.14040179519929652
2.3539999999999623,70.83124666151036,18.850945015860695,-62.23232985610734,-2.923736498019865,0.14040142606970635
2.355999999999962,70.86919788508717,18.838936081769678,-72.23991862227348,-3.4445172486619615,0.14040106101885444
2.357999999999962,70.9070722428169,18.826726705971144,-82.57365151841915,-3.982263686798694,0.14040070000167232
2.3599999999999617,70.94459478294165,18.814604440879805,-93.21281638469542,-4.535889536596282,0.14040034297358953
2.3619999999999615,70.98188408185737,18.733880821230365,-104.16434085785163,-5.1079546558502384,0.14039998989052804
2.3639999999999612,71.019818583601,18.584679677355062,-115.2648622303815,-5.68993191097323,0.14039964070889696
2.365999999999961,71.056976665124,18.367039105832436,-126.34308069463759,-6.272860220548313,0.14039929538558696
2.367999999999961,71.09454960168537,18.081370415322144,-137.21635440950791,-6.8471532753786155,0.1403989538779651
2.3699999999999606,71.13207161277052,17.727376019698045,-148.0886539172488,-7.423327070292431,0.14039861614386953
2.3719999999999604,71.16996363128568,17.305137694264104,-158.82397904928322,-7.994183376037114,0.1403982821416042
2.37399999999996,71.20713341116911,16.814756203294625,-169.2862757446474,-8.552496993709953,0.14039795182993392
2.37599999999996,71.24481497229634,16.256337465724616,-179.33992092651047,-9.091041537691586,0.140397625168079
2.3779999999999597,71.28202335591278,15.698677063606771,-188.85005516931489,-9.60077114194046,0.1403973021157104
2.3799999999999595,71.31975987600933,15.14167187786775,-197.6808551004233,-10.074627819873081,0.1403969826329447
2.3819999999999593,71.35667661991945,14.585365544119071,-204.27016855771947,-10.431380441261147,0.1403966666803392
2.383999999999959,71.39367812721888,14.029790854823442,-210.50322187857023,-10.769061980689711,0.140396354218887
2.385999999999959,71.43157947048137,13.733995623674014,-216.16402027915956,-11.070429649927416,0.1403960452100122
2.3879999999999586,71.46891368889561,13.39953465929729,-221.15340394201633,-11.337619748178813,0.14039573961556517
2.3899999999999584,71.50602408906379,13.018055900107763,-225.34719949073,-11.564294638457541,0.14039543739781782
2.391999999999958,71.54290337811679,12.578888516048458,-228.58878734052163,-11.742447412308366,0.1403951385194589
2.393999999999958,71.58071274900664,12.067367204257122,-230.67604123967527,-11.86173996139683,0.14039484294358953
2.3959999999999577,71.61812440866599,11.569822042926118,-232.39507903517304,-11.961163094110278,0.14039455063371842
2.3979999999999575,71.65487322169957,11.090321825895778,-233.75735986429046,-12.041271301358996,0.14039426155375762
2.3999999999999573,71.69217852532084,10.634780938334314,-234.7467289211757,-12.101161533735809,0.14039397566801784
